#
# A fatal error has been detected by the Java Runtime Environment:
#
#  SIGSEGV (0xb) at pc=0x000000019782fa0c, pid=23300, tid=259
#
# JRE version: OpenJDK Runtime Environment Temurin-21.0.8+9 (21.0.8+9) (build 21.0.8+9-LTS)
# Java VM: OpenJDK 64-Bit Server VM Temurin-21.0.8+9 (21.0.8+9-LTS, mixed mode, sharing, tiered, compressed oops, compressed class ptrs, g1 gc, bsd-aarch64)
# Problematic frame:
# C  [libobjc.A.dylib+0x7a0c]  objc_retain+0x10
#
# No core dump will be written. Core dumps have been disabled. To enable core dumping, try "ulimit -c unlimited" before starting Java again
#
# If you would like to submit a bug report, please visit:
#   https://github.com/adoptium/adoptium-support/issues
# The crash happened outside the Java Virtual Machine in native code.
# See problematic frame for where to report the bug.
#

---------------  S U M M A R Y ------------

Command Line: -agentlib:jdwp=transport=dt_socket,address=127.0.0.1:57411,suspend=y,server=n -javaagent:/Users/labanovichttps/Library/Caches/JetBrains/IdeaIC2025.2/captureAgent/debugger-agent.jar=file:///var/folders/q_/q6y34kl90gx7745snprlxr2h0000gn/T/capture17141952366366913310.props -XX:+IgnoreUnrecognizedVMOptions -Dosgi.requiredJavaVersion=21 -Dfile.encoding=UTF-8 --add-modules=ALL-DEFAULT --add-opens=java.base/java.io=ALL-UNNAMED --add-opens=java.base/java.lang=ALL-UNNAMED --add-opens=java.base/java.lang.reflect=ALL-UNNAMED --add-opens=java.base/java.net=ALL-UNNAMED --add-opens=java.base/java.nio=ALL-UNNAMED --add-opens=java.base/java.nio.charset=ALL-UNNAMED --add-opens=java.base/java.text=ALL-UNNAMED --add-opens=java.base/java.time=ALL-UNNAMED --add-opens=java.base/java.util=ALL-UNNAMED --add-opens=java.base/java.util.concurrent=ALL-UNNAMED --add-opens=java.base/java.util.concurrent.atomic=ALL-UNNAMED --add-opens=java.base/jdk.internal.vm=ALL-UNNAMED --add-opens=java.base/jdk.internal.misc=ALL-UNNAMED --add-opens=java.base/sun.nio.ch=ALL-UNNAMED --add-opens=java.base/sun.nio.fs=ALL-UNNAMED --add-opens=java.base/sun.security.ssl=ALL-UNNAMED --add-opens=java.base/sun.security.action=ALL-UNNAMED --add-opens=java.base/sun.security.util=ALL-UNNAMED --add-opens=java.security.jgss/sun.security.jgss=ALL-UNNAMED --add-opens=java.security.jgss/sun.security.krb5=ALL-UNNAMED --add-opens=java.base/java.util.concurrent.atomic=ALL-UNNAMED --add-opens=java.desktop/java.awt=ALL-UNNAMED --add-opens=java.desktop/java.awt.peer=ALL-UNNAMED --add-opens=java.sql/java.sql=ALL-UNNAMED -Xms128m -Xmx2048m -Dorg.eclipse.swt.internal.cocoa.useNativeItemHeight=false -javaagent:/Users/labanovichttps/Library/Caches/JetBrains/IdeaIC2025.2/groovyHotSwap/gragent.jar -Dkotlinx.coroutines.debug.enable.creation.stack.trace=false -Ddebugger.agent.enable.coroutines=true -Dkotlinx.coroutines.debug.enable.flows.stack.trace=true -Dkotlinx.coroutines.debug.enable.mutable.state.flows.stack.trace=true -Dsun.stdout.encoding=UTF-8 -Dsun.stderr.encoding=UTF-8 org.jkiss.dbeaver.launcher.DBeaverLauncher -name DBeaverUltimate -product com.dbeaver.app.ultimate.product -configuration file:/Users/labanovichttps/Documents/projects/dbeaver-workspace/products/DBeaverUltimate.product -dev file:/Users/labanovichttps/Documents/projects/dbeaver-workspace/products/DBeaverUltimate.product/dev.properties -nl en -consoleLog -showsplash -launcher /Library/Java/JavaVirtualMachines/temurin-21.jdk/Contents/Home/bin/java -vm ../Eclipse/jre/Contents/Home/lib/libjli.dylib -nosplash -vmargs -Xmx4096M

Host: "Mac16,1" arm64, 10 cores, 16G, Darwin 25.0.0, macOS 26.0.1 (25A362)
Time: Wed Nov 19 16:07:17 2025 CET elapsed time: 443.593268 seconds (0d 0h 7m 23s)

---------------  T H R E A D  ---------------

Current thread (0x000000010079b3e0):  JavaThread "main"             [_thread_in_native, id=259, stack(0x000000016f598000,0x000000016fd94000) (8176K)]

Stack: [0x000000016f598000,0x000000016fd94000],  sp=0x000000016fd8d4e0,  free space=8149k
Native frames: (J=compiled Java code, j=interpreted, Vv=VM code, C=native code)
C  [libobjc.A.dylib+0x7a0c]  objc_retain+0x10
C  [AppKit+0x37058]  NSDP_setPropertyValue+0x314
C  [AppKit+0xf8f5c4]  __cons_NSDP_NSDPTypeBool_block_invoke.269+0x28
C  [AppKit+0x403d8]  -[NSView _removeFromKeyViewLoop]+0x20
C  [AppKit+0x3ffd0]  -[NSView _finalize]+0x240
C  [AppKit+0x3fc78]  -[NSView dealloc]+0x80
C  [AppKit+0x13c414]  -[NSFrameView dealloc]+0xa4
C  [AppKit+0x13c360]  -[NSTitledFrame dealloc]+0x48
C  [AppKit+0x13c2dc]  -[NSThemeFrame dealloc]+0x2bc
C  [Foundation+0x9dcaac]  _NSKVOPerformWithDeallocatingObservable+0xb4
C  [Foundation+0x3209c]  NSKVODeallocate+0xb8
C  [libobjc.A.dylib+0xfc74]  AutoreleasePoolPage::releaseUntil(objc_object**)+0xcc
C  [libobjc.A.dylib+0xc140]  objc_autoreleasePoolPop+0xf4
C  [CoreFoundation+0x31774]  _CFAutoreleasePoolPop+0x20
C  [Foundation+0xee4c]  -[NSAutoreleasePool release]+0x8c
C  [libswt-pi-cocoa-4970r5.jnilib+0xe858]  Java_org_eclipse_swt_internal_cocoa_OS_objc_1msgSend__JJ+0x2c
J 4772  org.eclipse.swt.internal.cocoa.OS.objc_msgSend(JJ)J (0 bytes) @ 0x0000000117186fe8 [0x0000000117186f40+0x00000000000000a8]
j  org.eclipse.swt.internal.cocoa.NSObject.release()V+7
j  org.eclipse.swt.widgets.Display.removePool()V+54
J 19059 c1 org.eclipse.swt.widgets.Display.readAndDispatch()Z (256 bytes) @ 0x000000010fb8bbc8 [0x000000010fb8b040+0x0000000000000b88]
j  org.eclipse.jface.window.Window.runEventLoop(Lorg/eclipse/swt/widgets/Shell;)V+23
j  org.eclipse.jface.window.Window.open()I+49
j  org.jkiss.dbeaver.tools.transfer.ui.wizard.DataTransferWizard.openWizard(Lorg/eclipse/ui/IWorkbenchWindow;Ljava/util/Collection;Ljava/util/Collection;Lorg/eclipse/jface/viewers/IStructuredSelection;)V+63
j  org.jkiss.dbeaver.tools.transfer.ui.wizard.DataTransferWizard.openWizard(Lorg/eclipse/ui/IWorkbenchWindow;Ljava/util/Collection;Ljava/util/Collection;)V+4
j  org.jkiss.dbeaver.tools.transfer.ui.handlers.DataTransferHandler.execute(Lorg/eclipse/core/commands/ExecutionEvent;)Ljava/lang/Object;+152
j  org.jkiss.dbeaver.tools.transfer.ui.handlers.DataExportHandler.execute(Lorg/eclipse/core/commands/ExecutionEvent;)Ljava/lang/Object;+30
j  org.eclipse.ui.internal.handlers.HandlerProxy.execute(Lorg/eclipse/core/commands/ExecutionEvent;)Ljava/lang/Object;+33
j  org.eclipse.ui.internal.handlers.E4HandlerProxy.execute(Lorg/eclipse/e4/core/contexts/IEclipseContext;Ljava/util/Map;Lorg/eclipse/swt/widgets/Event;Lorg/eclipse/core/expressions/IEvaluationContext;)Ljava/lang/Object;+106
j  java.lang.invoke.LambdaForm$DMH+0x0000007001d30000.invokeVirtual(Ljava/lang/Object;Ljava/lang/Object;Ljava/lang/Object;Ljava/lang/Object;Ljava/lang/Object;Ljava/lang/Object;)Ljava/lang/Object;+18 java.base@21.0.8
j  java.lang.invoke.LambdaForm$MH+0x0000007001d31800.invoke(Ljava/lang/Object;Ljava/lang/Object;Ljava/lang/Object;)Ljava/lang/Object;+143 java.base@21.0.8
j  java.lang.invoke.Invokers$Holder.invokeExact_MT(Ljava/lang/Object;Ljava/lang/Object;Ljava/lang/Object;Ljava/lang/Object;)Ljava/lang/Object;+20 java.base@21.0.8
j  jdk.internal.reflect.DirectMethodHandleAccessor.invokeImpl(Ljava/lang/Object;[Ljava/lang/Object;)Ljava/lang/Object;+104 java.base@21.0.8
j  jdk.internal.reflect.DirectMethodHandleAccessor.invoke(Ljava/lang/Object;[Ljava/lang/Object;)Ljava/lang/Object;+23 java.base@21.0.8
j  java.lang.reflect.Method.invoke(Ljava/lang/Object;[Ljava/lang/Object;)Ljava/lang/Object;+102 java.base@21.0.8
j  org.eclipse.e4.core.internal.di.MethodRequestor.execute()Ljava/lang/Object;+77
j  org.eclipse.e4.core.internal.di.InjectorImpl.invokeUsingClass(Ljava/lang/Object;Ljava/lang/Class;Ljava/lang/Class;Ljava/lang/Object;Lorg/eclipse/e4/core/di/suppliers/PrimaryObjectSupplier;Lorg/eclipse/e4/core/di/suppliers/PrimaryObjectSupplier;ZZZ)Ljava/lang/Object;+115
J 12080 c1 org.eclipse.e4.core.internal.di.InjectorImpl.invoke(Ljava/lang/Object;Ljava/lang/Class;Ljava/lang/Object;Lorg/eclipse/e4/core/di/suppliers/PrimaryObjectSupplier;Lorg/eclipse/e4/core/di/suppliers/PrimaryObjectSupplier;)Ljava/lang/Object; (19 bytes) @ 0x000000010f764900 [0x000000010f7647c0+0x0000000000000140]
J 12081 c1 org.eclipse.e4.core.contexts.ContextInjectionFactory.invoke(Ljava/lang/Object;Ljava/lang/Class;Lorg/eclipse/e4/core/contexts/IEclipseContext;Lorg/eclipse/e4/core/contexts/IEclipseContext;Ljava/lang/Object;)Ljava/lang/Object; (35 bytes) @ 0x000000010f764398 [0x000000010f764280+0x0000000000000118]
j  org.eclipse.e4.core.commands.internal.HandlerServiceHandler.execute(Lorg/eclipse/core/commands/ExecutionEvent;)Ljava/lang/Object;+99
j  org.eclipse.core.commands.Command.executeWithChecks(Lorg/eclipse/core/commands/ExecutionEvent;)Ljava/lang/Object;+116
j  org.eclipse.core.commands.ParameterizedCommand.executeWithChecks(Ljava/lang/Object;Ljava/lang/Object;)Ljava/lang/Object;+21
j  org.eclipse.e4.core.commands.internal.HandlerServiceImpl.executeHandler(Lorg/eclipse/core/commands/ParameterizedCommand;Lorg/eclipse/e4/core/contexts/IEclipseContext;)Ljava/lang/Object;+38
j  org.eclipse.e4.ui.workbench.renderers.swt.HandledContributionItem.executeItem(Lorg/eclipse/swt/widgets/Event;)V+50
j  org.eclipse.e4.ui.workbench.renderers.swt.AbstractContributionItem.handleWidgetSelection(Lorg/eclipse/swt/widgets/Event;)V+123
j  org.eclipse.e4.ui.workbench.renderers.swt.AbstractContributionItem.lambda$2(Lorg/eclipse/swt/widgets/Event;)V+65
j  org.eclipse.e4.ui.workbench.renderers.swt.AbstractContributionItem$$Lambda+0x000000700172b3f8.handleEvent(Lorg/eclipse/swt/widgets/Event;)V+5
J 15385 c2 org.eclipse.swt.widgets.EventTable.sendEvent(Lorg/eclipse/swt/widgets/Event;)V (619 bytes) @ 0x00000001176f3398 [0x00000001176f32c0+0x00000000000000d8]
J 15519 c2 org.eclipse.swt.widgets.Display.sendEvent(Lorg/eclipse/swt/widgets/EventTable;Lorg/eclipse/swt/widgets/Event;)V (84 bytes) @ 0x000000011770b094 [0x000000011770ad40+0x0000000000000354]
J 14418 c1 org.eclipse.swt.widgets.Widget.sendEvent(ILorg/eclipse/swt/widgets/Event;Z)V (88 bytes) @ 0x000000011048465c [0x0000000110484100+0x000000000000055c]
J 12603 c1 org.eclipse.swt.widgets.Widget.sendEvent(ILorg/eclipse/swt/widgets/Event;)V (8 bytes) @ 0x0000000110c62d2c [0x0000000110c62bc0+0x000000000000016c]
J 15536 c2 org.eclipse.swt.widgets.Display.readAndDispatch()Z (256 bytes) @ 0x00000001177144fc [0x0000000117712900+0x0000000000001bfc]
j  org.eclipse.e4.ui.internal.workbench.swt.PartRenderingEngine$5.run()V+564
j  org.eclipse.core.databinding.observable.Realm.runWithDefault(Lorg/eclipse/core/databinding/observable/Realm;Ljava/lang/Runnable;)V+12
j  org.eclipse.e4.ui.internal.workbench.swt.PartRenderingEngine.run(Lorg/eclipse/e4/ui/model/application/MApplicationElement;Lorg/eclipse/e4/core/contexts/IEclipseContext;)Ljava/lang/Object;+57
j  org.eclipse.e4.ui.internal.workbench.E4Workbench.createAndRunUI(Lorg/eclipse/e4/ui/model/application/MApplicationElement;)V+20
j  org.eclipse.ui.internal.Workbench.lambda$3(Lorg/eclipse/swt/widgets/Display;Lorg/eclipse/ui/application/WorkbenchAdvisor;[I)V+334
j  org.eclipse.ui.internal.Workbench$$Lambda+0x000000700149e000.run()V+12
j  org.eclipse.core.databinding.observable.Realm.runWithDefault(Lorg/eclipse/core/databinding/observable/Realm;Ljava/lang/Runnable;)V+12
j  org.eclipse.ui.internal.Workbench.createAndRunWorkbench(Lorg/eclipse/swt/widgets/Display;Lorg/eclipse/ui/application/WorkbenchAdvisor;)I+16
j  org.eclipse.ui.PlatformUI.createAndRunWorkbench(Lorg/eclipse/swt/widgets/Display;Lorg/eclipse/ui/application/WorkbenchAdvisor;)I+2
j  org.jkiss.dbeaver.ui.app.standalone.DBeaverApplication.start(Lorg/eclipse/equinox/app/IApplicationContext;)Ljava/lang/Object;+609
j  org.eclipse.equinox.internal.app.EclipseAppHandle.run(Ljava/lang/Object;)Ljava/lang/Object;+138
j  org.eclipse.core.runtime.internal.adaptor.EclipseAppLauncher.runApplication(Ljava/lang/Object;)Ljava/lang/Object;+85
j  org.eclipse.core.runtime.internal.adaptor.EclipseAppLauncher.start(Ljava/lang/Object;)Ljava/lang/Object;+79
j  org.eclipse.core.runtime.adaptor.EclipseStarter.run(Ljava/lang/Object;)Ljava/lang/Object;+99
j  org.eclipse.core.runtime.adaptor.EclipseStarter.run([Ljava/lang/String;Ljava/lang/Runnable;)Ljava/lang/Object;+132
J 999 c1 java.lang.invoke.DirectMethodHandle$Holder.invokeStatic(Ljava/lang/Object;Ljava/lang/Object;Ljava/lang/Object;)Ljava/lang/Object; java.base@21.0.8 (15 bytes) @ 0x000000010f64cf6c [0x000000010f64cc00+0x000000000000036c]
j  java.lang.invoke.LambdaForm$MH+0x0000007001120800.invoke(Ljava/lang/Object;Ljava/lang/Object;Ljava/lang/Object;Ljava/lang/Object;)Ljava/lang/Object;+54 java.base@21.0.8
j  java.lang.invoke.LambdaForm$MH+0x0000007001002400.invokeExact_MT(Ljava/lang/Object;Ljava/lang/Object;Ljava/lang/Object;Ljava/lang/Object;Ljava/lang/Object;)Ljava/lang/Object;+22 java.base@21.0.8
j  jdk.internal.reflect.DirectMethodHandleAccessor.invokeImpl(Ljava/lang/Object;[Ljava/lang/Object;)Ljava/lang/Object;+72 java.base@21.0.8
j  jdk.internal.reflect.DirectMethodHandleAccessor.invoke(Ljava/lang/Object;[Ljava/lang/Object;)Ljava/lang/Object;+23 java.base@21.0.8
j  java.lang.reflect.Method.invoke(Ljava/lang/Object;[Ljava/lang/Object;)Ljava/lang/Object;+102 java.base@21.0.8
j  org.jkiss.dbeaver.launcher.DBeaverLauncher.invokeFramework([Ljava/lang/String;[Ljava/net/URL;)V+205
j  org.jkiss.dbeaver.launcher.DBeaverLauncher.basicRun([Ljava/lang/String;)V+338
j  org.jkiss.dbeaver.launcher.DBeaverLauncher.run([Ljava/lang/String;)I+2
j  org.jkiss.dbeaver.launcher.DBeaverLauncher.main([Ljava/lang/String;)V+10
v  ~StubRoutines::call_stub 0x00000001169f4154
V  [libjvm.dylib+0x4afbdc]  JavaCalls::call_helper(JavaValue*, methodHandle const&, JavaCallArguments*, JavaThread*)+0x3d8
V  [libjvm.dylib+0x525044]  jni_invoke_static(JNIEnv_*, JavaValue*, _jobject*, JNICallType, _jmethodID*, JNI_ArgumentPusher*, JavaThread*)+0x170
V  [libjvm.dylib+0x5288b4]  jni_CallStaticVoidMethod+0x108
C  [libjli.dylib+0xaa70]  JavaMain+0x910
C  [libjli.dylib+0xd834]  __JVMInit_block_invoke+0x48
C  [Foundation+0x1d828]  __NSBLOCKOPERATION_IS_CALLING_OUT_TO_A_BLOCK__+0x18
C  [Foundation+0x1d6f0]  -[NSBlockOperation main]+0x60
C  [Foundation+0x1d688]  __NSOPERATION_IS_INVOKING_MAIN__+0x10
C  [Foundation+0x1d2b8]  -[NSOperation start]+0x280
C  [Foundation+0x380c4]  __NSThreadPerformPerform+0x108
C  [CoreFoundation+0x5fad8]  __CFRUNLOOP_IS_CALLING_OUT_TO_A_SOURCE0_PERFORM_FUNCTION__+0x1c
C  [CoreFoundation+0x5fa6c]  __CFRunLoopDoSource0+0xac
C  [CoreFoundation+0x5f7d8]  __CFRunLoopDoSources0+0xe8
C  [CoreFoundation+0x5e468]  __CFRunLoopRun+0x334
C  [CoreFoundation+0x11c898]  _CFRunLoopRunSpecificWithOptions+0x214
C  [libjli.dylib+0xced4]  CreateExecutionEnvironment+0x194
C  [libjli.dylib+0x8be0]  JLI_Launch+0x480
C  [java+0x3ba4]  main+0x194
C  [dyld+0x8d54]  start+0x1c10
Java frames: (J=compiled Java code, j=interpreted, Vv=VM code)
J 4772  org.eclipse.swt.internal.cocoa.OS.objc_msgSend(JJ)J (0 bytes) @ 0x0000000117186fe8 [0x0000000117186f40+0x00000000000000a8]
j  org.eclipse.swt.internal.cocoa.NSObject.release()V+7
j  org.eclipse.swt.widgets.Display.removePool()V+54
J 19059 c1 org.eclipse.swt.widgets.Display.readAndDispatch()Z (256 bytes) @ 0x000000010fb8bbc8 [0x000000010fb8b040+0x0000000000000b88]
j  org.eclipse.jface.window.Window.runEventLoop(Lorg/eclipse/swt/widgets/Shell;)V+23
j  org.eclipse.jface.window.Window.open()I+49
j  org.jkiss.dbeaver.tools.transfer.ui.wizard.DataTransferWizard.openWizard(Lorg/eclipse/ui/IWorkbenchWindow;Ljava/util/Collection;Ljava/util/Collection;Lorg/eclipse/jface/viewers/IStructuredSelection;)V+63
j  org.jkiss.dbeaver.tools.transfer.ui.wizard.DataTransferWizard.openWizard(Lorg/eclipse/ui/IWorkbenchWindow;Ljava/util/Collection;Ljava/util/Collection;)V+4
j  org.jkiss.dbeaver.tools.transfer.ui.handlers.DataTransferHandler.execute(Lorg/eclipse/core/commands/ExecutionEvent;)Ljava/lang/Object;+152
j  org.jkiss.dbeaver.tools.transfer.ui.handlers.DataExportHandler.execute(Lorg/eclipse/core/commands/ExecutionEvent;)Ljava/lang/Object;+30
j  org.eclipse.ui.internal.handlers.HandlerProxy.execute(Lorg/eclipse/core/commands/ExecutionEvent;)Ljava/lang/Object;+33
j  org.eclipse.ui.internal.handlers.E4HandlerProxy.execute(Lorg/eclipse/e4/core/contexts/IEclipseContext;Ljava/util/Map;Lorg/eclipse/swt/widgets/Event;Lorg/eclipse/core/expressions/IEvaluationContext;)Ljava/lang/Object;+106
j  java.lang.invoke.LambdaForm$DMH+0x0000007001d30000.invokeVirtual(Ljava/lang/Object;Ljava/lang/Object;Ljava/lang/Object;Ljava/lang/Object;Ljava/lang/Object;Ljava/lang/Object;)Ljava/lang/Object;+18 java.base@21.0.8
j  java.lang.invoke.LambdaForm$MH+0x0000007001d31800.invoke(Ljava/lang/Object;Ljava/lang/Object;Ljava/lang/Object;)Ljava/lang/Object;+143 java.base@21.0.8
j  java.lang.invoke.Invokers$Holder.invokeExact_MT(Ljava/lang/Object;Ljava/lang/Object;Ljava/lang/Object;Ljava/lang/Object;)Ljava/lang/Object;+20 java.base@21.0.8
j  jdk.internal.reflect.DirectMethodHandleAccessor.invokeImpl(Ljava/lang/Object;[Ljava/lang/Object;)Ljava/lang/Object;+104 java.base@21.0.8
j  jdk.internal.reflect.DirectMethodHandleAccessor.invoke(Ljava/lang/Object;[Ljava/lang/Object;)Ljava/lang/Object;+23 java.base@21.0.8
j  java.lang.reflect.Method.invoke(Ljava/lang/Object;[Ljava/lang/Object;)Ljava/lang/Object;+102 java.base@21.0.8
j  org.eclipse.e4.core.internal.di.MethodRequestor.execute()Ljava/lang/Object;+77
j  org.eclipse.e4.core.internal.di.InjectorImpl.invokeUsingClass(Ljava/lang/Object;Ljava/lang/Class;Ljava/lang/Class;Ljava/lang/Object;Lorg/eclipse/e4/core/di/suppliers/PrimaryObjectSupplier;Lorg/eclipse/e4/core/di/suppliers/PrimaryObjectSupplier;ZZZ)Ljava/lang/Object;+115
J 12080 c1 org.eclipse.e4.core.internal.di.InjectorImpl.invoke(Ljava/lang/Object;Ljava/lang/Class;Ljava/lang/Object;Lorg/eclipse/e4/core/di/suppliers/PrimaryObjectSupplier;Lorg/eclipse/e4/core/di/suppliers/PrimaryObjectSupplier;)Ljava/lang/Object; (19 bytes) @ 0x000000010f764900 [0x000000010f7647c0+0x0000000000000140]
J 12081 c1 org.eclipse.e4.core.contexts.ContextInjectionFactory.invoke(Ljava/lang/Object;Ljava/lang/Class;Lorg/eclipse/e4/core/contexts/IEclipseContext;Lorg/eclipse/e4/core/contexts/IEclipseContext;Ljava/lang/Object;)Ljava/lang/Object; (35 bytes) @ 0x000000010f764398 [0x000000010f764280+0x0000000000000118]
j  org.eclipse.e4.core.commands.internal.HandlerServiceHandler.execute(Lorg/eclipse/core/commands/ExecutionEvent;)Ljava/lang/Object;+99
j  org.eclipse.core.commands.Command.executeWithChecks(Lorg/eclipse/core/commands/ExecutionEvent;)Ljava/lang/Object;+116
j  org.eclipse.core.commands.ParameterizedCommand.executeWithChecks(Ljava/lang/Object;Ljava/lang/Object;)Ljava/lang/Object;+21
j  org.eclipse.e4.core.commands.internal.HandlerServiceImpl.executeHandler(Lorg/eclipse/core/commands/ParameterizedCommand;Lorg/eclipse/e4/core/contexts/IEclipseContext;)Ljava/lang/Object;+38
j  org.eclipse.e4.ui.workbench.renderers.swt.HandledContributionItem.executeItem(Lorg/eclipse/swt/widgets/Event;)V+50
j  org.eclipse.e4.ui.workbench.renderers.swt.AbstractContributionItem.handleWidgetSelection(Lorg/eclipse/swt/widgets/Event;)V+123
j  org.eclipse.e4.ui.workbench.renderers.swt.AbstractContributionItem.lambda$2(Lorg/eclipse/swt/widgets/Event;)V+65
j  org.eclipse.e4.ui.workbench.renderers.swt.AbstractContributionItem$$Lambda+0x000000700172b3f8.handleEvent(Lorg/eclipse/swt/widgets/Event;)V+5
J 15385 c2 org.eclipse.swt.widgets.EventTable.sendEvent(Lorg/eclipse/swt/widgets/Event;)V (619 bytes) @ 0x00000001176f3398 [0x00000001176f32c0+0x00000000000000d8]
J 15519 c2 org.eclipse.swt.widgets.Display.sendEvent(Lorg/eclipse/swt/widgets/EventTable;Lorg/eclipse/swt/widgets/Event;)V (84 bytes) @ 0x000000011770b094 [0x000000011770ad40+0x0000000000000354]
J 14418 c1 org.eclipse.swt.widgets.Widget.sendEvent(ILorg/eclipse/swt/widgets/Event;Z)V (88 bytes) @ 0x000000011048465c [0x0000000110484100+0x000000000000055c]
J 12603 c1 org.eclipse.swt.widgets.Widget.sendEvent(ILorg/eclipse/swt/widgets/Event;)V (8 bytes) @ 0x0000000110c62d2c [0x0000000110c62bc0+0x000000000000016c]
J 15536 c2 org.eclipse.swt.widgets.Display.readAndDispatch()Z (256 bytes) @ 0x00000001177144fc [0x0000000117712900+0x0000000000001bfc]
j  org.eclipse.e4.ui.internal.workbench.swt.PartRenderingEngine$5.run()V+564
j  org.eclipse.core.databinding.observable.Realm.runWithDefault(Lorg/eclipse/core/databinding/observable/Realm;Ljava/lang/Runnable;)V+12
j  org.eclipse.e4.ui.internal.workbench.swt.PartRenderingEngine.run(Lorg/eclipse/e4/ui/model/application/MApplicationElement;Lorg/eclipse/e4/core/contexts/IEclipseContext;)Ljava/lang/Object;+57
j  org.eclipse.e4.ui.internal.workbench.E4Workbench.createAndRunUI(Lorg/eclipse/e4/ui/model/application/MApplicationElement;)V+20
j  org.eclipse.ui.internal.Workbench.lambda$3(Lorg/eclipse/swt/widgets/Display;Lorg/eclipse/ui/application/WorkbenchAdvisor;[I)V+334
j  org.eclipse.ui.internal.Workbench$$Lambda+0x000000700149e000.run()V+12
j  org.eclipse.core.databinding.observable.Realm.runWithDefault(Lorg/eclipse/core/databinding/observable/Realm;Ljava/lang/Runnable;)V+12
j  org.eclipse.ui.internal.Workbench.createAndRunWorkbench(Lorg/eclipse/swt/widgets/Display;Lorg/eclipse/ui/application/WorkbenchAdvisor;)I+16
j  org.eclipse.ui.PlatformUI.createAndRunWorkbench(Lorg/eclipse/swt/widgets/Display;Lorg/eclipse/ui/application/WorkbenchAdvisor;)I+2
j  org.jkiss.dbeaver.ui.app.standalone.DBeaverApplication.start(Lorg/eclipse/equinox/app/IApplicationContext;)Ljava/lang/Object;+609
j  org.eclipse.equinox.internal.app.EclipseAppHandle.run(Ljava/lang/Object;)Ljava/lang/Object;+138
j  org.eclipse.core.runtime.internal.adaptor.EclipseAppLauncher.runApplication(Ljava/lang/Object;)Ljava/lang/Object;+85
j  org.eclipse.core.runtime.internal.adaptor.EclipseAppLauncher.start(Ljava/lang/Object;)Ljava/lang/Object;+79
j  org.eclipse.core.runtime.adaptor.EclipseStarter.run(Ljava/lang/Object;)Ljava/lang/Object;+99
j  org.eclipse.core.runtime.adaptor.EclipseStarter.run([Ljava/lang/String;Ljava/lang/Runnable;)Ljava/lang/Object;+132
J 999 c1 java.lang.invoke.DirectMethodHandle$Holder.invokeStatic(Ljava/lang/Object;Ljava/lang/Object;Ljava/lang/Object;)Ljava/lang/Object; java.base@21.0.8 (15 bytes) @ 0x000000010f64cf6c [0x000000010f64cc00+0x000000000000036c]
j  java.lang.invoke.LambdaForm$MH+0x0000007001120800.invoke(Ljava/lang/Object;Ljava/lang/Object;Ljava/lang/Object;Ljava/lang/Object;)Ljava/lang/Object;+54 java.base@21.0.8
j  java.lang.invoke.LambdaForm$MH+0x0000007001002400.invokeExact_MT(Ljava/lang/Object;Ljava/lang/Object;Ljava/lang/Object;Ljava/lang/Object;Ljava/lang/Object;)Ljava/lang/Object;+22 java.base@21.0.8
j  jdk.internal.reflect.DirectMethodHandleAccessor.invokeImpl(Ljava/lang/Object;[Ljava/lang/Object;)Ljava/lang/Object;+72 java.base@21.0.8
j  jdk.internal.reflect.DirectMethodHandleAccessor.invoke(Ljava/lang/Object;[Ljava/lang/Object;)Ljava/lang/Object;+23 java.base@21.0.8
j  java.lang.reflect.Method.invoke(Ljava/lang/Object;[Ljava/lang/Object;)Ljava/lang/Object;+102 java.base@21.0.8
j  org.jkiss.dbeaver.launcher.DBeaverLauncher.invokeFramework([Ljava/lang/String;[Ljava/net/URL;)V+205
j  org.jkiss.dbeaver.launcher.DBeaverLauncher.basicRun([Ljava/lang/String;)V+338
j  org.jkiss.dbeaver.launcher.DBeaverLauncher.run([Ljava/lang/String;)I+2
j  org.jkiss.dbeaver.launcher.DBeaverLauncher.main([Ljava/lang/String;)V+10
v  ~StubRoutines::call_stub 0x00000001169f4154

siginfo: si_signo: 11 (SIGSEGV), si_code: 2 (SEGV_ACCERR), si_addr: 0x00003b6f379a3ab8

Registers:
 x0=0x0000000a223b9a00  x1=0x0000000a2eb08e70  x2=0x0000000000000000  x3=0x0000000a20487500
 x4=0x000000016fd8d430  x5=0x7fffffffffffffff  x6=0x0000000000000000  x7=0x0000000000000001
 x8=0x0000000a2f4545a0  x9=0x0000000000000038 x10=0x020000020465039d x11=0x030000020465039d
x12=0x0000000000000178 x13=0x0000000000000028 x14=0x0000000000000178 x15=0xfffffff5d14f7190
x16=0xe24dbb6f379a3a9e x17=0x00003b6f379a3a98 x18=0x0000000000000000 x19=0x0000000a20486240
x20=0x000000016fd8d4e8 x21=0x0000000000000001 x22=0x000000016fd8d4e0 x23=0x0000000000000002
x24=0x0000000a20ba4c00 x25=0x0000000000000002 x26=0x0000000000000000 x27=0x0000000000000000
x28=0x0000000000000000  fp=0x000000016fd8d590  lr=0x0000000199ed3bc8  sp=0x000000016fd8d4e0
pc=0x000000019782fa0c cpsr=0x0000000000000000

Register to memory mapping:

x0 =0x0000000a223b9a00 points into unknown readable memory: 0xe24dbb6f379a3a9e | 9e 3a 9a 37 6f bb 4d e2
x1 =0x0000000a2eb08e70 points into unknown readable memory: 0x030000020465039d | 9d 03 65 04 02 00 00 03
x2 =0x0 is null
x3 =0x0000000a20487500 points into unknown readable memory: 0xe24dbb6f35e9d59e | 9e d5 e9 35 6f bb 4d e2
x4 =0x000000016fd8d430 is pointing into the stack for thread: 0x000000010079b3e0
x5 =0x7fffffffffffffff: _dyld_private+0xfff8bfaf in /Library/Java/JavaVirtualMachines/temurin-21.jdk/Contents/Home/bin/java at 0x000000010006c000
x6 =0x0 is null
x7 =0x0000000000000001 is an unknown value
x8 =0x0000000a2f4545a0 points into unknown readable memory: 0x0100000204650399 | 99 03 65 04 02 00 00 01
x9 =0x0000000000000038 is an unknown value
x10=0x020000020465039d: OBJC_CLASS_$_NSKeyValueObservance+0x5 in /System/Library/Frameworks/Foundation.framework/Versions/C/Foundation at 0x00000001994fa000
x11=0x030000020465039d: OBJC_CLASS_$_NSKeyValueObservance+0x5 in /System/Library/Frameworks/Foundation.framework/Versions/C/Foundation at 0x00000001994fa000
x12=0x0000000000000178 is an unknown value
x13=0x0000000000000028 is an unknown value
x14=0x0000000000000178 is an unknown value
x15=0xfffffff5d14f7190 is an unknown value
x16=0xe24dbb6f379a3a9e is an unknown value
x17=0x00003b6f379a3a98 is an unknown value
x18=0x0 is null
x19=0x0000000a20486240 points into unknown readable memory: 0x0200000204650371 | 71 03 65 04 02 00 00 02
x20=0x000000016fd8d4e8 is pointing into the stack for thread: 0x000000010079b3e0
x21=0x0000000000000001 is an unknown value
x22=0x000000016fd8d4e0 is pointing into the stack for thread: 0x000000010079b3e0
x23=0x0000000000000002 is an unknown value
x24=0x0000000a20ba4c00 points into unknown readable memory: 0x0000000a293ca167 | 67 a1 3c 29 0a 00 00 00
x25=0x0000000000000002 is an unknown value
x26=0x0 is null
x27=0x0 is null
x28=0x0 is null
 fp=0x000000016fd8d590 is pointing into the stack for thread: 0x000000010079b3e0
 lr=0x0000000199ed3bc8: NSKeyValueWillChangeWithPerThreadPendingNotifications+0x14c in /System/Library/Frameworks/Foundation.framework/Versions/C/Foundation at 0x00000001994fa000
 sp=0x000000016fd8d4e0 is pointing into the stack for thread: 0x000000010079b3e0

Top of Stack: (sp=0x000000016fd8d4e0)
0x000000016fd8d4e0:   0000000a2f326fa0 0000000a2f4545a0
0x000000016fd8d4f0:   000000016fd8d520 000000016fd8d4f0
0x000000016fd8d500:   0000000a257422b0 00000000046208e0
0x000000016fd8d510:   0000000199566124 0000000000000000
0x000000016fd8d520:   000000016fd8d550 00000001978362a8
0x000000016fd8d530:   0000000000000001 99c21448532200ef
0x000000016fd8d540:   000000010079b3e0 000000030214d978
0x000000016fd8d550:   0000000000000001 0000000000000001
0x000000016fd8d560:   00000001fe723000 0000000a2a5906d8
0x000000016fd8d570:   0000000a2f3bb300 000000016fd8d61f
0x000000016fd8d580:   0000000a257422b0 0000000a20ba4c00
0x000000016fd8d590:   000000016fd8d600 000000019c118058
0x000000016fd8d5a0:   0000000000000000 0000000000000000
0x000000016fd8d5b0:   0000000000000000 99c21448532200ef
0x000000016fd8d5c0:   000000003f400000 0000000040100000
0x000000016fd8d5d0:   00000001fe723000 0000000000000118
0x000000016fd8d5e0:   000000019c110b28 0000000000000110
0x000000016fd8d5f0:   0000000a2f3245a0 0000000a20ba4c00
0x000000016fd8d600:   000000016fd8d620 000000019d0705c4
0x000000016fd8d610:   00000000000120a8 0100000000000000
0x000000016fd8d620:   000000016fd8d650 000000019c1213d8
0x000000016fd8d630:   000000019c110b28 0000000000000110
0x000000016fd8d640:   0000000a2f3245a0 0000000a20ba4c00
0x000000016fd8d650:   000000016fd8d770 000000019c120fd0
0x000000016fd8d660:   0000000000000378 0000000000000000
0x000000016fd8d670:   000000020267aef8 00000000000000a0
0x000000016fd8d680:   00000002124e1e80 0000000a20ba4c00
0x000000016fd8d690:   000000016fd8d770 0000000197831b84
0x000000016fd8d6a0:   0000000000000000 0000000000000000
0x000000016fd8d6b0:   0000000000000002 0000000000000000
0x000000016fd8d6c0:   0000000000000000 0000000000000000
0x000000016fd8d6d0:   0000000000000000 0000000000000000 

Instructions: (pc=0x000000019782fa0c)
0x000000019782f90c:   f1 03 13 aa 11 0a c1 da 28 ce 7d 92 08 00 00 f9
0x000000019782f91c:   d5 03 08 37 fd 7b 43 a9 f4 4f 42 a9 f6 57 41 a9
0x000000019782f92c:   ff 03 01 91 ff 0f 5f d6 70 12 40 f9 71 82 00 91
0x000000019782f93c:   51 27 f9 f2 30 1e c1 da f1 03 10 aa f1 47 c1 da
0x000000019782f94c:   1f 02 11 eb 40 00 00 54 60 8e 38 d4 08 e2 7d 92
0x000000019782f95c:   00 d9 48 92 cd 6e 00 94 08 08 40 b9 08 1d 00 11
0x000000019782f96c:   08 71 1d 12 08 01 14 8b 09 02 80 52 1f 41 00 f1
0x000000019782f97c:   01 81 89 9a d0 ff ff 17 f3 03 00 f9 40 02 00 90
0x000000019782f98c:   00 44 23 91 a8 e6 00 94 e1 03 13 aa 22 00 80 52
0x000000019782f99c:   fd 7b 43 a9 f4 4f 42 a9 f6 57 41 a9 ff 03 01 91
0x000000019782f9ac:   ff 23 03 d5 d0 07 1e ca 50 00 f0 b6 20 8e 38 d4
0x000000019782f9bc:   cc 2f 00 14 31 01 08 36 11 ae 7d 92 31 2a 40 b9
0x000000019782f9cc:   d1 00 08 36 51 6f 36 b0 31 e2 38 91 30 02 40 f9
0x000000019782f9dc:   71 7d e4 f2 11 0a 1f d7 01 7d 3d d0 21 00 06 91
0x000000019782f9ec:   85 07 00 14 62 e3 00 14 2f 0e 00 14 c0 03 5f d6
0x000000019782f9fc:   00 00 00 ea cd ff ff 54 10 00 40 f9 11 ae 7d 92
0x000000019782fa0c:   31 12 40 f9 91 fd 17 36 f0 fe 07 36 11 fe 77 d3
0x000000019782fa1c:   f1 fe ff b4 11 20 e0 d2 11 02 11 ab 62 fe ff 54
0x000000019782fa2c:   e1 03 10 aa 11 7c b0 c8 3f 00 10 eb 81 fe ff 54
0x000000019782fa3c:   c0 03 5f d6 20 00 01 ea ad fd ff 54 30 00 40 f9
0x000000019782fa4c:   11 ae 7d 92 31 12 40 f9 71 fb 17 36 d0 fc 07 36
0x000000019782fa5c:   11 fe 77 d3 d1 fc ff b4 11 20 e0 d2 11 02 11 ab
0x000000019782fa6c:   42 fc ff 54 e2 03 10 aa 31 7c b0 c8 5f 00 10 eb
0x000000019782fa7c:   81 fe ff 54 c0 03 5f d6 40 00 02 ea 8d fb ff 54
0x000000019782fa8c:   50 00 40 f9 11 ae 7d 92 31 12 40 f9 51 f9 17 36
0x000000019782fa9c:   b0 fa 07 36 11 fe 77 d3 b1 fa ff b4 11 20 e0 d2
0x000000019782faac:   11 02 11 ab 22 fa ff 54 e1 03 10 aa 51 7c b0 c8
0x000000019782fabc:   3f 00 10 eb 81 fe ff 54 c0 03 5f d6 60 00 03 ea
0x000000019782facc:   6d f9 ff 54 70 00 40 f9 11 ae 7d 92 31 12 40 f9
0x000000019782fadc:   31 f7 17 36 90 f8 07 36 11 fe 77 d3 91 f8 ff b4
0x000000019782faec:   11 20 e0 d2 11 02 11 ab 02 f8 ff 54 e1 03 10 aa
0x000000019782fafc:   71 7c b0 c8 3f 00 10 eb 81 fe ff 54 c0 03 5f d6 


Stack slot to memory mapping:

stack at sp + 0 slots: 0x0000000a2f326fa0 points into unknown readable memory: 0x010000020465039d | 9d 03 65 04 02 00 00 01
stack at sp + 1 slots: 0x0000000a2f4545a0 points into unknown readable memory: 0x0100000204650399 | 99 03 65 04 02 00 00 01
stack at sp + 2 slots: 0x000000016fd8d520 is pointing into the stack for thread: 0x000000010079b3e0
stack at sp + 3 slots: 0x000000016fd8d4f0 is pointing into the stack for thread: 0x000000010079b3e0
stack at sp + 4 slots: 0x0000000a257422b0 points into unknown readable memory: 0x0100000204642739 | 39 27 64 04 02 00 00 01
stack at sp + 5 slots: 0x00000000046208e0 is an unknown value
stack at sp + 6 slots: 0x0000000199566124: NSKeyValueWillChangeBySetting+0 in /System/Library/Frameworks/Foundation.framework/Versions/C/Foundation at 0x00000001994fa000
stack at sp + 7 slots: 0x0 is null


Compiled method (n/a) 443604 4772     n 0       org.eclipse.swt.internal.cocoa.OS::objc_msgSend (native)
 total in heap  [0x0000000117186d90,0x0000000117187120] = 912
 relocation     [0x0000000117186ee0,0x0000000117186f10] = 48
 main code      [0x0000000117186f40,0x0000000117187104] = 452
 stub code      [0x0000000117187104,0x0000000117187108] = 4
 oops           [0x0000000117187108,0x0000000117187118] = 16
 metadata       [0x0000000117187118,0x0000000117187120] = 8

[Constant Pool (empty)]

[MachCode]
[Entry Point]
  # {method} {0x0000000124ad8c80} 'objc_msgSend' '(JJ)J' in 'org/eclipse/swt/internal/cocoa/OS'
  # parm0:    c_rarg1:c_rarg1 
                        = long
  # parm1:    c_rarg2:c_rarg2 
                        = long
  #           [sp+0x60]  (sp of caller)
  0x0000000117186f40: 2808 40b9 | 3f01 086b | 4000 0054 

  0x0000000117186f4c: ;   {runtime_call ic_miss_stub}
  0x0000000117186f4c: cda3 e217 
[Verified Entry Point]
  0x0000000117186f50: 1f20 03d5 | e953 40d1 | 3f01 00f9 | fd7b bfa9 | fd03 0091 | ff43 01d1 | 2801 0018 | 8923 40b9 
  0x0000000117186f70: 1f01 09eb | e000 0054 | 0830 93d2 | 68d4 a2f2 | 2800 c0f2 | 0001 3fd6 | 0200 0014 | 3300 0000 
  0x0000000117186f90: e303 02aa | e203 01aa 

  0x0000000117186f98: ;   {oop(a 'java/lang/Class'{0x0000000302a376b8} = 'org/eclipse/swt/internal/cocoa/OS')}
  0x0000000117186f98: 01d7 8ed2 | 6154 a0f2 | 6100 c0f2 | e123 00f9 | e103 0191 | e801 0010 | 88d3 01f9 | e803 0091 
  0x0000000117186fb8: 88cf 01f9 

  0x0000000117186fbc: ;   {external_word}
  0x0000000117186fbc: 68c4 f7d0 | 0845 7939 | 8806 0035 | 80e3 0e91 | e803 7eb2 | 8913 1191 | 28fd 9f88 

  0x0000000117186fd8: ;   {runtime_call Java_org_eclipse_swt_internal_cocoa_OS_objc_1msgSend__JJ}
  0x0000000117186fd8: 8805 9dd2 | 48b4 a0f2 | 2800 c0f2 | 0001 3fd6 | a800 80d2 | 8847 04b9 | bf3b 03d5 | 8823 1191 
  0x0000000117186ff8: 08fd dfc8 | bf03 08eb | a803 0054 | 8843 44b9 | 6803 0035 | e803 7db2 | 8913 1191 | 28fd 9f88 
  0x0000000117187018: 8803 5339 | 1f09 0071 | c001 0054 

  0x0000000117187024: ;   {external_word}
  0x0000000117187024: 68c4 f7b0 | 0845 7939 | 2805 0035 | 9fcf 01f9 | 9fd3 01f9 | 8217 42f9 | 5f80 00f9 | bf03 0091 
  0x0000000117187044: fd7b c1a8 | 8807 40f9 | 4800 00b5 | c003 5fd6 

  0x0000000117187054: ;   {runtime_call StubRoutines (initial stubs)}
  0x0000000117187054: 0bb4 e117 | a083 1ff8 

  0x000000011718705c: ;   {runtime_call SharedRuntime::reguard_yellow_pages()}
  0x000000011718705c: 086c 84d2 | 28cb a0f2 | 2800 c0f2 | 0001 3fd6 | a083 5ff8 | edff ff17 | a083 1ff8 | e003 1caa 
  0x000000011718707c: ;   {runtime_call JavaThread::check_special_condition_for_native_trans(JavaThread*)}
  0x000000011718707c: 8863 9ad2 | 28c3 a0f2 | 2800 c0f2 | 0001 3fd6 | a083 5ff8 | dfff ff17 | e10b bea9 | e37f 01a9 
  0x000000011718709c: ;   {metadata({method} {0x0000000124ad8c80} 'objc_msgSend' '(JJ)J' in 'org/eclipse/swt/internal/cocoa/OS')}
  0x000000011718709c: 0190 91d2 | a195 a4f2 | 2100 c0f2 | e003 1caa | e833 bfa9 | 881f 80d2 | 28cb a0f2 | 2800 c0f2 
  0x00000001171870bc: 0001 3fd6 | e833 c1a8 | e37f 41a9 | e10b c2a8 | bfff ff17 | a083 1ff8 

  0x00000001171870d4: ;   {metadata({method} {0x0000000124ad8c80} 'objc_msgSend' '(JJ)J' in 'org/eclipse/swt/internal/cocoa/OS')}
  0x00000001171870d4: 0190 91d2 | a195 a4f2 | 2100 c0f2 | e003 1caa | e833 bfa9 | 083d 80d2 | 28cb a0f2 | 2800 c0f2 
  0x00000001171870f4: 0001 3fd6 | e833 c1a8 | a083 5ff8 | ccff ff17 
[Stub Code]
  0x0000000117187104: 0000 0000 
[/MachCode]


Compiled method (c1) 443605 19059   !   3       org.eclipse.swt.widgets.Display::readAndDispatch (256 bytes)
 total in heap  [0x000000010fb8aa90,0x000000010fb8d838] = 11688
 relocation     [0x000000010fb8abe0,0x000000010fb8b008] = 1064
 main code      [0x000000010fb8b040,0x000000010fb8c988] = 6472
 stub code      [0x000000010fb8c988,0x000000010fb8ce70] = 1256
 oops           [0x000000010fb8ce70,0x000000010fb8ce80] = 16
 metadata       [0x000000010fb8ce80,0x000000010fb8cff8] = 376
 scopes data    [0x000000010fb8cff8,0x000000010fb8d310] = 792
 scopes pcs     [0x000000010fb8d310,0x000000010fb8d6c0] = 944
 dependencies   [0x000000010fb8d6c0,0x000000010fb8d6e0] = 32
 handler table  [0x000000010fb8d6e0,0x000000010fb8d800] = 288
 nul chk table  [0x000000010fb8d800,0x000000010fb8d838] = 56

[Constant Pool (empty)]

[MachCode]
[Entry Point]
  # {method} {0x000000012469d188} 'readAndDispatch' '()Z' in 'org/eclipse/swt/widgets/Display'
  #           [sp+0xf0]  (sp of caller)
  0x000000010fb8b040: 2808 40b9 | 3f01 086b | c001 0054 

  0x000000010fb8b04c: ;   {runtime_call ic_miss_stub}
  0x000000010fb8b04c: 8d93 ba15 | 1f20 03d5 | 1f20 03d5 | 1f20 03d5 | 1f20 03d5 | 1f20 03d5 | 1f20 03d5 | 1f20 03d5 
  0x000000010fb8b06c: 1f20 03d5 | 1f20 03d5 | 1f20 03d5 | 1f20 03d5 | 1f20 03d5 
[Verified Entry Point]
  0x000000010fb8b080: 0092 ba15 | e953 40d1 | 3f01 00f9 | ffc3 03d1 | fd7b 0ea9 | 2801 0018 | 8923 40b9 | 1f01 09eb 
  0x000000010fb8b0a0: e000 0054 | 0830 93d2 | 68d4 a2f2 | 2800 c0f2 | 0001 3fd6 | 0200 0014 | 3200 0000 | e14b 00f9 
  0x000000010fb8b0c0: ;   {metadata(method data for {method} {0x000000012469d188} 'readAndDispatch' '()Z' in 'org/eclipse/swt/widgets/Display')}
  0x000000010fb8b0c0: 0014 92d2 | 409d a7f2 | 2000 c0f2 | 02ac 40b9 | 4208 0011 | 02ac 00b9 | 4224 1f12 | 5f00 0071 
  0x000000010fb8b0e0: a0ac 0054 | e003 01aa 

  0x000000010fb8b0e8: ;   {metadata(method data for {method} {0x000000012469d188} 'readAndDispatch' '()Z' in 'org/eclipse/swt/widgets/Display')}
  0x000000010fb8b0e8: 0214 92d2 | 429d a7f2 | 2200 c0f2 | 4884 40f9 | 0805 0091 | 4884 00f9 | e003 01aa | e103 00aa 
  0x000000010fb8b108: ; ImmutableOopMap {[144]=Oop }
                      ;*invokevirtual checkDevice {reexecute=0 rethrow=0 return_oop=0}
                      ; - org.eclipse.swt.widgets.Display::readAndDispatch@1 (line 3985)
                      ;   {optimized virtual_call}
  0x000000010fb8b108: 1e94 ba95 

  0x000000010fb8b10c: ;   {other}
  0x000000010fb8b10c: 1f20 03d5 | 9fcf 80f2 | 1f00 80f2 | e14b 40f9 | 20cc 40b9 | 1f00 0071 

  0x000000010fb8b124: ;   {metadata(method data for {method} {0x000000012469d188} 'readAndDispatch' '()Z' in 'org/eclipse/swt/widgets/Display')}
  0x000000010fb8b124: 0014 92d2 | 409d a7f2 | 2000 c0f2 | 0825 80d2 | 0927 80d2 | 0211 899a | 0368 62f8 | 6304 0091 
  0x000000010fb8b144: 0368 22f8 | 0106 0054 | 2280 5829 | 4204 0051 | 1f00 026b 

  0x000000010fb8b158: ;   {metadata(method data for {method} {0x000000012469d188} 'readAndDispatch' '()Z' in 'org/eclipse/swt/widgets/Display')}
  0x000000010fb8b158: 0014 92d2 | 409d a7f2 | 2000 c0f2 | 0829 80d2 | 092b 80d2 | 0211 899a | 0368 62f8 | 6304 0091 
  0x000000010fb8b178: 0368 22f8 | 6104 0054 

  0x000000010fb8b180: ;   {metadata(method data for {method} {0x000000012469d188} 'readAndDispatch' '()Z' in 'org/eclipse/swt/widgets/Display')}
  0x000000010fb8b180: 0014 92d2 | 409d a7f2 | 2000 c0f2 | 08b4 40f9 | 0805 0091 | 08b4 00f9 

  0x000000010fb8b198: ; ImmutableOopMap {[144]=Oop }
                      ;*invokestatic getEntryCount {reexecute=0 rethrow=0 return_oop=0}
                      ; - org.eclipse.swt.widgets.Display::readAndDispatch@24 (line 3986)
                      ;   {static_call}
  0x000000010fb8b198: 7a95 ba95 

  0x000000010fb8b19c: ;   {other}
  0x000000010fb8b19c: 1f20 03d5 | 9fe1 80f2 | 1f20 80f2 | 1f00 0071 

  0x000000010fb8b1ac: ;   {metadata(method data for {method} {0x000000012469d188} 'readAndDispatch' '()Z' in 'org/eclipse/swt/widgets/Display')}
  0x000000010fb8b1ac: 0114 92d2 | 419d a7f2 | 2100 c0f2 | 082f 80d2 | 0931 80d2 | 0011 899a | 2268 60f8 | 4204 0091 
  0x000000010fb8b1cc: 2268 20f8 | e14b 40f9 | a101 0054 

  0x000000010fb8b1d8: ;   {metadata(method data for {method} {0x000000012469d188} 'readAndDispatch' '()Z' in 'org/eclipse/swt/widgets/Display')}
  0x000000010fb8b1d8: 0014 92d2 | 409d a7f2 | 2000 c0f2 | 08d8 40f9 | 0805 0091 | 08d8 00f9 | e14b 40f9 

  0x000000010fb8b1f4: ; ImmutableOopMap {[144]=Oop }
                      ;*invokevirtual removePool {reexecute=0 rethrow=0 return_oop=0}
                      ; - org.eclipse.swt.widgets.Display::readAndDispatch@31 (line 3986)
                      ;   {optimized virtual_call}
  0x000000010fb8b1f4: e393 ba95 

  0x000000010fb8b1f8: ;   {other}
  0x000000010fb8b1f8: 1f20 03d5 | 1fed 80f2 | 1f40 80f2 | e14b 40f9 | e303 01aa 

  0x000000010fb8b20c: ;   {metadata(method data for {method} {0x000000012469d188} 'readAndDispatch' '()Z' in 'org/eclipse/swt/widgets/Display')}
  0x000000010fb8b20c: 0014 92d2 | 409d a7f2 | 2000 c0f2 | 08f4 40f9 | 0805 0091 | 08f4 00f9 

  0x000000010fb8b224: ;   {metadata(method data for {method} {0x0000000124692350} 'addPool' '()V' in 'org/eclipse/swt/widgets/Display')}
  0x000000010fb8b224: 0349 9fd2 | 839a a7f2 | 2300 c0f2 | 60ac 40b9 | 0008 0011 | 60ac 00b9 | 004c 1f12 | 1f00 0071 
  0x000000010fb8b244: 80a2 0054 

  0x000000010fb8b248: ;   {metadata('org/eclipse/swt/internal/cocoa/NSAutoreleasePool')}
  0x000000010fb8b248: 03e7 89d2 | 8326 a0f2 | 030e c0f2 | 80df 40f9 | 0b60 0091 | 88e7 40f9 | 7f01 08eb | 88a2 0054 
  0x000000010fb8b268: 8bdf 00f9 | ea03 40b2 | 0a00 00f9 | 6a08 5cd2 | 0a7c 0129 | 0a40 0091 | 5f01 00f9 | bf3a 03d5 
  0x000000010fb8b288: e203 00aa 

  0x000000010fb8b28c: ;   {metadata(method data for {method} {0x0000000124692350} 'addPool' '()V' in 'org/eclipse/swt/widgets/Display')}
  0x000000010fb8b28c: 0349 9fd2 | 839a a7f2 | 2300 c0f2 | 6878 40f9 | 0805 0091 | 6878 00f9 

  0x000000010fb8b2a4: ;   {metadata(method data for {method} {0x0000000124b3f818} '<init>' '()V' in 'org/eclipse/swt/internal/cocoa/NSAutoreleasePool')}
  0x000000010fb8b2a4: 02d4 8ed2 | a28d a7f2 | 2200 c0f2 | 43ac 40b9 | 6308 0011 | 43ac 00b9 | 634c 1f12 | 7f00 0071 
  0x000000010fb8b2c4: c09f 0054 | e203 00aa 

  0x000000010fb8b2cc: ;   {metadata(method data for {method} {0x0000000124b3f818} '<init>' '()V' in 'org/eclipse/swt/internal/cocoa/NSAutoreleasePool')}
  0x000000010fb8b2cc: 03d4 8ed2 | a38d a7f2 | 2300 c0f2 | 6878 40f9 | 0805 0091 | 6878 00f9 

  0x000000010fb8b2e4: ;   {metadata(method data for {method} {0x0000000124ab9808} '<init>' '()V' in 'org/eclipse/swt/internal/cocoa/NSObject')}
  0x000000010fb8b2e4: 0214 9fd2 | 22d1 a4f2 | 2200 c0f2 | 43ac 40b9 | 6308 0011 | 43ac 00b9 | 634c 1f12 | 7f00 0071 
  0x000000010fb8b304: c09e 0054 | e203 00aa 

  0x000000010fb8b30c: ;   {metadata(method data for {method} {0x0000000124ab9808} '<init>' '()V' in 'org/eclipse/swt/internal/cocoa/NSObject')}
  0x000000010fb8b30c: 0314 9fd2 | 23d1 a4f2 | 2300 c0f2 | 6878 40f9 | 0805 0091 | 6878 00f9 

  0x000000010fb8b324: ;   {metadata(method data for {method} {0x0000000124ab63a0} '<init>' '()V' in 'org/eclipse/swt/internal/cocoa/id')}
  0x000000010fb8b324: 0238 9fd2 | 22d1 a4f2 | 2200 c0f2 | 43ac 40b9 | 6308 0011 | 43ac 00b9 | 634c 1f12 | 7f00 0071 
  0x000000010fb8b344: c09d 0054 | e203 00aa 

  0x000000010fb8b34c: ;   {metadata(method data for {method} {0x0000000124ab63a0} '<init>' '()V' in 'org/eclipse/swt/internal/cocoa/id')}
  0x000000010fb8b34c: 0338 9fd2 | 23d1 a4f2 | 2300 c0f2 | 6878 40f9 | 0805 0091 | 6878 00f9 

  0x000000010fb8b364: ;   {metadata(method data for {method} {0x0000007000475638} '<init>' '()V' in 'java/lang/Object')}
  0x000000010fb8b364: 02c7 8fd2 | 0260 a4f2 | 2200 c0f2 | 43ac 40b9 | 6308 0011 | 43ac 00b9 | 634c 1f12 | 7f00 0071 
  0x000000010fb8b384: c09c 0054 | e203 00aa 

  0x000000010fb8b38c: ;   {metadata(method data for {method} {0x0000000124692350} 'addPool' '()V' in 'org/eclipse/swt/widgets/Display')}
  0x000000010fb8b38c: 0349 9fd2 | 839a a7f2 | 2300 c0f2 | 4208 40b9 | 4208 5cd2 | 6940 0491 | 2801 40f9 | 5f00 08eb 
  0x000000010fb8b3ac: a100 0054 | 688c 40f9 | 0805 0091 | 688c 00f9 | 1c00 0014 | 6980 0491 | 2801 40f9 | 5f00 08eb 
  0x000000010fb8b3cc: a100 0054 | 6894 40f9 | 0805 0091 | 6894 00f9 | 1400 0014 | 6940 0491 | 2801 40f9 | c800 00b5 
  0x000000010fb8b3ec: 2201 00f9 | e803 40b2 | 6960 0491 | 2801 00f9 | 0c00 0014 | 6980 0491 | 2801 40f9 | c800 00b5 
  0x000000010fb8b40c: 2201 00f9 | e803 40b2 | 69a0 0491 | 2801 00f9 | 0400 0014 | 6880 40f9 | 0805 0091 | 6880 00f9 
  0x000000010fb8b42c: e103 00aa 

  0x000000010fb8b430: ; ImmutableOopMap {[144]=Oop }
                      ;*invokevirtual alloc {reexecute=0 rethrow=0 return_oop=0}
                      ; - org.eclipse.swt.widgets.Display::addPool@8 (line 533)
                      ; - org.eclipse.swt.widgets.Display::readAndDispatch@35 (line 3987)
                      ;   {optimized virtual_call}
  0x000000010fb8b430: 987c e495 

  0x000000010fb8b434: ;   {other}
  0x000000010fb8b434: 1f20 03d5 | 9f34 81f2 | 1f60 80f2 

  0x000000010fb8b440: ; implicit exception: dispatches to 0x000000010fb8c73c
  0x000000010fb8b440: 1f00 40f9 | e103 00aa 

  0x000000010fb8b448: ;   {metadata(method data for {method} {0x0000000124692350} 'addPool' '()V' in 'org/eclipse/swt/widgets/Display')}
  0x000000010fb8b448: 0249 9fd2 | 829a a7f2 | 2200 c0f2 | 2108 40b9 | 2108 5cd2 | 4920 0591 | 2801 40f9 | 3f00 08eb 
  0x000000010fb8b468: a100 0054 | 48a8 40f9 | 0805 0091 | 48a8 00f9 | 1c00 0014 | 4960 0591 | 2801 40f9 | 3f00 08eb 
  0x000000010fb8b488: a100 0054 | 48b0 40f9 | 0805 0091 | 48b0 00f9 | 1400 0014 | 4920 0591 | 2801 40f9 | c800 00b5 
  0x000000010fb8b4a8: 2101 00f9 | e803 40b2 | 4940 0591 | 2801 00f9 | 0c00 0014 | 4960 0591 | 2801 40f9 | c800 00b5 
  0x000000010fb8b4c8: 2101 00f9 | e803 40b2 | 4980 0591 | 2801 00f9 | 0400 0014 | 489c 40f9 | 0805 0091 | 489c 00f9 
  0x000000010fb8b4e8: e103 00aa 

  0x000000010fb8b4ec: ; ImmutableOopMap {[144]=Oop }
                      ;*invokevirtual init {reexecute=0 rethrow=0 return_oop=0}
                      ; - org.eclipse.swt.widgets.Display::addPool@11 (line 533)
                      ; - org.eclipse.swt.widgets.Display::readAndDispatch@35 (line 3987)
                      ;   {optimized virtual_call}
  0x000000010fb8b4ec: 59aa df95 

  0x000000010fb8b4f0: ;   {other}
  0x000000010fb8b4f0: 1f20 03d5 | 1f4c 81f2 | 1f80 80f2 | 0001 00b5 

  0x000000010fb8b500: ;   {metadata(method data for {method} {0x0000000124692350} 'addPool' '()V' in 'org/eclipse/swt/widgets/Display')}
  0x000000010fb8b500: 0349 9fd2 | 839a a7f2 | 2300 c0f2 | 68a4 4539 | 0801 40b2 | 68a4 0539 | 3600 0014 

  0x000000010fb8b51c: ;   {metadata('org/eclipse/swt/internal/cocoa/NSAutoreleasePool')}
  0x000000010fb8b51c: 02e7 89d2 | 8226 a0f2 | 020e c0f2 | 0808 40b9 | 0809 5cd2 | 1f01 02eb | e104 0054 

  0x000000010fb8b538: ;   {metadata(method data for {method} {0x0000000124692350} 'addPool' '()V' in 'org/eclipse/swt/widgets/Display')}
  0x000000010fb8b538: 0349 9fd2 | 839a a7f2 | 2300 c0f2 | 0208 40b9 | 4208 5cd2 | 6900 0691 | 2801 40f9 | 5f00 08eb 
  0x000000010fb8b558: a100 0054 | 68c4 40f9 | 0805 0091 | 68c4 00f9 | 2200 0014 | 6940 0691 | 2801 40f9 | 5f00 08eb 
  0x000000010fb8b578: a100 0054 | 68cc 40f9 | 0805 0091 | 68cc 00f9 | 1a00 0014 | 6900 0691 | 2801 40f9 | c800 00b5 
  0x000000010fb8b598: 2201 00f9 | e803 40b2 | 6920 0691 | 2801 00f9 | 1200 0014 | 6940 0691 | 2801 40f9 | c800 00b5 
  0x000000010fb8b5b8: 2201 00f9 | e803 40b2 | 6960 0691 | 2801 00f9 | 0a00 0014 | 0900 0014 

  0x000000010fb8b5d0: ;   {metadata(method data for {method} {0x0000000124692350} 'addPool' '()V' in 'org/eclipse/swt/widgets/Display')}
  0x000000010fb8b5d0: 0349 9fd2 | 839a a7f2 | 2300 c0f2 | 68b8 40f9 | 0805 00d1 | 68b8 00f9 | 5604 0014 | 0100 0014 
  0x000000010fb8b5f0: e203 00aa | e14b 40f9 

  0x000000010fb8b5f8: ;   {metadata(method data for {method} {0x0000000124692350} 'addPool' '()V' in 'org/eclipse/swt/widgets/Display')}
  0x000000010fb8b5f8: 0049 9fd2 | 809a a7f2 | 2000 c0f2 | 08e0 40f9 | 0805 0091 | 08e0 00f9 | e14b 40f9 

  0x000000010fb8b614: ; ImmutableOopMap {[144]=Oop }
                      ;*invokevirtual addPool {reexecute=0 rethrow=0 return_oop=0}
                      ; - org.eclipse.swt.widgets.Display::addPool@17 (line 533)
                      ; - org.eclipse.swt.widgets.Display::readAndDispatch@35 (line 3987)
                      ;   {optimized virtual_call}
  0x000000010fb8b614: db92 ba95 

  0x000000010fb8b618: ;   {other}
  0x000000010fb8b618: 1f20 03d5 | 1f71 81f2 | 1fa0 80f2 | e14b 40f9 

  0x000000010fb8b628: ;   {metadata(method data for {method} {0x000000012469d188} 'readAndDispatch' '()Z' in 'org/eclipse/swt/widgets/Display')}
  0x000000010fb8b628: 0014 92d2 | 409d a7f2 | 2000 c0f2 | 0810 41f9 | 0805 0091 | 0810 01f9 | e14b 40f9 

  0x000000010fb8b644: ; ImmutableOopMap {[144]=Oop }
                      ;*invokevirtual runSkin {reexecute=0 rethrow=0 return_oop=0}
                      ; - org.eclipse.swt.widgets.Display::readAndDispatch@39 (line 3988)
                      ;   {optimized virtual_call}
  0x000000010fb8b644: 43f3 ed95 

  0x000000010fb8b648: ;   {other}
  0x000000010fb8b648: 1f20 03d5 | 1f77 81f2 | 1fc0 80f2 | e14b 40f9 

  0x000000010fb8b658: ;   {metadata(method data for {method} {0x000000012469d188} 'readAndDispatch' '()Z' in 'org/eclipse/swt/widgets/Display')}
  0x000000010fb8b658: 0014 92d2 | 409d a7f2 | 2000 c0f2 | 082c 41f9 | 0805 0091 | 082c 01f9 | e14b 40f9 

  0x000000010fb8b674: ; ImmutableOopMap {[144]=Oop }
                      ;*invokevirtual runDeferredLayouts {reexecute=0 rethrow=0 return_oop=0}
                      ; - org.eclipse.swt.widgets.Display::readAndDispatch@44 (line 3989)
                      ;   {optimized virtual_call}
  0x000000010fb8b674: c392 ba95 

  0x000000010fb8b678: ;   {other}
  0x000000010fb8b678: 1f20 03d5 | 1f7d 81f2 | 1fe0 80f2 | e14b 40f9 | 20c8 40b9 | 0004 0011 | 20c8 00b9 | e003 01aa 
  0x000000010fb8b698: ;   {metadata(method data for {method} {0x000000012469d188} 'readAndDispatch' '()Z' in 'org/eclipse/swt/widgets/Display')}
  0x000000010fb8b698: 0214 92d2 | 429d a7f2 | 2200 c0f2 | 4848 41f9 | 0805 0091 | 4848 01f9 | e003 01aa | e103 00aa 
  0x000000010fb8b6b8: ; ImmutableOopMap {[144]=Oop }
                      ;*invokevirtual runSettings {reexecute=0 rethrow=0 return_oop=0}
                      ; - org.eclipse.swt.widgets.Display::readAndDispatch@62 (line 3993)
                      ;   {optimized virtual_call}
  0x000000010fb8b6b8: b292 ba95 

  0x000000010fb8b6bc: ;   {other}
  0x000000010fb8b6bc: 1f20 03d5 | 9f85 81f2 | 1f00 81f2 | e14b 40f9 

  0x000000010fb8b6cc: ;   {metadata(method data for {method} {0x000000012469d188} 'readAndDispatch' '()Z' in 'org/eclipse/swt/widgets/Display')}
  0x000000010fb8b6cc: 0214 92d2 | 429d a7f2 | 2200 c0f2 | 4864 41f9 | 0805 0091 | 4864 01f9 | e14b 40f9 | e09b 00b9 
  0x000000010fb8b6ec: ; ImmutableOopMap {[144]=Oop }
                      ;*invokevirtual runTimers {reexecute=0 rethrow=0 return_oop=0}
                      ; - org.eclipse.swt.widgets.Display::readAndDispatch@69 (line 3994)
                      ;   {optimized virtual_call}
  0x000000010fb8b6ec: a592 ba95 

  0x000000010fb8b6f0: ;   {other}
  0x000000010fb8b6f0: 1f20 03d5 | 1f8c 81f2 | 1f20 81f2 | e14b 40f9 

  0x000000010fb8b700: ;   {metadata(method data for {method} {0x000000012469d188} 'readAndDispatch' '()Z' in 'org/eclipse/swt/widgets/Display')}
  0x000000010fb8b700: 0214 92d2 | 429d a7f2 | 2200 c0f2 | 4880 41f9 | 0805 0091 | 4880 01f9 | e19b 40b9 | 2000 002a 
  0x000000010fb8b720: e14b 40f9 | e09f 00b9 

  0x000000010fb8b728: ; ImmutableOopMap {[144]=Oop }
                      ;*invokevirtual runContexts {reexecute=0 rethrow=0 return_oop=0}
                      ; - org.eclipse.swt.widgets.Display::readAndDispatch@76 (line 3995)
                      ;   {optimized virtual_call}
  0x000000010fb8b728: 9692 ba95 

  0x000000010fb8b72c: ;   {other}
  0x000000010fb8b72c: 1f20 03d5 | 9f93 81f2 | 1f40 81f2 | e14b 40f9 

  0x000000010fb8b73c: ;   {metadata(method data for {method} {0x000000012469d188} 'readAndDispatch' '()Z' in 'org/eclipse/swt/widgets/Display')}
  0x000000010fb8b73c: 0214 92d2 | 429d a7f2 | 2200 c0f2 | 489c 41f9 | 0805 0091 | 489c 01f9 | e19f 40b9 | 2000 002a 
  0x000000010fb8b75c: e14b 40f9 | e0a3 00b9 

  0x000000010fb8b764: ; ImmutableOopMap {[144]=Oop }
                      ;*invokevirtual runPopups {reexecute=0 rethrow=0 return_oop=0}
                      ; - org.eclipse.swt.widgets.Display::readAndDispatch@83 (line 3996)
                      ;   {optimized virtual_call}
  0x000000010fb8b764: 8792 ba95 

  0x000000010fb8b768: ;   {other}
  0x000000010fb8b768: 1f20 03d5 | 1f9b 81f2 | 1f60 81f2 | e2a3 40b9 | 4000 002a | e14b 40f9 | 268c 41b9 | c6f0 7dd3 
  0x000000010fb8b788: ; implicit exception: dispatches to 0x000000010fb8c748
  0x000000010fb8b788: df00 40f9 | e203 06aa 

  0x000000010fb8b790: ;   {metadata(method data for {method} {0x000000012469d188} 'readAndDispatch' '()Z' in 'org/eclipse/swt/widgets/Display')}
  0x000000010fb8b790: 0314 92d2 | 439d a7f2 | 2300 c0f2 | 68b8 41f9 | 0805 0091 | 68b8 01f9 | 0200 8092 | e303 1faa 
  0x000000010fb8b7b0: ;   {oop(a 'org/eclipse/swt/internal/cocoa/NSString'{0x0000000302a3aeb0})}
  0x000000010fb8b7b0: 04d6 95d2 | 6454 a0f2 | 6400 c0f2 | e503 0032 | e103 06aa | e0a7 00b9 

  0x000000010fb8b7c8: ; ImmutableOopMap {[144]=Oop }
                      ;*invokevirtual nextEventMatchingMask {reexecute=0 rethrow=0 return_oop=0}
                      ; - org.eclipse.swt.widgets.Display::readAndDispatch@100 (line 3997)
                      ;   {optimized virtual_call}
  0x000000010fb8b7c8: 6e92 ba95 

  0x000000010fb8b7cc: ;   {other}
  0x000000010fb8b7cc: 1f20 03d5 | 9fa7 81f2 | 1f80 81f2 | e057 00f9 | e203 1faa | 1f00 02eb 

  0x000000010fb8b7e4: ;   {metadata(method data for {method} {0x000000012469d188} 'readAndDispatch' '()Z' in 'org/eclipse/swt/widgets/Display')}
  0x000000010fb8b7e4: 0214 92d2 | 429d a7f2 | 2200 c0f2 | 0874 80d2 | 0972 80d2 | 0111 899a | 4368 61f8 | 6304 0091 
  0x000000010fb8b804: 4368 21f8 | 6100 0054 | e2a7 40b9 | 2100 0014 | e14b 40f9 | 238c 41b9 | 63f0 7dd3 | e203 1faa 
  0x000000010fb8b824: 7f00 02eb 

  0x000000010fb8b828: ;   {metadata(method data for {method} {0x000000012469d188} 'readAndDispatch' '()Z' in 'org/eclipse/swt/widgets/Display')}
  0x000000010fb8b828: 0214 92d2 | 429d a7f2 | 2200 c0f2 | e80f 7ab2 | 0976 80d2 | 0411 899a | 4568 64f8 | a504 0091 
  0x000000010fb8b848: 4568 24f8 | 6100 0054 | e2a7 40b9 | 1000 0014 

  0x000000010fb8b858: ; implicit exception: dispatches to 0x000000010fb8c74c
  0x000000010fb8b858: 7f00 40f9 | e203 03aa 

  0x000000010fb8b860: ;   {metadata(method data for {method} {0x000000012469d188} 'readAndDispatch' '()Z' in 'org/eclipse/swt/widgets/Display')}
  0x000000010fb8b860: 0414 92d2 | 449d a7f2 | 2400 c0f2 | 88f4 41f9 | 0805 0091 | 88f4 01f9 | e203 00aa | e103 03aa 
  0x000000010fb8b880: ; ImmutableOopMap {[144]=Oop [168]=Oop }
                      ;*invokevirtual sendEvent {reexecute=0 rethrow=0 return_oop=0}
                      ; - org.eclipse.swt.widgets.Display::readAndDispatch@122 (line 4000)
                      ;   {optimized virtual_call}
  0x000000010fb8b880: 4092 ba95 

  0x000000010fb8b884: ;   {other}
  0x000000010fb8b884: 1f20 03d5 | 9fbe 81f2 | 1fa0 81f2 | e203 0032 | e2b3 00b9 | e14b 40f9 

  0x000000010fb8b89c: ;   {metadata(method data for {method} {0x000000012469d188} 'readAndDispatch' '()Z' in 'org/eclipse/swt/widgets/Display')}
  0x000000010fb8b89c: 0014 92d2 | 409d a7f2 | 2000 c0f2 | 0810 42f9 | 0805 0091 | 0810 02f9 | e14b 40f9 

  0x000000010fb8b8b8: ; ImmutableOopMap {[144]=Oop [168]=Oop }
                      ;*invokevirtual runPaint {reexecute=0 rethrow=0 return_oop=0}
                      ; - org.eclipse.swt.widgets.Display::readAndDispatch@127 (line 4002)
                      ;   {optimized virtual_call}
  0x000000010fb8b8b8: 3292 ba95 

  0x000000010fb8b8bc: ;   {other}
  0x000000010fb8b8bc: 1f20 03d5 | 9fc5 81f2 | 1fc0 81f2 | e14b 40f9 

  0x000000010fb8b8cc: ;   {metadata(method data for {method} {0x000000012469d188} 'readAndDispatch' '()Z' in 'org/eclipse/swt/widgets/Display')}
  0x000000010fb8b8cc: 0214 92d2 | 429d a7f2 | 2200 c0f2 | 482c 42f9 | 0805 0091 | 482c 02f9 | e2b3 40b9 | 4000 002a 
  0x000000010fb8b8ec: e14b 40f9 | e0b7 00b9 

  0x000000010fb8b8f4: ; ImmutableOopMap {[144]=Oop [168]=Oop }
                      ;*invokevirtual runDeferredEvents {reexecute=0 rethrow=0 return_oop=0}
                      ; - org.eclipse.swt.widgets.Display::readAndDispatch@134 (line 4003)
                      ;   {optimized virtual_call}
  0x000000010fb8b8f4: e717 ee95 

  0x000000010fb8b8f8: ;   {other}
  0x000000010fb8b8f8: 1f20 03d5 | 1fcd 81f2 | 1fe0 81f2 | e2b7 40b9 | 4000 002a | 1f00 0071 

  0x000000010fb8b910: ;   {metadata(method data for {method} {0x000000012469d188} 'readAndDispatch' '()Z' in 'org/eclipse/swt/widgets/Display')}
  0x000000010fb8b910: 0214 92d2 | 429d a7f2 | 2200 c0f2 | 088f 80d2 | 0991 80d2 | 0111 899a | 4368 61f8 | 6304 0091 
  0x000000010fb8b930: 4368 21f8 | 2113 0054 | e14b 40f9 | e203 01aa 

  0x000000010fb8b940: ;   {metadata(method data for {method} {0x000000012469d188} 'readAndDispatch' '()Z' in 'org/eclipse/swt/widgets/Display')}
  0x000000010fb8b940: 0314 92d2 | 439d a7f2 | 2300 c0f2 | 4208 40b9 | 4208 5cd2 | 69a0 1291 | 2801 40f9 | 5f00 08eb 
  0x000000010fb8b960: a100 0054 | 6858 42f9 | 0805 0091 | 6858 02f9 | 1c00 0014 | 69e0 1291 | 2801 40f9 | 5f00 08eb 
  0x000000010fb8b980: a100 0054 | 6860 42f9 | 0805 0091 | 6860 02f9 | 1400 0014 | 69a0 1291 | 2801 40f9 | c800 00b5 
  0x000000010fb8b9a0: 2201 00f9 | e803 40b2 | 69c0 1291 | 2801 00f9 | 0c00 0014 | 69e0 1291 | 2801 40f9 | c800 00b5 
  0x000000010fb8b9c0: 2201 00f9 | e803 40b2 | 6900 1391 | 2801 00f9 | 0400 0014 | 684c 42f9 | 0805 0091 | 684c 02f9 
  0x000000010fb8b9e0: bf3b 03d5 | 2238 4039 | bf39 03d5 | 4200 0012 | 5f00 0071 

  0x000000010fb8b9f4: ;   {metadata(method data for {method} {0x000000012469d188} 'readAndDispatch' '()Z' in 'org/eclipse/swt/widgets/Display')}
  0x000000010fb8b9f4: 0214 92d2 | 429d a7f2 | 2200 c0f2 | 089a 80d2 | 099c 80d2 | 0311 899a | 4468 63f8 | 8404 0091 
  0x000000010fb8ba14: 4468 23f8 | 010a 0054 | e0bb 00b9 | e203 01aa 

  0x000000010fb8ba24: ;   {metadata(method data for {method} {0x000000012469d188} 'readAndDispatch' '()Z' in 'org/eclipse/swt/widgets/Display')}
  0x000000010fb8ba24: 0314 92d2 | 439d a7f2 | 2300 c0f2 | 6884 42f9 | 0805 0091 | 6884 02f9 

  0x000000010fb8ba3c: ;   {metadata(method data for {method} {0x000000012469e5c8} 'runAsyncMessages' '(Z)Z' in 'org/eclipse/swt/widgets/Display')}
  0x000000010fb8ba3c: 0218 96d2 | 429d a7f2 | 2200 c0f2 | 43ac 40b9 | 6308 0011 | 43ac 00b9 | 634c 1f12 | 7f00 0071 
  0x000000010fb8ba5c: a067 0054 | 23f8 40b9 | 63f0 7dd3 

  0x000000010fb8ba68: ; implicit exception: dispatches to 0x000000010fb8c770
  0x000000010fb8ba68: 7f00 40f9 | e203 03aa 

  0x000000010fb8ba70: ;   {metadata(method data for {method} {0x000000012469e5c8} 'runAsyncMessages' '(Z)Z' in 'org/eclipse/swt/widgets/Display')}
  0x000000010fb8ba70: 0418 96d2 | 449d a7f2 | 2400 c0f2 | 4208 40b9 | 4208 5cd2 | 8900 0491 | 2801 40f9 | 5f00 08eb 
  0x000000010fb8ba90: a100 0054 | 8884 40f9 | 0805 0091 | 8884 00f9 | 1c00 0014 | 8940 0491 | 2801 40f9 | 5f00 08eb 
  0x000000010fb8bab0: a100 0054 | 888c 40f9 | 0805 0091 | 888c 00f9 | 1400 0014 | 8900 0491 | 2801 40f9 | c800 00b5 
  0x000000010fb8bad0: 2201 00f9 | e803 40b2 | 8920 0491 | 2801 00f9 | 0c00 0014 | 8940 0491 | 2801 40f9 | c800 00b5 
  0x000000010fb8baf0: 2201 00f9 | e803 40b2 | 8960 0491 | 2801 00f9 | 0400 0014 | 8878 40f9 | 0805 0091 | 8878 00f9 
  0x000000010fb8bb10: 0200 a052 | e103 03aa 

  0x000000010fb8bb18: ; ImmutableOopMap {[144]=Oop [168]=Oop }
                      ;*invokevirtual runAsyncMessages {reexecute=0 rethrow=0 return_oop=0}
                      ; - org.eclipse.swt.widgets.Display::runAsyncMessages@5 (line 4382)
                      ; - org.eclipse.swt.widgets.Display::readAndDispatch@152 (line 4005)
                      ;   {optimized virtual_call}
  0x000000010fb8bb18: 9a91 ba95 

  0x000000010fb8bb1c: ;   {other}
  0x000000010fb8bb1c: 1f20 03d5 | 9f11 82f2 | 1f00 82f2 | 0100 0012 | 3f00 0071 

  0x000000010fb8bb30: ;   {metadata(method data for {method} {0x000000012469d188} 'readAndDispatch' '()Z' in 'org/eclipse/swt/widgets/Display')}
  0x000000010fb8bb30: 0114 92d2 | 419d a7f2 | 2100 c0f2 | 08a7 80d2 | 09a5 80d2 | 0001 899a | 2268 60f8 | 4204 0091 
  0x000000010fb8bb50: 2268 20f8 | 6000 0054 | e103 0032 | 0800 0014 

  0x000000010fb8bb60: ;   {metadata(method data for {method} {0x000000012469d188} 'readAndDispatch' '()Z' in 'org/eclipse/swt/widgets/Display')}
  0x000000010fb8bb60: 0114 92d2 | 419d a7f2 | 2100 c0f2 | 20a4 42f9 | 0004 0091 | 20a4 02f9 | 0100 a052 

  0x000000010fb8bb7c: ;   {metadata(method data for {method} {0x000000012469d188} 'readAndDispatch' '()Z' in 'org/eclipse/swt/widgets/Display')}
  0x000000010fb8bb7c: 0014 92d2 | 409d a7f2 | 2000 c0f2 | 02b0 42f9 | 4204 0091 | 02b0 02f9 | e003 01aa | e0bf 00b9 
  0x000000010fb8bb9c: e14b 40f9 | e203 01aa 

  0x000000010fb8bba4: ;   {metadata(method data for {method} {0x000000012469d188} 'readAndDispatch' '()Z' in 'org/eclipse/swt/widgets/Display')}
  0x000000010fb8bba4: 0314 92d2 | 439d a7f2 | 2300 c0f2 | 6838 43f9 | 0805 0091 | 6838 03f9 | e203 01aa | e103 02aa 
  0x000000010fb8bbc4: ; ImmutableOopMap {[144]=Oop [168]=Oop }
                      ;*invokevirtual removePool {reexecute=0 rethrow=0 return_oop=0}
                      ; - org.eclipse.swt.widgets.Display::readAndDispatch@213 (line 4008)
                      ;   {optimized virtual_call}
  0x000000010fb8bbc4: 3504 0094 

  0x000000010fb8bbc8: ;   {other}
  0x000000010fb8bbc8: 1f20 03d5 | 1f27 82f2 | 1f20 82f2 | e14b 40f9 | 20c8 40b9 | 0004 0051 | 20c8 00b9 | 20cc 40b9 
  0x000000010fb8bbe8: 1f00 0071 

  0x000000010fb8bbec: ;   {metadata(method data for {method} {0x000000012469d188} 'readAndDispatch' '()Z' in 'org/eclipse/swt/widgets/Display')}
  0x000000010fb8bbec: 0014 92d2 | 409d a7f2 | 2000 c0f2 | 08d2 80d2 | 09d4 80d2 | 0211 899a | 0368 62f8 | 6304 0091 
  0x000000010fb8bc0c: 0368 22f8 | c12f 0054 | 2280 5829 | 1f00 026b 

  0x000000010fb8bc1c: ;   {metadata(method data for {method} {0x000000012469d188} 'readAndDispatch' '()Z' in 'org/eclipse/swt/widgets/Display')}
  0x000000010fb8bc1c: 0014 92d2 | 409d a7f2 | 2000 c0f2 | 08d6 80d2 | 09d8 80d2 | 0211 899a | 0368 62f8 | 6304 0091 
  0x000000010fb8bc3c: 0368 22f8 | 412e 0054 

  0x000000010fb8bc44: ;   {metadata(method data for {method} {0x000000012469d188} 'readAndDispatch' '()Z' in 'org/eclipse/swt/widgets/Display')}
  0x000000010fb8bc44: 0014 92d2 | 409d a7f2 | 2000 c0f2 | 0868 43f9 | 0805 0091 | 0868 03f9 

  0x000000010fb8bc5c: ; ImmutableOopMap {[144]=Oop [168]=Oop }
                      ;*invokestatic getEntryCount {reexecute=0 rethrow=0 return_oop=0}
                      ; - org.eclipse.swt.widgets.Display::readAndDispatch@244 (line 4010)
                      ;   {static_call}
  0x000000010fb8bc5c: c992 ba95 

  0x000000010fb8bc60: ;   {other}
  0x000000010fb8bc60: 1f20 03d5 | 1f3a 82f2 | 1f40 82f2 | 1f00 0071 

  0x000000010fb8bc70: ;   {metadata(method data for {method} {0x000000012469d188} 'readAndDispatch' '()Z' in 'org/eclipse/swt/widgets/Display')}
  0x000000010fb8bc70: 0014 92d2 | 409d a7f2 | 2000 c0f2 | 08dc 80d2 | 09de 80d2 | 0111 899a | 0268 61f8 | 4204 0091 
  0x000000010fb8bc90: 0268 21f8 | a12b 0054 | 5500 0014 | e14b 40f9 | 807f 42f9 | 9f7f 02f9 | 9f83 02f9 | e303 01aa 
  0x000000010fb8bcb0: ;   {metadata(method data for {method} {0x000000012469d188} 'readAndDispatch' '()Z' in 'org/eclipse/swt/widgets/Display')}
  0x000000010fb8bcb0: 0414 92d2 | 449d a7f2 | 2400 c0f2 

  0x000000010fb8bcbc: ;   {metadata('org/eclipse/swt/widgets/Display')}
  0x000000010fb8bcbc: 0863 8dd2 | 4825 a0f2 | 080e c0f2 | 8920 1691 | 2801 00f9 | 88c8 42f9 | 0805 0091 | 88c8 02f9 
  0x000000010fb8bcdc: e303 01aa | e103 03aa | e063 00f9 

  0x000000010fb8bce8: ; ImmutableOopMap {[144]=Oop [192]=Oop }
                      ;*invokevirtual removePool {reexecute=0 rethrow=0 return_oop=0}
                      ; - org.eclipse.swt.widgets.Display::readAndDispatch@169 (line 4008)
                      ;   {optimized virtual_call}
  0x000000010fb8bce8: 2691 ba95 

  0x000000010fb8bcec: ;   {other}
  0x000000010fb8bcec: 1f20 03d5 | 9f4b 82f2 | 1f60 82f2 | e14b 40f9 | 20c8 40b9 | 0004 0051 | 20c8 00b9 | 20cc 40b9 
  0x000000010fb8bd0c: 1f00 0071 

  0x000000010fb8bd10: ;   {metadata(method data for {method} {0x000000012469d188} 'readAndDispatch' '()Z' in 'org/eclipse/swt/widgets/Display')}
  0x000000010fb8bd10: 0014 92d2 | 409d a7f2 | 2000 c0f2 | 08b8 80d2 | 09b6 80d2 | 0201 899a | 0368 62f8 | 6304 0091 
  0x000000010fb8bd30: 0368 22f8 | a000 0054 | e4cb 40b9 | e203 01aa | e163 40f9 | 4802 0014 | 2280 5829 | 1f00 026b 
  0x000000010fb8bd50: ;   {metadata(method data for {method} {0x000000012469d188} 'readAndDispatch' '()Z' in 'org/eclipse/swt/widgets/Display')}
  0x000000010fb8bd50: 0014 92d2 | 409d a7f2 | 2000 c0f2 | 08bc 80d2 | 09ba 80d2 | 0201 899a | 0368 62f8 | 6304 0091 
  0x000000010fb8bd70: 0368 22f8 | a000 0054 | e4cb 40b9 | e203 01aa | e163 40f9 | 3802 0014 

  0x000000010fb8bd88: ;   {metadata(method data for {method} {0x000000012469d188} 'readAndDispatch' '()Z' in 'org/eclipse/swt/widgets/Display')}
  0x000000010fb8bd88: 0014 92d2 | 409d a7f2 | 2000 c0f2 | 08f8 42f9 | 0805 0091 | 08f8 02f9 

  0x000000010fb8bda0: ; ImmutableOopMap {[144]=Oop [192]=Oop }
                      ;*invokestatic getEntryCount {reexecute=0 rethrow=0 return_oop=0}
                      ; - org.eclipse.swt.widgets.Display::readAndDispatch@200 (line 4010)
                      ;   {static_call}
  0x000000010fb8bda0: 7892 ba95 

  0x000000010fb8bda4: ;   {other}
  0x000000010fb8bda4: 1f20 03d5 | 9f62 82f2 | 1f80 82f2 | 1f00 0071 

  0x000000010fb8bdb4: ;   {metadata(method data for {method} {0x000000012469d188} 'readAndDispatch' '()Z' in 'org/eclipse/swt/widgets/Display')}
  0x000000010fb8bdb4: 0314 92d2 | 439d a7f2 | 2300 c0f2 | 08c2 80d2 | e907 77b2 | 0001 899a | 6468 60f8 | 8404 0091 
  0x000000010fb8bdd4: 6468 20f8 | 8022 0054 | e163 40f9 | e4cb 40b9 | e24b 40f9 | 1f02 0014 | e14b 40f9 

  0x000000010fb8bdf0: ;   {metadata(method data for {method} {0x000000012469d188} 'readAndDispatch' '()Z' in 'org/eclipse/swt/widgets/Display')}
  0x000000010fb8bdf0: 0314 92d2 | 439d a7f2 | 2300 c0f2 | 688c 43f9 | 0805 0091 | 688c 03f9 

  0x000000010fb8be08: ;   {metadata(method data for {method} {0x0000000124692350} 'addPool' '()V' in 'org/eclipse/swt/widgets/Display')}
  0x000000010fb8be08: 0349 9fd2 | 839a a7f2 | 2300 c0f2 | 64ac 40b9 | 8408 0011 | 64ac 00b9 | 844c 1f12 | 9f00 0071 
  0x000000010fb8be28: 604a 0054 

  0x000000010fb8be2c: ;   {metadata('org/eclipse/swt/internal/cocoa/NSAutoreleasePool')}
  0x000000010fb8be2c: 03e7 89d2 | 8326 a0f2 | 030e c0f2 | 80df 40f9 | 0b60 0091 | 88e7 40f9 | 7f01 08eb | 684a 0054 
  0x000000010fb8be4c: 8bdf 00f9 | ea03 40b2 | 0a00 00f9 | 6a08 5cd2 | 0a7c 0129 | 0a40 0091 | 5f01 00f9 | bf3a 03d5 
  0x000000010fb8be6c: e103 00aa 

  0x000000010fb8be70: ;   {metadata(method data for {method} {0x0000000124692350} 'addPool' '()V' in 'org/eclipse/swt/widgets/Display')}
  0x000000010fb8be70: 0349 9fd2 | 839a a7f2 | 2300 c0f2 | 6878 40f9 | 0805 0091 | 6878 00f9 

  0x000000010fb8be88: ;   {metadata(method data for {method} {0x0000000124b3f818} '<init>' '()V' in 'org/eclipse/swt/internal/cocoa/NSAutoreleasePool')}
  0x000000010fb8be88: 01d4 8ed2 | a18d a7f2 | 2100 c0f2 | 23ac 40b9 | 6308 0011 | 23ac 00b9 | 634c 1f12 | 7f00 0071 
  0x000000010fb8bea8: a047 0054 | e103 00aa 

  0x000000010fb8beb0: ;   {metadata(method data for {method} {0x0000000124b3f818} '<init>' '()V' in 'org/eclipse/swt/internal/cocoa/NSAutoreleasePool')}
  0x000000010fb8beb0: 03d4 8ed2 | a38d a7f2 | 2300 c0f2 | 6878 40f9 | 0805 0091 | 6878 00f9 

  0x000000010fb8bec8: ;   {metadata(method data for {method} {0x0000000124ab9808} '<init>' '()V' in 'org/eclipse/swt/internal/cocoa/NSObject')}
  0x000000010fb8bec8: 0114 9fd2 | 21d1 a4f2 | 2100 c0f2 | 23ac 40b9 | 6308 0011 | 23ac 00b9 | 634c 1f12 | 7f00 0071 
  0x000000010fb8bee8: a046 0054 | e103 00aa 

  0x000000010fb8bef0: ;   {metadata(method data for {method} {0x0000000124ab9808} '<init>' '()V' in 'org/eclipse/swt/internal/cocoa/NSObject')}
  0x000000010fb8bef0: 0314 9fd2 | 23d1 a4f2 | 2300 c0f2 | 6878 40f9 | 0805 0091 | 6878 00f9 

  0x000000010fb8bf08: ;   {metadata(method data for {method} {0x0000000124ab63a0} '<init>' '()V' in 'org/eclipse/swt/internal/cocoa/id')}
  0x000000010fb8bf08: 0138 9fd2 | 21d1 a4f2 | 2100 c0f2 | 23ac 40b9 | 6308 0011 | 23ac 00b9 | 634c 1f12 | 7f00 0071 
  0x000000010fb8bf28: a045 0054 | e103 00aa 

  0x000000010fb8bf30: ;   {metadata(method data for {method} {0x0000000124ab63a0} '<init>' '()V' in 'org/eclipse/swt/internal/cocoa/id')}
  0x000000010fb8bf30: 0338 9fd2 | 23d1 a4f2 | 2300 c0f2 | 6878 40f9 | 0805 0091 | 6878 00f9 

  0x000000010fb8bf48: ;   {metadata(method data for {method} {0x0000007000475638} '<init>' '()V' in 'java/lang/Object')}
  0x000000010fb8bf48: 01c7 8fd2 | 0160 a4f2 | 2100 c0f2 | 23ac 40b9 | 6308 0011 | 23ac 00b9 | 634c 1f12 | 7f00 0071 
  0x000000010fb8bf68: a044 0054 | e103 00aa 

  0x000000010fb8bf70: ;   {metadata(method data for {method} {0x0000000124692350} 'addPool' '()V' in 'org/eclipse/swt/widgets/Display')}
  0x000000010fb8bf70: 0349 9fd2 | 839a a7f2 | 2300 c0f2 | 2108 40b9 | 2108 5cd2 | 6940 0491 | 2801 40f9 | 3f00 08eb 
  0x000000010fb8bf90: a100 0054 | 688c 40f9 | 0805 0091 | 688c 00f9 | 1c00 0014 | 6980 0491 | 2801 40f9 | 3f00 08eb 
  0x000000010fb8bfb0: a100 0054 | 6894 40f9 | 0805 0091 | 6894 00f9 | 1400 0014 | 6940 0491 | 2801 40f9 | c800 00b5 
  0x000000010fb8bfd0: 2101 00f9 | e803 40b2 | 6960 0491 | 2801 00f9 | 0c00 0014 | 6980 0491 | 2801 40f9 | c800 00b5 
  0x000000010fb8bff0: 2101 00f9 | e803 40b2 | 69a0 0491 | 2801 00f9 | 0400 0014 | 6880 40f9 | 0805 0091 | 6880 00f9 
  0x000000010fb8c010: e103 00aa 

  0x000000010fb8c014: ; ImmutableOopMap {[144]=Oop [168]=Oop }
                      ;*invokevirtual alloc {reexecute=0 rethrow=0 return_oop=0}
                      ; - org.eclipse.swt.widgets.Display::addPool@8 (line 533)
                      ; - org.eclipse.swt.widgets.Display::readAndDispatch@251 (line 4010)
                      ;   {optimized virtual_call}
  0x000000010fb8c014: 5b90 ba95 

  0x000000010fb8c018: ;   {other}
  0x000000010fb8c018: 1f20 03d5 | 1fb1 82f2 | 1fa0 82f2 

  0x000000010fb8c024: ; implicit exception: dispatches to 0x000000010fb8c81c
  0x000000010fb8c024: 1f00 40f9 | e103 00aa 

  0x000000010fb8c02c: ;   {metadata(method data for {method} {0x0000000124692350} 'addPool' '()V' in 'org/eclipse/swt/widgets/Display')}
  0x000000010fb8c02c: 0249 9fd2 | 829a a7f2 | 2200 c0f2 | 2108 40b9 | 2108 5cd2 | 4920 0591 | 2801 40f9 | 3f00 08eb 
  0x000000010fb8c04c: a100 0054 | 48a8 40f9 | 0805 0091 | 48a8 00f9 | 1c00 0014 | 4960 0591 | 2801 40f9 | 3f00 08eb 
  0x000000010fb8c06c: a100 0054 | 48b0 40f9 | 0805 0091 | 48b0 00f9 | 1400 0014 | 4920 0591 | 2801 40f9 | c800 00b5 
  0x000000010fb8c08c: 2101 00f9 | e803 40b2 | 4940 0591 | 2801 00f9 | 0c00 0014 | 4960 0591 | 2801 40f9 | c800 00b5 
  0x000000010fb8c0ac: 2101 00f9 | e803 40b2 | 4980 0591 | 2801 00f9 | 0400 0014 | 489c 40f9 | 0805 0091 | 489c 00f9 
  0x000000010fb8c0cc: e103 00aa 

  0x000000010fb8c0d0: ; ImmutableOopMap {[144]=Oop [168]=Oop }
                      ;*invokevirtual init {reexecute=0 rethrow=0 return_oop=0}
                      ; - org.eclipse.swt.widgets.Display::addPool@11 (line 533)
                      ; - org.eclipse.swt.widgets.Display::readAndDispatch@251 (line 4010)
                      ;   {optimized virtual_call}
  0x000000010fb8c0d0: 2c90 ba95 

  0x000000010fb8c0d4: ;   {other}
  0x000000010fb8c0d4: 1f20 03d5 | 9fc8 82f2 | 1fc0 82f2 | 0001 00b5 

  0x000000010fb8c0e4: ;   {metadata(method data for {method} {0x0000000124692350} 'addPool' '()V' in 'org/eclipse/swt/widgets/Display')}
  0x000000010fb8c0e4: 0349 9fd2 | 839a a7f2 | 2300 c0f2 | 68a4 4539 | 0801 40b2 | 68a4 0539 | 3600 0014 

  0x000000010fb8c100: ;   {metadata('org/eclipse/swt/internal/cocoa/NSAutoreleasePool')}
  0x000000010fb8c100: 02e7 89d2 | 8226 a0f2 | 020e c0f2 | 0808 40b9 | 0809 5cd2 | 1f01 02eb | e104 0054 

  0x000000010fb8c11c: ;   {metadata(method data for {method} {0x0000000124692350} 'addPool' '()V' in 'org/eclipse/swt/widgets/Display')}
  0x000000010fb8c11c: 0349 9fd2 | 839a a7f2 | 2300 c0f2 | 0208 40b9 | 4208 5cd2 | 6900 0691 | 2801 40f9 | 5f00 08eb 
  0x000000010fb8c13c: a100 0054 | 68c4 40f9 | 0805 0091 | 68c4 00f9 | 2200 0014 | 6940 0691 | 2801 40f9 | 5f00 08eb 
  0x000000010fb8c15c: a100 0054 | 68cc 40f9 | 0805 0091 | 68cc 00f9 | 1a00 0014 | 6900 0691 | 2801 40f9 | c800 00b5 
  0x000000010fb8c17c: 2201 00f9 | e803 40b2 | 6920 0691 | 2801 00f9 | 1200 0014 | 6940 0691 | 2801 40f9 | c800 00b5 
  0x000000010fb8c19c: 2201 00f9 | e803 40b2 | 6960 0691 | 2801 00f9 | 0a00 0014 | 0900 0014 

  0x000000010fb8c1b4: ;   {metadata(method data for {method} {0x0000000124692350} 'addPool' '()V' in 'org/eclipse/swt/widgets/Display')}
  0x000000010fb8c1b4: 0349 9fd2 | 839a a7f2 | 2300 c0f2 | 68b8 40f9 | 0805 00d1 | 68b8 00f9 | 9501 0014 | 0100 0014 
  0x000000010fb8c1d4: e203 00aa | e14b 40f9 

  0x000000010fb8c1dc: ;   {metadata(method data for {method} {0x0000000124692350} 'addPool' '()V' in 'org/eclipse/swt/widgets/Display')}
  0x000000010fb8c1dc: 0049 9fd2 | 809a a7f2 | 2000 c0f2 | 08e0 40f9 | 0805 0091 | 08e0 00f9 | e14b 40f9 

  0x000000010fb8c1f8: ; ImmutableOopMap {[144]=Oop [168]=Oop }
                      ;*invokevirtual addPool {reexecute=0 rethrow=0 return_oop=0}
                      ; - org.eclipse.swt.widgets.Display::addPool@17 (line 533)
                      ; - org.eclipse.swt.widgets.Display::readAndDispatch@251 (line 4010)
                      ;   {optimized virtual_call}
  0x000000010fb8c1f8: e28f ba95 

  0x000000010fb8c1fc: ;   {other}
  0x000000010fb8c1fc: 1f20 03d5 | 9fed 82f2 | 1fe0 82f2 | e0bf 40b9 | 0000 0012 | fd7b 4ea9 | ffc3 0391 

  0x000000010fb8c218: ;   {poll_return}
  0x000000010fb8c218: 8827 42f9 | ff63 28eb | 4830 0054 | c003 5fd6 | e14b 40f9 

  0x000000010fb8c22c: ;   {metadata(method data for {method} {0x000000012469d188} 'readAndDispatch' '()Z' in 'org/eclipse/swt/widgets/Display')}
  0x000000010fb8c22c: 0314 92d2 | 439d a7f2 | 2300 c0f2 

  0x000000010fb8c238: ;   {metadata('org/eclipse/swt/widgets/Display')}
  0x000000010fb8c238: 0863 8dd2 | 4825 a0f2 | 080e c0f2 | 69c0 1891 | 2801 00f9 | 681c 43f9 | 0805 0091 | 681c 03f9 
  0x000000010fb8c258: ;   {metadata(method data for {method} {0x0000000124692350} 'addPool' '()V' in 'org/eclipse/swt/widgets/Display')}
  0x000000010fb8c258: 0349 9fd2 | 839a a7f2 | 2300 c0f2 | 60ac 40b9 | 0008 0011 | 60ac 00b9 | 004c 1f12 | 1f00 0071 
  0x000000010fb8c278: e02d 0054 

  0x000000010fb8c27c: ;   {metadata('org/eclipse/swt/internal/cocoa/NSAutoreleasePool')}
  0x000000010fb8c27c: 03e7 89d2 | 8326 a0f2 | 030e c0f2 | 80df 40f9 | 0b60 0091 | 88e7 40f9 | 7f01 08eb | e82d 0054 
  0x000000010fb8c29c: 8bdf 00f9 | ea03 40b2 | 0a00 00f9 | 6a08 5cd2 | 0a7c 0129 | 0a40 0091 | 5f01 00f9 | bf3a 03d5 
  0x000000010fb8c2bc: e103 00aa 

  0x000000010fb8c2c0: ;   {metadata(method data for {method} {0x0000000124692350} 'addPool' '()V' in 'org/eclipse/swt/widgets/Display')}
  0x000000010fb8c2c0: 0249 9fd2 | 829a a7f2 | 2200 c0f2 | 4878 40f9 | 0805 0091 | 4878 00f9 

  0x000000010fb8c2d8: ;   {metadata(method data for {method} {0x0000000124b3f818} '<init>' '()V' in 'org/eclipse/swt/internal/cocoa/NSAutoreleasePool')}
  0x000000010fb8c2d8: 01d4 8ed2 | a18d a7f2 | 2100 c0f2 | 22ac 40b9 | 4208 0011 | 22ac 00b9 | 424c 1f12 | 5f00 0071 
  0x000000010fb8c2f8: 202b 0054 | e103 00aa 

  0x000000010fb8c300: ;   {metadata(method data for {method} {0x0000000124b3f818} '<init>' '()V' in 'org/eclipse/swt/internal/cocoa/NSAutoreleasePool')}
  0x000000010fb8c300: 02d4 8ed2 | a28d a7f2 | 2200 c0f2 | 4878 40f9 | 0805 0091 | 4878 00f9 

  0x000000010fb8c318: ;   {metadata(method data for {method} {0x0000000124ab9808} '<init>' '()V' in 'org/eclipse/swt/internal/cocoa/NSObject')}
  0x000000010fb8c318: 0114 9fd2 | 21d1 a4f2 | 2100 c0f2 | 22ac 40b9 | 4208 0011 | 22ac 00b9 | 424c 1f12 | 5f00 0071 
  0x000000010fb8c338: 202a 0054 | e103 00aa 

  0x000000010fb8c340: ;   {metadata(method data for {method} {0x0000000124ab9808} '<init>' '()V' in 'org/eclipse/swt/internal/cocoa/NSObject')}
  0x000000010fb8c340: 0214 9fd2 | 22d1 a4f2 | 2200 c0f2 | 4878 40f9 | 0805 0091 | 4878 00f9 

  0x000000010fb8c358: ;   {metadata(method data for {method} {0x0000000124ab63a0} '<init>' '()V' in 'org/eclipse/swt/internal/cocoa/id')}
  0x000000010fb8c358: 0138 9fd2 | 21d1 a4f2 | 2100 c0f2 | 22ac 40b9 | 4208 0011 | 22ac 00b9 | 424c 1f12 | 5f00 0071 
  0x000000010fb8c378: 2029 0054 | e103 00aa 

  0x000000010fb8c380: ;   {metadata(method data for {method} {0x0000000124ab63a0} '<init>' '()V' in 'org/eclipse/swt/internal/cocoa/id')}
  0x000000010fb8c380: 0238 9fd2 | 22d1 a4f2 | 2200 c0f2 | 4878 40f9 | 0805 0091 | 4878 00f9 

  0x000000010fb8c398: ;   {metadata(method data for {method} {0x0000007000475638} '<init>' '()V' in 'java/lang/Object')}
  0x000000010fb8c398: 01c7 8fd2 | 0160 a4f2 | 2100 c0f2 | 22ac 40b9 | 4208 0011 | 22ac 00b9 | 424c 1f12 | 5f00 0071 
  0x000000010fb8c3b8: 2028 0054 | e103 00aa 

  0x000000010fb8c3c0: ;   {metadata(method data for {method} {0x0000000124692350} 'addPool' '()V' in 'org/eclipse/swt/widgets/Display')}
  0x000000010fb8c3c0: 0249 9fd2 | 829a a7f2 | 2200 c0f2 | 2108 40b9 | 2108 5cd2 | 4940 0491 | 2801 40f9 | 3f00 08eb 
  0x000000010fb8c3e0: a100 0054 | 488c 40f9 | 0805 0091 | 488c 00f9 | 1c00 0014 | 4980 0491 | 2801 40f9 | 3f00 08eb 
  0x000000010fb8c400: a100 0054 | 4894 40f9 | 0805 0091 | 4894 00f9 | 1400 0014 | 4940 0491 | 2801 40f9 | c800 00b5 
  0x000000010fb8c420: 2101 00f9 | e803 40b2 | 4960 0491 | 2801 00f9 | 0c00 0014 | 4980 0491 | 2801 40f9 | c800 00b5 
  0x000000010fb8c440: 2101 00f9 | e803 40b2 | 49a0 0491 | 2801 00f9 | 0400 0014 | 4880 40f9 | 0805 0091 | 4880 00f9 
  0x000000010fb8c460: e103 00aa 

  0x000000010fb8c464: ; ImmutableOopMap {[144]=Oop [192]=Oop }
                      ;*invokevirtual alloc {reexecute=0 rethrow=0 return_oop=0}
                      ; - org.eclipse.swt.widgets.Display::addPool@8 (line 533)
                      ; - org.eclipse.swt.widgets.Display::readAndDispatch@207 (line 4010)
                      ;   {optimized virtual_call}
  0x000000010fb8c464: 478f ba95 

  0x000000010fb8c468: ;   {other}
  0x000000010fb8c468: 1f20 03d5 | 1f3b 83f2 | 1f00 83f2 

  0x000000010fb8c474: ; implicit exception: dispatches to 0x000000010fb8c8dc
  0x000000010fb8c474: 1f00 40f9 | e103 00aa 

  0x000000010fb8c47c: ;   {metadata(method data for {method} {0x0000000124692350} 'addPool' '()V' in 'org/eclipse/swt/widgets/Display')}
  0x000000010fb8c47c: 0249 9fd2 | 829a a7f2 | 2200 c0f2 | 2108 40b9 | 2108 5cd2 | 4920 0591 | 2801 40f9 | 3f00 08eb 
  0x000000010fb8c49c: a100 0054 | 48a8 40f9 | 0805 0091 | 48a8 00f9 | 1c00 0014 | 4960 0591 | 2801 40f9 | 3f00 08eb 
  0x000000010fb8c4bc: a100 0054 | 48b0 40f9 | 0805 0091 | 48b0 00f9 | 1400 0014 | 4920 0591 | 2801 40f9 | c800 00b5 
  0x000000010fb8c4dc: 2101 00f9 | e803 40b2 | 4940 0591 | 2801 00f9 | 0c00 0014 | 4960 0591 | 2801 40f9 | c800 00b5 
  0x000000010fb8c4fc: 2101 00f9 | e803 40b2 | 4980 0591 | 2801 00f9 | 0400 0014 | 489c 40f9 | 0805 0091 | 489c 00f9 
  0x000000010fb8c51c: e103 00aa 

  0x000000010fb8c520: ; ImmutableOopMap {[144]=Oop [192]=Oop }
                      ;*invokevirtual init {reexecute=0 rethrow=0 return_oop=0}
                      ; - org.eclipse.swt.widgets.Display::addPool@11 (line 533)
                      ; - org.eclipse.swt.widgets.Display::readAndDispatch@207 (line 4010)
                      ;   {optimized virtual_call}
  0x000000010fb8c520: 188f ba95 

  0x000000010fb8c524: ;   {other}
  0x000000010fb8c524: 1f20 03d5 | 9f52 83f2 | 1f20 83f2 | 0001 00b5 

  0x000000010fb8c534: ;   {metadata(method data for {method} {0x0000000124692350} 'addPool' '()V' in 'org/eclipse/swt/widgets/Display')}
  0x000000010fb8c534: 0349 9fd2 | 839a a7f2 | 2300 c0f2 | 68a4 4539 | 0801 40b2 | 68a4 0539 | 3600 0014 

  0x000000010fb8c550: ;   {metadata('org/eclipse/swt/internal/cocoa/NSAutoreleasePool')}
  0x000000010fb8c550: 02e7 89d2 | 8226 a0f2 | 020e c0f2 | 0808 40b9 | 0809 5cd2 | 1f01 02eb | e104 0054 

  0x000000010fb8c56c: ;   {metadata(method data for {method} {0x0000000124692350} 'addPool' '()V' in 'org/eclipse/swt/widgets/Display')}
  0x000000010fb8c56c: 0349 9fd2 | 839a a7f2 | 2300 c0f2 | 0208 40b9 | 4208 5cd2 | 6900 0691 | 2801 40f9 | 5f00 08eb 
  0x000000010fb8c58c: a100 0054 | 68c4 40f9 | 0805 0091 | 68c4 00f9 | 2200 0014 | 6940 0691 | 2801 40f9 | 5f00 08eb 
  0x000000010fb8c5ac: a100 0054 | 68cc 40f9 | 0805 0091 | 68cc 00f9 | 1a00 0014 | 6900 0691 | 2801 40f9 | c800 00b5 
  0x000000010fb8c5cc: 2201 00f9 | e803 40b2 | 6920 0691 | 2801 00f9 | 1200 0014 | 6940 0691 | 2801 40f9 | c800 00b5 
  0x000000010fb8c5ec: 2201 00f9 | e803 40b2 | 6960 0691 | 2801 00f9 | 0a00 0014 | 0900 0014 

  0x000000010fb8c604: ;   {metadata(method data for {method} {0x0000000124692350} 'addPool' '()V' in 'org/eclipse/swt/widgets/Display')}
  0x000000010fb8c604: 0349 9fd2 | 839a a7f2 | 2300 c0f2 | 68b8 40f9 | 0805 00d1 | 68b8 00f9 | b100 0014 | 0100 0014 
  0x000000010fb8c624: e203 00aa | e14b 40f9 

  0x000000010fb8c62c: ;   {metadata(method data for {method} {0x0000000124692350} 'addPool' '()V' in 'org/eclipse/swt/widgets/Display')}
  0x000000010fb8c62c: 0049 9fd2 | 809a a7f2 | 2000 c0f2 | 08e0 40f9 | 0805 0091 | 08e0 00f9 | e14b 40f9 

  0x000000010fb8c648: ; ImmutableOopMap {[144]=Oop [192]=Oop }
                      ;*invokevirtual addPool {reexecute=0 rethrow=0 return_oop=0}
                      ; - org.eclipse.swt.widgets.Display::addPool@17 (line 533)
                      ; - org.eclipse.swt.widgets.Display::readAndDispatch@207 (line 4010)
                      ;   {optimized virtual_call}
  0x000000010fb8c648: ce8e ba95 

  0x000000010fb8c64c: ;   {other}
  0x000000010fb8c64c: 1f20 03d5 | 9f77 83f2 | 1f40 83f2 | e163 40f9 | e4cb 40b9 | e24b 40f9 

  0x000000010fb8c664: ; ImmutableOopMap {c_rarg1=Oop c_rarg2=Oop c_rarg0=Oop [144]=Oop }
                      ;*athrow {reexecute=1 rethrow=0 return_oop=0}
                      ; - (reexecute) org.eclipse.swt.widgets.Display::readAndDispatch@211 (line 4011)
  0x000000010fb8c664: e003 01aa 

  0x000000010fb8c668: ;   {section_word}
  0x000000010fb8c668: 0300 0010 

  0x000000010fb8c66c: ;   {runtime_call handle_exception_nofpu Runtime1 stub}
  0x000000010fb8c66c: c50b be95 | 1f20 03d5 

  0x000000010fb8c674: ;   {metadata({method} {0x000000012469d188} 'readAndDispatch' '()Z' in 'org/eclipse/swt/widgets/Display')}
  0x000000010fb8c674: 0831 9ad2 | 288d a4f2 | 2800 c0f2 | e807 00f9 | 0800 8092 | e803 00f9 

  0x000000010fb8c68c: ; ImmutableOopMap {c_rarg1=Oop [144]=Oop }
                      ;*synchronization entry
                      ; - org.eclipse.swt.widgets.Display::readAndDispatch@-1 (line 3985)
                      ;   {runtime_call counter_overflow Runtime1 stub}
  0x000000010fb8c68c: dd1c be95 | 95fa ff17 

  0x000000010fb8c694: ;   {metadata({method} {0x0000000124692350} 'addPool' '()V' in 'org/eclipse/swt/widgets/Display')}
  0x000000010fb8c694: 086a 84d2 | 288d a4f2 | 2800 c0f2 | e807 00f9 | 0800 8092 | e803 00f9 

  0x000000010fb8c6ac: ; ImmutableOopMap {c_rarg1=Oop [144]=Oop }
                      ;*synchronization entry
                      ; - org.eclipse.swt.widgets.Display::addPool@-1 (line 533)
                      ; - org.eclipse.swt.widgets.Display::readAndDispatch@35 (line 3987)
                      ;   {runtime_call counter_overflow Runtime1 stub}
  0x000000010fb8c6ac: d51c be95 | e6fa ff17 

  0x000000010fb8c6b4: ; ImmutableOopMap {c_rarg1=Oop [144]=Oop }
                      ;*new {reexecute=0 rethrow=0 return_oop=0}
                      ; - org.eclipse.swt.widgets.Display::addPool@1 (line 533)
                      ; - org.eclipse.swt.widgets.Display::readAndDispatch@35 (line 3987)
                      ;   {runtime_call fast_new_instance Runtime1 stub}
  0x000000010fb8c6b4: f307 be95 | f4fa ff17 

  0x000000010fb8c6bc: ;   {metadata({method} {0x0000000124b3f818} '<init>' '()V' in 'org/eclipse/swt/internal/cocoa/NSAutoreleasePool')}
  0x000000010fb8c6bc: 0803 9fd2 | 6896 a4f2 | 2800 c0f2 | e807 00f9 | 0800 8092 | e803 00f9 

  0x000000010fb8c6d4: ; ImmutableOopMap {c_rarg1=Oop c_rarg0=Oop [144]=Oop }
                      ;*synchronization entry
                      ; - org.eclipse.swt.internal.cocoa.NSAutoreleasePool::<init>@-1 (line 19)
                      ; - org.eclipse.swt.widgets.Display::addPool@5 (line 533)
                      ; - org.eclipse.swt.widgets.Display::readAndDispatch@35 (line 3987)
                      ;   {runtime_call counter_overflow Runtime1 stub}
  0x000000010fb8c6d4: cb1c be95 | fcfa ff17 

  0x000000010fb8c6dc: ;   {metadata({method} {0x0000000124ab9808} '<init>' '()V' in 'org/eclipse/swt/internal/cocoa/NSObject')}
  0x000000010fb8c6dc: 0801 93d2 | 6895 a4f2 | 2800 c0f2 | e807 00f9 | 0800 8092 | e803 00f9 

  0x000000010fb8c6f4: ; ImmutableOopMap {c_rarg1=Oop c_rarg0=Oop [144]=Oop }
                      ;*synchronization entry
                      ; - org.eclipse.swt.internal.cocoa.NSObject::<init>@-1 (line 19)
                      ; - org.eclipse.swt.internal.cocoa.NSAutoreleasePool::<init>@1 (line 19)
                      ; - org.eclipse.swt.widgets.Display::addPool@5 (line 533)
                      ; - org.eclipse.swt.widgets.Display::readAndDispatch@35 (line 3987)
                      ;   {runtime_call counter_overflow Runtime1 stub}
  0x000000010fb8c6f4: c31c be95 | 04fb ff17 

  0x000000010fb8c6fc: ;   {metadata({method} {0x0000000124ab63a0} '<init>' '()V' in 'org/eclipse/swt/internal/cocoa/id')}
  0x000000010fb8c6fc: 0874 8cd2 | 6895 a4f2 | 2800 c0f2 | e807 00f9 | 0800 8092 | e803 00f9 

  0x000000010fb8c714: ; ImmutableOopMap {c_rarg1=Oop c_rarg0=Oop [144]=Oop }
                      ;*synchronization entry
                      ; - org.eclipse.swt.internal.cocoa.id::<init>@-1 (line 23)
                      ; - org.eclipse.swt.internal.cocoa.NSObject::<init>@1 (line 19)
                      ; - org.eclipse.swt.internal.cocoa.NSAutoreleasePool::<init>@1 (line 19)
                      ; - org.eclipse.swt.widgets.Display::addPool@5 (line 533)
                      ; - org.eclipse.swt.widgets.Display::readAndDispatch@35 (line 3987)
                      ;   {runtime_call counter_overflow Runtime1 stub}
  0x000000010fb8c714: bb1c be95 | 0cfb ff17 

  0x000000010fb8c71c: ;   {metadata({method} {0x0000007000475638} '<init>' '()V' in 'java/lang/Object')}
  0x000000010fb8c71c: 08c7 8ad2 | e808 a0f2 | 080e c0f2 | e807 00f9 | 0800 8092 | e803 00f9 

  0x000000010fb8c734: ; ImmutableOopMap {c_rarg1=Oop c_rarg0=Oop [144]=Oop }
                      ;*synchronization entry
                      ; - java.lang.Object::<init>@-1 (line 45)
                      ; - org.eclipse.swt.internal.cocoa.id::<init>@1 (line 23)
                      ; - org.eclipse.swt.internal.cocoa.NSObject::<init>@1 (line 19)
                      ; - org.eclipse.swt.internal.cocoa.NSAutoreleasePool::<init>@1 (line 19)
                      ; - org.eclipse.swt.widgets.Display::addPool@5 (line 533)
                      ; - org.eclipse.swt.widgets.Display::readAndDispatch@35 (line 3987)
                      ;   {runtime_call counter_overflow Runtime1 stub}
  0x000000010fb8c734: b31c be95 | 14fb ff17 

  0x000000010fb8c73c: ; ImmutableOopMap {c_rarg0=Oop [144]=Oop }
                      ;*invokevirtual init {reexecute=0 rethrow=0 return_oop=0}
                      ; - org.eclipse.swt.widgets.Display::addPool@11 (line 533)
                      ; - org.eclipse.swt.widgets.Display::readAndDispatch@35 (line 3987)
                      ;   {runtime_call throw_null_pointer_exception Runtime1 stub}
  0x000000010fb8c73c: 9105 be95 | e803 00aa 

  0x000000010fb8c744: ; ImmutableOopMap {[144]=Oop }
                      ;*checkcast {reexecute=0 rethrow=0 return_oop=0}
                      ; - org.eclipse.swt.widgets.Display::addPool@14 (line 533)
                      ; - org.eclipse.swt.widgets.Display::readAndDispatch@35 (line 3987)
                      ;   {runtime_call throw_class_cast_exception Runtime1 stub}
  0x000000010fb8c744: 6f0f be95 

  0x000000010fb8c748: ; ImmutableOopMap {c_rarg1=Oop c_rarg6=Oop [144]=Oop }
                      ;*invokevirtual nextEventMatchingMask {reexecute=0 rethrow=0 return_oop=0}
                      ; - org.eclipse.swt.widgets.Display::readAndDispatch@100 (line 3997)
                      ;   {runtime_call throw_null_pointer_exception Runtime1 stub}
  0x000000010fb8c748: 8e05 be95 

  0x000000010fb8c74c: ; ImmutableOopMap {c_rarg0=Oop c_rarg3=Oop [144]=Oop [168]=Oop }
                      ;*invokevirtual sendEvent {reexecute=0 rethrow=0 return_oop=0}
                      ; - org.eclipse.swt.widgets.Display::readAndDispatch@122 (line 4000)
                      ;   {runtime_call throw_null_pointer_exception Runtime1 stub}
  0x000000010fb8c74c: 8d05 be95 

  0x000000010fb8c750: ;   {metadata({method} {0x000000012469e5c8} 'runAsyncMessages' '(Z)Z' in 'org/eclipse/swt/widgets/Display')}
  0x000000010fb8c750: 08b9 9cd2 | 288d a4f2 | 2800 c0f2 | e807 00f9 | 0800 8092 | e803 00f9 

  0x000000010fb8c768: ; ImmutableOopMap {c_rarg1=Oop [144]=Oop [168]=Oop }
                      ;*synchronization entry
                      ; - org.eclipse.swt.widgets.Display::runAsyncMessages@-1 (line 4382)
                      ; - org.eclipse.swt.widgets.Display::readAndDispatch@152 (line 4005)
                      ;   {runtime_call counter_overflow Runtime1 stub}
  0x000000010fb8c768: a61c be95 | bdfc ff17 

  0x000000010fb8c770: ; ImmutableOopMap {c_rarg1=Oop c_rarg3=Oop [144]=Oop [168]=Oop }
                      ;*invokevirtual runAsyncMessages {reexecute=0 rethrow=0 return_oop=0}
                      ; - org.eclipse.swt.widgets.Display::runAsyncMessages@5 (line 4382)
                      ; - org.eclipse.swt.widgets.Display::readAndDispatch@152 (line 4005)
                      ;   {runtime_call throw_null_pointer_exception Runtime1 stub}
  0x000000010fb8c770: 8405 be95 

  0x000000010fb8c774: ;   {metadata({method} {0x0000000124692350} 'addPool' '()V' in 'org/eclipse/swt/widgets/Display')}
  0x000000010fb8c774: 086a 84d2 | 288d a4f2 | 2800 c0f2 | e807 00f9 | 0800 8092 | e803 00f9 

  0x000000010fb8c78c: ; ImmutableOopMap {[144]=Oop [168]=Oop }
                      ;*synchronization entry
                      ; - org.eclipse.swt.widgets.Display::addPool@-1 (line 533)
                      ; - org.eclipse.swt.widgets.Display::readAndDispatch@251 (line 4010)
                      ;   {runtime_call counter_overflow Runtime1 stub}
  0x000000010fb8c78c: 9d1c be95 | a7fd ff17 

  0x000000010fb8c794: ; ImmutableOopMap {[144]=Oop [168]=Oop }
                      ;*new {reexecute=0 rethrow=0 return_oop=0}
                      ; - org.eclipse.swt.widgets.Display::addPool@1 (line 533)
                      ; - org.eclipse.swt.widgets.Display::readAndDispatch@251 (line 4010)
                      ;   {runtime_call fast_new_instance Runtime1 stub}
  0x000000010fb8c794: bb07 be95 | b5fd ff17 

  0x000000010fb8c79c: ;   {metadata({method} {0x0000000124b3f818} '<init>' '()V' in 'org/eclipse/swt/internal/cocoa/NSAutoreleasePool')}
  0x000000010fb8c79c: 0803 9fd2 | 6896 a4f2 | 2800 c0f2 | e807 00f9 | 0800 8092 | e803 00f9 

  0x000000010fb8c7b4: ; ImmutableOopMap {c_rarg0=Oop [144]=Oop [168]=Oop }
                      ;*synchronization entry
                      ; - org.eclipse.swt.internal.cocoa.NSAutoreleasePool::<init>@-1 (line 19)
                      ; - org.eclipse.swt.widgets.Display::addPool@5 (line 533)
                      ; - org.eclipse.swt.widgets.Display::readAndDispatch@251 (line 4010)
                      ;   {runtime_call counter_overflow Runtime1 stub}
  0x000000010fb8c7b4: 931c be95 | bdfd ff17 

  0x000000010fb8c7bc: ;   {metadata({method} {0x0000000124ab9808} '<init>' '()V' in 'org/eclipse/swt/internal/cocoa/NSObject')}
  0x000000010fb8c7bc: 0801 93d2 | 6895 a4f2 | 2800 c0f2 | e807 00f9 | 0800 8092 | e803 00f9 

  0x000000010fb8c7d4: ; ImmutableOopMap {c_rarg0=Oop [144]=Oop [168]=Oop }
                      ;*synchronization entry
                      ; - org.eclipse.swt.internal.cocoa.NSObject::<init>@-1 (line 19)
                      ; - org.eclipse.swt.internal.cocoa.NSAutoreleasePool::<init>@1 (line 19)
                      ; - org.eclipse.swt.widgets.Display::addPool@5 (line 533)
                      ; - org.eclipse.swt.widgets.Display::readAndDispatch@251 (line 4010)
                      ;   {runtime_call counter_overflow Runtime1 stub}
  0x000000010fb8c7d4: 8b1c be95 | c5fd ff17 

  0x000000010fb8c7dc: ;   {metadata({method} {0x0000000124ab63a0} '<init>' '()V' in 'org/eclipse/swt/internal/cocoa/id')}
  0x000000010fb8c7dc: 0874 8cd2 | 6895 a4f2 | 2800 c0f2 | e807 00f9 | 0800 8092 | e803 00f9 

  0x000000010fb8c7f4: ; ImmutableOopMap {c_rarg0=Oop [144]=Oop [168]=Oop }
                      ;*synchronization entry
                      ; - org.eclipse.swt.internal.cocoa.id::<init>@-1 (line 23)
                      ; - org.eclipse.swt.internal.cocoa.NSObject::<init>@1 (line 19)
                      ; - org.eclipse.swt.internal.cocoa.NSAutoreleasePool::<init>@1 (line 19)
                      ; - org.eclipse.swt.widgets.Display::addPool@5 (line 533)
                      ; - org.eclipse.swt.widgets.Display::readAndDispatch@251 (line 4010)
                      ;   {runtime_call counter_overflow Runtime1 stub}
  0x000000010fb8c7f4: 831c be95 | cdfd ff17 

  0x000000010fb8c7fc: ;   {metadata({method} {0x0000007000475638} '<init>' '()V' in 'java/lang/Object')}
  0x000000010fb8c7fc: 08c7 8ad2 | e808 a0f2 | 080e c0f2 | e807 00f9 | 0800 8092 | e803 00f9 

  0x000000010fb8c814: ; ImmutableOopMap {c_rarg0=Oop [144]=Oop [168]=Oop }
                      ;*synchronization entry
                      ; - java.lang.Object::<init>@-1 (line 45)
                      ; - org.eclipse.swt.internal.cocoa.id::<init>@1 (line 23)
                      ; - org.eclipse.swt.internal.cocoa.NSObject::<init>@1 (line 19)
                      ; - org.eclipse.swt.internal.cocoa.NSAutoreleasePool::<init>@1 (line 19)
                      ; - org.eclipse.swt.widgets.Display::addPool@5 (line 533)
                      ; - org.eclipse.swt.widgets.Display::readAndDispatch@251 (line 4010)
                      ;   {runtime_call counter_overflow Runtime1 stub}
  0x000000010fb8c814: 7b1c be95 | d5fd ff17 

  0x000000010fb8c81c: ; ImmutableOopMap {c_rarg0=Oop [144]=Oop [168]=Oop }
                      ;*invokevirtual init {reexecute=0 rethrow=0 return_oop=0}
                      ; - org.eclipse.swt.widgets.Display::addPool@11 (line 533)
                      ; - org.eclipse.swt.widgets.Display::readAndDispatch@251 (line 4010)
                      ;   {runtime_call throw_null_pointer_exception Runtime1 stub}
  0x000000010fb8c81c: 5905 be95 | e803 00aa 

  0x000000010fb8c824: ; ImmutableOopMap {[144]=Oop [168]=Oop }
                      ;*checkcast {reexecute=0 rethrow=0 return_oop=0}
                      ; - org.eclipse.swt.widgets.Display::addPool@14 (line 533)
                      ; - org.eclipse.swt.widgets.Display::readAndDispatch@251 (line 4010)
                      ;   {runtime_call throw_class_cast_exception Runtime1 stub}
  0x000000010fb8c824: 370f be95 

  0x000000010fb8c828: ;   {internal_word}
  0x000000010fb8c828: 88cf ff10 | 8833 02f9 

  0x000000010fb8c830: ;   {runtime_call SafepointBlob}
  0x000000010fb8c830: 34a8 ba15 

  0x000000010fb8c834: ;   {metadata({method} {0x0000000124692350} 'addPool' '()V' in 'org/eclipse/swt/widgets/Display')}
  0x000000010fb8c834: 086a 84d2 | 288d a4f2 | 2800 c0f2 | e807 00f9 | 0800 8092 | e803 00f9 

  0x000000010fb8c84c: ; ImmutableOopMap {[144]=Oop [192]=Oop }
                      ;*synchronization entry
                      ; - org.eclipse.swt.widgets.Display::addPool@-1 (line 533)
                      ; - org.eclipse.swt.widgets.Display::readAndDispatch@207 (line 4010)
                      ;   {runtime_call counter_overflow Runtime1 stub}
  0x000000010fb8c84c: 6d1c be95 | 8bfe ff17 

  0x000000010fb8c854: ; ImmutableOopMap {[144]=Oop [192]=Oop }
                      ;*new {reexecute=0 rethrow=0 return_oop=0}
                      ; - org.eclipse.swt.widgets.Display::addPool@1 (line 533)
                      ; - org.eclipse.swt.widgets.Display::readAndDispatch@207 (line 4010)
                      ;   {runtime_call fast_new_instance Runtime1 stub}
  0x000000010fb8c854: 8b07 be95 | 99fe ff17 

  0x000000010fb8c85c: ;   {metadata({method} {0x0000000124b3f818} '<init>' '()V' in 'org/eclipse/swt/internal/cocoa/NSAutoreleasePool')}
  0x000000010fb8c85c: 0803 9fd2 | 6896 a4f2 | 2800 c0f2 | e807 00f9 | 0800 8092 | e803 00f9 

  0x000000010fb8c874: ; ImmutableOopMap {c_rarg0=Oop [144]=Oop [192]=Oop }
                      ;*synchronization entry
                      ; - org.eclipse.swt.internal.cocoa.NSAutoreleasePool::<init>@-1 (line 19)
                      ; - org.eclipse.swt.widgets.Display::addPool@5 (line 533)
                      ; - org.eclipse.swt.widgets.Display::readAndDispatch@207 (line 4010)
                      ;   {runtime_call counter_overflow Runtime1 stub}
  0x000000010fb8c874: 631c be95 | a1fe ff17 

  0x000000010fb8c87c: ;   {metadata({method} {0x0000000124ab9808} '<init>' '()V' in 'org/eclipse/swt/internal/cocoa/NSObject')}
  0x000000010fb8c87c: 0801 93d2 | 6895 a4f2 | 2800 c0f2 | e807 00f9 | 0800 8092 | e803 00f9 

  0x000000010fb8c894: ; ImmutableOopMap {c_rarg0=Oop [144]=Oop [192]=Oop }
                      ;*synchronization entry
                      ; - org.eclipse.swt.internal.cocoa.NSObject::<init>@-1 (line 19)
                      ; - org.eclipse.swt.internal.cocoa.NSAutoreleasePool::<init>@1 (line 19)
                      ; - org.eclipse.swt.widgets.Display::addPool@5 (line 533)
                      ; - org.eclipse.swt.widgets.Display::readAndDispatch@207 (line 4010)
                      ;   {runtime_call counter_overflow Runtime1 stub}
  0x000000010fb8c894: 5b1c be95 | a9fe ff17 

  0x000000010fb8c89c: ;   {metadata({method} {0x0000000124ab63a0} '<init>' '()V' in 'org/eclipse/swt/internal/cocoa/id')}
  0x000000010fb8c89c: 0874 8cd2 | 6895 a4f2 | 2800 c0f2 | e807 00f9 | 0800 8092 | e803 00f9 

  0x000000010fb8c8b4: ; ImmutableOopMap {c_rarg0=Oop [144]=Oop [192]=Oop }
                      ;*synchronization entry
                      ; - org.eclipse.swt.internal.cocoa.id::<init>@-1 (line 23)
                      ; - org.eclipse.swt.internal.cocoa.NSObject::<init>@1 (line 19)
                      ; - org.eclipse.swt.internal.cocoa.NSAutoreleasePool::<init>@1 (line 19)
                      ; - org.eclipse.swt.widgets.Display::addPool@5 (line 533)
                      ; - org.eclipse.swt.widgets.Display::readAndDispatch@207 (line 4010)
                      ;   {runtime_call counter_overflow Runtime1 stub}
  0x000000010fb8c8b4: 531c be95 | b1fe ff17 

  0x000000010fb8c8bc: ;   {metadata({method} {0x0000007000475638} '<init>' '()V' in 'java/lang/Object')}
  0x000000010fb8c8bc: 08c7 8ad2 | e808 a0f2 | 080e c0f2 | e807 00f9 | 0800 8092 | e803 00f9 

  0x000000010fb8c8d4: ; ImmutableOopMap {c_rarg0=Oop [144]=Oop [192]=Oop }
                      ;*synchronization entry
                      ; - java.lang.Object::<init>@-1 (line 45)
                      ; - org.eclipse.swt.internal.cocoa.id::<init>@1 (line 23)
                      ; - org.eclipse.swt.internal.cocoa.NSObject::<init>@1 (line 19)
                      ; - org.eclipse.swt.internal.cocoa.NSAutoreleasePool::<init>@1 (line 19)
                      ; - org.eclipse.swt.widgets.Display::addPool@5 (line 533)
                      ; - org.eclipse.swt.widgets.Display::readAndDispatch@207 (line 4010)
                      ;   {runtime_call counter_overflow Runtime1 stub}
  0x000000010fb8c8d4: 4b1c be95 | b9fe ff17 

  0x000000010fb8c8dc: ; ImmutableOopMap {c_rarg0=Oop [144]=Oop [192]=Oop }
                      ;*invokevirtual init {reexecute=0 rethrow=0 return_oop=0}
                      ; - org.eclipse.swt.widgets.Display::addPool@11 (line 533)
                      ; - org.eclipse.swt.widgets.Display::readAndDispatch@207 (line 4010)
                      ;   {runtime_call throw_null_pointer_exception Runtime1 stub}
  0x000000010fb8c8dc: 2905 be95 | e803 00aa 

  0x000000010fb8c8e4: ; ImmutableOopMap {[144]=Oop [192]=Oop }
                      ;*checkcast {reexecute=0 rethrow=0 return_oop=0}
                      ; - org.eclipse.swt.widgets.Display::addPool@14 (line 533)
                      ; - org.eclipse.swt.widgets.Display::readAndDispatch@207 (line 4010)
                      ;   {runtime_call throw_class_cast_exception Runtime1 stub}
  0x000000010fb8c8e4: 070f be95 | ffcb 00b9 | ecfc ff17 | e89b 40b9 | e8cb 00b9 | e9fc ff17 | e89f 40b9 | e8cb 00b9 
  0x000000010fb8c904: e6fc ff17 | e8a3 40b9 | e8cb 00b9 | e3fc ff17 | e8a7 40b9 | e8cb 00b9 | e0fc ff17 | e803 0032 
  0x000000010fb8c924: e8cb 00b9 | ddfc ff17 | e8b3 40b9 | e8cb 00b9 | dafc ff17 | e8b7 40b9 | e8cb 00b9 | d7fc ff17 
  0x000000010fb8c944: e8bb 40b9 | e8cb 00b9 | d4fc ff17 | e0cb 00b9 | d2fc ff17 | e803 0032 | e8cb 00b9 | cffc ff17 
  0x000000010fb8c964: e8bb 40b9 | e8cb 00b9 | ccfc ff17 | 807f 42f9 | 9f7f 02f9 | 9f83 02f9 | fd7b 4ea9 | ffc3 0391 
  0x000000010fb8c984: ;   {runtime_call unwind_exception Runtime1 stub}
  0x000000010fb8c984: 3f01 be15 
[Stub Code]
  0x000000010fb8c988: ;   {no_reloc}
  0x000000010fb8c988: df3f 03d5 

  0x000000010fb8c98c: ;   {metadata(nullptr)}
  0x000000010fb8c98c: 0c00 80d2 | 0c00 a0f2 | 0c00 c0f2 | 0800 80d2 | 0800 a0f2 | 0800 c0f2 | 0001 1fd6 

  0x000000010fb8c9a8: ;   {trampoline_stub}
  0x000000010fb8c9a8: 4800 0058 | 0001 1fd6 | 8001 a316 | 0100 0000 

  0x000000010fb8c9b8: ;   {trampoline_stub}
  0x000000010fb8c9b8: 4800 0058 | 0001 1fd6 | 8007 a316 | 0100 0000 

  0x000000010fb8c9c8: ;   {static_stub}
  0x000000010fb8c9c8: df3f 03d5 

  0x000000010fb8c9cc: ;   {metadata(nullptr)}
  0x000000010fb8c9cc: 0c00 80d2 | 0c00 a0f2 | 0c00 c0f2 | 0800 80d2 | 0800 a0f2 | 0800 c0f2 | 0001 1fd6 

  0x000000010fb8c9e8: ;   {trampoline_stub}
  0x000000010fb8c9e8: 4800 0058 | 0001 1fd6 | 8001 a316 | 0100 0000 

  0x000000010fb8c9f8: ;   {static_stub}
  0x000000010fb8c9f8: df3f 03d5 

  0x000000010fb8c9fc: ;   {metadata(nullptr)}
  0x000000010fb8c9fc: 0c00 80d2 | 0c00 a0f2 | 0c00 c0f2 | 0800 80d2 | 0800 a0f2 | 0800 c0f2 | 0001 1fd6 

  0x000000010fb8ca18: ;   {trampoline_stub}
  0x000000010fb8ca18: 4800 0058 | 0001 1fd6 | 90a6 4a17 | 0100 0000 

  0x000000010fb8ca28: ;   {static_stub}
  0x000000010fb8ca28: df3f 03d5 

  0x000000010fb8ca2c: ;   {metadata(nullptr)}
  0x000000010fb8ca2c: 0c00 80d2 | 0c00 a0f2 | 0c00 c0f2 | 0800 80d2 | 0800 a0f2 | 0800 c0f2 | 0001 1fd6 

  0x000000010fb8ca48: ;   {trampoline_stub}
  0x000000010fb8ca48: 4800 0058 | 0001 1fd6 | 505e 3717 | 0100 0000 

  0x000000010fb8ca58: ;   {static_stub}
  0x000000010fb8ca58: df3f 03d5 

  0x000000010fb8ca5c: ;   {metadata(nullptr)}
  0x000000010fb8ca5c: 0c00 80d2 | 0c00 a0f2 | 0c00 c0f2 | 0800 80d2 | 0800 a0f2 | 0800 c0f2 | 0001 1fd6 

  0x000000010fb8ca78: ;   {trampoline_stub}
  0x000000010fb8ca78: 4800 0058 | 0001 1fd6 | 8001 a316 | 0100 0000 

  0x000000010fb8ca88: ;   {static_stub}
  0x000000010fb8ca88: df3f 03d5 

  0x000000010fb8ca8c: ;   {metadata(nullptr)}
  0x000000010fb8ca8c: 0c00 80d2 | 0c00 a0f2 | 0c00 c0f2 | 0800 80d2 | 0800 a0f2 | 0800 c0f2 | 0001 1fd6 

  0x000000010fb8caa8: ;   {trampoline_stub}
  0x000000010fb8caa8: 4800 0058 | 0001 1fd6 | 5083 7017 | 0100 0000 

  0x000000010fb8cab8: ;   {static_stub}
  0x000000010fb8cab8: df3f 03d5 

  0x000000010fb8cabc: ;   {metadata(nullptr)}
  0x000000010fb8cabc: 0c00 80d2 | 0c00 a0f2 | 0c00 c0f2 | 0800 80d2 | 0800 a0f2 | 0800 c0f2 | 0001 1fd6 

  0x000000010fb8cad8: ;   {trampoline_stub}
  0x000000010fb8cad8: 4800 0058 | 0001 1fd6 | 8001 a316 | 0100 0000 

  0x000000010fb8cae8: ;   {static_stub}
  0x000000010fb8cae8: df3f 03d5 

  0x000000010fb8caec: ;   {metadata(nullptr)}
  0x000000010fb8caec: 0c00 80d2 | 0c00 a0f2 | 0c00 c0f2 | 0800 80d2 | 0800 a0f2 | 0800 c0f2 | 0001 1fd6 

  0x000000010fb8cb08: ;   {trampoline_stub}
  0x000000010fb8cb08: 4800 0058 | 0001 1fd6 | 8001 a316 | 0100 0000 

  0x000000010fb8cb18: ;   {static_stub}
  0x000000010fb8cb18: df3f 03d5 

  0x000000010fb8cb1c: ;   {metadata({method} {0x000000012469f730} 'runTimers' '()Z' in 'org/eclipse/swt/widgets/Display')}
  0x000000010fb8cb1c: 0ce6 9ed2 | 2c8d a4f2 | 2c00 c0f2 | 886a 89d2 | 68d4 a2f2 | 2800 c0f2 | 0001 1fd6 

  0x000000010fb8cb38: ;   {trampoline_stub}
  0x000000010fb8cb38: 4800 0058 | 0001 1fd6 | 8001 a316 | 0100 0000 

  0x000000010fb8cb48: ;   {static_stub}
  0x000000010fb8cb48: df3f 03d5 

  0x000000010fb8cb4c: ;   {metadata(nullptr)}
  0x000000010fb8cb4c: 0c00 80d2 | 0c00 a0f2 | 0c00 c0f2 | 0800 80d2 | 0800 a0f2 | 0800 c0f2 | 0001 1fd6 

  0x000000010fb8cb68: ;   {trampoline_stub}
  0x000000010fb8cb68: 4800 0058 | 0001 1fd6 | 8001 a316 | 0100 0000 

  0x000000010fb8cb78: ;   {static_stub}
  0x000000010fb8cb78: df3f 03d5 

  0x000000010fb8cb7c: ;   {metadata(nullptr)}
  0x000000010fb8cb7c: 0c00 80d2 | 0c00 a0f2 | 0c00 c0f2 | 0800 80d2 | 0800 a0f2 | 0800 c0f2 | 0001 1fd6 

  0x000000010fb8cb98: ;   {trampoline_stub}
  0x000000010fb8cb98: 4800 0058 | 0001 1fd6 | 8001 a316 | 0100 0000 

  0x000000010fb8cba8: ;   {static_stub}
  0x000000010fb8cba8: df3f 03d5 

  0x000000010fb8cbac: ;   {metadata(nullptr)}
  0x000000010fb8cbac: 0c00 80d2 | 0c00 a0f2 | 0c00 c0f2 | 0800 80d2 | 0800 a0f2 | 0800 c0f2 | 0001 1fd6 

  0x000000010fb8cbc8: ;   {trampoline_stub}
  0x000000010fb8cbc8: 4800 0058 | 0001 1fd6 | 8001 a316 | 0100 0000 

  0x000000010fb8cbd8: ;   {static_stub}
  0x000000010fb8cbd8: df3f 03d5 

  0x000000010fb8cbdc: ;   {metadata({method} {0x0000000124ac1f88} 'sendEvent' '(Lorg/eclipse/swt/internal/cocoa/NSEvent;)V' in 'org/eclipse/swt/internal/cocoa/NSApplication')}
  0x000000010fb8cbdc: 0cf1 83d2 | 8c95 a4f2 | 2c00 c0f2 | 88ba 8ad2 | 68d4 a2f2 | 2800 c0f2 | 0001 1fd6 

  0x000000010fb8cbf8: ;   {trampoline_stub}
  0x000000010fb8cbf8: 4800 0058 | 0001 1fd6 | 8001 a316 | 0100 0000 

  0x000000010fb8cc08: ;   {static_stub}
  0x000000010fb8cc08: df3f 03d5 

  0x000000010fb8cc0c: ;   {metadata(nullptr)}
  0x000000010fb8cc0c: 0c00 80d2 | 0c00 a0f2 | 0c00 c0f2 | 0800 80d2 | 0800 a0f2 | 0800 c0f2 | 0001 1fd6 

  0x000000010fb8cc28: ;   {trampoline_stub}
  0x000000010fb8cc28: 4800 0058 | 0001 1fd6 | 8001 a316 | 0100 0000 

  0x000000010fb8cc38: ;   {static_stub}
  0x000000010fb8cc38: df3f 03d5 

  0x000000010fb8cc3c: ;   {metadata(nullptr)}
  0x000000010fb8cc3c: 0c00 80d2 | 0c00 a0f2 | 0c00 c0f2 | 0800 80d2 | 0800 a0f2 | 0800 c0f2 | 0001 1fd6 

  0x000000010fb8cc58: ;   {trampoline_stub}
  0x000000010fb8cc58: 4800 0058 | 0001 1fd6 | 9018 7117 | 0100 0000 

  0x000000010fb8cc68: ;   {static_stub}
  0x000000010fb8cc68: df3f 03d5 

  0x000000010fb8cc6c: ;   {metadata(nullptr)}
  0x000000010fb8cc6c: 0c00 80d2 | 0c00 a0f2 | 0c00 c0f2 | 0800 80d2 | 0800 a0f2 | 0800 c0f2 | 0001 1fd6 

  0x000000010fb8cc88: ;   {trampoline_stub}
  0x000000010fb8cc88: 4800 0058 | 0001 1fd6 | 8001 a316 | 0100 0000 

  0x000000010fb8cc98: ;   {static_stub}
  0x000000010fb8cc98: df3f 03d5 

  0x000000010fb8cc9c: ;   {metadata({method} {0x000000012469e350} 'removePool' '()V' in 'org/eclipse/swt/widgets/Display')}
  0x000000010fb8cc9c: 0c6a 9cd2 | 2c8d a4f2 | 2c00 c0f2 | 886a 89d2 | 68d4 a2f2 | 2800 c0f2 | 0001 1fd6 

  0x000000010fb8ccb8: ;   {trampoline_stub}
  0x000000010fb8ccb8: 4800 0058 | 0001 1fd6 | 98cc b80f | 0100 0000 

  0x000000010fb8ccc8: ;   {trampoline_stub}
  0x000000010fb8ccc8: 4800 0058 | 0001 1fd6 | 8007 a316 | 0100 0000 

  0x000000010fb8ccd8: ;   {static_stub}
  0x000000010fb8ccd8: df3f 03d5 

  0x000000010fb8ccdc: ;   {metadata(nullptr)}
  0x000000010fb8ccdc: 0c00 80d2 | 0c00 a0f2 | 0c00 c0f2 | 0800 80d2 | 0800 a0f2 | 0800 c0f2 | 0001 1fd6 

  0x000000010fb8ccf8: ;   {trampoline_stub}
  0x000000010fb8ccf8: 4800 0058 | 0001 1fd6 | 8001 a316 | 0100 0000 

  0x000000010fb8cd08: ;   {trampoline_stub}
  0x000000010fb8cd08: 4800 0058 | 0001 1fd6 | 8007 a316 | 0100 0000 

  0x000000010fb8cd18: ;   {static_stub}
  0x000000010fb8cd18: df3f 03d5 

  0x000000010fb8cd1c: ;   {metadata(nullptr)}
  0x000000010fb8cd1c: 0c00 80d2 | 0c00 a0f2 | 0c00 c0f2 | 0800 80d2 | 0800 a0f2 | 0800 c0f2 | 0001 1fd6 

  0x000000010fb8cd38: ;   {trampoline_stub}
  0x000000010fb8cd38: 4800 0058 | 0001 1fd6 | 8001 a316 | 0100 0000 

  0x000000010fb8cd48: ;   {static_stub}
  0x000000010fb8cd48: df3f 03d5 

  0x000000010fb8cd4c: ;   {metadata(nullptr)}
  0x000000010fb8cd4c: 0c00 80d2 | 0c00 a0f2 | 0c00 c0f2 | 0800 80d2 | 0800 a0f2 | 0800 c0f2 | 0001 1fd6 

  0x000000010fb8cd68: ;   {trampoline_stub}
  0x000000010fb8cd68: 4800 0058 | 0001 1fd6 | 8001 a316 | 0100 0000 

  0x000000010fb8cd78: ;   {static_stub}
  0x000000010fb8cd78: df3f 03d5 

  0x000000010fb8cd7c: ;   {metadata(nullptr)}
  0x000000010fb8cd7c: 0c00 80d2 | 0c00 a0f2 | 0c00 c0f2 | 0800 80d2 | 0800 a0f2 | 0800 c0f2 | 0001 1fd6 

  0x000000010fb8cd98: ;   {trampoline_stub}
  0x000000010fb8cd98: 4800 0058 | 0001 1fd6 | 8001 a316 | 0100 0000 

  0x000000010fb8cda8: ;   {static_stub}
  0x000000010fb8cda8: df3f 03d5 

  0x000000010fb8cdac: ;   {metadata(nullptr)}
  0x000000010fb8cdac: 0c00 80d2 | 0c00 a0f2 | 0c00 c0f2 | 0800 80d2 | 0800 a0f2 | 0800 c0f2 | 0001 1fd6 

  0x000000010fb8cdc8: ;   {trampoline_stub}
  0x000000010fb8cdc8: 4800 0058 | 0001 1fd6 | 8001 a316 | 0100 0000 

  0x000000010fb8cdd8: ;   {static_stub}
  0x000000010fb8cdd8: df3f 03d5 

  0x000000010fb8cddc: ;   {metadata(nullptr)}
  0x000000010fb8cddc: 0c00 80d2 | 0c00 a0f2 | 0c00 c0f2 | 0800 80d2 | 0800 a0f2 | 0800 c0f2 | 0001 1fd6 

  0x000000010fb8cdf8: ;   {trampoline_stub}
  0x000000010fb8cdf8: 4800 0058 | 0001 1fd6 | 8001 a316 | 0100 0000 

  0x000000010fb8ce08: ;   {static_stub}
  0x000000010fb8ce08: df3f 03d5 

  0x000000010fb8ce0c: ;   {metadata(nullptr)}
  0x000000010fb8ce0c: 0c00 80d2 | 0c00 a0f2 | 0c00 c0f2 | 0800 80d2 | 0800 a0f2 | 0800 c0f2 | 0001 1fd6 

  0x000000010fb8ce28: ;   {trampoline_stub}
  0x000000010fb8ce28: 4800 0058 | 0001 1fd6 | 8001 a316 | 0100 0000 

  0x000000010fb8ce38: ;   {static_stub}
  0x000000010fb8ce38: df3f 03d5 

  0x000000010fb8ce3c: ;   {metadata(nullptr)}
  0x000000010fb8ce3c: 0c00 80d2 | 0c00 a0f2 | 0c00 c0f2 | 0800 80d2 | 0800 a0f2 | 0800 c0f2 | 0001 1fd6 
[Exception Handler]
  0x000000010fb8ce58: ;   {runtime_call handle_exception_from_callee Runtime1 stub}
  0x000000010fb8ce58: 4a0b be95 | c1d5 bbd4 | ec56 8506 | 0100 0000 
[Deopt Handler Code]
  0x000000010fb8ce68: 1e00 0010 

  0x000000010fb8ce6c: ;   {runtime_call DeoptimizationBlob}
  0x000000010fb8ce6c: 75a7 ba15 
[/MachCode]


Compiled method (c1) 443621 12080       3       org.eclipse.e4.core.internal.di.InjectorImpl::invoke (19 bytes)
 total in heap  [0x000000010f764610,0x000000010f764a88] = 1144
 relocation     [0x000000010f764760,0x000000010f7647a0] = 64
 main code      [0x000000010f7647c0,0x000000010f764970] = 432
 stub code      [0x000000010f764970,0x000000010f7649b8] = 72
 oops           [0x000000010f7649b8,0x000000010f7649c0] = 8
 metadata       [0x000000010f7649c0,0x000000010f7649e8] = 40
 scopes data    [0x000000010f7649e8,0x000000010f764a20] = 56
 scopes pcs     [0x000000010f764a20,0x000000010f764a70] = 80
 dependencies   [0x000000010f764a70,0x000000010f764a78] = 8
 nul chk table  [0x000000010f764a78,0x000000010f764a88] = 16

[Constant Pool (empty)]

[MachCode]
[Entry Point]
  # {method} {0x00000001253cb700} 'invoke' '(Ljava/lang/Object;Ljava/lang/Class;Ljava/lang/Object;Lorg/eclipse/e4/core/di/suppliers/PrimaryObjectSupplier;Lorg/eclipse/e4/core/di/suppliers/PrimaryObjectSupplier;)Ljava/lang/Object;' in 'org/eclipse/e4/core/internal/di/InjectorImpl'
  # this:     c_rarg1:c_rarg1 
                        = 'org/eclipse/e4/core/internal/di/InjectorImpl'
  # parm0:    c_rarg2:c_rarg2 
                        = 'java/lang/Object'
  # parm1:    c_rarg3:c_rarg3 
                        = 'java/lang/Class'
  # parm2:    c_rarg4:c_rarg4 
                        = 'java/lang/Object'
  # parm3:    c_rarg5:c_rarg5 
                        = 'org/eclipse/e4/core/di/suppliers/PrimaryObjectSupplier'
  # parm4:    c_rarg6:c_rarg6 
                        = 'org/eclipse/e4/core/di/suppliers/PrimaryObjectSupplier'
  #           [sp+0xa0]  (sp of caller)
  0x000000010f7647c0: 2808 40b9 | 3f01 086b | c001 0054 

  0x000000010f7647cc: ;   {runtime_call ic_miss_stub}
  0x000000010f7647cc: ad2d cb15 | 1f20 03d5 | 1f20 03d5 | 1f20 03d5 | 1f20 03d5 | 1f20 03d5 | 1f20 03d5 | 1f20 03d5 
  0x000000010f7647ec: 1f20 03d5 | 1f20 03d5 | 1f20 03d5 | 1f20 03d5 | 1f20 03d5 
[Verified Entry Point]
  0x000000010f764800: 1f20 03d5 | e953 40d1 | 3f01 00f9 | ff83 02d1 | fd7b 09a9 | 2801 0018 | 8923 40b9 | 1f01 09eb 
  0x000000010f764820: e000 0054 | 0830 93d2 | 68d4 a2f2 | 2800 c0f2 | 0001 3fd6 | 0200 0014 | 3200 0000 

  0x000000010f76483c: ;   {metadata(method data for {method} {0x00000001253cb700} 'invoke' '(Ljava/lang/Object;Ljava/lang/Class;Ljava/lang/Object;Lorg/eclipse/e4/core/di/suppliers/PrimaryObjectSupplier;Lorg/eclipse/e4/core/di/suppliers/PrimaryObjectSupplier;)Ljava/lang/Object;' in 'org/eclipse/e4/core/internal/di/InjectorImpl')}
  0x000000010f76483c: 0763 98d2 | 07dd a4f2 | 2700 c0f2 | e0ac 40b9 | 0008 0011 | e0ac 00b9 | 0024 1f12 | 1f00 0071 
  0x000000010f76485c: 4006 0054 

  0x000000010f764860: ; implicit exception: dispatches to 0x000000010f764944
  0x000000010f764860: 5f00 40f9 | e703 02aa 

  0x000000010f764868: ;   {metadata(method data for {method} {0x00000001253cb700} 'invoke' '(Ljava/lang/Object;Ljava/lang/Class;Ljava/lang/Object;Lorg/eclipse/e4/core/di/suppliers/PrimaryObjectSupplier;Lorg/eclipse/e4/core/di/suppliers/PrimaryObjectSupplier;)Ljava/lang/Object;' in 'org/eclipse/e4/core/internal/di/InjectorImpl')}
  0x000000010f764868: 0063 98d2 | 00dd a4f2 | 2000 c0f2 | 0878 40f9 | 0805 0091 | 0878 00f9 | 4708 40b9 | e708 5cd2 
  0x000000010f764888: e738 40f9 | e700 40f9 | e003 01aa 

  0x000000010f764894: ;   {metadata(method data for {method} {0x00000001253cb700} 'invoke' '(Ljava/lang/Object;Ljava/lang/Class;Ljava/lang/Object;Lorg/eclipse/e4/core/di/suppliers/PrimaryObjectSupplier;Lorg/eclipse/e4/core/di/suppliers/PrimaryObjectSupplier;)Ljava/lang/Object;' in 'org/eclipse/e4/core/internal/di/InjectorImpl')}
  0x000000010f764894: 0a63 98d2 | 0add a4f2 | 2a00 c0f2 | 4895 40f9 | 0805 0091 | 4895 00f9 | ea03 02aa | e203 0aaa 
  0x000000010f7648b4: eb03 03aa | e303 07aa | ec03 04aa | e403 0baa | ed03 05aa | e503 0caa | ee03 06aa | e603 0daa 
  0x000000010f7648d4: e703 0eaa | 0000 a052 | ef03 0032 | ef03 00b9 | ff0b 00b9 | ef03 01aa | e103 0faa | ebab 07a9 
  0x000000010f7648f4: edb3 06a9 | efbb 05a9 

  0x000000010f7648fc: ; ImmutableOopMap {[88]=Oop [96]=Oop [104]=Oop [112]=Oop [120]=Oop [128]=Oop }
                      ;*invokevirtual invokeUsingClass {reexecute=0 rethrow=0 return_oop=0}
                      ; - org.eclipse.e4.core.internal.di.InjectorImpl::invoke@15 (line 237)
                      ;   {optimized virtual_call}
  0x000000010f7648fc: 15f8 f195 

  0x000000010f764900: ;   {other}
  0x000000010f764900: 1f20 03d5 | 1f5e 80f2 | 1f00 80f2 | fd7b 49a9 | ff83 0291 

  0x000000010f764914: ;   {poll_return}
  0x000000010f764914: 8827 42f9 | ff63 28eb | 6801 0054 | c003 5fd6 

  0x000000010f764924: ;   {metadata({method} {0x00000001253cb700} 'invoke' '(Ljava/lang/Object;Ljava/lang/Class;Ljava/lang/Object;Lorg/eclipse/e4/core/di/suppliers/PrimaryObjectSupplier;Lorg/eclipse/e4/core/di/suppliers/PrimaryObjectSupplier;)Ljava/lang/Object;' in 'org/eclipse/e4/core/internal/di/InjectorImpl')}
  0x000000010f764924: 08e0 96d2 | 88a7 a4f2 | 2800 c0f2 | e807 00f9 | 0800 8092 | e803 00f9 

  0x000000010f76493c: ; ImmutableOopMap {c_rarg1=Oop c_rarg2=Oop c_rarg3=Oop c_rarg4=Oop c_rarg5=Oop c_rarg6=Oop }
                      ;*synchronization entry
                      ; - org.eclipse.e4.core.internal.di.InjectorImpl::invoke@-1 (line 237)
                      ;   {runtime_call counter_overflow Runtime1 stub}
  0x000000010f76493c: 31bc ce95 | c8ff ff17 

  0x000000010f764944: ; ImmutableOopMap {c_rarg1=Oop c_rarg2=Oop c_rarg6=Oop c_rarg3=Oop c_rarg5=Oop c_rarg4=Oop }
                      ;*invokevirtual getClass {reexecute=0 rethrow=0 return_oop=0}
                      ; - org.eclipse.e4.core.internal.di.InjectorImpl::invoke@3 (line 237)
                      ;   {runtime_call throw_null_pointer_exception Runtime1 stub}
  0x000000010f764944: 0fa5 ce95 

  0x000000010f764948: ;   {internal_word}
  0x000000010f764948: 68fe ff10 | 8833 02f9 

  0x000000010f764950: ;   {runtime_call SafepointBlob}
  0x000000010f764950: ec47 cb15 | 807f 42f9 | 9f7f 02f9 | 9f83 02f9 | fd7b 49a9 | ff83 0291 

  0x000000010f764968: ;   {runtime_call unwind_exception Runtime1 stub}
  0x000000010f764968: 46a1 ce15 | 0000 0000 
[Stub Code]
  0x000000010f764970: ;   {no_reloc}
  0x000000010f764970: 4800 0058 | 0001 1fd6 | 5029 3e17 | 0100 0000 

  0x000000010f764980: ;   {static_stub}
  0x000000010f764980: df3f 03d5 

  0x000000010f764984: ;   {metadata({method} {0x00000001253cba38} 'invokeUsingClass' '(Ljava/lang/Object;Ljava/lang/Class;Ljava/lang/Class;Ljava/lang/Object;Lorg/eclipse/e4/core/di/suppliers/PrimaryObjectSupplier;Lorg/eclipse/e4/core/di/suppliers/PrimaryObjectSupplier;ZZZ)Ljava/lang/Object;' in 'org/eclipse/e4/core/internal/di/InjectorImpl')}
  0x000000010f764984: 0c47 97d2 | 8ca7 a4f2 | 2c00 c0f2 | 884f 84d2 | c8d6 a2f2 | 2800 c0f2 | 0001 1fd6 
[Exception Handler]
  0x000000010f7649a0: ;   {runtime_call handle_exception_from_callee Runtime1 stub}
  0x000000010f7649a0: 78ac ce95 | c1d5 bbd4 | ec56 8506 | 0100 0000 
[Deopt Handler Code]
  0x000000010f7649b0: 1e00 0010 

  0x000000010f7649b4: ;   {runtime_call DeoptimizationBlob}
  0x000000010f7649b4: a348 cb15 
[/MachCode]


---------------  P R O C E S S  ---------------

Threads class SMR info:
_java_thread_list=0x0000000a22e2ef20, length=54, elements={
0x000000010079b3e0, 0x00000001007b67e0, 0x0000000a28d04000, 0x0000000a28d04700,
0x0000000a28d04e00, 0x0000000a28d05500, 0x00000001007b7160, 0x00000001007b7960,
0x0000000a28d05c00, 0x0000000a28d06300, 0x0000000a28d06a00, 0x0000000a28d07100,
0x0000000a28d74700, 0x0000000a28da4700, 0x0000000a26bf1500, 0x0000000a260a0700,
0x0000000a260bc700, 0x0000000a260bce00, 0x0000000a26244700, 0x0000000a258c8000,
0x0000000a25a30700, 0x0000000a259e2300, 0x0000000a255e8700, 0x0000000a24e70700,
0x0000000a24f66300, 0x0000000a24f66a00, 0x0000000a24f67800, 0x0000000a26966300,
0x0000000a2497e300, 0x0000000a2497f100, 0x0000000a2468c000, 0x0000000a23f2c700,
0x0000000a23f2ce00, 0x0000000a232a6300, 0x0000000a2282c700, 0x0000000a2282d500,
0x0000000a2282f800, 0x0000000a262d4700, 0x0000000a262d4000, 0x0000000a288e8700,
0x0000000a21980700, 0x0000000a21a25500, 0x0000000a21460700, 0x0000000a21460e00,
0x0000000a214b5c00, 0x0000000a214b6300, 0x0000000a214b6a00, 0x0000000a214b7800,
0x0000000a214f0700, 0x0000000a239cc700, 0x0000000a26bf2a00, 0x0000000a21730000,
0x0000000a21731500, 0x0000000a24aa8700
}

Java Threads: ( => current thread )
=>0x000000010079b3e0 JavaThread "main"                              [_thread_in_native, id=259, stack(0x000000016f598000,0x000000016fd94000) (8176K)]
  0x00000001007b67e0 JavaThread "Reference Handler"          daemon [_thread_blocked, id=30211, stack(0x0000000170d90000,0x0000000170f93000) (2060K)]
  0x0000000a28d04000 JavaThread "Finalizer"                  daemon [_thread_blocked, id=29955, stack(0x0000000170f9c000,0x000000017119f000) (2060K)]
  0x0000000a28d04700 JavaThread "Signal Dispatcher"          daemon [_thread_blocked, id=24835, stack(0x00000001711a8000,0x00000001713ab000) (2060K)]
  0x0000000a28d04e00 JavaThread "Service Thread"             daemon [_thread_blocked, id=25091, stack(0x00000001713b4000,0x00000001715b7000) (2060K)]
  0x0000000a28d05500 JavaThread "Monitor Deflation Thread"   daemon [_thread_blocked, id=25347, stack(0x00000001715c0000,0x00000001717c3000) (2060K)]
  0x00000001007b7160 JavaThread "C2 CompilerThread0"         daemon [_thread_blocked, id=29187, stack(0x00000001717cc000,0x00000001719cf000) (2060K)]
  0x00000001007b7960 JavaThread "C1 CompilerThread0"         daemon [_thread_blocked, id=28675, stack(0x00000001719d8000,0x0000000171bdb000) (2060K)]
  0x0000000a28d05c00 JavaThread "Common-Cleaner"             daemon [_thread_blocked, id=28419, stack(0x0000000171be4000,0x0000000171de7000) (2060K)]
  0x0000000a28d06300 JavaThread "JDWP Transport Listener: dt_socket" daemon [_thread_blocked, id=28163, stack(0x0000000171df0000,0x0000000171ff3000) (2060K)]
  0x0000000a28d06a00 JavaThread "JDWP Event Helper Thread"   daemon [_thread_blocked, id=27907, stack(0x0000000171ffc000,0x00000001721ff000) (2060K)]
  0x0000000a28d07100 JavaThread "JDWP Command Reader"        daemon [_thread_in_native, id=26627, stack(0x0000000172208000,0x000000017240b000) (2060K)]
  0x0000000a28d74700 JavaThread "IntelliJ Suspend Helper"    daemon [_thread_blocked, id=27139, stack(0x0000000172414000,0x0000000172617000) (2060K)]
  0x0000000a28da4700 JavaThread "Notification Thread"        daemon [_thread_blocked, id=32771, stack(0x0000000172620000,0x0000000172823000) (2060K)]
  0x0000000a26bf1500 JavaThread "Active Thread: Equinox Container: fd4bd86c-7168-44e6-b1b6-d5e6507f93bd"        [_thread_blocked, id=40707, stack(0x000000017388c000,0x0000000173a8f000) (2060K)]
  0x0000000a260a0700 JavaThread "Framework Event Dispatcher: Equinox Container: fd4bd86c-7168-44e6-b1b6-d5e6507f93bd" daemon [_thread_blocked, id=40451, stack(0x0000000173a98000,0x0000000173c9b000) (2060K)]
  0x0000000a260bc700 JavaThread "Start Level: Equinox Container: fd4bd86c-7168-44e6-b1b6-d5e6507f93bd" daemon [_thread_blocked, id=40195, stack(0x0000000173ca4000,0x0000000173ea7000) (2060K)]
  0x0000000a260bce00 JavaThread "SCR Component Actor"        daemon [_thread_blocked, id=35587, stack(0x0000000173eb0000,0x00000001740b3000) (2060K)]
  0x0000000a26244700 JavaThread "Bundle File Closer"         daemon [_thread_blocked, id=35843, stack(0x00000001742c8000,0x00000001744cb000) (2060K)]
  0x0000000a258c8000 JavaThread "EMF Reference Cleaner"      daemon [_thread_blocked, id=38915, stack(0x00000001746e0000,0x00000001748e3000) (2060K)]
  0x0000000a25a30700 JavaThread "Worker-JM"                         [_thread_blocked, id=36611, stack(0x00000001748ec000,0x0000000174aef000) (2060K)]
  0x0000000a259e2300 JavaThread "Gogo shell"                        [_thread_blocked, id=38147, stack(0x0000000174af8000,0x0000000174cfb000) (2060K)]
  0x0000000a255e8700 JavaThread "Worker-0"                          [_thread_blocked, id=37651, stack(0x0000000174d04000,0x0000000174f07000) (2060K)]
  0x0000000a24e70700 JavaThread "Worker-1"                          [_thread_blocked, id=84995, stack(0x0000000175028000,0x000000017522b000) (2060K)]
  0x0000000a24f66300 JavaThread "Git Repository Closer"      daemon [_thread_blocked, id=67331, stack(0x0000000175234000,0x0000000175437000) (2060K)]
  0x0000000a24f66a00 JavaThread "Worker-2"                          [_thread_blocked, id=84227, stack(0x0000000175440000,0x0000000175643000) (2060K)]
  0x0000000a24f67800 JavaThread "Worker-3"                          [_thread_blocked, id=83971, stack(0x000000017564c000,0x000000017584f000) (2060K)]
  0x0000000a26966300 JavaThread "Database navigator events processor"        [_thread_blocked, id=83459, stack(0x0000000175858000,0x0000000175a5b000) (2060K)]
  0x0000000a2497e300 JavaThread "idle-timeout-task"          daemon [_thread_blocked, id=68355, stack(0x0000000175e7c000,0x000000017607f000) (2060K)]
  0x0000000a2497f100 JavaThread "HTTP-Dispatcher"                   [_thread_in_native, id=68867, stack(0x0000000176088000,0x000000017628b000) (2060K)]
  0x0000000a2468c000 JavaThread "SWTResourceTracker"         daemon [_thread_blocked, id=69379, stack(0x0000000176294000,0x0000000176497000) (2060K)]
  0x0000000a23f2c700 JavaThread "Java2D Queue Flusher"       daemon [_thread_blocked, id=82251, stack(0x0000000175a64000,0x0000000175c67000) (2060K)]
  0x0000000a23f2ce00 JavaThread "Java2D Disposer"            daemon [_thread_blocked, id=81667, stack(0x00000001764a0000,0x00000001766a3000) (2060K)]
  0x0000000a232a6300 JavaThread "MVStore background writer /Users/labanovichttps/Library/DBeaverData/workspace6/.metadata/qmdb/qmdb_v2.mv.db" daemon [_thread_blocked, id=75267, stack(0x0000000175c70000,0x0000000175e73000) (2060K)]
  0x0000000a2282c700 JavaThread "EventAdmin Async Event Dispatcher Thread" daemon [_thread_blocked, id=126499, stack(0x000000017f8bc000,0x000000017fabf000) (2060K)]
  0x0000000a2282d500 JavaThread "H2-serialization"           daemon [_thread_blocked, id=126211, stack(0x000000017fac8000,0x000000017fccb000) (2060K)]
  0x0000000a2282f800 JavaThread "H2-save"                    daemon [_thread_blocked, id=125955, stack(0x000000017fcd4000,0x000000017fed7000) (2060K)]
  0x0000000a262d4700 JavaThread "pool-4-thread-1"                   [_thread_blocked, id=125443, stack(0x00000003a96c8000,0x00000003a98cb000) (2060K)]
  0x0000000a262d4000 JavaThread "pool-5-thread-1"                   [_thread_blocked, id=90627, stack(0x00000003a98d4000,0x00000003a9ad7000) (2060K)]
  0x0000000a288e8700 JavaThread "Timer-0"                    daemon [_thread_blocked, id=97635, stack(0x00000003af224000,0x00000003af427000) (2060K)]
  0x0000000a21980700 JavaThread "sshj-Reader-db1.dev.dbeaver.infra/10.135.0.32:22-1763564403173" daemon [_thread_in_native, id=133251, stack(0x00000003bd96c000,0x00000003bdb6f000) (2060K)]
  0x0000000a21a25500 JavaThread "Port forwarder listener (*****:22908 <- l*****t:1521)"        [_thread_in_native, id=171811, stack(0x00000003bdb78000,0x00000003bdd7b000) (2060K)]
  0x0000000a21460700 JavaThread "oracle.jdbc.diagnostics.Diagnostic.CLOCK" daemon [_thread_blocked, id=133915, stack(0x00000003bdd84000,0x00000003bdf87000) (2060K)]
  0x0000000a21460e00 JavaThread "oracle.jdbc.driver.BlockSource.ThreadedCachingBlockSource.BlockReleaser" daemon [_thread_blocked, id=134147, stack(0x00000003bdf90000,0x00000003be193000) (2060K)]
  0x0000000a214b5c00 JavaThread "InterruptTimer"             daemon [_thread_blocked, id=134415, stack(0x00000003be19c000,0x00000003be39f000) (2060K)]
  0x0000000a214b6300 JavaThread "Worker-5"                          [_thread_blocked, id=134683, stack(0x00000003be3a8000,0x00000003be5ab000) (2060K)]
  0x0000000a214b6a00 JavaThread "soc2chan"                   daemon [_thread_in_native, id=170259, stack(0x00000003be5b4000,0x00000003be7b7000) (2060K)]
  0x0000000a214b7800 JavaThread "chan2soc"                   daemon [_thread_blocked, id=169987, stack(0x00000003be7c0000,0x00000003be9c3000) (2060K)]
  0x0000000a214f0700 JavaThread "sockmon"                    daemon [_thread_blocked, id=135171, stack(0x00000003be9cc000,0x00000003bebcf000) (2060K)]
  0x0000000a239cc700 JavaThread "soc2chan"                   daemon [_thread_in_native, id=135779, stack(0x00000003bebd8000,0x00000003beddb000) (2060K)]
  0x0000000a26bf2a00 JavaThread "chan2soc"                   daemon [_thread_blocked, id=136195, stack(0x00000003bede4000,0x00000003befe7000) (2060K)]
  0x0000000a21730000 JavaThread "sockmon"                    daemon [_thread_blocked, id=169219, stack(0x00000003beff0000,0x00000003bf1f3000) (2060K)]
  0x0000000a21731500 JavaThread "Worker-6"                          [_thread_blocked, id=122963, stack(0x00000003a8ad4000,0x00000003a8cd7000) (2060K)]
  0x0000000a24aa8700 JavaThread "Worker-7"                          [_thread_blocked, id=143119, stack(0x00000003a9218000,0x00000003a941b000) (2060K)]
Total: 54

Other Threads:
  0x0000000a28c6a000 VMThread "VM Thread"                           [id=16899, stack(0x0000000170a6c000,0x0000000170c6f000) (2060K)]
  0x00000001007ac630 WatcherThread "VM Periodic Task Thread"        [id=16643, stack(0x0000000170860000,0x0000000170a63000) (2060K)]
  0x00000001007a5ea0 WorkerThread "GC Thread#0"                     [id=14851, stack(0x000000016fe24000,0x0000000170027000) (2060K)]
  0x0000000a2687ec00 WorkerThread "GC Thread#1"                     [id=33287, stack(0x000000017282c000,0x0000000172a2f000) (2060K)]
  0x0000000a2687f400 WorkerThread "GC Thread#2"                     [id=43271, stack(0x0000000172a38000,0x0000000172c3b000) (2060K)]
  0x0000000a2687f800 WorkerThread "GC Thread#3"                     [id=33539, stack(0x0000000172c44000,0x0000000172e47000) (2060K)]
  0x0000000a2687fc00 WorkerThread "GC Thread#4"                     [id=42243, stack(0x0000000172e50000,0x0000000173053000) (2060K)]
  0x0000000a28f5a800 WorkerThread "GC Thread#5"                     [id=41987, stack(0x000000017305c000,0x000000017325f000) (2060K)]
  0x0000000a28f5b800 WorkerThread "GC Thread#6"                     [id=41475, stack(0x0000000173268000,0x000000017346b000) (2060K)]
  0x0000000a26974400 WorkerThread "GC Thread#7"                     [id=41219, stack(0x0000000173474000,0x0000000173677000) (2060K)]
  0x0000000a26974c00 WorkerThread "GC Thread#8"                     [id=34307, stack(0x0000000173680000,0x0000000173883000) (2060K)]
  0x00000001007a6630 ConcurrentGCThread "G1 Main Marker"            [id=14595, stack(0x0000000170030000,0x0000000170233000) (2060K)]
  0x00000001007a6ed0 WorkerThread "G1 Conc#0"                       [id=13827, stack(0x000000017023c000,0x000000017043f000) (2060K)]
  0x0000000a263f3800 WorkerThread "G1 Conc#1"                       [id=36355, stack(0x00000001744d4000,0x00000001746d7000) (2060K)]
  0x0000000a28c68400 ConcurrentGCThread "G1 Refine#0"               [id=13315, stack(0x0000000170448000,0x000000017064b000) (2060K)]
  0x0000000a28c68c00 ConcurrentGCThread "G1 Service"                [id=13059, stack(0x0000000170654000,0x0000000170857000) (2060K)]
Total: 16

Threads with active compile tasks:
Total: 0

VM state: not at safepoint (normal execution)

VM Mutex/Monitor currently owned by a thread: None

Heap address: 0x0000000300800000, size: 2048 MB, Compressed Oops mode: Zero based, Oop shift amount: 3

CDS archive(s) mapped at: [0x0000007000000000-0x0000007000c9c000-0x0000007000c9c000), size 13221888, SharedBaseAddress: 0x0000007000000000, ArchiveRelocationMode: 1.
Compressed class space mapped at: 0x0000007001000000-0x0000007041000000, reserved size: 1073741824
Narrow klass base: 0x0000007000000000, Narrow klass shift: 0, Narrow klass range: 0x100000000

GC Precious Log:
 CardTable entry size: 512
 Card Set container configuration: InlinePtr #cards 5 size 8 Array Of Cards #cards 12 size 40 Howl #buckets 4 coarsen threshold 1843 Howl Bitmap #cards 512 size 80 coarsen threshold 460 Card regions per heap region 1 cards per card region 2048
 CPUs: 10 total, 10 available
 Memory: 16384M
 Large Page Support: Disabled
 NUMA Support: Disabled
 Compressed Oops: Enabled (Zero based)
 Heap Region Size: 1M
 Heap Min Capacity: 128M
 Heap Initial Capacity: 128M
 Heap Max Capacity: 2G
 Pre-touch: Disabled
 Parallel Workers: 9
 Concurrent Workers: 2
 Concurrent Refinement Workers: 9
 Periodic GC: Disabled

Heap:
 garbage-first heap   total 230400K, used 116450K [0x0000000300800000, 0x0000000380800000)
  region size 1024K, 25 young (25600K), 6 survivors (6144K)
 Metaspace       used 113328K, committed 115840K, reserved 1179648K
  class space    used 12884K, committed 13952K, reserved 1048576K

Heap Regions: E=young(eden), S=young(survivor), O=old, HS=humongous(starts), HC=humongous(continues), CS=collection set, F=free, TAMS=top-at-mark-start, PB=parsable bottom
|   0|0x0000000300800000, 0x0000000300900000, 0x0000000300900000|100%| O|  |TAMS 0x0000000300800000| PB 0x0000000300800000| Untracked 
|   1|0x0000000300900000, 0x0000000300a00000, 0x0000000300a00000|100%| O|  |TAMS 0x0000000300900000| PB 0x0000000300900000| Untracked 
|   2|0x0000000300a00000, 0x0000000300b00000, 0x0000000300b00000|100%| O|  |TAMS 0x0000000300a00000| PB 0x0000000300a00000| Untracked 
|   3|0x0000000300b00000, 0x0000000300c00000, 0x0000000300c00000|100%| O|  |TAMS 0x0000000300b00000| PB 0x0000000300b00000| Untracked 
|   4|0x0000000300c00000, 0x0000000300d00000, 0x0000000300d00000|100%| O|  |TAMS 0x0000000300c00000| PB 0x0000000300c00000| Untracked 
|   5|0x0000000300d00000, 0x0000000300e00000, 0x0000000300e00000|100%| O|  |TAMS 0x0000000300d00000| PB 0x0000000300d00000| Untracked 
|   6|0x0000000300e00000, 0x0000000300eea498, 0x0000000300f00000| 91%| O|  |TAMS 0x0000000300e00000| PB 0x0000000300e00000| Untracked 
|   7|0x0000000300f00000, 0x0000000301000000, 0x0000000301000000|100%|HS|  |TAMS 0x0000000300f00000| PB 0x0000000300f00000| Complete 
|   8|0x0000000301000000, 0x0000000301100000, 0x0000000301100000|100%| O|  |TAMS 0x0000000301000000| PB 0x0000000301000000| Untracked 
|   9|0x0000000301100000, 0x0000000301200000, 0x0000000301200000|100%| O|  |TAMS 0x0000000301100000| PB 0x0000000301100000| Untracked 
|  10|0x0000000301200000, 0x0000000301300000, 0x0000000301300000|100%| O|  |TAMS 0x0000000301200000| PB 0x0000000301200000| Untracked 
|  11|0x0000000301300000, 0x0000000301400000, 0x0000000301400000|100%| O|  |TAMS 0x0000000301300000| PB 0x0000000301300000| Untracked 
|  12|0x0000000301400000, 0x0000000301500000, 0x0000000301500000|100%| O|  |TAMS 0x0000000301400000| PB 0x0000000301400000| Untracked 
|  13|0x0000000301500000, 0x0000000301600000, 0x0000000301600000|100%| O|  |TAMS 0x0000000301500000| PB 0x0000000301500000| Untracked 
|  14|0x0000000301600000, 0x0000000301700000, 0x0000000301700000|100%| O|  |TAMS 0x0000000301600000| PB 0x0000000301600000| Untracked 
|  15|0x0000000301700000, 0x0000000301800000, 0x0000000301800000|100%| O|  |TAMS 0x0000000301700000| PB 0x0000000301700000| Untracked 
|  16|0x0000000301800000, 0x0000000301900000, 0x0000000301900000|100%| O|  |TAMS 0x0000000301800000| PB 0x0000000301800000| Untracked 
|  17|0x0000000301900000, 0x0000000301a00000, 0x0000000301a00000|100%| O|  |TAMS 0x0000000301900000| PB 0x0000000301900000| Untracked 
|  18|0x0000000301a00000, 0x0000000301b00000, 0x0000000301b00000|100%| O|  |TAMS 0x0000000301a00000| PB 0x0000000301a00000| Untracked 
|  19|0x0000000301b00000, 0x0000000301c00000, 0x0000000301c00000|100%| O|  |TAMS 0x0000000301b00000| PB 0x0000000301b00000| Untracked 
|  20|0x0000000301c00000, 0x0000000301d00000, 0x0000000301d00000|100%| O|  |TAMS 0x0000000301c00000| PB 0x0000000301c00000| Untracked 
|  21|0x0000000301d00000, 0x0000000301e00000, 0x0000000301e00000|100%| O|  |TAMS 0x0000000301d00000| PB 0x0000000301d00000| Untracked 
|  22|0x0000000301e00000, 0x0000000301f00000, 0x0000000301f00000|100%| O|  |TAMS 0x0000000301e00000| PB 0x0000000301e00000| Untracked 
|  23|0x0000000301f00000, 0x0000000302000000, 0x0000000302000000|100%| O|  |TAMS 0x0000000301f00000| PB 0x0000000301f00000| Untracked 
|  24|0x0000000302000000, 0x0000000302100000, 0x0000000302100000|100%| O|  |TAMS 0x0000000302000000| PB 0x0000000302000000| Untracked 
|  25|0x0000000302100000, 0x0000000302200000, 0x0000000302200000|100%| O|  |TAMS 0x0000000302100000| PB 0x0000000302100000| Untracked 
|  26|0x0000000302200000, 0x0000000302300000, 0x0000000302300000|100%| O|  |TAMS 0x0000000302200000| PB 0x0000000302200000| Untracked 
|  27|0x0000000302300000, 0x0000000302400000, 0x0000000302400000|100%| O|  |TAMS 0x0000000302300000| PB 0x0000000302300000| Untracked 
|  28|0x0000000302400000, 0x0000000302500000, 0x0000000302500000|100%| O|  |TAMS 0x0000000302400000| PB 0x0000000302400000| Untracked 
|  29|0x0000000302500000, 0x0000000302600000, 0x0000000302600000|100%| O|  |TAMS 0x0000000302500000| PB 0x0000000302500000| Untracked 
|  30|0x0000000302600000, 0x0000000302700000, 0x0000000302700000|100%| O|  |TAMS 0x0000000302600000| PB 0x0000000302600000| Untracked 
|  31|0x0000000302700000, 0x0000000302800000, 0x0000000302800000|100%| O|  |TAMS 0x0000000302700000| PB 0x0000000302700000| Untracked 
|  32|0x0000000302800000, 0x0000000302900000, 0x0000000302900000|100%| O|  |TAMS 0x0000000302800000| PB 0x0000000302800000| Untracked 
|  33|0x0000000302900000, 0x0000000302a00000, 0x0000000302a00000|100%| O|  |TAMS 0x0000000302900000| PB 0x0000000302900000| Untracked 
|  34|0x0000000302a00000, 0x0000000302b00000, 0x0000000302b00000|100%| O|  |TAMS 0x0000000302a00000| PB 0x0000000302a00000| Untracked 
|  35|0x0000000302b00000, 0x0000000302c00000, 0x0000000302c00000|100%| O|  |TAMS 0x0000000302b00000| PB 0x0000000302b00000| Untracked 
|  36|0x0000000302c00000, 0x0000000302d00000, 0x0000000302d00000|100%| O|  |TAMS 0x0000000302c00000| PB 0x0000000302c00000| Untracked 
|  37|0x0000000302d00000, 0x0000000302d00000, 0x0000000302e00000|  0%| F|  |TAMS 0x0000000302d00000| PB 0x0000000302d00000| Untracked 
|  38|0x0000000302e00000, 0x0000000302f00000, 0x0000000302f00000|100%| O|  |TAMS 0x0000000302e00000| PB 0x0000000302e00000| Untracked 
|  39|0x0000000302f00000, 0x0000000303000000, 0x0000000303000000|100%| O|  |TAMS 0x0000000302f00000| PB 0x0000000302f00000| Untracked 
|  40|0x0000000303000000, 0x0000000303100000, 0x0000000303100000|100%| O|  |TAMS 0x0000000303000000| PB 0x0000000303000000| Untracked 
|  41|0x0000000303100000, 0x0000000303200000, 0x0000000303200000|100%| O|  |TAMS 0x0000000303100000| PB 0x0000000303100000| Untracked 
|  42|0x0000000303200000, 0x0000000303300000, 0x0000000303300000|100%| O|  |TAMS 0x0000000303200000| PB 0x0000000303200000| Untracked 
|  43|0x0000000303300000, 0x0000000303400000, 0x0000000303400000|100%| O|  |TAMS 0x0000000303300000| PB 0x0000000303300000| Untracked 
|  44|0x0000000303400000, 0x0000000303500000, 0x0000000303500000|100%| O|  |TAMS 0x0000000303400000| PB 0x0000000303400000| Untracked 
|  45|0x0000000303500000, 0x0000000303600000, 0x0000000303600000|100%| O|  |TAMS 0x0000000303500000| PB 0x0000000303500000| Untracked 
|  46|0x0000000303600000, 0x0000000303700000, 0x0000000303700000|100%| O|  |TAMS 0x0000000303600000| PB 0x0000000303600000| Untracked 
|  47|0x0000000303700000, 0x0000000303800000, 0x0000000303800000|100%| O|  |TAMS 0x0000000303700000| PB 0x0000000303700000| Untracked 
|  48|0x0000000303800000, 0x0000000303900000, 0x0000000303900000|100%| O|  |TAMS 0x0000000303800000| PB 0x0000000303800000| Untracked 
|  49|0x0000000303900000, 0x0000000303a00000, 0x0000000303a00000|100%| O|  |TAMS 0x0000000303900000| PB 0x0000000303900000| Untracked 
|  50|0x0000000303a00000, 0x0000000303b00000, 0x0000000303b00000|100%| O|  |TAMS 0x0000000303a00000| PB 0x0000000303a00000| Untracked 
|  51|0x0000000303b00000, 0x0000000303c00000, 0x0000000303c00000|100%| O|  |TAMS 0x0000000303b00000| PB 0x0000000303b00000| Untracked 
|  52|0x0000000303c00000, 0x0000000303d00000, 0x0000000303d00000|100%| O|  |TAMS 0x0000000303c00000| PB 0x0000000303c00000| Untracked 
|  53|0x0000000303d00000, 0x0000000303e00000, 0x0000000303e00000|100%| O|  |TAMS 0x0000000303d00000| PB 0x0000000303d00000| Untracked 
|  54|0x0000000303e00000, 0x0000000303f00000, 0x0000000303f00000|100%| O|  |TAMS 0x0000000303e00000| PB 0x0000000303e00000| Untracked 
|  55|0x0000000303f00000, 0x0000000304000000, 0x0000000304000000|100%| O|  |TAMS 0x0000000303f00000| PB 0x0000000303f00000| Untracked 
|  56|0x0000000304000000, 0x0000000304100000, 0x0000000304100000|100%| O|  |TAMS 0x0000000304000000| PB 0x0000000304000000| Untracked 
|  57|0x0000000304100000, 0x0000000304200000, 0x0000000304200000|100%| O|  |TAMS 0x0000000304100000| PB 0x0000000304100000| Untracked 
|  58|0x0000000304200000, 0x0000000304300000, 0x0000000304300000|100%| O|  |TAMS 0x0000000304200000| PB 0x0000000304200000| Untracked 
|  59|0x0000000304300000, 0x0000000304400000, 0x0000000304400000|100%| O|  |TAMS 0x0000000304300000| PB 0x0000000304300000| Untracked 
|  60|0x0000000304400000, 0x0000000304500000, 0x0000000304500000|100%| O|  |TAMS 0x0000000304400000| PB 0x0000000304400000| Untracked 
|  61|0x0000000304500000, 0x0000000304600000, 0x0000000304600000|100%| O|  |TAMS 0x0000000304500000| PB 0x0000000304500000| Untracked 
|  62|0x0000000304600000, 0x0000000304700000, 0x0000000304700000|100%| O|  |TAMS 0x0000000304600000| PB 0x0000000304600000| Untracked 
|  63|0x0000000304700000, 0x0000000304800000, 0x0000000304800000|100%| O|  |TAMS 0x0000000304700000| PB 0x0000000304700000| Untracked 
|  64|0x0000000304800000, 0x0000000304900000, 0x0000000304900000|100%| O|  |TAMS 0x0000000304800000| PB 0x0000000304800000| Untracked 
|  65|0x0000000304900000, 0x0000000304a00000, 0x0000000304a00000|100%| O|  |TAMS 0x0000000304900000| PB 0x0000000304900000| Untracked 
|  66|0x0000000304a00000, 0x0000000304b00000, 0x0000000304b00000|100%| O|  |TAMS 0x0000000304a00000| PB 0x0000000304a00000| Untracked 
|  67|0x0000000304b00000, 0x0000000304c00000, 0x0000000304c00000|100%| O|  |TAMS 0x0000000304b00000| PB 0x0000000304b00000| Untracked 
|  68|0x0000000304c00000, 0x0000000304d00000, 0x0000000304d00000|100%| O|  |TAMS 0x0000000304c00000| PB 0x0000000304c00000| Untracked 
|  69|0x0000000304d00000, 0x0000000304e00000, 0x0000000304e00000|100%| O|  |TAMS 0x0000000304d00000| PB 0x0000000304d00000| Untracked 
|  70|0x0000000304e00000, 0x0000000304f00000, 0x0000000304f00000|100%| O|  |TAMS 0x0000000304e00000| PB 0x0000000304e00000| Untracked 
|  71|0x0000000304f00000, 0x0000000305000000, 0x0000000305000000|100%| O|  |TAMS 0x0000000304f00000| PB 0x0000000304f00000| Untracked 
|  72|0x0000000305000000, 0x0000000305100000, 0x0000000305100000|100%| O|  |TAMS 0x0000000305000000| PB 0x0000000305000000| Untracked 
|  73|0x0000000305100000, 0x0000000305200000, 0x0000000305200000|100%| O|  |TAMS 0x0000000305100000| PB 0x0000000305100000| Untracked 
|  74|0x0000000305200000, 0x0000000305300000, 0x0000000305300000|100%| O|  |TAMS 0x0000000305200000| PB 0x0000000305200000| Untracked 
|  75|0x0000000305300000, 0x0000000305400000, 0x0000000305400000|100%| O|  |TAMS 0x0000000305300000| PB 0x0000000305300000| Untracked 
|  76|0x0000000305400000, 0x0000000305500000, 0x0000000305500000|100%| O|  |TAMS 0x0000000305400000| PB 0x0000000305400000| Untracked 
|  77|0x0000000305500000, 0x0000000305600000, 0x0000000305600000|100%| O|  |TAMS 0x0000000305500000| PB 0x0000000305500000| Untracked 
|  78|0x0000000305600000, 0x0000000305700000, 0x0000000305700000|100%| O|  |TAMS 0x0000000305600000| PB 0x0000000305600000| Untracked 
|  79|0x0000000305700000, 0x0000000305800000, 0x0000000305800000|100%| O|  |TAMS 0x0000000305700000| PB 0x0000000305700000| Untracked 
|  80|0x0000000305800000, 0x0000000305900000, 0x0000000305900000|100%| O|  |TAMS 0x0000000305800000| PB 0x0000000305800000| Untracked 
|  81|0x0000000305900000, 0x0000000305a00000, 0x0000000305a00000|100%| O|  |TAMS 0x0000000305900000| PB 0x0000000305900000| Untracked 
|  82|0x0000000305a00000, 0x0000000305b00000, 0x0000000305b00000|100%| O|  |TAMS 0x0000000305a00000| PB 0x0000000305a00000| Untracked 
|  83|0x0000000305b00000, 0x0000000305c00000, 0x0000000305c00000|100%|HS|  |TAMS 0x0000000305b00000| PB 0x0000000305b00000| Complete 
|  84|0x0000000305c00000, 0x0000000305d00000, 0x0000000305d00000|100%|HC|  |TAMS 0x0000000305c00000| PB 0x0000000305c00000| Complete 
|  85|0x0000000305d00000, 0x0000000305e00000, 0x0000000305e00000|100%|HC|  |TAMS 0x0000000305d00000| PB 0x0000000305d00000| Complete 
|  86|0x0000000305e00000, 0x0000000305f00000, 0x0000000305f00000|100%| O|  |TAMS 0x0000000305e00000| PB 0x0000000305e00000| Untracked 
|  87|0x0000000305f00000, 0x0000000306000000, 0x0000000306000000|100%| O|  |TAMS 0x0000000305f00000| PB 0x0000000305f00000| Untracked 
|  88|0x0000000306000000, 0x0000000306100000, 0x0000000306100000|100%| O|  |TAMS 0x0000000306000000| PB 0x0000000306000000| Untracked 
|  89|0x0000000306100000, 0x0000000306100000, 0x0000000306200000|  0%| F|  |TAMS 0x0000000306100000| PB 0x0000000306100000| Untracked 
|  90|0x0000000306200000, 0x0000000306200000, 0x0000000306300000|  0%| F|  |TAMS 0x0000000306200000| PB 0x0000000306200000| Untracked 
|  91|0x0000000306300000, 0x0000000306400000, 0x0000000306400000|100%| O|  |TAMS 0x0000000306300000| PB 0x0000000306300000| Untracked 
|  92|0x0000000306400000, 0x0000000306400000, 0x0000000306500000|  0%| F|  |TAMS 0x0000000306400000| PB 0x0000000306400000| Untracked 
|  93|0x0000000306500000, 0x0000000306500000, 0x0000000306600000|  0%| F|  |TAMS 0x0000000306500000| PB 0x0000000306500000| Untracked 
|  94|0x0000000306600000, 0x0000000306600000, 0x0000000306700000|  0%| F|  |TAMS 0x0000000306600000| PB 0x0000000306600000| Untracked 
|  95|0x0000000306700000, 0x0000000306700000, 0x0000000306800000|  0%| F|  |TAMS 0x0000000306700000| PB 0x0000000306700000| Untracked 
|  96|0x0000000306800000, 0x0000000306800000, 0x0000000306900000|  0%| F|  |TAMS 0x0000000306800000| PB 0x0000000306800000| Untracked 
|  97|0x0000000306900000, 0x0000000306900000, 0x0000000306a00000|  0%| F|  |TAMS 0x0000000306900000| PB 0x0000000306900000| Untracked 
|  98|0x0000000306a00000, 0x0000000306a00000, 0x0000000306b00000|  0%| F|  |TAMS 0x0000000306a00000| PB 0x0000000306a00000| Untracked 
|  99|0x0000000306b00000, 0x0000000306b00000, 0x0000000306c00000|  0%| F|  |TAMS 0x0000000306b00000| PB 0x0000000306b00000| Untracked 
| 100|0x0000000306c00000, 0x0000000306c00000, 0x0000000306d00000|  0%| F|  |TAMS 0x0000000306c00000| PB 0x0000000306c00000| Untracked 
| 101|0x0000000306d00000, 0x0000000306d00000, 0x0000000306e00000|  0%| F|  |TAMS 0x0000000306d00000| PB 0x0000000306d00000| Untracked 
| 102|0x0000000306e00000, 0x0000000306e00000, 0x0000000306f00000|  0%| F|  |TAMS 0x0000000306e00000| PB 0x0000000306e00000| Untracked 
| 103|0x0000000306f00000, 0x0000000306f00000, 0x0000000307000000|  0%| F|  |TAMS 0x0000000306f00000| PB 0x0000000306f00000| Untracked 
| 104|0x0000000307000000, 0x0000000307000000, 0x0000000307100000|  0%| F|  |TAMS 0x0000000307000000| PB 0x0000000307000000| Untracked 
| 105|0x0000000307100000, 0x00000003071ce368, 0x0000000307200000| 80%| S|CS|TAMS 0x0000000307100000| PB 0x0000000307100000| Complete 
| 106|0x0000000307200000, 0x0000000307300000, 0x0000000307300000|100%| S|CS|TAMS 0x0000000307200000| PB 0x0000000307200000| Complete 
| 107|0x0000000307300000, 0x0000000307300000, 0x0000000307400000|  0%| F|  |TAMS 0x0000000307300000| PB 0x0000000307300000| Untracked 
| 108|0x0000000307400000, 0x0000000307400000, 0x0000000307500000|  0%| F|  |TAMS 0x0000000307400000| PB 0x0000000307400000| Untracked 
| 109|0x0000000307500000, 0x0000000307500000, 0x0000000307600000|  0%| F|  |TAMS 0x0000000307500000| PB 0x0000000307500000| Untracked 
| 110|0x0000000307600000, 0x0000000307700000, 0x0000000307700000|100%| S|CS|TAMS 0x0000000307600000| PB 0x0000000307600000| Complete 
| 111|0x0000000307700000, 0x0000000307800000, 0x0000000307800000|100%| S|CS|TAMS 0x0000000307700000| PB 0x0000000307700000| Complete 
| 112|0x0000000307800000, 0x0000000307900000, 0x0000000307900000|100%| S|CS|TAMS 0x0000000307800000| PB 0x0000000307800000| Complete 
| 113|0x0000000307900000, 0x0000000307a00000, 0x0000000307a00000|100%| S|CS|TAMS 0x0000000307900000| PB 0x0000000307900000| Complete 
| 114|0x0000000307a00000, 0x0000000307a00000, 0x0000000307b00000|  0%| F|  |TAMS 0x0000000307a00000| PB 0x0000000307a00000| Untracked 
| 115|0x0000000307b00000, 0x0000000307b00000, 0x0000000307c00000|  0%| F|  |TAMS 0x0000000307b00000| PB 0x0000000307b00000| Untracked 
| 116|0x0000000307c00000, 0x0000000307c00000, 0x0000000307d00000|  0%| F|  |TAMS 0x0000000307c00000| PB 0x0000000307c00000| Untracked 
| 117|0x0000000307d00000, 0x0000000307d00000, 0x0000000307e00000|  0%| F|  |TAMS 0x0000000307d00000| PB 0x0000000307d00000| Untracked 
| 118|0x0000000307e00000, 0x0000000307e00000, 0x0000000307f00000|  0%| F|  |TAMS 0x0000000307e00000| PB 0x0000000307e00000| Untracked 
| 119|0x0000000307f00000, 0x0000000307f00000, 0x0000000308000000|  0%| F|  |TAMS 0x0000000307f00000| PB 0x0000000307f00000| Untracked 
| 120|0x0000000308000000, 0x0000000308000000, 0x0000000308100000|  0%| F|  |TAMS 0x0000000308000000| PB 0x0000000308000000| Untracked 
| 121|0x0000000308100000, 0x0000000308100000, 0x0000000308200000|  0%| F|  |TAMS 0x0000000308100000| PB 0x0000000308100000| Untracked 
| 122|0x0000000308200000, 0x0000000308200000, 0x0000000308300000|  0%| F|  |TAMS 0x0000000308200000| PB 0x0000000308200000| Untracked 
| 123|0x0000000308300000, 0x0000000308300000, 0x0000000308400000|  0%| F|  |TAMS 0x0000000308300000| PB 0x0000000308300000| Untracked 
| 124|0x0000000308400000, 0x0000000308400000, 0x0000000308500000|  0%| F|  |TAMS 0x0000000308400000| PB 0x0000000308400000| Untracked 
| 125|0x0000000308500000, 0x0000000308500000, 0x0000000308600000|  0%| F|  |TAMS 0x0000000308500000| PB 0x0000000308500000| Untracked 
| 126|0x0000000308600000, 0x0000000308600000, 0x0000000308700000|  0%| F|  |TAMS 0x0000000308600000| PB 0x0000000308600000| Untracked 
| 127|0x0000000308700000, 0x0000000308700000, 0x0000000308800000|  0%| F|  |TAMS 0x0000000308700000| PB 0x0000000308700000| Untracked 
| 128|0x0000000308800000, 0x0000000308800000, 0x0000000308900000|  0%| F|  |TAMS 0x0000000308800000| PB 0x0000000308800000| Untracked 
| 129|0x0000000308900000, 0x0000000308900000, 0x0000000308a00000|  0%| F|  |TAMS 0x0000000308900000| PB 0x0000000308900000| Untracked 
| 130|0x0000000308a00000, 0x0000000308a00000, 0x0000000308b00000|  0%| F|  |TAMS 0x0000000308a00000| PB 0x0000000308a00000| Untracked 
| 131|0x0000000308b00000, 0x0000000308b00000, 0x0000000308c00000|  0%| F|  |TAMS 0x0000000308b00000| PB 0x0000000308b00000| Untracked 
| 132|0x0000000308c00000, 0x0000000308c00000, 0x0000000308d00000|  0%| F|  |TAMS 0x0000000308c00000| PB 0x0000000308c00000| Untracked 
| 133|0x0000000308d00000, 0x0000000308d00000, 0x0000000308e00000|  0%| F|  |TAMS 0x0000000308d00000| PB 0x0000000308d00000| Untracked 
| 134|0x0000000308e00000, 0x0000000308e00000, 0x0000000308f00000|  0%| F|  |TAMS 0x0000000308e00000| PB 0x0000000308e00000| Untracked 
| 135|0x0000000308f00000, 0x0000000308f00000, 0x0000000309000000|  0%| F|  |TAMS 0x0000000308f00000| PB 0x0000000308f00000| Untracked 
| 136|0x0000000309000000, 0x0000000309000000, 0x0000000309100000|  0%| F|  |TAMS 0x0000000309000000| PB 0x0000000309000000| Untracked 
| 137|0x0000000309100000, 0x0000000309100000, 0x0000000309200000|  0%| F|  |TAMS 0x0000000309100000| PB 0x0000000309100000| Untracked 
| 138|0x0000000309200000, 0x0000000309200000, 0x0000000309300000|  0%| F|  |TAMS 0x0000000309200000| PB 0x0000000309200000| Untracked 
| 139|0x0000000309300000, 0x0000000309300000, 0x0000000309400000|  0%| F|  |TAMS 0x0000000309300000| PB 0x0000000309300000| Untracked 
| 140|0x0000000309400000, 0x0000000309400000, 0x0000000309500000|  0%| F|  |TAMS 0x0000000309400000| PB 0x0000000309400000| Untracked 
| 141|0x0000000309500000, 0x0000000309500000, 0x0000000309600000|  0%| F|  |TAMS 0x0000000309500000| PB 0x0000000309500000| Untracked 
| 142|0x0000000309600000, 0x0000000309600000, 0x0000000309700000|  0%| F|  |TAMS 0x0000000309600000| PB 0x0000000309600000| Untracked 
| 143|0x0000000309700000, 0x0000000309700000, 0x0000000309800000|  0%| F|  |TAMS 0x0000000309700000| PB 0x0000000309700000| Untracked 
| 144|0x0000000309800000, 0x0000000309800000, 0x0000000309900000|  0%| F|  |TAMS 0x0000000309800000| PB 0x0000000309800000| Untracked 
| 145|0x0000000309900000, 0x0000000309900000, 0x0000000309a00000|  0%| F|  |TAMS 0x0000000309900000| PB 0x0000000309900000| Untracked 
| 146|0x0000000309a00000, 0x0000000309a00000, 0x0000000309b00000|  0%| F|  |TAMS 0x0000000309a00000| PB 0x0000000309a00000| Untracked 
| 147|0x0000000309b00000, 0x0000000309b00000, 0x0000000309c00000|  0%| F|  |TAMS 0x0000000309b00000| PB 0x0000000309b00000| Untracked 
| 148|0x0000000309c00000, 0x0000000309c00000, 0x0000000309d00000|  0%| F|  |TAMS 0x0000000309c00000| PB 0x0000000309c00000| Untracked 
| 149|0x0000000309d00000, 0x0000000309d00000, 0x0000000309e00000|  0%| F|  |TAMS 0x0000000309d00000| PB 0x0000000309d00000| Untracked 
| 150|0x0000000309e00000, 0x0000000309e00000, 0x0000000309f00000|  0%| F|  |TAMS 0x0000000309e00000| PB 0x0000000309e00000| Untracked 
| 151|0x0000000309f00000, 0x0000000309f00000, 0x000000030a000000|  0%| F|  |TAMS 0x0000000309f00000| PB 0x0000000309f00000| Untracked 
| 152|0x000000030a000000, 0x000000030a000000, 0x000000030a100000|  0%| F|  |TAMS 0x000000030a000000| PB 0x000000030a000000| Untracked 
| 153|0x000000030a100000, 0x000000030a100000, 0x000000030a200000|  0%| F|  |TAMS 0x000000030a100000| PB 0x000000030a100000| Untracked 
| 154|0x000000030a200000, 0x000000030a200000, 0x000000030a300000|  0%| F|  |TAMS 0x000000030a200000| PB 0x000000030a200000| Untracked 
| 155|0x000000030a300000, 0x000000030a300000, 0x000000030a400000|  0%| F|  |TAMS 0x000000030a300000| PB 0x000000030a300000| Untracked 
| 156|0x000000030a400000, 0x000000030a400000, 0x000000030a500000|  0%| F|  |TAMS 0x000000030a400000| PB 0x000000030a400000| Untracked 
| 157|0x000000030a500000, 0x000000030a500000, 0x000000030a600000|  0%| F|  |TAMS 0x000000030a500000| PB 0x000000030a500000| Untracked 
| 158|0x000000030a600000, 0x000000030a600000, 0x000000030a700000|  0%| F|  |TAMS 0x000000030a600000| PB 0x000000030a600000| Untracked 
| 159|0x000000030a700000, 0x000000030a700000, 0x000000030a800000|  0%| F|  |TAMS 0x000000030a700000| PB 0x000000030a700000| Untracked 
| 160|0x000000030a800000, 0x000000030a800000, 0x000000030a900000|  0%| F|  |TAMS 0x000000030a800000| PB 0x000000030a800000| Untracked 
| 161|0x000000030a900000, 0x000000030a900000, 0x000000030aa00000|  0%| F|  |TAMS 0x000000030a900000| PB 0x000000030a900000| Untracked 
| 162|0x000000030aa00000, 0x000000030aa00000, 0x000000030ab00000|  0%| F|  |TAMS 0x000000030aa00000| PB 0x000000030aa00000| Untracked 
| 163|0x000000030ab00000, 0x000000030ab00000, 0x000000030ac00000|  0%| F|  |TAMS 0x000000030ab00000| PB 0x000000030ab00000| Untracked 
| 164|0x000000030ac00000, 0x000000030ac00000, 0x000000030ad00000|  0%| F|  |TAMS 0x000000030ac00000| PB 0x000000030ac00000| Untracked 
| 165|0x000000030ad00000, 0x000000030ad00000, 0x000000030ae00000|  0%| F|  |TAMS 0x000000030ad00000| PB 0x000000030ad00000| Untracked 
| 166|0x000000030ae00000, 0x000000030ae00000, 0x000000030af00000|  0%| F|  |TAMS 0x000000030ae00000| PB 0x000000030ae00000| Untracked 
| 167|0x000000030af00000, 0x000000030af00000, 0x000000030b000000|  0%| F|  |TAMS 0x000000030af00000| PB 0x000000030af00000| Untracked 
| 168|0x000000030b000000, 0x000000030b000000, 0x000000030b100000|  0%| F|  |TAMS 0x000000030b000000| PB 0x000000030b000000| Untracked 
| 169|0x000000030b100000, 0x000000030b100000, 0x000000030b200000|  0%| F|  |TAMS 0x000000030b100000| PB 0x000000030b100000| Untracked 
| 170|0x000000030b200000, 0x000000030b200000, 0x000000030b300000|  0%| F|  |TAMS 0x000000030b200000| PB 0x000000030b200000| Untracked 
| 171|0x000000030b300000, 0x000000030b300000, 0x000000030b400000|  0%| F|  |TAMS 0x000000030b300000| PB 0x000000030b300000| Untracked 
| 172|0x000000030b400000, 0x000000030b400000, 0x000000030b500000|  0%| F|  |TAMS 0x000000030b400000| PB 0x000000030b400000| Untracked 
| 173|0x000000030b500000, 0x000000030b500000, 0x000000030b600000|  0%| F|  |TAMS 0x000000030b500000| PB 0x000000030b500000| Untracked 
| 174|0x000000030b600000, 0x000000030b600000, 0x000000030b700000|  0%| F|  |TAMS 0x000000030b600000| PB 0x000000030b600000| Untracked 
| 175|0x000000030b700000, 0x000000030b700000, 0x000000030b800000|  0%| F|  |TAMS 0x000000030b700000| PB 0x000000030b700000| Untracked 
| 176|0x000000030b800000, 0x000000030b800000, 0x000000030b900000|  0%| F|  |TAMS 0x000000030b800000| PB 0x000000030b800000| Untracked 
| 177|0x000000030b900000, 0x000000030b900000, 0x000000030ba00000|  0%| F|  |TAMS 0x000000030b900000| PB 0x000000030b900000| Untracked 
| 178|0x000000030ba00000, 0x000000030ba00000, 0x000000030bb00000|  0%| F|  |TAMS 0x000000030ba00000| PB 0x000000030ba00000| Untracked 
| 179|0x000000030bb00000, 0x000000030bb00000, 0x000000030bc00000|  0%| F|  |TAMS 0x000000030bb00000| PB 0x000000030bb00000| Untracked 
| 180|0x000000030bc00000, 0x000000030bc00000, 0x000000030bd00000|  0%| F|  |TAMS 0x000000030bc00000| PB 0x000000030bc00000| Untracked 
| 181|0x000000030bd00000, 0x000000030bd00000, 0x000000030be00000|  0%| F|  |TAMS 0x000000030bd00000| PB 0x000000030bd00000| Untracked 
| 182|0x000000030be00000, 0x000000030be00000, 0x000000030bf00000|  0%| F|  |TAMS 0x000000030be00000| PB 0x000000030be00000| Untracked 
| 183|0x000000030bf00000, 0x000000030bf00000, 0x000000030c000000|  0%| F|  |TAMS 0x000000030bf00000| PB 0x000000030bf00000| Untracked 
| 184|0x000000030c000000, 0x000000030c000000, 0x000000030c100000|  0%| F|  |TAMS 0x000000030c000000| PB 0x000000030c000000| Untracked 
| 185|0x000000030c100000, 0x000000030c100000, 0x000000030c200000|  0%| F|  |TAMS 0x000000030c100000| PB 0x000000030c100000| Untracked 
| 186|0x000000030c200000, 0x000000030c200000, 0x000000030c300000|  0%| F|  |TAMS 0x000000030c200000| PB 0x000000030c200000| Untracked 
| 187|0x000000030c300000, 0x000000030c300000, 0x000000030c400000|  0%| F|  |TAMS 0x000000030c300000| PB 0x000000030c300000| Untracked 
| 188|0x000000030c400000, 0x000000030c400000, 0x000000030c500000|  0%| F|  |TAMS 0x000000030c400000| PB 0x000000030c400000| Untracked 
| 189|0x000000030c500000, 0x000000030c500000, 0x000000030c600000|  0%| F|  |TAMS 0x000000030c500000| PB 0x000000030c500000| Untracked 
| 190|0x000000030c600000, 0x000000030c600000, 0x000000030c700000|  0%| F|  |TAMS 0x000000030c600000| PB 0x000000030c600000| Untracked 
| 191|0x000000030c700000, 0x000000030c700000, 0x000000030c800000|  0%| F|  |TAMS 0x000000030c700000| PB 0x000000030c700000| Untracked 
| 192|0x000000030c800000, 0x000000030c800000, 0x000000030c900000|  0%| F|  |TAMS 0x000000030c800000| PB 0x000000030c800000| Untracked 
| 193|0x000000030c900000, 0x000000030c900000, 0x000000030ca00000|  0%| F|  |TAMS 0x000000030c900000| PB 0x000000030c900000| Untracked 
| 194|0x000000030ca00000, 0x000000030ca00000, 0x000000030cb00000|  0%| F|  |TAMS 0x000000030ca00000| PB 0x000000030ca00000| Untracked 
| 195|0x000000030cb00000, 0x000000030cb00000, 0x000000030cc00000|  0%| F|  |TAMS 0x000000030cb00000| PB 0x000000030cb00000| Untracked 
| 196|0x000000030cc00000, 0x000000030cc00000, 0x000000030cd00000|  0%| F|  |TAMS 0x000000030cc00000| PB 0x000000030cc00000| Untracked 
| 197|0x000000030cd00000, 0x000000030cd00000, 0x000000030ce00000|  0%| F|  |TAMS 0x000000030cd00000| PB 0x000000030cd00000| Untracked 
| 198|0x000000030ce00000, 0x000000030ce00000, 0x000000030cf00000|  0%| F|  |TAMS 0x000000030ce00000| PB 0x000000030ce00000| Untracked 
| 199|0x000000030cf00000, 0x000000030cf00000, 0x000000030d000000|  0%| F|  |TAMS 0x000000030cf00000| PB 0x000000030cf00000| Untracked 
| 200|0x000000030d000000, 0x000000030d000000, 0x000000030d100000|  0%| F|  |TAMS 0x000000030d000000| PB 0x000000030d000000| Untracked 
| 201|0x000000030d100000, 0x000000030d100000, 0x000000030d200000|  0%| F|  |TAMS 0x000000030d100000| PB 0x000000030d100000| Untracked 
| 202|0x000000030d200000, 0x000000030d200000, 0x000000030d300000|  0%| F|  |TAMS 0x000000030d200000| PB 0x000000030d200000| Untracked 
| 203|0x000000030d300000, 0x000000030d300000, 0x000000030d400000|  0%| F|  |TAMS 0x000000030d300000| PB 0x000000030d300000| Untracked 
| 204|0x000000030d400000, 0x000000030d400000, 0x000000030d500000|  0%| F|  |TAMS 0x000000030d400000| PB 0x000000030d400000| Untracked 
| 205|0x000000030d500000, 0x000000030d501960, 0x000000030d600000|  0%| E|  |TAMS 0x000000030d500000| PB 0x000000030d500000| Complete 
| 206|0x000000030d600000, 0x000000030d700000, 0x000000030d700000|100%| E|CS|TAMS 0x000000030d600000| PB 0x000000030d600000| Complete 
| 207|0x000000030d700000, 0x000000030d800000, 0x000000030d800000|100%| E|CS|TAMS 0x000000030d700000| PB 0x000000030d700000| Complete 
| 208|0x000000030d800000, 0x000000030d900000, 0x000000030d900000|100%| E|CS|TAMS 0x000000030d800000| PB 0x000000030d800000| Complete 
| 209|0x000000030d900000, 0x000000030da00000, 0x000000030da00000|100%| E|CS|TAMS 0x000000030d900000| PB 0x000000030d900000| Complete 
| 210|0x000000030da00000, 0x000000030db00000, 0x000000030db00000|100%| E|CS|TAMS 0x000000030da00000| PB 0x000000030da00000| Complete 
| 211|0x000000030db00000, 0x000000030dc00000, 0x000000030dc00000|100%| E|CS|TAMS 0x000000030db00000| PB 0x000000030db00000| Complete 
| 212|0x000000030dc00000, 0x000000030dd00000, 0x000000030dd00000|100%| E|CS|TAMS 0x000000030dc00000| PB 0x000000030dc00000| Complete 
| 213|0x000000030dd00000, 0x000000030de00000, 0x000000030de00000|100%| E|CS|TAMS 0x000000030dd00000| PB 0x000000030dd00000| Complete 
| 214|0x000000030de00000, 0x000000030df00000, 0x000000030df00000|100%| E|CS|TAMS 0x000000030de00000| PB 0x000000030de00000| Complete 
| 215|0x000000030df00000, 0x000000030e000000, 0x000000030e000000|100%| E|CS|TAMS 0x000000030df00000| PB 0x000000030df00000| Complete 
| 216|0x000000030e000000, 0x000000030e100000, 0x000000030e100000|100%| E|CS|TAMS 0x000000030e000000| PB 0x000000030e000000| Complete 
| 217|0x000000030e100000, 0x000000030e200000, 0x000000030e200000|100%| E|CS|TAMS 0x000000030e100000| PB 0x000000030e100000| Complete 
| 218|0x000000030e200000, 0x000000030e300000, 0x000000030e300000|100%| E|CS|TAMS 0x000000030e200000| PB 0x000000030e200000| Complete 
| 219|0x000000030e300000, 0x000000030e400000, 0x000000030e400000|100%| E|CS|TAMS 0x000000030e300000| PB 0x000000030e300000| Complete 
| 220|0x000000030e400000, 0x000000030e500000, 0x000000030e500000|100%| E|CS|TAMS 0x000000030e400000| PB 0x000000030e400000| Complete 
| 221|0x000000030e500000, 0x000000030e600000, 0x000000030e600000|100%| E|CS|TAMS 0x000000030e500000| PB 0x000000030e500000| Complete 
| 222|0x000000030e600000, 0x000000030e700000, 0x000000030e700000|100%| E|CS|TAMS 0x000000030e600000| PB 0x000000030e600000| Complete 
|2046|0x0000000380600000, 0x0000000380700000, 0x0000000380700000|100%| O|  |TAMS 0x0000000380600000| PB 0x0000000380600000| Untracked 
|2047|0x0000000380700000, 0x0000000380800000, 0x0000000380800000|100%| E|CS|TAMS 0x0000000380700000| PB 0x0000000380700000| Complete 

Card table byte_map: [0x0000000105150000,0x0000000105550000] _byte_map_base: 0x000000010394c000

Marking Bits: (CMBitMap*) 0x0000000a28c28a10
 Bits: [0x000000011e4c0000, 0x00000001204c0000)

Polling page: 0x00000001000a0000

Metaspace:

Usage:
  Non-class:     98.09 MB used.
      Class:     12.58 MB used.
       Both:    110.67 MB used.

Virtual space:
  Non-class space:      128.00 MB reserved,      99.50 MB ( 78%) committed,  2 nodes.
      Class space:        1.00 GB reserved,      13.62 MB (  1%) committed,  1 nodes.
             Both:        1.12 GB reserved,     113.12 MB ( 10%) committed. 

Chunk freelists:
   Non-Class:  11.94 MB
       Class:  2.19 MB
        Both:  14.12 MB

MaxMetaspaceSize: unlimited
CompressedClassSpaceSize: 1.00 GB
Initial GC threshold: 21.00 MB
Current GC threshold: 188.56 MB
CDS: on
 - commit_granule_bytes: 65536.
 - commit_granule_words: 8192.
 - virtual_space_node_default_size: 8388608.
 - enlarge_chunks_in_place: 1.
 - use_allocation_guard: 0.


Internal statistics:

num_allocs_failed_limit: 21.
num_arena_births: 1656.
num_arena_deaths: 0.
num_vsnodes_births: 3.
num_vsnodes_deaths: 0.
num_space_committed: 1804.
num_space_uncommitted: 0.
num_chunks_returned_to_freelist: 21.
num_chunks_taken_from_freelist: 6445.
num_chunk_merges: 21.
num_chunk_splits: 4038.
num_chunks_enlarged: 2349.
num_inconsistent_stats: 0.

CodeHeap 'non-profiled nmethods': size=120032Kb used=7448Kb max_used=8553Kb free=112583Kb
 bounds [0x0000000116f88000, 0x00000001178a8000, 0x000000011e4c0000]
CodeHeap 'profiled nmethods': size=120016Kb used=8099Kb max_used=29808Kb free=111916Kb
 bounds [0x000000010f4c0000, 0x00000001111e0000, 0x00000001169f4000]
CodeHeap 'non-nmethods': size=5712Kb used=2017Kb max_used=2132Kb free=3694Kb
 bounds [0x00000001169f4000, 0x0000000116c64000, 0x0000000116f88000]
CodeCache: size=245760Kb, used=17564Kb, max_used=40493Kb, free=228193Kb
 total_blobs=5228, nmethods=4039, adapters=1095, full_count=0
Compilation: enabled, stopped_count=0, restarted_count=0

Compilation events (20 events):
Event: 443.589 Thread 0x00000001007b7960 26044       3       org.eclipse.swt.internal.cocoa.NSView::setNeedsDisplayInRect (13 bytes)
Event: 443.589 Thread 0x00000001007b7960 nmethod 26044 0x000000010fca9b10 code [0x000000010fca9cc0, 0x000000010fca9e50]
Event: 443.589 Thread 0x00000001007b7960 26045       3       org.jkiss.dbeaver.tools.transfer.registry.DataTransferNodeDescriptor::getNodeClass (10 bytes)
Event: 443.589 Thread 0x00000001007b7960 nmethod 26045 0x000000010fb6b510 code [0x000000010fb6b6c0, 0x000000010fb6b858]
Event: 443.589 Thread 0x00000001007b7960 26040       3       java.util.EnumSet::of (16 bytes)
Event: 443.589 Thread 0x00000001007b7960 nmethod 26040 0x00000001100fc910 code [0x00000001100fcb00, 0x00000001100fce60]
Event: 443.589 Thread 0x00000001007b7960 26047       1       java.util.stream.Collectors$CollectorImpl::finisher (5 bytes)
Event: 443.589 Thread 0x00000001007b7960 nmethod 26047 0x0000000117271c10 code [0x0000000117271d80, 0x0000000117271e28]
Event: 443.589 Thread 0x00000001007b7960 26049       1       org.eclipse.osgi.container.ModuleRequirement::getDirectives (5 bytes)
Event: 443.589 Thread 0x00000001007b7960 nmethod 26049 0x00000001172b6c10 code [0x00000001172b6d80, 0x00000001172b6e28]
Event: 443.589 Thread 0x00000001007b7960 26048       1       org.eclipse.osgi.container.ModuleWire::getRequirement (5 bytes)
Event: 443.589 Thread 0x00000001007b7960 nmethod 26048 0x00000001172bdc10 code [0x00000001172bdd80, 0x00000001172bde28]
Event: 443.589 Thread 0x00000001007b7960 26054       1       java.util.Collections$EmptyList::contains (2 bytes)
Event: 443.589 Thread 0x00000001007b7960 nmethod 26054 0x00000001172c8f10 code [0x00000001172c9080, 0x00000001172c9158]
Event: 443.589 Thread 0x00000001007b7960 26053       1       org.eclipse.osgi.container.ModuleRevisions::getContainer (5 bytes)
Event: 443.589 Thread 0x00000001007b7960 nmethod 26053 0x00000001172cc110 code [0x00000001172cc280, 0x00000001172cc328]
Event: 443.590 Thread 0x00000001007b7960 26056       2       org.eclipse.swt.widgets.Display::GetWidget (91 bytes)
Event: 443.591 Thread 0x00000001007b7960 nmethod 26056 0x0000000110acaf10 code [0x0000000110acb100, 0x0000000110acb4e8]
Event: 443.591 Thread 0x00000001007b7960 26057       2       org.eclipse.swt.internal.cocoa.NSView::superview (43 bytes)
Event: 443.591 Thread 0x00000001007b7960 nmethod 26057 0x000000010f929a10 code [0x000000010f929bc0, 0x000000010f929df0]

GC Heap History (20 events):
Event: 398.723 GC heap before
{Heap before GC invocations=91 (full 0):
 garbage-first heap   total 230400K, used 206919K [0x0000000300800000, 0x0000000380800000)
  region size 1024K, 117 young (119808K), 9 survivors (9216K)
 Metaspace       used 113312K, committed 115840K, reserved 1179648K
  class space    used 12883K, committed 13952K, reserved 1048576K
}
Event: 398.729 GC heap after
{Heap after GC invocations=92 (full 0):
 garbage-first heap   total 230400K, used 97323K [0x0000000300800000, 0x0000000380800000)
  region size 1024K, 9 young (9216K), 9 survivors (9216K)
 Metaspace       used 113312K, committed 115840K, reserved 1179648K
  class space    used 12883K, committed 13952K, reserved 1048576K
}
Event: 418.866 GC heap before
{Heap before GC invocations=92 (full 0):
 garbage-first heap   total 230400K, used 201771K [0x0000000300800000, 0x0000000380800000)
  region size 1024K, 113 young (115712K), 9 survivors (9216K)
 Metaspace       used 113314K, committed 115840K, reserved 1179648K
  class space    used 12883K, committed 13952K, reserved 1048576K
}
Event: 418.870 GC heap after
{Heap after GC invocations=93 (full 0):
 garbage-first heap   total 230400K, used 98219K [0x0000000300800000, 0x0000000380800000)
  region size 1024K, 9 young (9216K), 9 survivors (9216K)
 Metaspace       used 113314K, committed 115840K, reserved 1179648K
  class space    used 12883K, committed 13952K, reserved 1048576K
}
Event: 442.464 GC heap before
{Heap before GC invocations=94 (full 0):
 garbage-first heap   total 230400K, used 212907K [0x0000000300800000, 0x0000000380800000)
  region size 1024K, 116 young (118784K), 9 survivors (9216K)
 Metaspace       used 113325K, committed 115840K, reserved 1179648K
  class space    used 12884K, committed 13952K, reserved 1048576K
}
Event: 442.466 GC heap after
{Heap after GC invocations=95 (full 0):
 garbage-first heap   total 230400K, used 98462K [0x0000000300800000, 0x0000000380800000)
  region size 1024K, 9 young (9216K), 9 survivors (9216K)
 Metaspace       used 113325K, committed 115840K, reserved 1179648K
  class space    used 12884K, committed 13952K, reserved 1048576K
}
Event: 442.635 GC heap before
{Heap before GC invocations=95 (full 0):
 garbage-first heap   total 230400K, used 208030K [0x0000000300800000, 0x0000000380800000)
  region size 1024K, 116 young (118784K), 9 survivors (9216K)
 Metaspace       used 113326K, committed 115840K, reserved 1179648K
  class space    used 12884K, committed 13952K, reserved 1048576K
}
Event: 442.637 GC heap after
{Heap after GC invocations=96 (full 0):
 garbage-first heap   total 230400K, used 98563K [0x0000000300800000, 0x0000000380800000)
  region size 1024K, 9 young (9216K), 9 survivors (9216K)
 Metaspace       used 113326K, committed 115840K, reserved 1179648K
  class space    used 12884K, committed 13952K, reserved 1048576K
}
Event: 442.784 GC heap before
{Heap before GC invocations=96 (full 0):
 garbage-first heap   total 230400K, used 208131K [0x0000000300800000, 0x0000000380800000)
  region size 1024K, 116 young (118784K), 9 survivors (9216K)
 Metaspace       used 113326K, committed 115840K, reserved 1179648K
  class space    used 12884K, committed 13952K, reserved 1048576K
}
Event: 442.785 GC heap after
{Heap after GC invocations=97 (full 0):
 garbage-first heap   total 230400K, used 98326K [0x0000000300800000, 0x0000000380800000)
  region size 1024K, 8 young (8192K), 8 survivors (8192K)
 Metaspace       used 113326K, committed 115840K, reserved 1179648K
  class space    used 12884K, committed 13952K, reserved 1048576K
}
Event: 442.949 GC heap before
{Heap before GC invocations=98 (full 0):
 garbage-first heap   total 230400K, used 208918K [0x0000000300800000, 0x0000000380800000)
  region size 1024K, 116 young (118784K), 8 survivors (8192K)
 Metaspace       used 113326K, committed 115840K, reserved 1179648K
  class space    used 12884K, committed 13952K, reserved 1048576K
}
Event: 442.951 GC heap after
{Heap after GC invocations=99 (full 0):
 garbage-first heap   total 230400K, used 98054K [0x0000000300800000, 0x0000000380800000)
  region size 1024K, 6 young (6144K), 6 survivors (6144K)
 Metaspace       used 113326K, committed 115840K, reserved 1179648K
  class space    used 12884K, committed 13952K, reserved 1048576K
}
Event: 443.093 GC heap before
{Heap before GC invocations=99 (full 0):
 garbage-first heap   total 230400K, used 211718K [0x0000000300800000, 0x0000000380800000)
  region size 1024K, 117 young (119808K), 6 survivors (6144K)
 Metaspace       used 113326K, committed 115840K, reserved 1179648K
  class space    used 12884K, committed 13952K, reserved 1048576K
}
Event: 443.094 GC heap after
{Heap after GC invocations=100 (full 0):
 garbage-first heap   total 230400K, used 98223K [0x0000000300800000, 0x0000000380800000)
  region size 1024K, 6 young (6144K), 6 survivors (6144K)
 Metaspace       used 113326K, committed 115840K, reserved 1179648K
  class space    used 12884K, committed 13952K, reserved 1048576K
}
Event: 443.249 GC heap before
{Heap before GC invocations=100 (full 0):
 garbage-first heap   total 230400K, used 211887K [0x0000000300800000, 0x0000000380800000)
  region size 1024K, 117 young (119808K), 6 survivors (6144K)
 Metaspace       used 113326K, committed 115840K, reserved 1179648K
  class space    used 12884K, committed 13952K, reserved 1048576K
}
Event: 443.250 GC heap after
{Heap after GC invocations=101 (full 0):
 garbage-first heap   total 230400K, used 97986K [0x0000000300800000, 0x0000000380800000)
  region size 1024K, 6 young (6144K), 6 survivors (6144K)
 Metaspace       used 113326K, committed 115840K, reserved 1179648K
  class space    used 12884K, committed 13952K, reserved 1048576K
}
Event: 443.416 GC heap before
{Heap before GC invocations=102 (full 0):
 garbage-first heap   total 230400K, used 211650K [0x0000000300800000, 0x0000000380800000)
  region size 1024K, 117 young (119808K), 6 survivors (6144K)
 Metaspace       used 113326K, committed 115840K, reserved 1179648K
  class space    used 12884K, committed 13952K, reserved 1048576K
}
Event: 443.417 GC heap after
{Heap after GC invocations=103 (full 0):
 garbage-first heap   total 230400K, used 98126K [0x0000000300800000, 0x0000000380800000)
  region size 1024K, 6 young (6144K), 6 survivors (6144K)
 Metaspace       used 113326K, committed 115840K, reserved 1179648K
  class space    used 12884K, committed 13952K, reserved 1048576K
}
Event: 443.559 GC heap before
{Heap before GC invocations=103 (full 0):
 garbage-first heap   total 230400K, used 210766K [0x0000000300800000, 0x0000000380800000)
  region size 1024K, 116 young (118784K), 6 survivors (6144K)
 Metaspace       used 113326K, committed 115840K, reserved 1179648K
  class space    used 12884K, committed 13952K, reserved 1048576K
}
Event: 443.560 GC heap after
{Heap after GC invocations=104 (full 0):
 garbage-first heap   total 230400K, used 98018K [0x0000000300800000, 0x0000000380800000)
  region size 1024K, 6 young (6144K), 6 survivors (6144K)
 Metaspace       used 113326K, committed 115840K, reserved 1179648K
  class space    used 12884K, committed 13952K, reserved 1048576K
}

Dll operation events (20 events):
Event: 0.006 Loaded shared library /Library/Java/JavaVirtualMachines/temurin-21.jdk/Contents/Home/lib/libzip.dylib
Event: 0.042 Loaded shared library /Library/Java/JavaVirtualMachines/temurin-21.jdk/Contents/Home/lib/libinstrument.dylib
Event: 0.067 Loaded shared library /Library/Java/JavaVirtualMachines/temurin-21.jdk/Contents/Home/lib/libnio.dylib
Event: 0.071 Loaded shared library /Library/Java/JavaVirtualMachines/temurin-21.jdk/Contents/Home/lib/libzip.dylib
Event: 0.073 Loaded shared library /Library/Java/JavaVirtualMachines/temurin-21.jdk/Contents/Home/lib/libverify.dylib
Event: 0.080 Loaded shared library /Library/Java/JavaVirtualMachines/temurin-21.jdk/Contents/Home/lib/libawt.dylib
Event: 0.081 Loaded shared library /Library/Java/JavaVirtualMachines/temurin-21.jdk/Contents/Home/lib/libawt_lwawt.dylib
Event: 0.091 Loaded shared library /Library/Java/JavaVirtualMachines/temurin-21.jdk/Contents/Home/lib/libnet.dylib
Event: 0.099 Loaded shared library /Library/Java/JavaVirtualMachines/temurin-21.jdk/Contents/Home/lib/libjimage.dylib
Event: 0.194 Loaded shared library /Library/Java/JavaVirtualMachines/temurin-21.jdk/Contents/Home/lib/libextnet.dylib
Event: 1.186 Loaded shared library /Users/labanovichttps/Documents/projects/dbeaver-workspace/products/DBeaverUltimate.product/org.eclipse.osgi/60/0/.cp/libswt-cocoa-4970r5.jnilib
Event: 1.224 Loaded shared library /Users/labanovichttps/Documents/projects/dbeaver-workspace/products/DBeaverUltimate.product/org.eclipse.osgi/60/0/.cp/libswt-pi-cocoa-4970r5.jnilib
Event: 1.712 Loaded shared library /Users/labanovichttps/Documents/projects/dbeaver-workspace/products/DBeaverUltimate.product/org.eclipse.osgi/90/0/.cp/os/macosx/libunixfile_1_0_0.jnilib
Event: 1.760 Loaded shared library /Library/Java/JavaVirtualMachines/temurin-21.jdk/Contents/Home/lib/libjaas.dylib
Event: 1.832 Loaded shared library /Users/labanovichttps/Documents/projects/dbeaver-workspace/products/DBeaverUltimate.product/org.eclipse.osgi/288/0/.cp/libkeystoreNative.jnilib
Event: 2.346 Loaded shared library /Library/Java/JavaVirtualMachines/temurin-21.jdk/Contents/Home/lib/libfontmanager.dylib
Event: 2.994 Loaded shared library /Library/Java/JavaVirtualMachines/temurin-21.jdk/Contents/Home/lib/libmlib_image.dylib
Event: 3.049 Loaded shared library /Library/Java/JavaVirtualMachines/temurin-21.jdk/Contents/Home/lib/libmanagement.dylib
Event: 3.057 Loaded shared library /Library/Java/JavaVirtualMachines/temurin-21.jdk/Contents/Home/lib/libmanagement_ext.dylib
Event: 4.734 Loaded shared library /Library/Java/JavaVirtualMachines/temurin-21.jdk/Contents/Home/lib/libprefs.dylib

Deoptimization events (20 events):
Event: 430.941 Thread 0x0000000a26378700 DEOPT PACKING pc=0x00000001109e5e88 sp=0x00000003aa6426c0
Event: 430.941 Thread 0x0000000a26378700 DEOPT UNPACKING pc=0x0000000116a36e7c sp=0x00000003aa642430 mode 1
Event: 430.941 Thread 0x0000000a26378700 DEOPT PACKING pc=0x000000010fe34b78 sp=0x00000003aa6427e0
Event: 430.941 Thread 0x0000000a26378700 DEOPT UNPACKING pc=0x0000000116a36e7c sp=0x00000003aa6424a0 mode 1
Event: 430.944 Thread 0x000000010079b3e0 Uncommon trap: trap_request=0xffffff45 fr.pc=0x000000011720326c relative=0x0000000000002b2c
Event: 430.944 Thread 0x000000010079b3e0 Uncommon trap: reason=unstable_if action=reinterpret pc=0x000000011720326c method=org.eclipse.swt.widgets.TreeItem.setExpanded(Z)V @ 8 c2
Event: 430.944 Thread 0x000000010079b3e0 DEOPT PACKING pc=0x000000011720326c sp=0x000000016fd8c2a0
Event: 430.944 Thread 0x000000010079b3e0 DEOPT UNPACKING pc=0x0000000116a3701c sp=0x000000016fd8c190 mode 2
Event: 441.668 Thread 0x0000000a232a6300 Uncommon trap: trap_request=0xffffff45 fr.pc=0x000000011744950c relative=0x0000000000000bcc
Event: 441.668 Thread 0x0000000a232a6300 Uncommon trap: reason=unstable_if action=reinterpret pc=0x000000011744950c method=org.h2.mvstore.Chunk.isEvacuatable()Z @ 4 c2
Event: 441.668 Thread 0x0000000a232a6300 DEOPT PACKING pc=0x000000011744950c sp=0x0000000175e72860
Event: 441.668 Thread 0x0000000a232a6300 DEOPT UNPACKING pc=0x0000000116a3701c sp=0x0000000175e726e0 mode 2
Event: 441.723 Thread 0x0000000a232a6300 Uncommon trap: trap_request=0xffffff45 fr.pc=0x000000011769c14c relative=0x000000000000010c
Event: 441.723 Thread 0x0000000a232a6300 Uncommon trap: reason=unstable_if action=reinterpret pc=0x000000011769c14c method=org.h2.mvstore.Chunk.isEvacuatable()Z @ 4 c2
Event: 441.723 Thread 0x0000000a232a6300 DEOPT PACKING pc=0x000000011769c14c sp=0x0000000175e727d0
Event: 441.723 Thread 0x0000000a232a6300 DEOPT UNPACKING pc=0x0000000116a3701c sp=0x0000000175e726c0 mode 2
Event: 443.590 Thread 0x000000010079b3e0 Uncommon trap: trap_request=0xffffffc6 fr.pc=0x0000000117684e4c relative=0x000000000000138c
Event: 443.590 Thread 0x000000010079b3e0 Uncommon trap: reason=bimorphic_or_optimized_type_check action=maybe_recompile pc=0x0000000117684e4c method=org.eclipse.swt.widgets.Display.windowProc(JJ)J @ 657 c2
Event: 443.590 Thread 0x000000010079b3e0 DEOPT PACKING pc=0x0000000117684e4c sp=0x000000016fd8ce00
Event: 443.590 Thread 0x000000010079b3e0 DEOPT UNPACKING pc=0x0000000116a3701c sp=0x000000016fd8cdc0 mode 2

Classes loaded (20 events):
Event: 323.338 Loading class org/jkiss/dbeaver/tools/transfer/DataTransferPipe
Event: 323.338 Loading class org/jkiss/dbeaver/tools/transfer/DataTransferPipe done
Event: 323.338 Loading class org/jkiss/dbeaver/tools/transfer/DataTransferPipe
Event: 323.338 Loading class org/jkiss/dbeaver/tools/transfer/DataTransferPipe done
Event: 323.340 Loading class org/eclipse/jface/operation/AccumulatingProgressMonitor
Event: 323.340 Loading class org/eclipse/jface/operation/AccumulatingProgressMonitor done
Event: 323.582 Loading class org/jkiss/dbeaver/tools/transfer/ui/pages/database/DatabaseConsumerPageMapping
Event: 323.582 Loading class org/jkiss/dbeaver/tools/transfer/ui/pages/database/DatabaseConsumerPageMapping done
Event: 330.303 Loading class org/jkiss/dbeaver/model/struct/DBSObject
Event: 330.303 Loading class org/jkiss/dbeaver/model/struct/DBSObject done
Event: 330.303 Loading class org/jkiss/dbeaver/model/struct/DBSObject
Event: 330.303 Loading class org/jkiss/dbeaver/model/struct/DBSObject done
Event: 390.723 Loading class org/h2/table/TableType
Event: 390.723 Loading class org/h2/table/TableType done
Event: 390.725 Loading class org/h2/command/ddl/Analyze$SelectivityData
Event: 390.725 Loading class org/h2/command/ddl/Analyze$SelectivityData done
Event: 442.421 Loading class org/eclipse/jface/operation/AccumulatingProgressMonitor
Event: 442.421 Loading class org/eclipse/jface/operation/AccumulatingProgressMonitor done
Event: 442.421 Loading class org/jkiss/dbeaver/tools/transfer/DataTransferPipe
Event: 442.421 Loading class org/jkiss/dbeaver/tools/transfer/DataTransferPipe done

Classes unloaded (0 events):
No events

Classes redefined (1 events):
Event: 0.058 Thread 0x0000000a28c6a000 redefined class name=java.lang.Throwable, count=1

Internal exceptions (20 events):
Event: 12.352 Thread 0x0000000a255e8700 Exception <a 'java/lang/NoSuchMethodError'{0x0000000306690fa0}: 'void java.lang.invoke.DelegatingMethodHandle$Holder.reinvoke_L(java.lang.Object, java.lang.Object, java.lang.Object, long)'> (0x0000000306690fa0) 
thrown [src/hotspot/share/interpreter/linkResolver.cpp, line 773]
Event: 14.546 Thread 0x000000010079b3e0 Implicit null exception at 0x00000001175659ac to 0x000000011756666c
Event: 14.648 Thread 0x000000010079b3e0 Exception <a 'java/lang/NoSuchMethodError'{0x0000000307f8e5c8}: 'java.lang.Object java.lang.invoke.DirectMethodHandle$Holder.invokeStatic(java.lang.Object, int, int)'> (0x0000000307f8e5c8) 
thrown [src/hotspot/share/interpreter/linkResolver.cpp, line 773]
Event: 64.752 Thread 0x000000010079b3e0 Implicit null exception at 0x0000000117399c38 to 0x000000011739a134
Event: 70.040 Thread 0x000000010079b3e0 Exception <a 'java/io/FileNotFoundException'{0x00000003064e0e38}> (0x00000003064e0e38) 
thrown [src/hotspot/share/prims/jni.cpp, line 520]
Event: 70.040 Thread 0x000000010079b3e0 Exception <a 'java/io/FileNotFoundException'{0x00000003064e2338}> (0x00000003064e2338) 
thrown [src/hotspot/share/prims/jni.cpp, line 520]
Event: 70.040 Thread 0x000000010079b3e0 Exception <a 'java/io/FileNotFoundException'{0x00000003064e35b0}> (0x00000003064e35b0) 
thrown [src/hotspot/share/prims/jni.cpp, line 520]
Event: 73.137 Thread 0x0000000a24f66a00 Exception <a 'java/lang/NoSuchMethodError'{0x0000000307f318d0}: 'void java.lang.invoke.DirectMethodHandle$Holder.invokeInterface(java.lang.Object, java.lang.Object, java.lang.Object, java.lang.Object, java.lang.Object)'> (0x0000000307f318d0) 
thrown [src/hotspot/share/interpreter/linkResolver.cpp, line 773]
Event: 75.813 Thread 0x0000000a21731500 Exception <a 'java/lang/NoSuchMethodError'{0x00000003084b2fa0}: 'java.lang.Object java.lang.invoke.DirectMethodHandle$Holder.newInvokeSpecial(java.lang.Object, java.lang.Object, long)'> (0x00000003084b2fa0) 
thrown [src/hotspot/share/interpreter/linkResolver.cpp, line 773]
Event: 87.799 Thread 0x000000010079b3e0 Exception <a 'java/lang/NoSuchMethodError'{0x00000003088b60b8}: 'int java.lang.invoke.DelegatingMethodHandle$Holder.delegate(java.lang.Object, int, java.lang.Object)'> (0x00000003088b60b8) 
thrown [src/hotspot/share/interpreter/linkResolver.cpp, line 773]
Event: 89.954 Thread 0x000000010079b3e0 Exception <a 'java/lang/NoSuchMethodError'{0x000000030a635538}: 'java.lang.Object java.lang.invoke.DirectMethodHandle$Holder.invokeVirtual(java.lang.Object, java.lang.Object, java.lang.Object, java.lang.Object, java.lang.Object, java.lang.Object)'> (0x000000030a635538) 
thrown [src/hotspot/share/interpreter/linkResolver.cpp, line 773]
Event: 89.962 Thread 0x000000010079b3e0 Exception <a 'java/io/FileNotFoundException'{0x000000030a66ba40}> (0x000000030a66ba40) 
thrown [src/hotspot/share/prims/jni.cpp, line 520]
Event: 90.031 Thread 0x000000010079b3e0 Implicit null exception at 0x00000001177031a4 to 0x00000001177039b4
Event: 90.183 Thread 0x000000010079b3e0 Implicit null exception at 0x00000001173a292c to 0x00000001173a2bb0
Event: 90.183 Thread 0x000000010079b3e0 Implicit null exception at 0x0000000117376230 to 0x00000001173764d4
Event: 92.186 Thread 0x000000010079b3e0 Implicit null exception at 0x000000011773438c to 0x0000000117734534
Event: 93.601 Thread 0x000000010079b3e0 Exception <a 'java/lang/NoSuchMethodError'{0x000000030936ca38}: 'java.lang.Object java.lang.invoke.DirectMethodHandle$Holder.newInvokeSpecial(java.lang.Object, java.lang.Object, java.lang.Object, java.lang.Object, java.lang.Object, java.lang.Object, java.lang.Object, java.lang.Object, java.lang.Object)'> (0x000000030936ca38) 
thrown [src/hotspot/share/interpreter/linkResolver.cpp, line 773]
Event: 164.185 Thread 0x000000010079b3e0 Implicit null exception at 0x00000001170b8574 to 0x00000001170b95fc
Event: 241.266 Thread 0x0000000a232a6300 Exception <a 'java/lang/NoSuchMethodError'{0x000000030e6eb8b0}: 'java.lang.Object java.lang.invoke.DirectMethodHandle$Holder.newInvokeSpecial(java.lang.Object, long)'> (0x000000030e6eb8b0) 
thrown [src/hotspot/share/interpreter/linkResolver.cpp, line 773]
Event: 390.724 Thread 0x0000000a214b6300 Implicit null exception at 0x00000001170eaef8 to 0x00000001170eb030

ZGC Phase Switch (0 events):
No events

VM Operations (20 events):
Event: 442.784 Executing VM operation: G1CollectForAllocation (G1 Evacuation Pause)
Event: 442.785 Executing VM operation: G1CollectForAllocation (G1 Evacuation Pause) done
Event: 442.810 Executing VM operation: G1PauseRemark
Event: 442.812 Executing VM operation: G1PauseRemark done
Event: 442.822 Executing VM operation: G1PauseCleanup
Event: 442.823 Executing VM operation: G1PauseCleanup done
Event: 442.949 Executing VM operation: G1CollectForAllocation (G1 Evacuation Pause)
Event: 442.951 Executing VM operation: G1CollectForAllocation (G1 Evacuation Pause) done
Event: 443.093 Executing VM operation: G1CollectForAllocation (G1 Evacuation Pause)
Event: 443.094 Executing VM operation: G1CollectForAllocation (G1 Evacuation Pause) done
Event: 443.249 Executing VM operation: G1CollectForAllocation (G1 Evacuation Pause)
Event: 443.250 Executing VM operation: G1CollectForAllocation (G1 Evacuation Pause) done
Event: 443.275 Executing VM operation: G1PauseRemark
Event: 443.276 Executing VM operation: G1PauseRemark done
Event: 443.287 Executing VM operation: G1PauseCleanup
Event: 443.288 Executing VM operation: G1PauseCleanup done
Event: 443.416 Executing VM operation: G1CollectForAllocation (G1 Evacuation Pause)
Event: 443.417 Executing VM operation: G1CollectForAllocation (G1 Evacuation Pause) done
Event: 443.559 Executing VM operation: G1CollectForAllocation (G1 Evacuation Pause)
Event: 443.560 Executing VM operation: G1CollectForAllocation (G1 Evacuation Pause) done

Memory protections (20 events):
Event: 164.521 Protecting memory [0x00000003ac7fc000,0x00000003ac808000] with protection modes 3
Event: 164.524 Protecting memory [0x00000003a8228000,0x00000003a8234000] with protection modes 0
Event: 169.111 Protecting memory [0x00000003a9280000,0x00000003a928c000] with protection modes 3
Event: 203.385 Protecting memory [0x00000003a9218000,0x00000003a9224000] with protection modes 0
Event: 203.386 Protecting memory [0x00000003ac334000,0x00000003ac340000] with protection modes 0
Event: 210.616 Protecting memory [0x00000003a9cb0000,0x00000003a9cbc000] with protection modes 0
Event: 220.618 Protecting memory [0x00000003a9cb0000,0x00000003a9cbc000] with protection modes 3
Event: 220.618 Protecting memory [0x00000003a9218000,0x00000003a9224000] with protection modes 3
Event: 263.392 Protecting memory [0x00000003ac334000,0x00000003ac340000] with protection modes 3
Event: 301.813 Protecting memory [0x00000003a9218000,0x00000003a9224000] with protection modes 0
Event: 323.284 Protecting memory [0x00000003a8228000,0x00000003a8234000] with protection modes 3
Event: 323.311 Protecting memory [0x00000003aa440000,0x00000003aa44c000] with protection modes 0
Event: 323.338 Protecting memory [0x00000003aa64c000,0x00000003aa658000] with protection modes 0
Event: 324.844 Protecting memory [0x00000003aa440000,0x00000003aa44c000] with protection modes 3
Event: 364.734 Protecting memory [0x00000003aede4000,0x00000003aedf0000] with protection modes 3
Event: 430.938 Protecting memory [0x00000003aa440000,0x00000003aa44c000] with protection modes 0
Event: 430.940 Protecting memory [0x00000003aa95c000,0x00000003aa968000] with protection modes 0
Event: 440.943 Protecting memory [0x00000003aa440000,0x00000003aa44c000] with protection modes 3
Event: 440.944 Protecting memory [0x00000003aa95c000,0x00000003aa968000] with protection modes 3
Event: 443.584 Protecting memory [0x00000003aa64c000,0x00000003aa658000] with protection modes 3

Nmethod flushes (20 events):
Event: 443.276 Thread 0x0000000a28c6a000 flushing  nmethod 0x0000000110061a10
Event: 443.276 Thread 0x0000000a28c6a000 flushing  nmethod 0x0000000110630d90
Event: 443.276 Thread 0x0000000a28c6a000 flushing  nmethod 0x00000001170eea10
Event: 443.276 Thread 0x0000000a28c6a000 flushing  nmethod 0x000000010f837410
Event: 443.276 Thread 0x0000000a28c6a000 flushing  nmethod 0x0000000116fe9290
Event: 443.276 Thread 0x0000000a28c6a000 flushing  nmethod 0x000000011728b710
Event: 443.276 Thread 0x0000000a28c6a000 flushing  nmethod 0x000000011728d510
Event: 443.276 Thread 0x0000000a28c6a000 flushing  nmethod 0x000000011753a390
Event: 443.276 Thread 0x0000000a28c6a000 flushing  nmethod 0x000000011753a990
Event: 443.276 Thread 0x0000000a28c6a000 flushing  nmethod 0x000000010f8cb710
Event: 443.276 Thread 0x0000000a28c6a000 flushing  nmethod 0x000000010f8d2790
Event: 443.276 Thread 0x0000000a28c6a000 flushing  nmethod 0x000000010fc47110
Event: 443.276 Thread 0x0000000a28c6a000 flushing  nmethod 0x000000010fd5b110
Event: 443.276 Thread 0x0000000a28c6a000 flushing  nmethod 0x000000010fd61b90
Event: 443.276 Thread 0x0000000a28c6a000 flushing  nmethod 0x00000001101fe490
Event: 443.276 Thread 0x0000000a28c6a000 flushing  nmethod 0x00000001106a0390
Event: 443.276 Thread 0x0000000a28c6a000 flushing  nmethod 0x0000000110fa1010
Event: 443.276 Thread 0x0000000a28c6a000 flushing  nmethod 0x00000001172c9890
Event: 443.276 Thread 0x0000000a28c6a000 flushing  nmethod 0x000000010fa82290
Event: 443.276 Thread 0x0000000a28c6a000 flushing  nmethod 0x000000010fa91210

Events (20 events):
Event: 164.521 Thread 0x0000000a23ffce00 Thread exited: 0x0000000a23ffce00
Event: 164.524 Thread 0x000000010079b3e0 Thread added: 0x0000000a255eaa00
Event: 169.111 Thread 0x0000000a232a4700 Thread exited: 0x0000000a232a4700
Event: 203.385 Thread 0x0000000a255eaa00 Thread added: 0x0000000a269c0e00
Event: 203.386 Thread 0x0000000a269c0e00 Thread added: 0x0000000a260a0000
Event: 210.616 Thread 0x0000000a255eaa00 Thread added: 0x0000000a216daa00
Event: 220.618 Thread 0x0000000a216daa00 Thread exited: 0x0000000a216daa00
Event: 220.618 Thread 0x0000000a269c0e00 Thread exited: 0x0000000a269c0e00
Event: 263.392 Thread 0x0000000a260a0000 Thread exited: 0x0000000a260a0000
Event: 301.813 Thread 0x0000000a24f67800 Thread added: 0x0000000a24aa8700
Event: 323.284 Thread 0x0000000a255eaa00 Thread exited: 0x0000000a255eaa00
Event: 323.311 Thread 0x000000010079b3e0 Thread added: 0x0000000a255eaa00
Event: 323.338 Thread 0x000000010079b3e0 Thread added: 0x0000000a2388c700
Event: 324.844 Thread 0x0000000a255eaa00 Thread exited: 0x0000000a255eaa00
Event: 364.734 Thread 0x0000000a22086a00 Thread exited: 0x0000000a22086a00
Event: 430.938 Thread 0x0000000a2388c700 Thread added: 0x0000000a26378700
Event: 430.940 Thread 0x0000000a26378700 Thread added: 0x0000000a25b2c000
Event: 440.943 Thread 0x0000000a26378700 Thread exited: 0x0000000a26378700
Event: 440.944 Thread 0x0000000a25b2c000 Thread exited: 0x0000000a25b2c000
Event: 443.584 Thread 0x0000000a2388c700 Thread exited: 0x0000000a2388c700


Dynamic libraries:
0x00000001000ac000 	/Library/Java/JavaVirtualMachines/temurin-21.jdk/Contents/Home/lib/libjli.dylib
0x00000001b6827000 	/System/Library/Frameworks/Cocoa.framework/Versions/A/Cocoa
0x000000019c0e1000 	/System/Library/Frameworks/AppKit.framework/Versions/C/AppKit
0x000000019f6e7000 	/System/Library/Frameworks/CoreData.framework/Versions/A/CoreData
0x00000001994fa000 	/System/Library/Frameworks/Foundation.framework/Versions/C/Foundation
0x00000001a757d000 	/usr/lib/libSystem.B.dylib
0x000000019d7dd000 	/System/Library/PrivateFrameworks/UIFoundation.framework/Versions/A/UIFoundation
0x000000024c745000 	/System/Library/PrivateFrameworks/CollectionViewCore.framework/Versions/A/CollectionViewCore
0x00000001a4966000 	/System/Library/PrivateFrameworks/XCTTargetBootstrap.framework/Versions/A/XCTTargetBootstrap
0x00000001a9eb2000 	/System/Library/PrivateFrameworks/InternationalSupport.framework/Versions/A/InternationalSupport
0x00000001aa20c000 	/System/Library/PrivateFrameworks/UserActivity.framework/Versions/A/UserActivity
0x000000019fd73000 	/System/Library/PrivateFrameworks/BaseBoard.framework/Versions/A/BaseBoard
0x0000000254c1f000 	/System/Library/PrivateFrameworks/FrontBoard.framework/Versions/A/FrontBoard
0x00000001b178a000 	/System/Library/PrivateFrameworks/FrontBoardServices.framework/Versions/A/FrontBoardServices
0x000000028efe0000 	/usr/lib/libRosetta.dylib
0x0000000282c8a000 	/System/Library/PrivateFrameworks/UIIntelligenceSupport.framework/Versions/A/UIIntelligenceSupport
0x0000000241aa5000 	/System/Library/Frameworks/SwiftUICore.framework/Versions/A/SwiftUICore
0x0000000288f09000 	/System/Library/PrivateFrameworks/WritingTools.framework/Versions/A/WritingTools
0x0000000287db7000 	/System/Library/PrivateFrameworks/WindowManagement.framework/Versions/A/WindowManagement
0x000000019915a000 	/System/Library/Frameworks/SystemConfiguration.framework/Versions/A/SystemConfiguration
0x00000001a9203000 	/usr/lib/libspindump.dylib
0x000000019d997000 	/System/Library/Frameworks/UniformTypeIdentifiers.framework/Versions/A/UniformTypeIdentifiers
0x00000001a6841000 	/usr/lib/libbsm.0.dylib
0x00000001a20b4000 	/usr/lib/libapp_launch_measurement.dylib
0x00000001a13c3000 	/System/Library/PrivateFrameworks/CoreAnalytics.framework/Versions/A/CoreAnalytics
0x00000001a20b8000 	/System/Library/PrivateFrameworks/CoreAutoLayout.framework/Versions/A/CoreAutoLayout
0x00000001a3ec2000 	/System/Library/Frameworks/Metal.framework/Versions/A/Metal
0x00000001a52a9000 	/usr/lib/liblangid.dylib
0x00000001a496c000 	/System/Library/PrivateFrameworks/CoreSVG.framework/Versions/A/CoreSVG
0x000000019e3ea000 	/System/Library/PrivateFrameworks/SkyLight.framework/Versions/A/SkyLight
0x0000000254966000 	/System/Library/PrivateFrameworks/FocusEngine.framework/Versions/A/FocusEngine
0x000000019e977000 	/System/Library/Frameworks/CoreGraphics.framework/Versions/A/CoreGraphics
0x00000002526f1000 	/System/Library/PrivateFrameworks/DesignLibrary.framework/Versions/A/DesignLibrary
0x00000001afac3000 	/System/Library/Frameworks/Accelerate.framework/Versions/A/Accelerate
0x00000001a9009000 	/System/Library/PrivateFrameworks/IconServices.framework/Versions/A/IconServices
0x00000001a3e9b000 	/System/Library/Frameworks/IOSurface.framework/Versions/A/IOSurface
0x00000001a13f3000 	/usr/lib/libDiagnosticMessagesClient.dylib
0x00000001a74c6000 	/usr/lib/libz.1.dylib
0x00000001b3cb2000 	/System/Library/Frameworks/ApplicationServices.framework/Versions/A/ApplicationServices
0x00000001a4951000 	/System/Library/PrivateFrameworks/DFRFoundation.framework/Versions/A/DFRFoundation
0x000000019b931000 	/usr/lib/libicucore.A.dylib
0x00000001ab42c000 	/System/Library/Frameworks/AudioToolbox.framework/Versions/A/AudioToolbox
0x00000001aa1ba000 	/System/Library/PrivateFrameworks/DataDetectorsCore.framework/Versions/A/DataDetectorsCore
0x0000000283740000 	/System/Library/PrivateFrameworks/UpdateCycle.framework/Versions/A/UpdateCycle
0x00000001c797c000 	/System/Library/PrivateFrameworks/TextInput.framework/Versions/A/TextInput
0x000000019e32e000 	/usr/lib/libMobileGestalt.dylib
0x00000001a464e000 	/System/Library/Frameworks/Carbon.framework/Versions/A/Frameworks/HIToolbox.framework/Versions/A/HIToolbox
0x00000001a1928000 	/System/Library/Frameworks/QuartzCore.framework/Versions/A/QuartzCore
0x000000019b50a000 	/System/Library/Frameworks/Security.framework/Versions/A/Security
0x00000001af448000 	/System/Library/Frameworks/Carbon.framework/Versions/A/Frameworks/SpeechRecognition.framework/Versions/A/SpeechRecognition
0x00000001a1d84000 	/System/Library/PrivateFrameworks/CoreUI.framework/Versions/A/CoreUI
0x000000019ad5d000 	/System/Library/Frameworks/CoreAudio.framework/Versions/A/CoreAudio
0x00000001a14e7000 	/System/Library/Frameworks/DiskArbitration.framework/Versions/A/DiskArbitration
0x00000001a96b9000 	/System/Library/PrivateFrameworks/MultitouchSupport.framework/Versions/A/MultitouchSupport
0x000000019e32c000 	/usr/lib/libenergytrace.dylib
0x00000001bb2f6000 	/System/Library/PrivateFrameworks/RenderBox.framework/Versions/A/RenderBox
0x000000019bf88000 	/System/Library/Frameworks/IOKit.framework/Versions/A/IOKit
0x00000001af84e000 	/System/Library/Frameworks/CoreServices.framework/Versions/A/CoreServices
0x00000001a2045000 	/System/Library/PrivateFrameworks/PerformanceAnalysis.framework/Versions/A/PerformanceAnalysis
0x00000001fc982000 	/System/Library/Frameworks/OpenGL.framework/Versions/A/OpenGL
0x00000001a2102000 	/usr/lib/libxml2.2.dylib
0x00000001a671d000 	/System/Library/PrivateFrameworks/MobileKeyBag.framework/Versions/A/MobileKeyBag
0x0000000197828000 	/usr/lib/libobjc.A.dylib
0x0000000197b83000 	/usr/lib/libc++.1.dylib
0x00000001af7cc000 	/System/Library/Frameworks/Accessibility.framework/Versions/A/Accessibility
0x000000019f0ce000 	/System/Library/Frameworks/ColorSync.framework/Versions/A/ColorSync
0x0000000197cb4000 	/System/Library/Frameworks/CoreFoundation.framework/Versions/A/CoreFoundation
0x00000001a4ceb000 	/System/Library/Frameworks/CoreImage.framework/Versions/A/CoreImage
0x000000019ab31000 	/System/Library/Frameworks/CoreText.framework/Versions/A/CoreText
0x000000023c1e0000 	/System/Library/Frameworks/CoreTransferable.framework/Versions/A/CoreTransferable
0x000000023c70f000 	/System/Library/Frameworks/DataDetection.framework/Versions/A/DataDetection
0x000000023c723000 	/System/Library/Frameworks/DeveloperToolsSupport.framework/Versions/A/DeveloperToolsSupport
0x00000001a49aa000 	/System/Library/Frameworks/ImageIO.framework/Versions/A/ImageIO
0x00000002429ca000 	/System/Library/Frameworks/Symbols.framework/Versions/A/Symbols
0x00000001cca9b000 	/System/Library/PrivateFrameworks/AttributeGraph.framework/Versions/A/AttributeGraph
0x00000001b1869000 	/System/Library/PrivateFrameworks/BoardServices.framework/Versions/A/BoardServices
0x00000001f0665000 	/System/Library/PrivateFrameworks/FeatureFlags.framework/Versions/A/FeatureFlags
0x000000025d878000 	/System/Library/PrivateFrameworks/Gestures.framework/Versions/A/Gestures
0x00000001a7582000 	/System/Library/PrivateFrameworks/SoftLinking.framework/Versions/A/SoftLinking
0x00000001daff0000 	/usr/lib/swift/libswiftAccelerate.dylib
0x00000001aad97000 	/usr/lib/swift/libswiftCore.dylib
0x00000001c3cda000 	/usr/lib/swift/libswiftCoreFoundation.dylib
0x00000001c3d33000 	/usr/lib/swift/libswiftCoreImage.dylib
0x00000001b1507000 	/usr/lib/swift/libswiftDispatch.dylib
0x00000001c3d34000 	/usr/lib/swift/libswiftIOKit.dylib
0x00000001d1673000 	/usr/lib/swift/libswiftMetal.dylib
0x00000001e0677000 	/usr/lib/swift/libswiftOSLog.dylib
0x00000001b42fb000 	/usr/lib/swift/libswiftObjectiveC.dylib
0x0000000290191000 	/usr/lib/swift/libswiftObservation.dylib
0x00000001d6800000 	/usr/lib/swift/libswiftQuartzCore.dylib
0x00000002902cf000 	/usr/lib/swift/libswiftSynchronization.dylib
0x00000001dafe1000 	/usr/lib/swift/libswiftUniformTypeIdentifiers.dylib
0x00000001c3cec000 	/usr/lib/swift/libswiftXPC.dylib
0x0000000290309000 	/usr/lib/swift/libswift_Builtin_float.dylib
0x000000029030c000 	/usr/lib/swift/libswift_Concurrency.dylib
0x00000001b42ff000 	/usr/lib/swift/libswiftos.dylib
0x00000001c7717000 	/usr/lib/swift/libswiftsimd.dylib
0x00000001a77a8000 	/usr/lib/libcompression.dylib
0x00000001a9e12000 	/System/Library/PrivateFrameworks/TextureIO.framework/Versions/A/TextureIO
0x000000019f289000 	/System/Library/Frameworks/ApplicationServices.framework/Versions/A/Frameworks/HIServices.framework/Versions/A/HIServices
0x00000001a8c92000 	/usr/lib/libate.dylib
0x00000001a7577000 	/usr/lib/system/libcache.dylib
0x00000001a7532000 	/usr/lib/system/libcommonCrypto.dylib
0x00000001a755d000 	/usr/lib/system/libcompiler_rt.dylib
0x00000001a7552000 	/usr/lib/system/libcopyfile.dylib
0x00000001979be000 	/usr/lib/system/libcorecrypto.dylib
0x0000000197ab7000 	/usr/lib/system/libdispatch.dylib
0x000000019787c000 	/usr/lib/system/libdyld.dylib
0x00000001a756d000 	/usr/lib/system/libkeymgr.dylib
0x00000001a7515000 	/usr/lib/system/libmacho.dylib
0x00000001a6819000 	/usr/lib/system/libquarantine.dylib
0x00000001a756a000 	/usr/lib/system/libremovefile.dylib
0x000000019e3ae000 	/usr/lib/system/libsystem_asl.dylib
0x000000019794c000 	/usr/lib/system/libsystem_blocks.dylib
0x0000000197b01000 	/usr/lib/system/libsystem_c.dylib
0x00000001a7561000 	/usr/lib/system/libsystem_collections.dylib
0x00000001a5296000 	/usr/lib/system/libsystem_configuration.dylib
0x00000001a3e64000 	/usr/lib/system/libsystem_containermanager.dylib
0x00000001a6f9a000 	/usr/lib/system/libsystem_coreservices.dylib
0x000000019bc03000 	/usr/lib/system/libsystem_darwin.dylib
0x000000029065e000 	/usr/lib/system/libsystem_darwindirectory.dylib
0x00000001a756e000 	/usr/lib/system/libsystem_dnssd.dylib
0x0000000290662000 	/usr/lib/system/libsystem_eligibility.dylib
0x0000000197afe000 	/usr/lib/system/libsystem_featureflags.dylib
0x0000000197c84000 	/usr/lib/system/libsystem_info.dylib
0x00000001a74d6000 	/usr/lib/system/libsystem_m.dylib
0x0000000197a6b000 	/usr/lib/system/libsystem_malloc.dylib
0x000000019e311000 	/usr/lib/system/libsystem_networkextension.dylib
0x000000019c073000 	/usr/lib/system/libsystem_notify.dylib
0x00000001a529b000 	/usr/lib/system/libsystem_sandbox.dylib
0x000000029066a000 	/usr/lib/system/libsystem_sanitizers.dylib
0x00000001a7566000 	/usr/lib/system/libsystem_secinit.dylib
0x0000000197c31000 	/usr/lib/system/libsystem_kernel.dylib
0x0000000197c7b000 	/usr/lib/system/libsystem_platform.dylib
0x0000000197c6e000 	/usr/lib/system/libsystem_pthread.dylib
0x000000019ff56000 	/usr/lib/system/libsystem_symptoms.dylib
0x000000019799d000 	/usr/lib/system/libsystem_trace.dylib
0x0000000290672000 	/usr/lib/system/libsystem_trial.dylib
0x00000001a7540000 	/usr/lib/system/libunwind.dylib
0x0000000197950000 	/usr/lib/system/libxpc.dylib
0x0000000197c16000 	/usr/lib/libc++abi.dylib
0x000000028ff13000 	/usr/lib/libswiftPrespecialized.dylib
0x00000001a757f000 	/usr/lib/libfakelink.dylib
0x000000019df57000 	/System/Library/Frameworks/CFNetwork.framework/Versions/A/CFNetwork
0x00000001a75d3000 	/usr/lib/libarchive.2.dylib
0x00000001ad567000 	/System/Library/Frameworks/Combine.framework/Versions/A/Combine
0x000000024c76a000 	/System/Library/PrivateFrameworks/CollectionsInternal.framework/Versions/A/CollectionsInternal
0x000000027249b000 	/System/Library/PrivateFrameworks/ReflectionInternal.framework/Versions/A/ReflectionInternal
0x00000002732e8000 	/System/Library/PrivateFrameworks/RuntimeInternal.framework/Versions/A/RuntimeInternal
0x00000001c0cd2000 	/usr/lib/swift/libswiftDarwin.dylib
0x00000002902d7000 	/usr/lib/swift/libswiftSystem.dylib
0x0000000290397000 	/usr/lib/swift/libswift_DarwinFoundation1.dylib
0x0000000290478000 	/usr/lib/swift/libswift_StringProcessing.dylib
0x000000019bf08000 	/System/Library/PrivateFrameworks/CoreServicesInternal.framework/Versions/A/CoreServicesInternal
0x00000001a754a000 	/usr/lib/liboah.dylib
0x00000001b3758000 	/System/Library/PrivateFrameworks/DiskImages.framework/Versions/A/DiskImages
0x00000001c079a000 	/System/Library/Frameworks/NetFS.framework/Versions/A/NetFS
0x00000001a207c000 	/System/Library/Frameworks/CoreServices.framework/Versions/A/Frameworks/FSEvents.framework/Versions/A/FSEvents
0x000000019bc0e000 	/System/Library/Frameworks/CoreServices.framework/Versions/A/Frameworks/CarbonCore.framework/Versions/A/CarbonCore
0x00000001a145b000 	/System/Library/Frameworks/CoreServices.framework/Versions/A/Frameworks/Metadata.framework/Versions/A/Metadata
0x00000001a6fa2000 	/System/Library/Frameworks/CoreServices.framework/Versions/A/Frameworks/OSServices.framework/Versions/A/OSServices
0x00000001a76cb000 	/System/Library/Frameworks/CoreServices.framework/Versions/A/Frameworks/SearchKit.framework/Versions/A/SearchKit
0x000000019fed0000 	/System/Library/Frameworks/CoreServices.framework/Versions/A/Frameworks/AE.framework/Versions/A/AE
0x0000000198201000 	/System/Library/Frameworks/CoreServices.framework/Versions/A/Frameworks/LaunchServices.framework/Versions/A/LaunchServices
0x00000001a8ae8000 	/System/Library/Frameworks/CoreServices.framework/Versions/A/Frameworks/DictionaryServices.framework/Versions/A/DictionaryServices
0x00000001a208a000 	/System/Library/Frameworks/CoreServices.framework/Versions/A/Frameworks/SharedFileList.framework/Versions/A/SharedFileList
0x00000001a7760000 	/usr/lib/libapple_nghttp2.dylib
0x000000019faea000 	/usr/lib/libsqlite3.dylib
0x000000019fcd2000 	/System/Library/Frameworks/Accounts.framework/Versions/A/Accounts
0x00000001b399f000 	/System/Library/PrivateFrameworks/AppSupport.framework/Versions/A/AppSupport
0x00000001ababe000 	/System/Library/Frameworks/GSS.framework/Versions/A/GSS
0x000000019fe64000 	/System/Library/PrivateFrameworks/RunningBoardServices.framework/Versions/A/RunningBoardServices
0x00000001b4289000 	/System/Library/PrivateFrameworks/StreamingZip.framework/Versions/A/StreamingZip
0x000000019ff5f000 	/System/Library/Frameworks/Network.framework/Versions/A/Network
0x00000001a7519000 	/usr/lib/system/libkxld.dylib
0x0000000248190000 	/System/Library/PrivateFrameworks/AppleKeyStore.framework/Versions/A/AppleKeyStore
0x000000028ece4000 	/usr/lib/libCoreEntitlements.dylib
0x00000002687f5000 	/System/Library/PrivateFrameworks/MessageSecurity.framework/Versions/A/MessageSecurity
0x000000019face000 	/System/Library/PrivateFrameworks/ProtocolBuffer.framework/Versions/A/ProtocolBuffer
0x00000001bbfcf000 	/System/Library/PrivateFrameworks/CloudServices.framework/Versions/A/CloudServices
0x00000001b0943000 	/System/Library/PrivateFrameworks/SymptomDiagnosticReporter.framework/Versions/A/SymptomDiagnosticReporter
0x00000001a8d2c000 	/System/Library/PrivateFrameworks/CrashReporterSupport.framework/Versions/A/CrashReporterSupport
0x00000001a6f81000 	/System/Library/PrivateFrameworks/AppleFSCompression.framework/Versions/A/AppleFSCompression
0x00000001a6829000 	/usr/lib/libcoretls.dylib
0x00000001a8b5f000 	/usr/lib/libcoretls_cfhelpers.dylib
0x00000001a77a1000 	/usr/lib/libpam.2.dylib
0x00000001a8bd1000 	/usr/lib/libxar.1.dylib
0x00000001a8b61000 	/System/Library/PrivateFrameworks/APFS.framework/Versions/A/APFS
0x000000027d863000 	/System/Library/PrivateFrameworks/SwiftASN1Internal.framework/Versions/A/SwiftASN1Internal
0x00000001a8be0000 	/usr/lib/libutil.dylib
0x00000001a52a4000 	/System/Library/PrivateFrameworks/AppleSystemInfo.framework/Versions/A/AppleSystemInfo
0x00000001a650d000 	/System/Library/PrivateFrameworks/IOMobileFramebuffer.framework/Versions/A/IOMobileFramebuffer
0x00000001c3ba1000 	/System/Library/PrivateFrameworks/LoggingSupport.framework/Versions/A/LoggingSupport
0x00000001abb21000 	/System/Library/PrivateFrameworks/MobileAsset.framework/Versions/A/MobileAsset
0x00000001b0953000 	/System/Library/PrivateFrameworks/PowerLog.framework/Versions/A/PowerLog
0x0000000241949000 	/System/Library/Frameworks/SwiftData.framework/Versions/A/SwiftData
0x00000001a22ac000 	/System/Library/PrivateFrameworks/UserManagement.framework/Versions/A/UserManagement
0x000000019de84000 	/usr/lib/libboringssl.dylib
0x000000019ff44000 	/usr/lib/libdns_services.dylib
0x00000001c2bdf000 	/usr/lib/libquic.dylib
0x00000001aad28000 	/usr/lib/libusrtcp.dylib
0x0000000248edf000 	/System/Library/PrivateFrameworks/AtomicsInternal.framework/Versions/A/AtomicsInternal
0x00000001e8a9e000 	/System/Library/PrivateFrameworks/InternalSwiftProtobuf.framework/Versions/A/InternalSwiftProtobuf
0x0000000290168000 	/usr/lib/swift/libswiftDistributed.dylib
0x00000001a52a2000 	/System/Library/PrivateFrameworks/AggregateDictionary.framework/Versions/A/AggregateDictionary
0x0000000249657000 	/System/Library/PrivateFrameworks/BiomeLibrary.framework/Versions/A/BiomeLibrary
0x00000001d25c0000 	/System/Library/PrivateFrameworks/BiomeStreams.framework/Versions/A/BiomeStreams
0x00000001ce95b000 	/System/Library/PrivateFrameworks/BiomeFoundation.framework/Versions/A/BiomeFoundation
0x00000001d8588000 	/System/Library/PrivateFrameworks/BiomePubSub.framework/Versions/A/BiomePubSub
0x00000001b52a6000 	/System/Library/PrivateFrameworks/ProactiveSupport.framework/Versions/A/ProactiveSupport
0x00000001a8b40000 	/usr/lib/liblzma.5.dylib
0x00000001b3cb3000 	/System/Library/PrivateFrameworks/InternationalTextSearch.framework/Versions/A/InternationalTextSearch
0x00000001caea0000 	/System/Library/PrivateFrameworks/SoftwareUpdateCoreSupport.framework/Versions/A/SoftwareUpdateCoreSupport
0x00000001d3004000 	/System/Library/PrivateFrameworks/SoftwareUpdateCoreConnect.framework/Versions/A/SoftwareUpdateCoreConnect
0x00000001b3856000 	/System/Library/PrivateFrameworks/RemoteServiceDiscovery.framework/Versions/A/RemoteServiceDiscovery
0x00000001caa9e000 	/System/Library/PrivateFrameworks/MSUDataAccessor.framework/Versions/A/MSUDataAccessor
0x00000001c5cd4000 	/usr/lib/libbootpolicy.dylib
0x00000001b386c000 	/System/Library/PrivateFrameworks/RemoteXPC.framework/Versions/A/RemoteXPC
0x00000001d248d000 	/usr/lib/libFDR.dylib
0x00000001d81b8000 	/usr/lib/libamsupport.dylib
0x000000028efd8000 	/usr/lib/libReverseProxyDevice.dylib
0x0000000247b27000 	/System/Library/PrivateFrameworks/AppleDeviceQuerySupport.framework/Versions/A/AppleDeviceQuerySupport
0x00000001db1f1000 	/usr/lib/libpartition2_dynamic.dylib
0x00000001a773c000 	/System/Library/PrivateFrameworks/AppleSauce.framework/Versions/A/AppleSauce
0x000000028eb87000 	/usr/lib/libAppleArchive.dylib
0x00000001a6f8d000 	/usr/lib/libbz2.1.0.dylib
0x00000001a14f1000 	/System/Library/Frameworks/Accelerate.framework/Versions/A/Frameworks/vImage.framework/Versions/A/vImage
0x00000001af828000 	/System/Library/Frameworks/Accelerate.framework/Versions/A/Frameworks/vecLib.framework/Versions/A/vecLib
0x00000001a8c17000 	/System/Library/Frameworks/Accelerate.framework/Versions/A/Frameworks/vecLib.framework/Versions/A/libvMisc.dylib
0x00000001986f3000 	/System/Library/Frameworks/Accelerate.framework/Versions/A/Frameworks/vecLib.framework/Versions/A/libBLAS.dylib
0x00000001a21e9000 	/System/Library/Frameworks/CoreVideo.framework/Versions/A/CoreVideo
0x00000001ab6c9000 	/System/Library/Frameworks/ApplicationServices.framework/Versions/A/Frameworks/ATS.framework/Versions/A/ATS
0x00000001a9d9b000 	/System/Library/Frameworks/ApplicationServices.framework/Versions/A/Frameworks/PrintCore.framework/Versions/A/PrintCore
0x00000001aba87000 	/System/Library/Frameworks/ApplicationServices.framework/Versions/A/Frameworks/QD.framework/Versions/A/QD
0x00000001aba82000 	/System/Library/Frameworks/ApplicationServices.framework/Versions/A/Frameworks/ColorSyncLegacy.framework/Versions/A/ColorSyncLegacy
0x00000001ab69b000 	/System/Library/Frameworks/ApplicationServices.framework/Versions/A/Frameworks/SpeechSynthesis.framework/Versions/A/SpeechSynthesis
0x00000001a4389000 	/System/Library/PrivateFrameworks/FontServices.framework/libFontParser.dylib
0x00000001b357c000 	/System/Library/PrivateFrameworks/BackBoardServices.framework/Versions/A/BackBoardServices
0x0000000249576000 	/System/Library/PrivateFrameworks/BackBoardHIDEventFoundation.framework/Versions/A/BackBoardHIDEventFoundation
0x000000019a644000 	/System/Library/Frameworks/CoreDisplay.framework/Versions/A/CoreDisplay
0x00000001a96ff000 	/System/Library/Frameworks/VideoToolbox.framework/Versions/A/VideoToolbox
0x00000001a779f000 	/System/Library/Frameworks/MetalPerformanceShaders.framework/Versions/A/MetalPerformanceShaders
0x0000000271726000 	/System/Library/PrivateFrameworks/ProDisplayLibrary.framework/Versions/A/ProDisplayLibrary
0x00000001b7267000 	/System/Library/PrivateFrameworks/IOSurfaceAccelerator.framework/Versions/A/IOSurfaceAccelerator
0x00000001a3eb8000 	/System/Library/PrivateFrameworks/IOAccelerator.framework/Versions/A/IOAccelerator
0x00000001a41cf000 	/System/Library/Frameworks/CoreMedia.framework/Versions/A/CoreMedia
0x000000019e3c6000 	/System/Library/PrivateFrameworks/TCC.framework/Versions/A/TCC
0x00000001a96b7000 	/System/Library/PrivateFrameworks/WatchdogClient.framework/Versions/A/WatchdogClient
0x00000001d85e6000 	/System/Library/PrivateFrameworks/BiomeStorage.framework/Versions/A/BiomeStorage
0x0000000263551000 	/System/Library/PrivateFrameworks/IntelligencePlatformLibrary.framework/Versions/A/IntelligencePlatformLibrary
0x0000000270a9c000 	/System/Library/PrivateFrameworks/PoirotSchematizer.framework/Versions/A/PoirotSchematizer
0x0000000249e82000 	/System/Library/PrivateFrameworks/BiomeSync.framework/Versions/A/BiomeSync
0x000000024963d000 	/System/Library/PrivateFrameworks/BiomeDSL.framework/Versions/A/BiomeDSL
0x0000000270b06000 	/System/Library/PrivateFrameworks/PoirotUDFs.framework/Versions/A/PoirotUDFs
0x0000000270a6b000 	/System/Library/PrivateFrameworks/PoirotSQLite.framework/Versions/A/PoirotSQLite
0x00000001b1d86000 	/System/Library/PrivateFrameworks/CoreTime.framework/Versions/A/CoreTime
0x00000001a75b8000 	/usr/lib/libiconv.2.dylib
0x00000001a7514000 	/usr/lib/libcharset.1.dylib
0x00000002903d8000 	/usr/lib/swift/libswift_RegexParser.dylib
0x000000024b459000 	/System/Library/PrivateFrameworks/CascadeSets.framework/Versions/A/CascadeSets
0x00000001abc86000 	/System/Library/PrivateFrameworks/CorePhoneNumbers.framework/Versions/A/CorePhoneNumbers
0x00000001a9581000 	/System/Library/PrivateFrameworks/AppleJPEG.framework/Versions/A/AppleJPEG
0x00000001a8f84000 	/usr/lib/libexpat.1.dylib
0x00000001a9c6e000 	/System/Library/Frameworks/ImageIO.framework/Versions/A/Resources/libPng.dylib
0x00000001a9c9a000 	/System/Library/Frameworks/ImageIO.framework/Versions/A/Resources/libTIFF.dylib
0x00000001a9d84000 	/System/Library/Frameworks/ImageIO.framework/Versions/A/Resources/libGIF.dylib
0x00000001a95c6000 	/System/Library/Frameworks/ImageIO.framework/Versions/A/Resources/libJP2.dylib
0x00000001a9d2a000 	/System/Library/Frameworks/ImageIO.framework/Versions/A/Resources/libJPEG.dylib
0x00000001a9d21000 	/System/Library/Frameworks/ImageIO.framework/Versions/A/Resources/libRadiance.dylib
0x000000025a317000 	/System/Library/PrivateFrameworks/GPUCompiler.framework/Versions/32023/Libraries/libllvm-flatbuffers.dylib
0x0000000254c12000 	/System/Library/PrivateFrameworks/FramePacing.framework/Versions/A/FramePacing
0x00000001fc974000 	/System/Library/Frameworks/OpenGL.framework/Versions/A/Libraries/libCoreFSCache.dylib
0x0000000255d4b000 	/System/Library/PrivateFrameworks/GPUCompiler.framework/Versions/32023/Libraries/libGPUCompilerUtils.dylib
0x00000001b1936000 	/System/Library/PrivateFrameworks/GraphicsServices.framework/Versions/A/GraphicsServices
0x00000001b542c000 	/System/Library/PrivateFrameworks/ASEProcessing.framework/Versions/A/ASEProcessing
0x00000001e4431000 	/System/Library/PrivateFrameworks/Symbolication.framework/Versions/A/Symbolication
0x0000000270695000 	/System/Library/PrivateFrameworks/PhotosensitivityProcessing.framework/Versions/A/PhotosensitivityProcessing
0x00000001a91a5000 	/System/Library/PrivateFrameworks/GraphVisualizer.framework/Versions/A/GraphVisualizer
0x00000001fc9d3000 	/System/Library/Frameworks/OpenGL.framework/Versions/A/Libraries/libGLU.dylib
0x00000001fc996000 	/System/Library/Frameworks/OpenGL.framework/Versions/A/Libraries/libGFXShared.dylib
0x00000001fcb62000 	/System/Library/Frameworks/OpenGL.framework/Versions/A/Libraries/libGL.dylib
0x00000001fc99f000 	/System/Library/Frameworks/OpenGL.framework/Versions/A/Libraries/libGLImage.dylib
0x00000001fc993000 	/System/Library/Frameworks/OpenGL.framework/Versions/A/Libraries/libCVMSPluginSupport.dylib
0x00000001fc97c000 	/System/Library/Frameworks/OpenGL.framework/Versions/A/Libraries/libCoreVMClient.dylib
0x0000000254b20000 	/System/Library/PrivateFrameworks/FontServices.framework/Versions/A/FontServices
0x00000001a91b5000 	/System/Library/PrivateFrameworks/OTSVG.framework/Versions/A/OTSVG
0x00000001a1d31000 	/System/Library/Frameworks/ApplicationServices.framework/Versions/A/Frameworks/ATS.framework/Versions/A/Resources/libFontRegistry.dylib
0x000000028f4d0000 	/usr/lib/libhvf.dylib
0x000000026d620000 	/System/Library/PrivateFrameworks/ParsingInternal.framework/Versions/A/ParsingInternal
0x00000002901b1000 	/usr/lib/swift/libswiftRegexBuilder.dylib
0x0000000254b21000 	/System/Library/PrivateFrameworks/FontServices.framework/libXTFontStaticRegistryData.dylib
0x00000001a51e3000 	/System/Library/Frameworks/MetalPerformanceShaders.framework/Versions/A/Frameworks/MPSCore.framework/Versions/A/MPSCore
0x00000001a6eec000 	/System/Library/Frameworks/MetalPerformanceShaders.framework/Versions/A/Frameworks/MPSImage.framework/Versions/A/MPSImage
0x00000001a68cc000 	/System/Library/Frameworks/MetalPerformanceShaders.framework/Versions/A/Frameworks/MPSNeuralNetwork.framework/Versions/A/MPSNeuralNetwork
0x00000001a6d04000 	/System/Library/Frameworks/MetalPerformanceShaders.framework/Versions/A/Frameworks/MPSMatrix.framework/Versions/A/MPSMatrix
0x00000001a6b19000 	/System/Library/Frameworks/MetalPerformanceShaders.framework/Versions/A/Frameworks/MPSRayIntersector.framework/Versions/A/MPSRayIntersector
0x00000001a6d36000 	/System/Library/Frameworks/MetalPerformanceShaders.framework/Versions/A/Frameworks/MPSNDArray.framework/Versions/A/MPSNDArray
0x000000023ea0d000 	/System/Library/Frameworks/MetalPerformanceShaders.framework/Versions/A/Frameworks/MPSFunctions.framework/Versions/A/MPSFunctions
0x000000023e9ee000 	/System/Library/Frameworks/MetalPerformanceShaders.framework/Versions/A/Frameworks/MPSBenchmarkLoop.framework/Versions/A/MPSBenchmarkLoop
0x000000019850f000 	/System/Library/PrivateFrameworks/MetalTools.framework/Versions/A/MetalTools
0x00000001c8d85000 	/System/Library/PrivateFrameworks/IOAccelMemoryInfo.framework/Versions/A/IOAccelMemoryInfo
0x00000001d6bf4000 	/System/Library/PrivateFrameworks/kperf.framework/Versions/A/kperf
0x00000001c3cb6000 	/System/Library/PrivateFrameworks/GPURawCounter.framework/Versions/A/GPURawCounter
0x00000001b1c6f000 	/System/Library/PrivateFrameworks/CoreSymbolication.framework/Versions/A/CoreSymbolication
0x00000001c3c2d000 	/System/Library/PrivateFrameworks/MallocStackLogging.framework/Versions/A/MallocStackLogging
0x00000001b1c4c000 	/System/Library/PrivateFrameworks/DebugSymbols.framework/Versions/A/DebugSymbols
0x00000001d5486000 	/System/Library/PrivateFrameworks/OSAnalytics.framework/Versions/A/OSAnalytics
0x0000000252b32000 	/System/Library/PrivateFrameworks/DeviceRecovery.framework/Versions/A/DeviceRecovery
0x000000023c860000 	/System/Library/Frameworks/ExtensionFoundation.framework/Versions/A/ExtensionFoundation
0x00000001a91f6000 	/System/Library/PrivateFrameworks/AppServerSupport.framework/Versions/A/AppServerSupport
0x00000001a8e83000 	/System/Library/PrivateFrameworks/PlugInKit.framework/Versions/A/PlugInKit
0x00000001a673b000 	/System/Library/PrivateFrameworks/AssertionServices.framework/Versions/A/AssertionServices
0x00000001a8fa9000 	/System/Library/PrivateFrameworks/IconFoundation.framework/Versions/A/IconFoundation
0x00000002605cb000 	/System/Library/PrivateFrameworks/IconRendering.framework/Versions/A/IconRendering
0x0000000273493000 	/System/Library/PrivateFrameworks/SFSymbols.framework/Versions/A/SFSymbols
0x000000019a768000 	/System/Library/PrivateFrameworks/AudioToolboxCore.framework/Versions/A/AudioToolboxCore
0x00000001ab604000 	/System/Library/PrivateFrameworks/AudioSession.framework/Versions/A/AudioSession
0x00000001b663a000 	/System/Library/Frameworks/CoreMIDI.framework/Versions/A/CoreMIDI
0x00000001ab682000 	/usr/lib/libAudioStatistics.dylib
0x00000001a41a6000 	/System/Library/PrivateFrameworks/caulk.framework/Versions/A/caulk
0x00000001a9c48000 	/usr/lib/libAudioToolboxUtility.dylib
0x00000001c3cba000 	/usr/lib/swift/libswiftCoreAudio.dylib
0x00000001ca30f000 	/usr/lib/swift/libswiftCoreMIDI.dylib
0x00000001aba90000 	/System/Library/PrivateFrameworks/perfdata.framework/Versions/A/perfdata
0x00000001c2cd9000 	/System/Library/PrivateFrameworks/SystemPolicy.framework/Versions/A/SystemPolicy
0x00000001ab935000 	/usr/lib/libSMC.dylib
0x00000001aba9e000 	/usr/lib/libperfcheck.dylib
0x0000000248f9e000 	/System/Library/PrivateFrameworks/AudioAnalytics.framework/Versions/A/AudioAnalytics
0x000000029039b000 	/usr/lib/swift/libswift_DarwinFoundation2.dylib
0x000000029039c000 	/usr/lib/swift/libswift_DarwinFoundation3.dylib
0x00000001e87c3000 	/System/Library/Frameworks/OSLog.framework/Versions/A/OSLog
0x00000001c3c5f000 	/usr/lib/libmis.dylib
0x00000001a90c3000 	/System/Library/PrivateFrameworks/MediaExperience.framework/Versions/A/MediaExperience
0x00000001ab3d5000 	/System/Library/PrivateFrameworks/AudioSession.framework/libSessionUtility.dylib
0x00000001a9d8a000 	/System/Library/PrivateFrameworks/CMCaptureCore.framework/Versions/A/CMCaptureCore
0x00000001b0832000 	/System/Library/Frameworks/CoreBluetooth.framework/Versions/A/CoreBluetooth
0x00000001a65a2000 	/System/Library/PrivateFrameworks/CoreUtils.framework/Versions/A/CoreUtils
0x00000001bc00d000 	/System/Library/PrivateFrameworks/HID.framework/Versions/A/HID
0x0000000251fb0000 	/System/Library/PrivateFrameworks/CoreUtilsExtras.framework/Versions/A/CoreUtilsExtras
0x000000026052d000 	/System/Library/PrivateFrameworks/IO80211.framework/Versions/A/IO80211
0x00000001a6fd5000 	/System/Library/PrivateFrameworks/AuthKit.framework/Versions/A/AuthKit
0x00000001ad2bb000 	/System/Library/Frameworks/IOBluetooth.framework/Versions/A/IOBluetooth
0x00000001a8d23000 	/usr/lib/libIOReport.dylib
0x00000001a674a000 	/System/Library/Frameworks/SecurityFoundation.framework/Versions/A/SecurityFoundation
0x0000000198ed5000 	/System/Library/PrivateFrameworks/Lexicon.framework/Versions/A/Lexicon
0x00000001a68b4000 	/usr/lib/libgermantok.dylib
0x00000001a53cd000 	/System/Library/PrivateFrameworks/LinguisticData.framework/Versions/A/LinguisticData
0x00000001ab741000 	/System/Library/PrivateFrameworks/MultiverseSupport.framework/Versions/A/MultiverseSupport
0x00000001b0a77000 	/System/Library/PrivateFrameworks/DiskManagement.framework/Versions/A/DiskManagement
0x00000001b0983000 	/System/Library/PrivateFrameworks/AppleIDAuthSupport.framework/Versions/A/AppleIDAuthSupport
0x000000024418e000 	/System/Library/PrivateFrameworks/AAAFoundation.framework/Versions/A/AAAFoundation
0x00000001abc44000 	/System/Library/PrivateFrameworks/KeychainCircle.framework/Versions/A/KeychainCircle
0x00000001bcea4000 	/System/Library/PrivateFrameworks/URLFormatting.framework/Versions/A/URLFormatting
0x00000001b390b000 	/usr/lib/libcsfde.dylib
0x00000001a8ecd000 	/usr/lib/libCoreStorage.dylib
0x00000001b0a45000 	/System/Library/PrivateFrameworks/MediaKit.framework/Versions/A/MediaKit
0x00000001b0990000 	/System/Library/Frameworks/DiscRecording.framework/Versions/A/DiscRecording
0x00000001ad392000 	/System/Library/PrivateFrameworks/ProtectedCloudStorage.framework/Versions/A/ProtectedCloudStorage
0x00000001b3906000 	/System/Library/PrivateFrameworks/EFILogin.framework/Versions/A/EFILogin
0x00000001a8f9f000 	/usr/lib/libheimdal-asn1.dylib
0x00000001b0d9a000 	/System/Library/PrivateFrameworks/OctagonTrust.framework/Versions/A/OctagonTrust
0x00000001b425f000 	/System/Library/Frameworks/AudioUnit.framework/Versions/A/AudioUnit
0x00000001a204f000 	/System/Library/Frameworks/OpenDirectory.framework/Versions/A/OpenDirectory
0x00000001a205d000 	/System/Library/Frameworks/OpenDirectory.framework/Versions/A/Frameworks/CFOpenDirectory.framework/Versions/A/CFOpenDirectory
0x00000001fcee3000 	/System/Library/Frameworks/AVFAudio.framework/Versions/A/AVFAudio
0x00000001bcfac000 	/usr/lib/libAccessibility.dylib
0x0000000264093000 	/System/Library/PrivateFrameworks/IsolatedCoreAudioClient.framework/Versions/A/IsolatedCoreAudioClient
0x00000001deeae000 	/usr/lib/swift/libswiftCoreMedia.dylib
0x0000000280e1c000 	/System/Library/PrivateFrameworks/Tightbeam.framework/Versions/A/Tightbeam
0x000000024dee5000 	/System/Library/PrivateFrameworks/CoreAudioOrchestration.framework/Versions/A/CoreAudioOrchestration
0x00000001db736000 	/System/Library/PrivateFrameworks/AFKUser.framework/Versions/A/AFKUser
0x00000001afb13000 	/System/Library/Frameworks/MediaAccessibility.framework/Versions/A/MediaAccessibility
0x0000000284dbb000 	/System/Library/PrivateFrameworks/VideoToolboxParavirtualizationSupport.framework/Versions/A/VideoToolboxParavirtualizationSupport
0x00000001a8f3b000 	/System/Library/PrivateFrameworks/AppleVA.framework/Versions/A/AppleVA
0x00000001a9d1c000 	/System/Library/PrivateFrameworks/GPUWrangler.framework/Versions/A/GPUWrangler
0x00000001a9cfc000 	/System/Library/PrivateFrameworks/IOPresentment.framework/Versions/A/IOPresentment
0x00000001a9d24000 	/System/Library/PrivateFrameworks/DSExternalDisplay.framework/Versions/A/DSExternalDisplay
0x0000000248bee000 	/System/Library/PrivateFrameworks/ArgumentParserInternal.framework/Versions/A/ArgumentParserInternal
0x0000000248a46000 	/System/Library/PrivateFrameworks/AppleMobileFileIntegrity.framework/Versions/A/AppleMobileFileIntegrity
0x000000028f04e000 	/usr/lib/libTLE.dylib
0x00000001f971c000 	/System/Library/PrivateFrameworks/ConfigProfileHelper.framework/Versions/A/ConfigProfileHelper
0x00000001ee615000 	/usr/lib/libedit.3.dylib
0x00000002654d5000 	/System/Library/PrivateFrameworks/MIL.framework/Versions/A/MIL
0x00000001c8d48000 	/usr/lib/libncurses.5.4.dylib
0x00000001a64d7000 	/System/Library/PrivateFrameworks/CoreEmoji.framework/Versions/A/CoreEmoji
0x00000001991ee000 	/usr/lib/libCRFSuite.dylib
0x00000001a52ab000 	/System/Library/PrivateFrameworks/CoreNLP.framework/Versions/A/CoreNLP
0x00000001a6853000 	/usr/lib/libmecab.dylib
0x00000001a7733000 	/usr/lib/libThaiTokenizer.dylib
0x00000001e8c5d000 	/System/Library/PrivateFrameworks/HIDDisplay.framework/Versions/A/HIDDisplay
0x00000001a9d56000 	/System/Library/Frameworks/ApplicationServices.framework/Versions/A/Frameworks/ATSUI.framework/Versions/A/ATSUI
0x00000001aba16000 	/usr/lib/libcups.2.dylib
0x00000001abaac000 	/System/Library/Frameworks/Kerberos.framework/Versions/A/Kerberos
0x00000001ab711000 	/usr/lib/libresolv.9.dylib
0x00000001a920a000 	/System/Library/PrivateFrameworks/Heimdal.framework/Versions/A/Heimdal
0x00000001b425e000 	/System/Library/Frameworks/Kerberos.framework/Versions/A/Libraries/libHeimdalProxy.dylib
0x00000001abb10000 	/System/Library/PrivateFrameworks/CommonAuth.framework/Versions/A/CommonAuth
0x00000001bceae000 	/System/Library/PrivateFrameworks/AXCoreUtilities.framework/Versions/A/AXCoreUtilities
0x000000028eaa1000 	/usr/lib/libAXSafeCategoryBundle.dylib
0x00000001a63bc000 	/System/Library/Frameworks/Accelerate.framework/Versions/A/Frameworks/vecLib.framework/Versions/A/libvDSP.dylib
0x00000001a787f000 	/System/Library/Frameworks/Accelerate.framework/Versions/A/Frameworks/vecLib.framework/Versions/A/libLAPACK.dylib
0x00000001a68b7000 	/System/Library/Frameworks/Accelerate.framework/Versions/A/Frameworks/vecLib.framework/Versions/A/libLinearAlgebra.dylib
0x00000001a7778000 	/System/Library/Frameworks/Accelerate.framework/Versions/A/Frameworks/vecLib.framework/Versions/A/libSparseBLAS.dylib
0x00000001a787a000 	/System/Library/Frameworks/Accelerate.framework/Versions/A/Frameworks/vecLib.framework/Versions/A/libQuadrature.dylib
0x00000001a53d4000 	/System/Library/Frameworks/Accelerate.framework/Versions/A/Frameworks/vecLib.framework/Versions/A/libBNNS.dylib
0x0000000198fe7000 	/System/Library/Frameworks/Accelerate.framework/Versions/A/Frameworks/vecLib.framework/Versions/A/libSparse.dylib
0x00000001aba75000 	/System/Library/PrivateFrameworks/NetAuth.framework/Versions/A/NetAuth
0x00000001a226d000 	/System/Library/PrivateFrameworks/login.framework/Versions/A/Frameworks/loginsupport.framework/Versions/A/loginsupport
0x00000001a681d000 	/usr/lib/libCheckFix.dylib
0x00000001a13f5000 	/System/Library/PrivateFrameworks/MetadataUtilities.framework/Versions/A/MetadataUtilities
0x0000000260f30000 	/System/Library/PrivateFrameworks/InstalledContentLibrary.framework/Versions/A/InstalledContentLibrary
0x000000019bf48000 	/System/Library/PrivateFrameworks/CoreServicesStore.framework/Versions/A/CoreServicesStore
0x00000001d6cfa000 	/System/Library/PrivateFrameworks/MobileSystemServices.framework/Versions/A/MobileSystemServices
0x00000001a8be4000 	/usr/lib/libxslt.1.dylib
0x00000001a67dd000 	/System/Library/PrivateFrameworks/BackgroundTaskManagement.framework/Versions/A/BackgroundTaskManagement
0x00000001b3917000 	/usr/lib/libcurl.4.dylib
0x000000028f286000 	/usr/lib/libcrypto.46.dylib
0x000000028fea0000 	/usr/lib/libssl.48.dylib
0x00000001b35ee000 	/System/Library/Frameworks/LDAP.framework/Versions/A/LDAP
0x00000001b362a000 	/System/Library/PrivateFrameworks/TrustEvaluationAgent.framework/Versions/A/TrustEvaluationAgent
0x00000001ab72e000 	/usr/lib/libsasl2.2.dylib
0x00000001c0cd1000 	/usr/lib/swift/libswiftCoreGraphics.dylib
0x00000001b0204000 	/usr/lib/swift/libswiftFoundation.dylib
0x00000001f90eb000 	/usr/lib/swift/libswiftSwiftOnoneSupport.dylib
0x000000029050c000 	/usr/lib/swift/libswiftsys_time.dylib
0x00000001e4bd0000 	/System/Library/PrivateFrameworks/CoreMaterial.framework/Versions/A/CoreMaterial
0x0000000290252000 	/usr/lib/swift/libswiftSpatial.dylib
0x000000028f04b000 	/usr/lib/libSpatial.dylib
0x000000028e9bf000 	/System/Library/SubFrameworks/UIUtilities.framework/Versions/A/UIUtilities
0x0000000105cd8000 	/Library/Java/JavaVirtualMachines/temurin-21.jdk/Contents/Home/lib/server/libjvm.dylib
0x00000001000e8000 	/Library/Java/JavaVirtualMachines/temurin-21.jdk/Contents/Home/lib/libjimage.dylib
0x0000000100148000 	/Library/Java/JavaVirtualMachines/temurin-21.jdk/Contents/Home/lib/libjdwp.dylib
0x0000000100194000 	/Library/Java/JavaVirtualMachines/temurin-21.jdk/Contents/Home/lib/libjava.dylib
0x0000000100114000 	/Library/Java/JavaVirtualMachines/temurin-21.jdk/Contents/Home/lib/libinstrument.dylib
0x000000010022c000 	/Library/Java/JavaVirtualMachines/temurin-21.jdk/Contents/Home/lib/libzip.dylib
0x000000028ea93000 	/usr/lib/i18n/libiconv_std.dylib
0x000000028ea89000 	/usr/lib/i18n/libUTF8.dylib
0x000000028ea98000 	/usr/lib/i18n/libmapper_none.dylib
0x0000000100218000 	/Library/Java/JavaVirtualMachines/temurin-21.jdk/Contents/Home/lib/libdt_socket.dylib
0x00000001004a8000 	/Library/Java/JavaVirtualMachines/temurin-21.jdk/Contents/Home/lib/libnio.dylib
0x00000001055d8000 	/Library/Java/JavaVirtualMachines/temurin-21.jdk/Contents/Home/lib/libnet.dylib
0x00000001055f4000 	/Library/Java/JavaVirtualMachines/temurin-21.jdk/Contents/Home/lib/libverify.dylib
0x0000000105698000 	/Library/Java/JavaVirtualMachines/temurin-21.jdk/Contents/Home/lib/libawt.dylib
0x0000000105740000 	/Library/Java/JavaVirtualMachines/temurin-21.jdk/Contents/Home/lib/libmlib_image.dylib
0x000000023db48000 	/System/Library/Frameworks/JavaRuntimeSupport.framework/Versions/A/JavaRuntimeSupport
0x00000001c26af000 	/System/Library/Frameworks/Carbon.framework/Versions/A/Carbon
0x00000001b8d40000 	/System/Library/Frameworks/Carbon.framework/Versions/A/Frameworks/CommonPanels.framework/Versions/A/CommonPanels
0x00000001b3902000 	/System/Library/Frameworks/Carbon.framework/Versions/A/Frameworks/Help.framework/Versions/A/Help
0x00000001b8d44000 	/System/Library/Frameworks/Carbon.framework/Versions/A/Frameworks/ImageCapture.framework/Versions/A/ImageCapture
0x00000001b8d1f000 	/System/Library/Frameworks/Carbon.framework/Versions/A/Frameworks/OpenScripting.framework/Versions/A/OpenScripting
0x00000001b8d3f000 	/System/Library/Frameworks/Carbon.framework/Versions/A/Frameworks/Ink.framework/Versions/A/Ink
0x00000001b8d3c000 	/System/Library/Frameworks/Carbon.framework/Versions/A/Frameworks/SecurityHI.framework/Versions/A/SecurityHI
0x00000001058ec000 	/Library/Java/JavaVirtualMachines/temurin-21.jdk/Contents/Home/lib/libawt_lwawt.dylib
0x0000000105640000 	/Library/Java/JavaVirtualMachines/temurin-21.jdk/Contents/Home/lib/libosxapp.dylib
0x00000001c0d38000 	/System/Library/Frameworks/ExceptionHandling.framework/Versions/A/ExceptionHandling
0x0000000100254000 	/Library/Java/JavaVirtualMachines/temurin-21.jdk/Contents/Home/lib/libextnet.dylib
0x000000010584c000 	/Users/labanovichttps/Documents/projects/dbeaver-workspace/products/DBeaverUltimate.product/org.eclipse.osgi/60/0/.cp/libswt-cocoa-4970r5.jnilib
0x00000001c0daf000 	/System/Library/Frameworks/WebKit.framework/Versions/A/WebKit
0x00000001b6226000 	/System/Library/Frameworks/WebKit.framework/Versions/A/Frameworks/WebKitLegacy.framework/Versions/A/WebKitLegacy
0x00000001b4042000 	/System/Library/PrivateFrameworks/CorePrediction.framework/Versions/A/CorePrediction
0x00000001a2ff1000 	/System/Library/Frameworks/WebKit.framework/Versions/A/Frameworks/WebCore.framework/Versions/A/Frameworks/libwebrtc.dylib
0x00000001c0d3b000 	/System/Library/PrivateFrameworks/SafariSafeBrowsing.framework/Versions/A/SafariSafeBrowsing
0x00000001ab7b7000 	/System/Library/Frameworks/SecurityInterface.framework/Versions/A/SecurityInterface
0x00000001c45b6000 	/System/Library/PrivateFrameworks/WebInspectorUI.framework/Versions/A/WebInspectorUI
0x00000001b8d47000 	/System/Library/Frameworks/JavaScriptCore.framework/Versions/A/JavaScriptCore
0x00000001bcfe0000 	/System/Library/Frameworks/WebKit.framework/Versions/A/Frameworks/WebCore.framework/Versions/A/WebCore
0x00000001cb351000 	/System/Library/Frameworks/SwiftUI.framework/Versions/A/SwiftUI
0x00000001fdbf0000 	/System/Library/Frameworks/BrowserEngineCore.framework/Versions/A/BrowserEngineCore
0x00000002433b6000 	/System/Library/Frameworks/WebKit.framework/Versions/A/Frameworks/WebCore.framework/Versions/A/Frameworks/libANGLE-shared.dylib
0x0000000287857000 	/System/Library/PrivateFrameworks/WebGPU.framework/Versions/A/WebGPU
0x00000001c6476000 	/System/Library/Frameworks/SceneKit.framework/Versions/A/SceneKit
0x00000001d753c000 	/System/Library/Frameworks/ModelIO.framework/Versions/A/ModelIO
0x00000001ad487000 	/System/Library/Frameworks/MetalKit.framework/Versions/A/MetalKit
0x00000001af74f000 	/System/Library/Frameworks/GLKit.framework/Versions/A/GLKit
0x00000002907e1000 	/usr/lib/usd/libusd_ms.dylib
0x0000000282f3f000 	/System/Library/PrivateFrameworks/USDLib_FormatLoaderProxy.framework/Versions/A/USDLib_FormatLoaderProxy
0x0000000290507000 	/usr/lib/swift/libswift_errno.dylib
0x00000001c3737000 	/System/Library/PrivateFrameworks/CoreOptimization.framework/Versions/A/CoreOptimization
0x000000027eca3000 	/System/Library/PrivateFrameworks/TextAnimationSupport.framework/Versions/A/TextAnimationSupport
0x000000027240f000 	/System/Library/PrivateFrameworks/RecapPerformanceTesting.framework/Versions/A/RecapPerformanceTesting
0x00000001c45a7000 	/System/Library/PrivateFrameworks/SignpostCollection.framework/Versions/A/SignpostCollection
0x00000001c2ab8000 	/System/Library/Frameworks/AVFoundation.framework/Versions/A/AVFoundation
0x00000001af789000 	/usr/lib/libnetworkextension.dylib
0x00000001b31e6000 	/System/Library/PrivateFrameworks/CoreWiFi.framework/Versions/A/CoreWiFi
0x00000001b1d91000 	/System/Library/PrivateFrameworks/Rapport.framework/Versions/A/Rapport
0x00000001ac5fc000 	/System/Library/Frameworks/NetworkExtension.framework/Versions/A/NetworkExtension
0x00000002438e2000 	/System/Library/Frameworks/_LocationEssentials.framework/Versions/A/_LocationEssentials
0x00000001a7328000 	/System/Library/Frameworks/UserNotifications.framework/Versions/A/UserNotifications
0x00000001f06e8000 	/System/Library/PrivateFrameworks/WiFiPeerToPeer.framework/Versions/A/WiFiPeerToPeer
0x000000028f9c0000 	/usr/lib/libmrc.dylib
0x0000000260597000 	/System/Library/PrivateFrameworks/IPConfiguration.framework/Versions/A/IPConfiguration
0x00000001e4b92000 	/System/Library/PrivateFrameworks/Netrb.framework/Versions/A/Netrb
0x00000001ad65d000 	/System/Library/PrivateFrameworks/GeoServices.framework/Versions/A/GeoServices
0x00000001ab39c000 	/System/Library/PrivateFrameworks/LocationSupport.framework/Versions/A/LocationSupport
0x000000025d6d3000 	/System/Library/PrivateFrameworks/GeoServicesCore.framework/Versions/A/GeoServicesCore
0x00000001bcea2000 	/System/Library/PrivateFrameworks/PhoneNumbers.framework/Versions/A/PhoneNumbers
0x00000002653c9000 	/System/Library/PrivateFrameworks/LocationLogEncryption.framework/Versions/A/LocationLogEncryption
0x00000001fd023000 	/System/Library/Frameworks/AVRouting.framework/Versions/A/AVRouting
0x00000001aa27a000 	/System/Library/Frameworks/MediaToolbox.framework/Versions/A/MediaToolbox
0x00000001b0b6d000 	/System/Library/PrivateFrameworks/CoreAVCHD.framework/Versions/A/CoreAVCHD
0x00000001b0b69000 	/System/Library/PrivateFrameworks/Mangrove.framework/Versions/A/Mangrove
0x000000024ab9b000 	/System/Library/PrivateFrameworks/CMPhoto.framework/Versions/A/CMPhoto
0x00000001b131f000 	/System/Library/Frameworks/CoreTelephony.framework/Versions/A/CoreTelephony
0x00000001b0b5c000 	/System/Library/PrivateFrameworks/CoreAUC.framework/Versions/A/CoreAUC
0x0000000247fbb000 	/System/Library/PrivateFrameworks/AppleJPEGXL.framework/Versions/A/AppleJPEGXL
0x00000001abc95000 	/usr/lib/libTelephonyUtilDynamic.dylib
0x00000001eb3fa000 	/System/Library/Frameworks/CryptoKit.framework/Versions/A/CryptoKit
0x00000001b425a000 	/System/Library/PrivateFrameworks/CryptoKitCBridging.framework/Versions/A/CryptoKitCBridging
0x00000001b1948000 	/System/Library/Frameworks/CryptoTokenKit.framework/Versions/A/CryptoTokenKit
0x00000001b19c8000 	/System/Library/Frameworks/LocalAuthentication.framework/Versions/A/LocalAuthentication
0x00000002651f7000 	/System/Library/PrivateFrameworks/LocalAuthenticationCore.framework/Versions/A/LocalAuthenticationCore
0x0000000265377000 	/System/Library/PrivateFrameworks/LocalAuthenticationCredentialServices.framework/Versions/A/LocalAuthenticationCredentialServices
0x00000001b1a35000 	/System/Library/Frameworks/LocalAuthentication.framework/Support/SharedUtils.framework/Versions/A/SharedUtils
0x000000019fd5c000 	/System/Library/PrivateFrameworks/CommonUtilities.framework/Versions/A/CommonUtilities
0x00000001a950b000 	/System/Library/PrivateFrameworks/Bom.framework/Versions/A/Bom
0x00000001ab74f000 	/usr/lib/libParallelCompression.dylib
0x00000001d74b0000 	/System/Library/PrivateFrameworks/SignpostSupport.framework/Versions/A/SignpostSupport
0x00000001d6bfa000 	/System/Library/PrivateFrameworks/ktrace.framework/Versions/A/ktrace
0x00000001e01b1000 	/System/Library/PrivateFrameworks/kperfdata.framework/Versions/A/kperfdata
0x00000001ad560000 	/usr/lib/libdscsym.dylib
0x00000001b43df000 	/System/Library/PrivateFrameworks/Espresso.framework/Versions/A/Espresso
0x00000001f9d11000 	/System/Library/PrivateFrameworks/ANECompiler.framework/Versions/A/ANECompiler
0x00000001b649a000 	/System/Library/PrivateFrameworks/AppleNeuralEngine.framework/Versions/A/AppleNeuralEngine
0x000000023ea22000 	/System/Library/Frameworks/MetalPerformanceShadersGraph.framework/Versions/A/MetalPerformanceShadersGraph
0x0000000265c6f000 	/System/Library/PrivateFrameworks/MLCompilerServices.framework/Versions/A/MLCompilerServices
0x00000001b5273000 	/System/Library/PrivateFrameworks/ANEServices.framework/Versions/A/ANEServices
0x000000019c085000 	/usr/lib/libsandbox.1.dylib
0x00000001a8ec5000 	/usr/lib/libMatch.1.dylib
0x000000026c9d1000 	/System/Library/PrivateFrameworks/ODIE.framework/Versions/A/ODIE
0x0000000265c13000 	/System/Library/PrivateFrameworks/MLCompilerRuntime.framework/Versions/A/MLCompilerRuntime
0x00000001b151e000 	/System/Library/PrivateFrameworks/AVFCore.framework/Versions/A/AVFCore
0x00000001ba945000 	/System/Library/PrivateFrameworks/AVFCapture.framework/Versions/A/AVFCapture
0x000000024a984000 	/System/Library/PrivateFrameworks/CMImaging.framework/Versions/A/CMImaging
0x00000001bab85000 	/System/Library/PrivateFrameworks/Quagga.framework/Versions/A/Quagga
0x00000001bacb9000 	/System/Library/PrivateFrameworks/CMCapture.framework/Versions/A/CMCapture
0x00000001ab825000 	/System/Library/Frameworks/CoreMediaIO.framework/Versions/A/CoreMediaIO
0x000000024a8c0000 	/System/Library/PrivateFrameworks/CMCaptureDevice.framework/Versions/A/CMCaptureDevice
0x00000001a92ef000 	/System/Library/PrivateFrameworks/CoreBrightness.framework/Versions/A/CoreBrightness
0x000000024b940000 	/System/Library/PrivateFrameworks/CinematicFraming.framework/Versions/A/CinematicFraming
0x00000001dda28000 	/System/Library/PrivateFrameworks/CPMS.framework/Versions/A/CPMS
0x000000027e475000 	/System/Library/PrivateFrameworks/SystemStatus.framework/Versions/A/SystemStatus
0x00000001c26b0000 	/System/Library/Frameworks/CoreMotion.framework/Versions/A/CoreMotion
0x00000001d2539000 	/System/Library/PrivateFrameworks/TimeSync.framework/Versions/A/TimeSync
0x0000000252f41000 	/System/Library/PrivateFrameworks/DistributedSensing.framework/Versions/A/DistributedSensing
0x00000001cdc94000 	/System/Library/PrivateFrameworks/MobileBluetooth.framework/Versions/A/MobileBluetooth
0x00000001d41db000 	/System/Library/PrivateFrameworks/IOKitten.framework/Versions/A/IOKitten
0x00000001a2270000 	/System/Library/PrivateFrameworks/ApplePushService.framework/Versions/A/ApplePushService
0x00000001d9c73000 	/System/Library/PrivateFrameworks/DeviceIdentity.framework/Versions/A/DeviceIdentity
0x00000001c88c2000 	/System/Library/PrivateFrameworks/CaptiveNetwork.framework/Versions/A/CaptiveNetwork
0x00000001b3816000 	/System/Library/PrivateFrameworks/EAP8021X.framework/Versions/A/EAP8021X
0x00000002520de000 	/System/Library/PrivateFrameworks/CryptoKitPrivate.framework/Versions/A/CryptoKitPrivate
0x0000000105a20000 	/Users/labanovichttps/Documents/projects/dbeaver-workspace/products/DBeaverUltimate.product/org.eclipse.osgi/60/0/.cp/libswt-pi-cocoa-4970r5.jnilib
0x00000001fd19f000 	/System/Library/Frameworks/AppIntents.framework/Versions/A/AppIntents
0x00000002411de000 	/System/Library/Frameworks/RelevanceKit.framework/Versions/A/RelevanceKit
0x00000001a7379000 	/System/Library/Frameworks/CoreSpotlight.framework/Versions/A/CoreSpotlight
0x0000000264ffd000 	/System/Library/PrivateFrameworks/LinkServices.framework/Versions/A/LinkServices
0x000000025302c000 	/System/Library/PrivateFrameworks/DoNotDisturb.framework/Versions/A/DoNotDisturb
0x0000000264e5c000 	/System/Library/PrivateFrameworks/LinkMetadata.framework/Versions/A/LinkMetadata
0x00000001c3ce1000 	/usr/lib/swift/libswiftIntents.dylib
0x00000001c8ea3000 	/System/Library/PrivateFrameworks/IntentsCore.framework/Versions/A/IntentsCore
0x0000000249464000 	/System/Library/PrivateFrameworks/AvailabilityKit.framework/Versions/A/AvailabilityKit
0x00000002468fc000 	/System/Library/PrivateFrameworks/AppIntentSchemas.framework/Versions/A/AppIntentSchemas
0x000000025a851000 	/System/Library/PrivateFrameworks/GRDBInternal.framework/Versions/A/GRDBInternal
0x000000027d032000 	/System/Library/PrivateFrameworks/StatusKit.framework/Versions/A/StatusKit
0x00000001b0d73000 	/System/Library/PrivateFrameworks/GenerationalStorage.framework/Versions/A/GenerationalStorage
0x00000001b0b9c000 	/System/Library/Frameworks/FileProvider.framework/Versions/A/FileProvider
0x000000019d9ae000 	/System/Library/PrivateFrameworks/DesktopServicesPriv.framework/Versions/A/DesktopServicesPriv
0x00000001c3756000 	/System/Library/PrivateFrameworks/FTServices.framework/Versions/A/FTServices
0x00000001a3bf0000 	/System/Library/Frameworks/CoreLocation.framework/Versions/A/CoreLocation
0x00000001b2b7e000 	/System/Library/Frameworks/Intents.framework/Versions/A/Intents
0x00000001acefd000 	/System/Library/PrivateFrameworks/Sharing.framework/Versions/A/Sharing
0x00000001b31e5000 	/System/Library/PrivateFrameworks/Apple80211.framework/Versions/A/Apple80211
0x00000001a651f000 	/System/Library/Frameworks/CoreWLAN.framework/Versions/A/CoreWLAN
0x00000001ca2f0000 	/usr/lib/swift/libswiftCoreLocation.dylib
0x00000001ac8be000 	/System/Library/PrivateFrameworks/IDS.framework/Versions/A/IDS
0x00000001ab323000 	/System/Library/PrivateFrameworks/IMFoundation.framework/Versions/A/IMFoundation
0x00000001bc31a000 	/System/Library/PrivateFrameworks/Marco.framework/Versions/A/Marco
0x00000001aca9b000 	/System/Library/PrivateFrameworks/IDSFoundation.framework/Versions/A/IDSFoundation
0x00000001b8d07000 	/System/Library/PrivateFrameworks/Engram.framework/Versions/A/Engram
0x00000001d1680000 	/usr/lib/swift/libswiftCompression.dylib
0x00000001b8ca5000 	/usr/lib/libtidy.A.dylib
0x00000001d2008000 	/System/Library/PrivateFrameworks/FTAWD.framework/Versions/A/FTAWD
0x00000001b431d000 	/System/Library/PrivateFrameworks/IntentsFoundation.framework/Versions/A/IntentsFoundation
0x00000001a1f0c000 	/System/Library/PrivateFrameworks/ViewBridge.framework/Versions/A/ViewBridge
0x00000002437f2000 	/System/Library/Frameworks/_AppIntents_AppKit.framework/Versions/A/_AppIntents_AppKit
0x00000001ca2d5000 	/System/Library/Frameworks/Accelerate.framework/Versions/A/Frameworks/vImage.framework/Versions/A/Libraries/libCGInterfaces.dylib
0x0000000105b3c000 	/usr/lib/libobjc-trampolines.dylib
0x000000028eaa5000 	/usr/lib/libAccessibilityBaseImplementations.dylib
0x0000000288f0e000 	/System/Library/PrivateFrameworks/WritingToolsUI.framework/Versions/A/WritingToolsUI
0x000000025d0cd000 	/System/Library/PrivateFrameworks/GenerativeAssistantSettings.framework/Versions/A/GenerativeAssistantSettings
0x000000027edc6000 	/System/Library/PrivateFrameworks/TextComposer.framework/Versions/A/TextComposer
0x000000025d0a5000 	/System/Library/PrivateFrameworks/GenerativeAssistantCommon.framework/Versions/A/GenerativeAssistantCommon
0x0000000243830000 	/System/Library/Frameworks/_AuthenticationServices_SwiftUI.framework/Versions/A/_AuthenticationServices_SwiftUI
0x0000000246667000 	/System/Library/PrivateFrameworks/Anvil.framework/Versions/A/Anvil
0x00000001ca911000 	/System/Library/PrivateFrameworks/AppStoreDaemon.framework/Versions/A/AppStoreDaemon
0x00000001b6875000 	/System/Library/PrivateFrameworks/AppleMediaServices.framework/Versions/A/AppleMediaServices
0x000000025d56a000 	/System/Library/PrivateFrameworks/GenerativePartnerServiceUI.framework/Versions/A/GenerativePartnerServiceUI
0x00000001f86b2000 	/System/Library/PrivateFrameworks/JetEngine.framework/Versions/A/JetEngine
0x0000000249329000 	/System/Library/PrivateFrameworks/AuthenticationServicesCore.framework/Versions/A/AuthenticationServicesCore
0x00000001cdcd6000 	/System/Library/Frameworks/AuthenticationServices.framework/Versions/A/AuthenticationServices
0x00000001a8e5f000 	/System/Library/PrivateFrameworks/SharedWebCredentials.framework/Versions/A/SharedWebCredentials
0x00000001c545e000 	/System/Library/PrivateFrameworks/SafariCore.framework/Versions/A/SafariCore
0x00000001cd81d000 	/System/Library/PrivateFrameworks/SafariFoundation.framework/Versions/A/SafariFoundation
0x00000001b04c0000 	/System/Library/Frameworks/Contacts.framework/Versions/A/Contacts
0x000000024a540000 	/System/Library/PrivateFrameworks/CBORLibrary.framework/Versions/A/CBORLibrary
0x000000024b4ef000 	/System/Library/PrivateFrameworks/Chirp.framework/Versions/A/Chirp
0x000000024c09e000 	/System/Library/PrivateFrameworks/CloudSubscriptionFeatures.framework/Versions/A/CloudSubscriptionFeatures
0x00000001b0205000 	/System/Library/PrivateFrameworks/ContactsFoundation.framework/Versions/A/ContactsFoundation
0x00000001f9a49000 	/System/Library/PrivateFrameworks/RemoteManagement.framework/Versions/A/RemoteManagement
0x000000027278f000 	/System/Library/PrivateFrameworks/RemoteManagementModel.framework/Versions/A/RemoteManagementModel
0x0000000272820000 	/System/Library/PrivateFrameworks/RemoteManagementStore.framework/Versions/A/RemoteManagementStore
0x00000001ad4a5000 	/usr/lib/libxcselect.dylib
0x00000001cd78d000 	/System/Library/PrivateFrameworks/DifferentialPrivacy.framework/Versions/A/DifferentialPrivacy
0x00000002676c9000 	/System/Library/PrivateFrameworks/ManagedSettingsObjC.framework/Versions/A/ManagedSettingsObjC
0x00000002653ce000 	/System/Library/PrivateFrameworks/LockdownMode.framework/Versions/A/LockdownMode
0x0000000283a2b000 	/System/Library/PrivateFrameworks/VDAF.framework/Versions/A/VDAF
0x00000001b02da000 	/System/Library/PrivateFrameworks/ContactsPersistence.framework/Versions/A/ContactsPersistence
0x00000001af44c000 	/System/Library/PrivateFrameworks/AppleLDAP.framework/Versions/A/AppleLDAP
0x00000001b3cb6000 	/System/Library/Frameworks/ClassKit.framework/Versions/A/ClassKit
0x00000001b5f27000 	/System/Library/PrivateFrameworks/CoreSuggestions.framework/Versions/A/CoreSuggestions
0x00000001b18f6000 	/System/Library/PrivateFrameworks/vCard.framework/Versions/A/vCard
0x000000024cc5b000 	/System/Library/PrivateFrameworks/ContactsMetrics.framework/Versions/A/ContactsMetrics
0x00000001a92cb000 	/System/Library/PrivateFrameworks/login.framework/Versions/A/login
0x00000002676c3000 	/System/Library/PrivateFrameworks/ManagedOrganizationContacts.framework/Versions/A/ManagedOrganizationContacts
0x00000001a26ea000 	/System/Library/PrivateFrameworks/CloudDocs.framework/Versions/A/CloudDocs
0x00000001bc86a000 	/System/Library/PrivateFrameworks/ProactiveEventTracker.framework/Versions/A/ProactiveEventTracker
0x00000001ab7f1000 	/System/Library/PrivateFrameworks/CoreFollowUp.framework/Versions/A/CoreFollowUp
0x00000001b5467000 	/System/Library/PrivateFrameworks/ConfigurationProfiles.framework/Versions/A/ConfigurationProfiles
0x000000025222d000 	/System/Library/PrivateFrameworks/DMCUtilities.framework/Versions/A/DMCUtilities
0x000000026544c000 	/System/Library/PrivateFrameworks/MDMClientLibrary.framework/Versions/A/MDMClientLibrary
0x0000000272814000 	/System/Library/PrivateFrameworks/RemoteManagementProtocol.framework/Versions/A/RemoteManagementProtocol
0x000000028ee40000 	/usr/lib/libEndpointSecuritySystem.dylib
0x00000001afb2b000 	/System/Library/PrivateFrameworks/SystemAdministration.framework/Versions/A/SystemAdministration
0x00000001ba849000 	/System/Library/PrivateFrameworks/PowerlogControl.framework/Versions/A/PowerlogControl
0x00000001a680e000 	/System/Library/Frameworks/ServiceManagement.framework/Versions/A/ServiceManagement
0x00000001ba84b000 	/usr/lib/libUniversalAccess.dylib
0x00000001b7272000 	/System/Library/PrivateFrameworks/FamilyControls.framework/Versions/A/FamilyControls
0x00000001af422000 	/System/Library/Frameworks/DirectoryService.framework/Versions/A/DirectoryService
0x00000001b3999000 	/System/Library/PrivateFrameworks/LoginUIKit.framework/Versions/A/Frameworks/LoginUICore.framework/Versions/A/LoginUICore
0x00000001a9509000 	/usr/lib/libodfde.dylib
0x00000001b726c000 	/System/Library/PrivateFrameworks/UniversalAccess.framework/Versions/A/Libraries/libUAPreferences.dylib
0x00000001b7296000 	/System/Library/PrivateFrameworks/CommerceKit.framework/Versions/A/Frameworks/CommerceCore.framework/Versions/A/CommerceCore
0x000000025219a000 	/System/Library/PrivateFrameworks/DEPClientLibrary.framework/Versions/A/DEPClientLibrary
0x00000002521c3000 	/System/Library/PrivateFrameworks/DMCEnrollmentLibrary.framework/Versions/A/DMCEnrollmentLibrary
0x00000001ba934000 	/System/Library/PrivateFrameworks/SetupAssistantFramework.framework/Versions/A/SetupAssistantFramework
0x00000001b409a000 	/System/Library/PrivateFrameworks/AuthKitUI.framework/Versions/A/AuthKitUI
0x00000001b39e3000 	/System/Library/PrivateFrameworks/AppSSO.framework/Versions/A/AppSSO
0x00000001ca66e000 	/System/Library/PrivateFrameworks/LocalAuthenticationUI.framework/Versions/A/LocalAuthenticationUI
0x00000002706f0000 	/System/Library/PrivateFrameworks/PlatformSSO.framework/Versions/A/PlatformSSO
0x00000001cb116000 	/System/Library/PrivateFrameworks/AOSUI.framework/Versions/A/AOSUI
0x00000001bc637000 	/System/Library/Frameworks/ContactsUI.framework/Versions/A/ContactsUI
0x00000001b0746000 	/System/Library/PrivateFrameworks/FamilyCircle.framework/Versions/A/FamilyCircle
0x00000001d8ccf000 	/System/Library/Frameworks/LinkPresentation.framework/Versions/A/LinkPresentation
0x000000023dbd5000 	/System/Library/Frameworks/LocalAuthenticationEmbeddedUI.framework/Versions/A/LocalAuthenticationEmbeddedUI
0x00000002707dc000 	/System/Library/PrivateFrameworks/PlatformSSOCore.framework/Versions/A/PlatformSSOCore
0x00000001bc207000 	/System/Library/PrivateFrameworks/IASUtilities.framework/Versions/A/IASUtilities
0x0000000260460000 	/System/Library/PrivateFrameworks/IASUtilitiesCore.framework/Versions/A/IASUtilitiesCore
0x00000001c45b7000 	/System/Library/PrivateFrameworks/OnBoardingKit.framework/Versions/A/OnBoardingKit
0x0000000272889000 	/System/Library/PrivateFrameworks/RemoteUI.framework/Versions/A/RemoteUI
0x000000026481e000 	/System/Library/PrivateFrameworks/LiftUI.framework/Versions/A/LiftUI
0x0000000274d47000 	/System/Library/PrivateFrameworks/Settings.framework/Versions/A/Settings
0x0000000289517000 	/System/Library/PrivateFrameworks/_IconServices_SwiftUI.framework/Versions/A/_IconServices_SwiftUI
0x000000023c986000 	/System/Library/Frameworks/ExtensionKit.framework/Versions/A/ExtensionKit
0x000000024bfec000 	/System/Library/PrivateFrameworks/CloudSettings.framework/Versions/A/CloudSettings
0x00000001b5ff8000 	/System/Library/Frameworks/EventKit.framework/Versions/A/EventKit
0x00000001c47c8000 	/System/Library/PrivateFrameworks/SearchFoundation.framework/Versions/A/SearchFoundation
0x00000001dad63000 	/System/Library/PrivateFrameworks/Email.framework/Versions/A/Email
0x00000001c3308000 	/System/Library/PrivateFrameworks/CoreRoutine.framework/Versions/A/CoreRoutine
0x00000001f93cb000 	/System/Library/PrivateFrameworks/VoiceShortcutClient.framework/Versions/A/VoiceShortcutClient
0x00000001d2b62000 	/System/Library/PrivateFrameworks/Categories.framework/Versions/A/Categories
0x00000001cafcc000 	/System/Library/PrivateFrameworks/ChronoServices.framework/Versions/A/ChronoServices
0x000000024afca000 	/System/Library/PrivateFrameworks/CalendarDatabase.framework/Versions/A/CalendarDatabase
0x000000024af16000 	/System/Library/PrivateFrameworks/CalendarDaemon.framework/Versions/A/CalendarDaemon
0x00000001b5391000 	/System/Library/PrivateFrameworks/CalendarFoundation.framework/Versions/A/CalendarFoundation
0x00000001b534d000 	/System/Library/PrivateFrameworks/iCalendar.framework/Versions/A/iCalendar
0x000000025242b000 	/System/Library/PrivateFrameworks/DataAccessExpress.framework/Versions/A/DataAccessExpress
0x00000001bc794000 	/System/Library/PrivateFrameworks/ContactsAutocomplete.framework/Versions/A/ContactsAutocomplete
0x00000002902f1000 	/usr/lib/swift/libswiftVideoToolbox.dylib
0x00000001caf1c000 	/System/Library/PrivateFrameworks/FTClientServices.framework/Versions/A/FTClientServices
0x0000000290163000 	/usr/lib/swift/libswiftCoreMediaIO.dylib
0x00000001bc091000 	/System/Library/PrivateFrameworks/CoreDAV.framework/Versions/A/CoreDAV
0x00000001b5ec8000 	/System/Library/PrivateFrameworks/CalDAV.framework/Versions/A/CalDAV
0x00000001c0a3b000 	/System/Library/PrivateFrameworks/TelephonyUtilities.framework/Versions/A/TelephonyUtilities
0x000000023db92000 	/System/Library/Frameworks/LiveCommunicationKit.framework/Versions/A/LiveCommunicationKit
0x000000024c8bf000 	/System/Library/PrivateFrameworks/CommunicationTrust.framework/Versions/A/CommunicationTrust
0x00000001c5271000 	/System/Library/Frameworks/CallKit.framework/Versions/A/CallKit
0x00000001b073f000 	/System/Library/PrivateFrameworks/CommunicationsFilter.framework/Versions/A/CommunicationsFilter
0x00000001ee750000 	/System/Library/PrivateFrameworks/IMTransferServices.framework/Versions/A/IMTransferServices
0x00000001c3750000 	/System/Library/PrivateFrameworks/IncomingCallFilter.framework/Versions/A/IncomingCallFilter
0x000000026b3e8000 	/System/Library/PrivateFrameworks/NeighborhoodActivityConduit.framework/Versions/A/NeighborhoodActivityConduit
0x00000001c772f000 	/System/Library/PrivateFrameworks/CallHistory.framework/Versions/A/CallHistory
0x000000028ecd0000 	/usr/lib/libBASupport.dylib
0x000000024b3d2000 	/System/Library/PrivateFrameworks/CallsUtilities.framework/Versions/A/CallsUtilities
0x000000024b3dd000 	/System/Library/PrivateFrameworks/CallsXPC.framework/Versions/A/CallsXPC
0x00000001f9ba7000 	/usr/lib/swift/libswiftCallKit.dylib
0x000000024b3c5000 	/System/Library/PrivateFrameworks/CallsPersistence.framework/Versions/A/CallsPersistence
0x00000002414b4000 	/System/Library/Frameworks/SensitiveContentAnalysis.framework/Versions/A/SensitiveContentAnalysis
0x00000001c8732000 	/System/Library/PrivateFrameworks/PeopleSuggester.framework/Versions/A/PeopleSuggester
0x00000001d19fb000 	/System/Library/PrivateFrameworks/SpotlightReceiver.framework/Versions/A/SpotlightReceiver
0x00000002894df000 	/System/Library/PrivateFrameworks/_AppIntentsServices_AppIntents.framework/Versions/A/_AppIntentsServices_AppIntents
0x0000000246963000 	/System/Library/PrivateFrameworks/AppIntentsServices.framework/Versions/A/AppIntentsServices
0x00000001b5335000 	/System/Library/PrivateFrameworks/CoreRecents.framework/Versions/A/CoreRecents
0x000000023d088000 	/System/Library/Frameworks/GeoToolbox.framework/Versions/A/GeoToolbox
0x00000002438af000 	/System/Library/Frameworks/_GeoToolbox_AppIntents.framework/Versions/A/_GeoToolbox_AppIntents
0x00000001e45e2000 	/System/Library/PrivateFrameworks/DiagnosticRequest.framework/Versions/A/DiagnosticRequest
0x0000000289424000 	/System/Library/PrivateFrameworks/XPCDistributed.framework/Versions/A/XPCDistributed
0x00000002724a4000 	/System/Library/PrivateFrameworks/RegulatoryDomain.framework/Versions/A/RegulatoryDomain
0x00000001af826000 	/usr/lib/libCTGreenTeaLogger.dylib
0x00000002653a1000 	/System/Library/PrivateFrameworks/LocalStatusKit.framework/Versions/A/LocalStatusKit
0x00000001c0929000 	/System/Library/PrivateFrameworks/CoreParsec.framework/Versions/A/CoreParsec
0x00000001dad57000 	/System/Library/PrivateFrameworks/EmailAddressing.framework/Versions/A/EmailAddressing
0x00000001d6dc0000 	/System/Library/PrivateFrameworks/EmailCore.framework/Versions/A/EmailCore
0x00000001d7dcc000 	/System/Library/PrivateFrameworks/EmailFoundation.framework/Versions/A/EmailFoundation
0x000000026e321000 	/System/Library/PrivateFrameworks/PegasusAPI.framework/Versions/A/PegasusAPI
0x000000026ee1c000 	/System/Library/PrivateFrameworks/PegasusConfiguration.framework/Versions/A/PegasusConfiguration
0x00000002817f1000 	/System/Library/PrivateFrameworks/ToolKit.framework/Versions/A/ToolKit
0x0000000272c02000 	/System/Library/PrivateFrameworks/ReplicatorEngine.framework/Versions/A/ReplicatorEngine
0x0000000272d99000 	/System/Library/PrivateFrameworks/ReplicatorServices.framework/Versions/A/ReplicatorServices
0x000000027e4ec000 	/System/Library/PrivateFrameworks/SystemWake.framework/Versions/A/SystemWake
0x00000001c5444000 	/System/Library/PrivateFrameworks/ContextKit.framework/Versions/A/ContextKit
0x000000024cd9f000 	/System/Library/PrivateFrameworks/ContextKitCore.framework/Versions/A/ContextKitCore
0x00000001c39d4000 	/System/Library/Frameworks/LocalAuthentication.framework/Support/DaemonUtils.framework/Versions/A/DaemonUtils
0x0000000265336000 	/System/Library/PrivateFrameworks/LocalAuthenticationCoreUI.framework/Versions/A/LocalAuthenticationCoreUI
0x00000001c6dc4000 	/System/Library/PrivateFrameworks/BridgeXPC.framework/Versions/A/BridgeXPC
0x00000001c4691000 	/System/Library/PrivateFrameworks/CoreKDL.framework/Versions/A/CoreKDL
0x00000001c2cd2000 	/System/Library/PrivateFrameworks/EmbeddedOSSupportHost.framework/Versions/A/EmbeddedOSSupportHost
0x00000001b7d2e000 	/System/Library/PrivateFrameworks/LoginUIKit.framework/Versions/A/LoginUIKit
0x00000001d3031000 	/System/Library/PrivateFrameworks/StorageKit.framework/Versions/A/StorageKit
0x00000001fb356000 	/System/Library/Frameworks/DeviceCheck.framework/Versions/A/DeviceCheck
0x00000001d30aa000 	/System/Library/PrivateFrameworks/CoreWLANKit.framework/Versions/A/CoreWLANKit
0x0000000286c24000 	/System/Library/PrivateFrameworks/Wallpaper.framework/Versions/A/Wallpaper
0x000000029017e000 	/usr/lib/swift/libswiftGLKit.dylib
0x0000000290189000 	/usr/lib/swift/libswiftMetalKit.dylib
0x000000029018d000 	/usr/lib/swift/libswiftModelIO.dylib
0x000000029024f000 	/usr/lib/swift/libswiftSceneKit.dylib
0x000000023c9c9000 	/System/Library/Frameworks/FSKit.framework/Versions/A/FSKit
0x0000000252d00000 	/System/Library/PrivateFrameworks/DiskImages2.framework/Versions/A/DiskImages2
0x0000000265181000 	/System/Library/PrivateFrameworks/LiveFS.framework/Versions/A/LiveFS
0x00000001dbc86000 	/System/Library/PrivateFrameworks/DynamicDesktop.framework/Versions/A/DynamicDesktop
0x0000000286dad000 	/System/Library/PrivateFrameworks/WallpaperFoundation.framework/Versions/A/WallpaperFoundation
0x0000000286e09000 	/System/Library/PrivateFrameworks/WallpaperTypes.framework/Versions/A/WallpaperTypes
0x00000001f0472000 	/System/Library/PrivateFrameworks/SystemDesktopAppearance.framework/Versions/A/SystemDesktopAppearance
0x000000028c53b000 	/System/Library/PrivateFrameworks/icloudMCCKit.framework/Versions/A/icloudMCCKit
0x0000000247892000 	/System/Library/PrivateFrameworks/AppleAccountUI.framework/Versions/A/AppleAccountUI
0x00000001e4b9c000 	/System/Library/PrivateFrameworks/PreferencePanesSupport.framework/Versions/A/PreferencePanesSupport
0x00000001cb2c8000 	/System/Library/PrivateFrameworks/FindMyDeviceUI.framework/Versions/A/FindMyDeviceUI
0x000000028a190000 	/System/Library/PrivateFrameworks/iCloudQuotaUI.framework/Versions/A/iCloudQuotaUI
0x00000001e4d50000 	/System/Library/PrivateFrameworks/CoreCDPUI.framework/Versions/A/CoreCDPUI
0x00000001c51a0000 	/System/Library/PrivateFrameworks/CoreFollowUpUI.framework/Versions/A/CoreFollowUpUI
0x00000001d1c7a000 	/System/Library/PrivateFrameworks/IMCore.framework/Versions/A/IMCore
0x00000001ba8b2000 	/System/Library/PrivateFrameworks/CoreCDP.framework/Versions/A/CoreCDP
0x00000001b6866000 	/System/Library/PrivateFrameworks/AskPermission.framework/Versions/A/AskPermission
0x00000001c8e13000 	/System/Library/Frameworks/Quartz.framework/Versions/A/Quartz
0x00000001d55b7000 	/System/Library/PrivateFrameworks/CloudPhotoServicesConfiguration.framework/Versions/A/CloudPhotoServicesConfiguration
0x00000001c7547000 	/System/Library/PrivateFrameworks/CommerceKit.framework/Versions/A/CommerceKit
0x00000001d6e8f000 	/System/Library/PrivateFrameworks/FindMyMac.framework/Versions/A/FindMyMac
0x00000001d6d63000 	/System/Library/Frameworks/PreferencePanes.framework/Versions/A/PreferencePanes
0x00000001ca759000 	/System/Library/Frameworks/AddressBook.framework/Versions/A/AddressBook
0x00000001b577e000 	/System/Library/PrivateFrameworks/AOSAccounts.framework/Versions/A/AOSAccounts
0x00000001afb25000 	/System/Library/PrivateFrameworks/AppleSRP.framework/Versions/A/AppleSRP
0x00000001c38eb000 	/System/Library/Frameworks/SafariServices.framework/Versions/A/SafariServices
0x00000001b426e000 	/System/Library/PrivateFrameworks/NetFSServer.framework/Versions/A/NetFSServer
0x00000001c6351000 	/System/Library/Frameworks/PDFKit.framework/Versions/A/PDFKit
0x00000002429e4000 	/System/Library/Frameworks/TabularData.framework/Versions/A/TabularData
0x00000002901a3000 	/usr/lib/swift/libswiftPassKit.dylib
0x00000001e8b99000 	/System/Library/Frameworks/PassKit.framework/Versions/A/PassKit
0x00000001b7e38000 	/System/Library/PrivateFrameworks/PassKitCore.framework/Versions/A/PassKitCore
0x000000026dcc0000 	/System/Library/PrivateFrameworks/PassKitMacHelperTemp.framework/Versions/A/PassKitMacHelperTemp
0x000000026cbf8000 	/System/Library/PrivateFrameworks/OSEligibility.framework/Versions/A/OSEligibility
0x000000028ec22000 	/usr/lib/libAppleSSE.dylib
0x00000001c3a20000 	/System/Library/PrivateFrameworks/BiometricKit.framework/Versions/A/BiometricKit
0x000000027338f000 	/System/Library/PrivateFrameworks/SEService.framework/Versions/A/SEService
0x000000023ca8d000 	/System/Library/Frameworks/FinanceKit.framework/Versions/A/FinanceKit
0x00000001c8ec3000 	/System/Library/PrivateFrameworks/NearField.framework/Versions/A/NearField
0x000000028efff000 	/usr/lib/libSESShared.dylib
0x0000000273589000 	/System/Library/PrivateFrameworks/STSXPCHelperClient.framework/Versions/A/STSXPCHelperClient
0x00000001cab60000 	/usr/lib/libnfshared.dylib
0x000000027e27a000 	/System/Library/PrivateFrameworks/Symptoms.framework/Versions/A/Frameworks/SymptomPresentationFeed.framework/Versions/A/SymptomPresentationFeed
0x0000000248237000 	/System/Library/PrivateFrameworks/AppleMediaServicesKitInternal.framework/Versions/A/AppleMediaServicesKitInternal
0x000000027dfbd000 	/System/Library/PrivateFrameworks/SymptomShared.framework/Versions/A/SymptomShared
0x00000001eb666000 	/System/Library/PrivateFrameworks/PassKitUIFoundation.framework/Versions/A/PassKitUIFoundation
0x00000001af45e000 	/System/Library/Frameworks/MapKit.framework/Versions/A/MapKit
0x000000025d60a000 	/System/Library/PrivateFrameworks/GeoAnalytics.framework/Versions/A/GeoAnalytics
0x00000001cab8e000 	/System/Library/PrivateFrameworks/Navigation.framework/Versions/A/Navigation
0x00000001d460d000 	/System/Library/PrivateFrameworks/VectorKit.framework/Versions/A/VectorKit
0x00000001bc2cc000 	/System/Library/PrivateFrameworks/VirtualGarage.framework/Versions/A/VirtualGarage
0x00000001cad6a000 	/System/Library/Frameworks/ExternalAccessory.framework/ExternalAccessory
0x00000001cad85000 	/System/Library/PrivateFrameworks/IAP.framework/Versions/A/IAP
0x00000001af717000 	/System/Library/PrivateFrameworks/IOPlatformPluginFamily.framework/Versions/A/IOPlatformPluginFamily
0x0000000249467000 	/System/Library/PrivateFrameworks/AvatarKit.framework/Versions/A/AvatarKit
0x0000000249526000 	/System/Library/PrivateFrameworks/AvatarPersistence.framework/Versions/A/AvatarPersistence
0x0000000242d5e000 	/System/Library/Frameworks/TipKit.framework/Versions/A/TipKit
0x00000001b7957000 	/System/Library/PrivateFrameworks/IMSharedUtilities.framework/Versions/A/IMSharedUtilities
0x0000000290143000 	/usr/lib/swift/libswiftAppleArchive.dylib
0x0000000283b17000 	/System/Library/PrivateFrameworks/VFX.framework/Versions/A/VFX
0x00000001e694c000 	/System/Library/PrivateFrameworks/AppleCVA.framework/Versions/A/AppleCVA
0x0000000249525000 	/System/Library/PrivateFrameworks/AvatarKitContent.framework/Versions/A/AvatarKitContent
0x000000023e97d000 	/System/Library/Frameworks/MetalFX.framework/Versions/A/MetalFX
0x000000024c92b000 	/System/Library/PrivateFrameworks/CompositorNonUI.framework/Versions/A/CompositorNonUI
0x00000001fcee2000 	/System/Library/Frameworks/ARKit.framework/Versions/A/ARKit
0x0000000245380000 	/System/Library/PrivateFrameworks/ARKitCore.framework/Versions/A/ARKitCore
0x000000028ecfd000 	/usr/lib/libDisplayWarpSupport.dylib
0x000000024e012000 	/System/Library/PrivateFrameworks/CoreComposite.framework/Versions/A/CoreComposite
0x000000028f11c000 	/usr/lib/libchannel.dylib
0x000000028fe12000 	/usr/lib/librealtime_safety.dylib
0x000000024540d000 	/System/Library/PrivateFrameworks/ARKitFoundation.framework/Versions/A/ARKitFoundation
0x000000024792d000 	/System/Library/PrivateFrameworks/AppleDepth.framework/Versions/A/AppleDepth
0x0000000247aa3000 	/System/Library/PrivateFrameworks/AppleDepthCore.framework/Versions/A/AppleDepthCore
0x00000001af84f000 	/System/Library/PrivateFrameworks/CoreAppleCVA.framework/Versions/A/CoreAppleCVA
0x00000001bc3fa000 	/System/Library/PrivateFrameworks/ContactsUICore.framework/Versions/A/ContactsUICore
0x00000001c3858000 	/System/Library/PrivateFrameworks/ContactsDonation.framework/Versions/A/ContactsDonation
0x00000001c30e1000 	/System/Library/PrivateFrameworks/DataDetectors.framework/Versions/A/DataDetectors
0x00000001b5eb4000 	/System/Library/Frameworks/MediaLibrary.framework/Versions/A/MediaLibrary
0x00000001b072e000 	/System/Library/PrivateFrameworks/PersonaKit.framework/Versions/A/PersonaKit
0x00000001bc3e8000 	/System/Library/PrivateFrameworks/PersonaUI.framework/Versions/A/PersonaUI
0x00000001d678c000 	/System/Library/PrivateFrameworks/Transparency.framework/Versions/A/Transparency
0x000000025466d000 	/System/Library/PrivateFrameworks/FindMyLocate.framework/Versions/A/FindMyLocate
0x00000001c5120000 	/System/Library/PrivateFrameworks/IntlPreferences.framework/Versions/A/IntlPreferences
0x000000025454d000 	/System/Library/PrivateFrameworks/FindMyCommon.framework/Versions/A/FindMyCommon
0x0000000254349000 	/System/Library/PrivateFrameworks/FindMyBase.framework/Versions/A/FindMyBase
0x000000024019f000 	/System/Library/Frameworks/NearbyInteraction.framework/Versions/A/NearbyInteraction
0x00000001b0357000 	/System/Library/PrivateFrameworks/AddressBookCore.framework/Versions/A/AddressBookCore
0x00000001ca8ef000 	/System/Library/PrivateFrameworks/ToneKit.framework/Versions/A/ToneKit
0x00000001c5166000 	/System/Library/PrivateFrameworks/ToneLibrary.framework/Versions/A/ToneLibrary
0x000000024cc29000 	/System/Library/PrivateFrameworks/ContactsAccounts.framework/Versions/A/ContactsAccounts
0x00000001c8d2e000 	/System/Library/PrivateFrameworks/Lookup.framework/Versions/A/Lookup
0x0000000240a35000 	/System/Library/Frameworks/QuickLookUI.framework/Versions/A/QuickLookUI
0x000000024142f000 	/System/Library/Frameworks/ScreenCaptureKit.framework/Versions/A/ScreenCaptureKit
0x00000001c5e65000 	/System/Library/Frameworks/Quartz.framework/Versions/A/Frameworks/QuartzComposer.framework/Versions/A/QuartzComposer
0x00000001c50f7000 	/System/Library/Frameworks/Quartz.framework/Versions/A/Frameworks/QuartzFilters.framework/Versions/A/QuartzFilters
0x00000001c418a000 	/System/Library/Frameworks/Quartz.framework/Versions/A/Frameworks/ImageKit.framework/Versions/A/ImageKit
0x00000001fccf2000 	/System/Library/Frameworks/OpenCL.framework/Versions/A/OpenCL
0x00000001c26ae000 	/System/Library/PrivateFrameworks/CorePDF.framework/Versions/A/CorePDF
0x00000001ad41e000 	/System/Library/Frameworks/QuickLook.framework/Versions/A/QuickLook
0x00000001b7d29000 	/System/Library/PrivateFrameworks/DisplayServices.framework/Versions/A/DisplayServices
0x00000001c5062000 	/System/Library/Frameworks/ImageCaptureCore.framework/Versions/A/ImageCaptureCore
0x0000000285a9d000 	/System/Library/PrivateFrameworks/VisionKitCore.framework/Versions/A/VisionKitCore
0x00000001c08f9000 	/System/Library/PrivateFrameworks/QuickLookSupport.framework/Versions/A/QuickLookSupport
0x0000000267fa2000 	/System/Library/PrivateFrameworks/MediaAnalysisServices.framework/Versions/A/MediaAnalysisServices
0x00000001c7d47000 	/System/Library/PrivateFrameworks/PhotoLibraryServices.framework/Versions/A/PhotoLibraryServices
0x00000001c4c76000 	/System/Library/Frameworks/Photos.framework/Versions/A/Photos
0x00000001d90bc000 	/System/Library/PrivateFrameworks/PhotosFormats.framework/Versions/A/PhotosFormats
0x00000001d55e2000 	/System/Library/PrivateFrameworks/CloudPhotoLibrary.framework/Versions/A/CloudPhotoLibrary
0x00000001de825000 	/System/Library/PrivateFrameworks/CloudPhotoServices.framework/Versions/A/CloudPhotoServices
0x00000001daec3000 	/System/Library/PrivateFrameworks/CoreMediaStream.framework/Versions/A/CoreMediaStream
0x00000001b0dca000 	/System/Library/PrivateFrameworks/CPAnalytics.framework/Versions/A/CPAnalytics
0x00000001d7475000 	/System/Library/PrivateFrameworks/MediaConversionService.framework/Versions/A/MediaConversionService
0x00000001b7943000 	/System/Library/PrivateFrameworks/PhotoFoundation.framework/Versions/A/PhotoFoundation
0x000000026f3f4000 	/System/Library/PrivateFrameworks/PhotoLibraryServicesCore.framework/Versions/A/PhotoLibraryServicesCore
0x00000001d1390000 	/System/Library/PrivateFrameworks/MMCS.framework/Versions/A/MMCS
0x00000001b5d0e000 	/System/Library/PrivateFrameworks/ChunkingLibrary.framework/Versions/A/ChunkingLibrary
0x00000001afaf2000 	/System/Library/PrivateFrameworks/AssetCacheServices.framework/Versions/A/AssetCacheServices
0x00000001b1a47000 	/System/Library/PrivateFrameworks/AVFoundationCF.framework/Versions/A/AVFoundationCF
0x00000001ee64b000 	/usr/lib/swift/libswiftDemangle.dylib
0x00000001c339a000 	/System/Library/PrivateFrameworks/MediaStream.framework/Versions/A/MediaStream
0x00000001d7911000 	/System/Library/PrivateFrameworks/NeutrinoCore.framework/Versions/A/NeutrinoCore
0x000000019f5ef000 	/System/Library/PrivateFrameworks/NLP.framework/Versions/A/NLP
0x00000001dd5e0000 	/System/Library/PrivateFrameworks/PhotoImaging.framework/Versions/A/PhotoImaging
0x00000001de7e6000 	/System/Library/PrivateFrameworks/PhotosImagingFoundation.framework/Versions/A/PhotosImagingFoundation
0x000000026ff87000 	/System/Library/PrivateFrameworks/PhotosIntelligenceCore.framework/Versions/A/PhotosIntelligenceCore
0x00000001b1e76000 	/System/Library/PrivateFrameworks/EmbeddedAcousticRecognition.framework/Versions/A/EmbeddedAcousticRecognition
0x00000001ccae3000 	/System/Library/PrivateFrameworks/EmojiFoundation.framework/Versions/A/EmojiFoundation
0x00000001d585b000 	/System/Library/PrivateFrameworks/SDAPI.framework/Versions/A/SDAPI
0x00000001de834000 	/System/Library/PrivateFrameworks/AutoLoop.framework/Versions/A/AutoLoop
0x0000000270b32000 	/System/Library/PrivateFrameworks/Portrait.framework/Versions/A/Portrait
0x0000000254ce9000 	/System/Library/PrivateFrameworks/FusionTracker.framework/Versions/A/FusionTracker
0x00000001c5903000 	/System/Library/PrivateFrameworks/iTunesCloud.framework/Versions/A/iTunesCloud
0x00000001ce9b2000 	/System/Library/PrivateFrameworks/DAAPKit.framework/Versions/A/DAAPKit
0x00000001c0c70000 	/System/Library/PrivateFrameworks/DeviceManagement.framework/Versions/A/DeviceManagement
0x00000001e4534000 	/System/Library/PrivateFrameworks/ScreenTimeUI.framework/Versions/A/ScreenTimeUI
0x00000001c30db000 	/System/Library/PrivateFrameworks/QuickLookNonBaseSystem.framework/Versions/A/QuickLookNonBaseSystem
0x00000001c392c000 	/System/Library/PrivateFrameworks/Catalyst.framework/Versions/A/Catalyst
0x00000001c5318000 	/System/Library/PrivateFrameworks/ScreenTimeCore.framework/Versions/A/ScreenTimeCore
0x00000001d8581000 	/System/Library/PrivateFrameworks/ScreenTimeServiceUI.framework/Versions/A/ScreenTimeServiceUI
0x00000001d1520000 	/System/Library/PrivateFrameworks/ConfigurationEngineModel.framework/Versions/A/ConfigurationEngineModel
0x00000001d45c6000 	/System/Library/PrivateFrameworks/UsageTracking.framework/Versions/A/UsageTracking
0x000000023c739000 	/System/Library/Frameworks/DeviceActivity.framework/Versions/A/DeviceActivity
0x00000001d4596000 	/System/Library/PrivateFrameworks/KnowledgeMonitor.framework/Versions/A/KnowledgeMonitor
0x00000001eb60c000 	/System/Library/PrivateFrameworks/BluetoothManager.framework/Versions/A/BluetoothManager
0x000000023dcb9000 	/System/Library/Frameworks/ManagedSettings.framework/Versions/A/ManagedSettings
0x0000000267709000 	/System/Library/PrivateFrameworks/ManagedSettingsSupport.framework/Versions/A/ManagedSettingsSupport
0x00000001e8c69000 	/System/Library/Frameworks/ReplayKit.framework/Versions/A/ReplayKit
0x00000001b8cd9000 	/System/Library/PrivateFrameworks/MarkupUI.framework/Versions/A/MarkupUI
0x00000001c30b3000 	/System/Library/PrivateFrameworks/SidecarCore.framework/Versions/A/SidecarCore
0x00000001c5d1a000 	/System/Library/PrivateFrameworks/AnnotationKit.framework/Versions/A/AnnotationKit
0x00000001c43cd000 	/System/Library/Frameworks/PencilKit.framework/Versions/A/PencilKit
0x00000001c4592000 	/System/Library/PrivateFrameworks/SidecarUI.framework/Versions/A/SidecarUI
0x00000001c3d35000 	/System/Library/PrivateFrameworks/CoreHandwriting.framework/Versions/A/CoreHandwriting
0x0000000199223000 	/usr/lib/libmecabra.dylib
0x00000001bc9a2000 	/System/Library/PrivateFrameworks/Calculate.framework/Versions/A/Calculate
0x00000001a8c0f000 	/usr/lib/libChineseTokenizer.dylib
0x00000001f9971000 	/System/Library/PrivateFrameworks/ScreenReaderCore.framework/Versions/A/ScreenReaderCore
0x000000027d590000 	/System/Library/PrivateFrameworks/StocksKit.framework/Versions/A/StocksKit
0x00000001bb9c0000 	/System/Library/PrivateFrameworks/OAuth.framework/Versions/A/OAuth
0x000000027d282000 	/System/Library/PrivateFrameworks/StocksCore.framework/Versions/A/StocksCore
0x000000027e92d000 	/System/Library/PrivateFrameworks/TeaFoundation.framework/Versions/A/TeaFoundation
0x000000027eb0f000 	/System/Library/PrivateFrameworks/TeaSettings.framework/Versions/A/TeaSettings
0x00000001efce7000 	/System/Library/PrivateFrameworks/NewsCore.framework/Versions/A/NewsCore
0x000000027e8c9000 	/System/Library/PrivateFrameworks/TeaDB.framework/Versions/A/TeaDB
0x00000001ec6ed000 	/System/Library/PrivateFrameworks/RemoteConfiguration.framework/Versions/A/RemoteConfiguration
0x00000001ef8f2000 	/System/Library/PrivateFrameworks/NewsTransport.framework/Versions/A/NewsTransport
0x00000001efcd7000 	/System/Library/PrivateFrameworks/NewsFoundation.framework/Versions/A/NewsFoundation
0x000000026b9c6000 	/System/Library/PrivateFrameworks/NewsURLBucket.framework/Versions/A/NewsURLBucket
0x0000000248e37000 	/System/Library/PrivateFrameworks/AsyncAlgorithmsInternal.framework/Versions/A/AsyncAlgorithmsInternal
0x00000001c7944000 	/System/Library/PrivateFrameworks/MobileInstallation.framework/Versions/A/MobileInstallation
0x0000000242ec8000 	/System/Library/Frameworks/Translation.framework/Versions/A/Translation
0x00000001e01e3000 	/System/Library/PrivateFrameworks/RevealCore.framework/Versions/A/RevealCore
0x00000001e01d7000 	/System/Library/PrivateFrameworks/Reveal.framework/Versions/A/Reveal
0x00000001d825a000 	/System/Library/Frameworks/Speech.framework/Versions/A/Speech
0x00000002442bc000 	/System/Library/PrivateFrameworks/AIMLExperimentationAnalytics.framework/Versions/A/AIMLExperimentationAnalytics
0x0000000246550000 	/System/Library/PrivateFrameworks/AlgorithmsInternal.framework/Versions/A/AlgorithmsInternal
0x0000000281fa5000 	/System/Library/PrivateFrameworks/TranslationUIServices.framework/Versions/A/TranslationUIServices
0x0000000280f7f000 	/System/Library/PrivateFrameworks/TipKitCore.framework/Versions/A/TipKitCore
0x00000001ccb67000 	/System/Library/PrivateFrameworks/CoreCDPInternal.framework/Versions/A/CoreCDPInternal
0x0000000260d87000 	/System/Library/PrivateFrameworks/InputAnalytics.framework/Versions/A/InputAnalytics
0x00000001d247c000 	/System/Library/Frameworks/InstantMessage.framework/Versions/A/InstantMessage
0x00000001ca667000 	/System/Library/PrivateFrameworks/IDSKVStore.framework/Versions/A/IDSKVStore
0x00000001ca352000 	/System/Library/PrivateFrameworks/IMDPersistence.framework/Versions/A/IMDPersistence
0x0000000283a1d000 	/System/Library/PrivateFrameworks/UserSafety.framework/Versions/A/UserSafety
0x00000001ea972000 	/System/Library/PrivateFrameworks/BlastDoor.framework/Versions/A/BlastDoor
0x0000000264fcd000 	/System/Library/PrivateFrameworks/LinkPresentationStyleSheetParsing.framework/Versions/A/LinkPresentationStyleSheetParsing
0x0000000270cda000 	/System/Library/PrivateFrameworks/PosterFoundation.framework/Versions/A/PosterFoundation
0x0000000270d66000 	/System/Library/PrivateFrameworks/PosterModel.framework/Versions/A/PosterModel
0x0000000270d41000 	/System/Library/PrivateFrameworks/PosterFuturesKit.framework/Versions/A/PosterFuturesKit
0x0000000254156000 	/System/Library/PrivateFrameworks/FeedbackService.framework/Versions/A/FeedbackService
0x00000001c37af000 	/System/Library/PrivateFrameworks/CoreSDB.framework/Versions/A/CoreSDB
0x0000000248c7b000 	/System/Library/PrivateFrameworks/AskToCore.framework/Versions/A/AskToCore
0x00000001e4d4d000 	/System/Library/PrivateFrameworks/MachineSettings.framework/Versions/A/MachineSettings
0x00000001d6ce7000 	/System/Library/PrivateFrameworks/BezelServices.framework/Versions/A/BezelServices
0x00000001cea3e000 	/System/Library/PrivateFrameworks/SPOwner.framework/Versions/A/SPOwner
0x00000001c75ac000 	/System/Library/PrivateFrameworks/FMCore.framework/Versions/A/FMCore
0x00000001c6dfd000 	/System/Library/PrivateFrameworks/AppleMediaServicesUI.framework/Versions/A/AppleMediaServicesUI
0x000000028a0e9000 	/System/Library/PrivateFrameworks/iCloudQuota.framework/Versions/A/iCloudQuota
0x00000001bc365000 	/System/Library/PrivateFrameworks/CoreRecognition.framework/Versions/A/CoreRecognition
0x00000001d6d9b000 	/System/Library/PrivateFrameworks/InAppMessages.framework/Versions/A/InAppMessages
0x00000001f85cc000 	/System/Library/PrivateFrameworks/JetUI.framework/Versions/A/JetUI
0x00000002643b4000 	/System/Library/PrivateFrameworks/JetPack.framework/Versions/A/JetPack
0x00000001d6d92000 	/System/Library/PrivateFrameworks/InAppMessagesCore.framework/Versions/A/InAppMessagesCore
0x0000000289526000 	/System/Library/PrivateFrameworks/_JetEngine_SwiftUI.framework/Versions/A/_JetEngine_SwiftUI
0x000000027e2a3000 	/System/Library/PrivateFrameworks/Synapse.framework/Versions/A/Synapse
0x000000024ad7d000 	/System/Library/PrivateFrameworks/CSExattrCrypto.framework/Versions/A/CSExattrCrypto
0x00000001c8a17000 	/System/Library/PrivateFrameworks/StoreFoundation.framework/Versions/A/StoreFoundation
0x00000001c75a6000 	/System/Library/PrivateFrameworks/ServerInformation.framework/Versions/A/ServerInformation
0x00000001c6ffa000 	/System/Library/PrivateFrameworks/Install.framework/Frameworks/DistributionKit.framework/Versions/A/DistributionKit
0x00000001c06ce000 	/System/Library/PrivateFrameworks/PackageKit.framework/Versions/A/PackageKit
0x00000001c701d000 	/System/Library/PrivateFrameworks/OSPersonalization.framework/Versions/A/OSPersonalization
0x00000001c8fa1000 	/System/Library/PrivateFrameworks/BridgeOSSoftwareUpdate.framework/Versions/A/BridgeOSSoftwareUpdate
0x00000001c3c3d000 	/System/Library/PrivateFrameworks/StorageManagement.framework/Versions/A/StorageManagement
0x00000001d80e0000 	/usr/lib/libauthinstall.dylib
0x00000001c8faa000 	/System/Library/PrivateFrameworks/InstallerDiagnostics.framework/Versions/A/InstallerDiagnostics
0x00000001d874a000 	/usr/lib/libcrypto.42.dylib
0x00000002907c8000 	/usr/lib/updaters/libT200Updater.dylib
0x00000001c8f8f000 	/System/Library/PrivateFrameworks/GPUInfo.framework/Versions/A/GPUInfo
0x00000001d6e95000 	/System/Library/PrivateFrameworks/MobileActivationMacOS.framework/Versions/A/MobileActivationMacOS
0x00000001bb907000 	/System/Library/PrivateFrameworks/AccountsDaemon.framework/Versions/A/AccountsDaemon
0x00000001abbf5000 	/System/Library/PrivateFrameworks/CacheDelete.framework/Versions/A/CacheDelete
0x00000001b4392000 	/System/Library/Frameworks/QuickLookThumbnailing.framework/Versions/A/QuickLookThumbnailing
0x00000001c8fee000 	/System/Library/PrivateFrameworks/AOSKit.framework/Versions/A/AOSKit
0x00000001a8d40000 	/System/Library/PrivateFrameworks/AppSSOCore.framework/Versions/A/AppSSOCore
0x00000002495bf000 	/System/Library/PrivateFrameworks/BackgroundSystemTasks.framework/Versions/A/BackgroundSystemTasks
0x00000001b42a8000 	/System/Library/PrivateFrameworks/DuetActivityScheduler.framework/Versions/A/DuetActivityScheduler
0x00000001d5516000 	/System/Library/PrivateFrameworks/NetworkServiceProxy.framework/Versions/A/NetworkServiceProxy
0x000000027dfcd000 	/System/Library/PrivateFrameworks/Symptoms.framework/Versions/A/Frameworks/SymptomAnalytics.framework/Versions/A/SymptomAnalytics
0x00000001b2b28000 	/System/Library/PrivateFrameworks/CoreDuetContext.framework/Versions/A/CoreDuetContext
0x000000019dc52000 	/System/Library/PrivateFrameworks/CoreDuet.framework/Versions/A/CoreDuet
0x00000001b769f000 	/System/Library/PrivateFrameworks/AssistantServices.framework/Versions/A/AssistantServices
0x00000001b1b8b000 	/System/Library/PrivateFrameworks/SAObjects.framework/Versions/A/SAObjects
0x00000001b72a3000 	/System/Library/PrivateFrameworks/MediaRemote.framework/Versions/A/MediaRemote
0x00000001c94a8000 	/System/Library/PrivateFrameworks/SiriInstrumentation.framework/Versions/A/SiriInstrumentation
0x0000000275328000 	/System/Library/PrivateFrameworks/SiriAnalytics.framework/Versions/A/SiriAnalytics
0x000000027afbb000 	/System/Library/PrivateFrameworks/SiriTTSService.framework/Versions/A/SiriTTSService
0x0000000275c3e000 	/System/Library/PrivateFrameworks/SiriCrossDeviceArbitration.framework/Versions/A/SiriCrossDeviceArbitration
0x00000001c6dcf000 	/System/Library/PrivateFrameworks/FeedbackLogger.framework/Versions/A/FeedbackLogger
0x0000000253d7b000 	/System/Library/PrivateFrameworks/FaceTimeNameUtility.framework/Versions/A/FaceTimeNameUtility
0x0000000275c92000 	/System/Library/PrivateFrameworks/SiriCrossDeviceArbitrationFeedback.framework/Versions/A/SiriCrossDeviceArbitrationFeedback
0x000000025d41b000 	/System/Library/PrivateFrameworks/GenerativeModels.framework/Versions/A/GenerativeModels
0x00000001bc17e000 	/System/Library/PrivateFrameworks/MediaServices.framework/Versions/A/MediaServices
0x00000001a9179000 	/System/Library/PrivateFrameworks/PersistentConnection.framework/Versions/A/PersistentConnection
0x000000027c743000 	/System/Library/PrivateFrameworks/SonicFoundation.framework/Versions/A/SonicFoundation
0x00000002526b3000 	/System/Library/PrivateFrameworks/Dendrite.framework/Versions/A/Dendrite
0x00000001cb31b000 	/usr/lib/libtailspin.dylib
0x00000001de943000 	/System/Library/PrivateFrameworks/Osprey.framework/Versions/A/Osprey
0x000000027a619000 	/System/Library/PrivateFrameworks/SiriTTS.framework/Versions/A/SiriTTS
0x00000001c3874000 	/System/Library/Frameworks/NaturalLanguage.framework/Versions/A/NaturalLanguage
0x000000027943e000 	/System/Library/PrivateFrameworks/SiriPowerInstrumentation.framework/Versions/A/SiriPowerInstrumentation
0x00000001c471f000 	/System/Library/PrivateFrameworks/Trial.framework/Versions/A/Trial
0x00000001c46a2000 	/System/Library/PrivateFrameworks/TrialProto.framework/Versions/A/TrialProto
0x000000028322e000 	/System/Library/PrivateFrameworks/UnifiedAssetFramework.framework/Versions/A/UnifiedAssetFramework
0x00000001e090f000 	/usr/lib/swift/libswiftAVFoundation.dylib
0x00000001f0672000 	/usr/lib/swift/libswiftNaturalLanguage.dylib
0x000000027e8c7000 	/System/Library/PrivateFrameworks/TailspinSymbolication.framework/Versions/A/TailspinSymbolication
0x00000002522f5000 	/System/Library/PrivateFrameworks/Darwinup.framework/Versions/A/Darwinup
0x00000001c373c000 	/System/Library/PrivateFrameworks/FeatureFlagsSupport.framework/Versions/A/FeatureFlagsSupport
0x00000001d76de000 	/System/Library/PrivateFrameworks/SampleAnalysis.framework/Versions/A/SampleAnalysis
0x00000001e0665000 	/System/Library/PrivateFrameworks/BulkSymbolication.framework/Versions/A/BulkSymbolication
0x00000001a27ca000 	/System/Library/Frameworks/CoreML.framework/Versions/A/CoreML
0x00000001a6b6e000 	/System/Library/Frameworks/MLCompute.framework/Versions/A/MLCompute
0x0000000265b95000 	/System/Library/PrivateFrameworks/MLAssetIO.framework/Versions/A/MLAssetIO
0x0000000290182000 	/usr/lib/swift/libswiftMLCompute.dylib
0x000000019a487000 	/System/Library/PrivateFrameworks/LanguageModeling.framework/Versions/A/LanguageModeling
0x000000019f3f6000 	/System/Library/PrivateFrameworks/Montreal.framework/Versions/A/Montreal
0x00000001a75c0000 	/usr/lib/libcmph.dylib
0x000000025d4e2000 	/System/Library/PrivateFrameworks/GenerativeModelsFoundation.framework/Versions/A/GenerativeModelsFoundation
0x00000002812d6000 	/System/Library/PrivateFrameworks/TokenGeneration.framework/Versions/A/TokenGeneration
0x000000025d2b3000 	/System/Library/PrivateFrameworks/GenerativeFunctions.framework/Versions/A/GenerativeFunctions
0x000000025d2fe000 	/System/Library/PrivateFrameworks/GenerativeFunctionsFoundation.framework/Versions/A/GenerativeFunctionsFoundation
0x000000026936f000 	/System/Library/PrivateFrameworks/ModelCatalog.framework/Versions/A/ModelCatalog
0x0000000274805000 	/System/Library/PrivateFrameworks/SensitiveContentAnalysisML.framework/Versions/A/SensitiveContentAnalysisML
0x000000025d3ba000 	/System/Library/PrivateFrameworks/GenerativeFunctionsInstrumentation.framework/Versions/A/GenerativeFunctionsInstrumentation
0x0000000271d32000 	/System/Library/PrivateFrameworks/PromptKit.framework/Versions/A/PromptKit
0x0000000271860000 	/System/Library/PrivateFrameworks/ProactiveDaemonSupport.framework/Versions/A/ProactiveDaemonSupport
0x000000026971a000 	/System/Library/PrivateFrameworks/ModelManagerServices.framework/Versions/A/ModelManagerServices
0x000000028149f000 	/System/Library/PrivateFrameworks/TokenGenerationCore.framework/Versions/A/TokenGenerationCore
0x0000000247f12000 	/System/Library/PrivateFrameworks/AppleIntelligenceReporting.framework/Versions/A/AppleIntelligenceReporting
0x0000000247b8c000 	/System/Library/PrivateFrameworks/AppleFlatBuffers.framework/Versions/A/AppleFlatBuffers
0x0000000274a49000 	/System/Library/PrivateFrameworks/SentencePieceInternal.framework/Versions/A/SentencePieceInternal
0x00000001afb6a000 	/System/Library/Frameworks/Vision.framework/Versions/A/Vision
0x0000000251cdc000 	/System/Library/PrivateFrameworks/CoreSceneUnderstanding.framework/Versions/A/CoreSceneUnderstanding
0x0000000285a51000 	/System/Library/PrivateFrameworks/VisionCore.framework/Versions/A/VisionCore
0x00000001ccc55000 	/System/Library/Frameworks/Vision.framework/libfaceCore.dylib
0x00000001cd775000 	/System/Library/PrivateFrameworks/Futhark.framework/Versions/A/Futhark
0x00000001d143c000 	/System/Library/PrivateFrameworks/InertiaCam.framework/Versions/A/InertiaCam
0x00000001cd500000 	/System/Library/PrivateFrameworks/TextRecognition.framework/Versions/A/TextRecognition
0x00000001a8d61000 	/System/Library/PrivateFrameworks/CVNLP.framework/Versions/A/CVNLP
0x00000001a22d9000 	/System/Library/Frameworks/CloudKit.framework/Versions/A/CloudKit
0x00000001b542b000 	/System/Library/PrivateFrameworks/CoreDuetDaemonProtocol.framework/Versions/A/CoreDuetDaemonProtocol
0x0000000241621000 	/System/Library/Frameworks/SharedWithYouCore.framework/Versions/A/SharedWithYouCore
0x000000024c1b9000 	/System/Library/PrivateFrameworks/CloudTelemetry.framework/Versions/A/CloudTelemetry
0x00000001b3d7d000 	/System/Library/PrivateFrameworks/AppleAccount.framework/Versions/A/AppleAccount
0x00000001b4337000 	/System/Library/PrivateFrameworks/C2.framework/Versions/A/C2
0x000000024be43000 	/System/Library/PrivateFrameworks/CloudCoreInternal.framework/Versions/A/CloudCoreInternal
0x000000024bbf1000 	/System/Library/PrivateFrameworks/CloudAsset.framework/Versions/A/CloudAsset
0x00000001b432e000 	/System/Library/Frameworks/PushKit.framework/Versions/A/PushKit
0x000000024c1d9000 	/System/Library/PrivateFrameworks/CloudTelemetryTools.framework/Versions/A/CloudTelemetryTools
0x00000001b61f9000 	/System/Library/PrivateFrameworks/RTCReporting.framework/Versions/A/RTCReporting
0x00000002441ab000 	/System/Library/PrivateFrameworks/AAAFoundationSwift.framework/Versions/A/AAAFoundationSwift
0x00000001b4005000 	/System/Library/PrivateFrameworks/AppleIDSSOAuthentication.framework/Versions/A/AppleIDSSOAuthentication
0x00000001c2cff000 	/System/Library/PrivateFrameworks/FindMyDevice.framework/Versions/A/FindMyDevice
0x00000001b7e18000 	/System/Library/PrivateFrameworks/FMCoreLite.framework/Versions/A/FMCoreLite
0x00000001cd86e000 	/System/Library/CoreServices/RawCamera.bundle/Contents/MacOS/RawCamera
0x0000000122fe8000 	/Users/labanovichttps/Documents/projects/dbeaver-workspace/products/DBeaverUltimate.product/org.eclipse.osgi/90/0/.cp/os/macosx/libunixfile_1_0_0.jnilib
0x0000000105cb4000 	/Library/Java/JavaVirtualMachines/temurin-21.jdk/Contents/Home/lib/libjaas.dylib
0x0000000105ca0000 	/Users/labanovichttps/Documents/projects/dbeaver-workspace/products/DBeaverUltimate.product/org.eclipse.osgi/288/0/.cp/libkeystoreNative.jnilib
0x000000012c8d8000 	/Library/Java/JavaVirtualMachines/temurin-21.jdk/Contents/Home/lib/libfontmanager.dylib
0x000000012c830000 	/Library/Java/JavaVirtualMachines/temurin-21.jdk/Contents/Home/lib/libfreetype.dylib
0x000000012e10c000 	/System/Library/Extensions/AGXMetalG16G_B0.bundle/Contents/MacOS/AGXMetalG16G_B0
0x00000001bc020000 	/System/Library/PrivateFrameworks/IOGPU.framework/Versions/A/IOGPU
0x00000001d76a7000 	/System/Library/PrivateFrameworks/UIKitServices.framework/Versions/A/UIKitServices
0x000000012cf90000 	/Library/Java/JavaVirtualMachines/temurin-21.jdk/Contents/Home/lib/libmanagement.dylib
0x000000012cfa4000 	/Library/Java/JavaVirtualMachines/temurin-21.jdk/Contents/Home/lib/libmanagement_ext.dylib
0x000000027cd3a000 	/System/Library/PrivateFrameworks/SpotlightKnowledge.framework/Versions/A/SpotlightKnowledge
0x00000002533e6000 	/System/Library/PrivateFrameworks/DocumentUnderstandingClient.framework/Versions/A/DocumentUnderstandingClient
0x000000027cd21000 	/System/Library/PrivateFrameworks/SpotlightEmbedding.framework/Versions/A/SpotlightEmbedding
0x000000019dbf5000 	/System/Library/PrivateFrameworks/SpotlightLinguistics.framework/Versions/A/SpotlightLinguistics
0x000000027ceb3000 	/System/Library/PrivateFrameworks/SpotlightResources.framework/Versions/A/SpotlightResources
0x00000001b57d8000 	/System/Library/PrivateFrameworks/SpotlightIndex.framework/Versions/A/SpotlightIndex
0x00000001c8886000 	/System/Library/PrivateFrameworks/DataDeliveryServices.framework/Versions/A/DataDeliveryServices
0x000000024b978000 	/System/Library/PrivateFrameworks/CipherML.framework/Versions/A/CipherML
0x000000026ee76000 	/System/Library/PrivateFrameworks/PegasusKit.framework/Versions/A/PegasusKit
0x000000027dbd0000 	/System/Library/PrivateFrameworks/SwiftSQLite.framework/Versions/A/SwiftSQLite
0x00000003af20c000 	/Library/Java/JavaVirtualMachines/temurin-21.jdk/Contents/Home/lib/libprefs.dylib
0x0000000246c3e000 	/System/Library/PrivateFrameworks/AppPredictionClient.framework/Versions/A/AppPredictionClient
0x000000027bbf1000 	/System/Library/PrivateFrameworks/Sleep.framework/Versions/A/Sleep
0x000000027cd2c000 	/System/Library/PrivateFrameworks/SpotlightFoundation.framework/Versions/A/SpotlightFoundation
0x0000000271900000 	/System/Library/PrivateFrameworks/ProactivePredictionClient.framework/Versions/A/ProactivePredictionClient
0x000000024cdc1000 	/System/Library/PrivateFrameworks/ContextualSuggestionClient.framework/Versions/A/ContextualSuggestionClient
0x000000023d25b000 	/System/Library/Frameworks/HealthKit.framework/Versions/A/HealthKit
0x0000000246e9c000 	/System/Library/PrivateFrameworks/AppPredictionFoundation.framework/Versions/A/AppPredictionFoundation
0x000000025efa9000 	/System/Library/PrivateFrameworks/HeroDataClient.framework/Versions/A/HeroDataClient
0x0000000271938000 	/System/Library/PrivateFrameworks/ProactiveSuggestionClientModel.framework/Versions/A/ProactiveSuggestionClientModel
0x0000000283a0b000 	/System/Library/PrivateFrameworks/UserNotificationsSettings.framework/Versions/A/UserNotificationsSettings
0x000000027181e000 	/System/Library/PrivateFrameworks/ProactiveContextClient.framework/Versions/A/ProactiveContextClient
0x00000001d558c000 	/System/Library/PrivateFrameworks/NetAppsUtilities.framework/Versions/A/NetAppsUtilities
0x000000027bc85000 	/System/Library/PrivateFrameworks/SleepHealth.framework/Versions/A/SleepHealth
0x000000024c275000 	/System/Library/PrivateFrameworks/Coherence.framework/Versions/A/Coherence
0x000000027f03a000 	/System/Library/PrivateFrameworks/TextInputUI.framework/Versions/A/TextInputUI
0x000000027f06f000 	/System/Library/PrivateFrameworks/TextInputUIMacHelper.framework/Versions/A/TextInputUIMacHelper
0x00000001cd85f000 	/System/Library/PrivateFrameworks/SafariPlatformSupport.framework/Versions/A/SafariPlatformSupport

JVMTI agents:
jdwp path:none, loaded, initialized, options:transport=dt_socket,address=127.0.0.1:57411,suspend=y,server=n
/Users/labanovichttps/Library/Caches/JetBrains/IdeaIC2025.2/captureAgent/debugger-agent.jar path:none, loaded, initialized, instrumentlib options:file:///var/folders/q_/q6y34kl90gx7745snprlxr2h0000gn/T/capture17141952366366913310.props
/Users/labanovichttps/Library/Caches/JetBrains/IdeaIC2025.2/groovyHotSwap/gragent.jar path:none, loaded, initialized, instrumentlib options:none


VM Arguments:
jvm_args: -agentlib:jdwp=transport=dt_socket,address=127.0.0.1:57411,suspend=y,server=n -javaagent:/Users/labanovichttps/Library/Caches/JetBrains/IdeaIC2025.2/captureAgent/debugger-agent.jar=file:///var/folders/q_/q6y34kl90gx7745snprlxr2h0000gn/T/capture17141952366366913310.props -XX:+IgnoreUnrecognizedVMOptions -Dosgi.requiredJavaVersion=21 -Dfile.encoding=UTF-8 --add-modules=ALL-DEFAULT --add-opens=java.base/java.io=ALL-UNNAMED --add-opens=java.base/java.lang=ALL-UNNAMED --add-opens=java.base/java.lang.reflect=ALL-UNNAMED --add-opens=java.base/java.net=ALL-UNNAMED --add-opens=java.base/java.nio=ALL-UNNAMED --add-opens=java.base/java.nio.charset=ALL-UNNAMED --add-opens=java.base/java.text=ALL-UNNAMED --add-opens=java.base/java.time=ALL-UNNAMED --add-opens=java.base/java.util=ALL-UNNAMED --add-opens=java.base/java.util.concurrent=ALL-UNNAMED --add-opens=java.base/java.util.concurrent.atomic=ALL-UNNAMED --add-opens=java.base/jdk.internal.vm=ALL-UNNAMED --add-opens=java.base/jdk.internal.misc=ALL-UNNAMED --add-opens=java.base/sun.nio.ch=ALL-UNNAMED --add-opens=java.base/sun.nio.fs=ALL-UNNAMED --add-opens=java.base/sun.security.ssl=ALL-UNNAMED --add-opens=java.base/sun.security.action=ALL-UNNAMED --add-opens=java.base/sun.security.util=ALL-UNNAMED --add-opens=java.security.jgss/sun.security.jgss=ALL-UNNAMED --add-opens=java.security.jgss/sun.security.krb5=ALL-UNNAMED --add-opens=java.base/java.util.concurrent.atomic=ALL-UNNAMED --add-opens=java.desktop/java.awt=ALL-UNNAMED --add-opens=java.desktop/java.awt.peer=ALL-UNNAMED --add-opens=java.sql/java.sql=ALL-UNNAMED -Xms128m -Xmx2048m -Dorg.eclipse.swt.internal.cocoa.useNativeItemHeight=false -javaagent:/Users/labanovichttps/Library/Caches/JetBrains/IdeaIC2025.2/groovyHotSwap/gragent.jar -Dkotlinx.coroutines.debug.enable.creation.stack.trace=false -Ddebugger.agent.enable.coroutines=true -Dkotlinx.coroutines.debug.enable.flows.stack.trace=true -Dkotlinx.coroutines.debug.enable.mutable.state.flows.stack.trace=true -Dsun.stdout.encoding=UTF-8 -Dsun.stderr.encoding=UTF-8 
java_command: org.jkiss.dbeaver.launcher.DBeaverLauncher -name DBeaverUltimate -product com.dbeaver.app.ultimate.product -configuration file:/Users/labanovichttps/Documents/projects/dbeaver-workspace/products/DBeaverUltimate.product -dev file:/Users/labanovichttps/Documents/projects/dbeaver-workspace/products/DBeaverUltimate.product/dev.properties -nl en -consoleLog -showsplash -launcher /Library/Java/JavaVirtualMachines/temurin-21.jdk/Contents/Home/bin/java -vm ../Eclipse/jre/Contents/Home/lib/libjli.dylib -nosplash -vmargs -Xmx4096M
java_class_path (initial): /Users/labanovichttps/Documents/projects/dbeaver/plugins/org.jkiss.dbeaver.launcher/target/classes:/Applications/IntelliJ IDEA CE.app/Contents/lib/idea_rt.jar
Launcher Type: SUN_STANDARD

[Global flags]
     intx CICompilerCount                          = 4                                         {product} {ergonomic}
     uint ConcGCThreads                            = 2                                         {product} {ergonomic}
     uint G1ConcRefinementThreads                  = 9                                         {product} {ergonomic}
   size_t G1HeapRegionSize                         = 1048576                                   {product} {ergonomic}
    uintx GCDrainStackTargetSize                   = 64                                        {product} {ergonomic}
     bool IgnoreUnrecognizedVMOptions              = true                                      {product} {command line}
   size_t InitialHeapSize                          = 134217728                                 {product} {command line}
   size_t MarkStackSize                            = 4194304                                   {product} {ergonomic}
   size_t MaxHeapSize                              = 2147483648                                {product} {command line}
   size_t MaxNewSize                               = 1287651328                                {product} {ergonomic}
   size_t MinHeapDeltaBytes                        = 1048576                                   {product} {ergonomic}
   size_t MinHeapSize                              = 134217728                                 {product} {command line}
    uintx NonNMethodCodeHeapSize                   = 5839564                                {pd product} {ergonomic}
    uintx NonProfiledCodeHeapSize                  = 122909338                              {pd product} {ergonomic}
    uintx ProfiledCodeHeapSize                     = 122909338                              {pd product} {ergonomic}
    uintx ReservedCodeCacheSize                    = 251658240                              {pd product} {ergonomic}
     bool SegmentedCodeCache                       = true                                      {product} {ergonomic}
   size_t SoftMaxHeapSize                          = 2147483648                             {manageable} {ergonomic}
     bool UseCompressedOops                        = true                           {product lp64_product} {ergonomic}
     bool UseG1GC                                  = true                                      {product} {ergonomic}
     bool UseNUMA                                  = false                                     {product} {ergonomic}
     bool UseNUMAInterleaving                      = false                                     {product} {ergonomic}

Logging:
Log output configuration:
 #0: stdout all=warning uptime,level,tags foldmultilines=false
 #1: stderr all=off uptime,level,tags foldmultilines=false

Environment Variables:
JAVA_HOME=/Library/Java/JavaVirtualMachines/temurin-21.jdk/Contents/Home
PATH=/Library/Java/JavaVirtualMachines/temurin-21.jdk/Contents/Home/bin:/opt/homebrew/bin:/opt/homebrew/sbin:/usr/local/bin:/System/Cryptexes/App/usr/bin:/usr/bin:/bin:/usr/sbin:/sbin:/var/run/com.apple.security.cryptexd/codex.system/bootstrap/usr/local/bin:/var/run/com.apple.security.cryptexd/codex.system/bootstrap/usr/bin:/var/run/com.apple.security.cryptexd/codex.system/bootstrap/usr/appleinternal/bin
SHELL=/bin/zsh
LANG=C.UTF-8
TMPDIR=/var/folders/q_/q6y34kl90gx7745snprlxr2h0000gn/T/

Active Locale:
LC_ALL=C.UTF-8
LC_COLLATE=C.UTF-8
LC_CTYPE=C.UTF-8
LC_MESSAGES=C.UTF-8
LC_MONETARY=C.UTF-8
LC_NUMERIC=C.UTF-8
LC_TIME=C.UTF-8

Signal Handlers:
   SIGSEGV: crash_handler in libjvm.dylib, mask=11100110000111110111111111111111, flags=SA_ONSTACK|SA_RESTART|SA_SIGINFO, unblocked
    SIGBUS: crash_handler in libjvm.dylib, mask=11100110000111110111111111111111, flags=SA_RESTART|SA_SIGINFO, unblocked
    SIGFPE: crash_handler in libjvm.dylib, mask=11100110000111110111111111111111, flags=SA_RESTART|SA_SIGINFO, unblocked
   SIGPIPE: javaSignalHandler in libjvm.dylib, mask=11100110000111110111111111111111, flags=SA_RESTART|SA_SIGINFO, blocked
   SIGXFSZ: javaSignalHandler in libjvm.dylib, mask=11100110000111110111111111111111, flags=SA_RESTART|SA_SIGINFO, blocked
    SIGILL: crash_handler in libjvm.dylib, mask=11100110000111110111111111111111, flags=SA_RESTART|SA_SIGINFO, unblocked
   SIGUSR2: SR_handler in libjvm.dylib, mask=00000000000000000000000000000000, flags=SA_RESTART|SA_SIGINFO, blocked
    SIGHUP: UserHandler in libjvm.dylib, mask=11100110000111110111111111111111, flags=SA_RESTART|SA_SIGINFO, blocked
    SIGINT: UserHandler in libjvm.dylib, mask=11100110000111110111111111111111, flags=SA_RESTART|SA_SIGINFO, blocked
   SIGTERM: UserHandler in libjvm.dylib, mask=11100110000111110111111111111111, flags=SA_RESTART|SA_SIGINFO, blocked
   SIGQUIT: UserHandler in libjvm.dylib, mask=11100110000111110111111111111111, flags=SA_RESTART|SA_SIGINFO, blocked
   SIGTRAP: crash_handler in libjvm.dylib, mask=11100110000111110111111111111111, flags=SA_RESTART|SA_SIGINFO, unblocked


Periodic native trim disabled

---------------  S Y S T E M  ---------------

OS:
uname: Darwin 25.0.0 Darwin Kernel Version 25.0.0: Wed Sep 17 21:42:08 PDT 2025; root:xnu-12377.1.9~141/RELEASE_ARM64_T8132 arm64
OS uptime: 1 days 3:41 hours
rlimit (soft/hard): STACK 8176k/65520k , CORE 0k/infinity , NPROC 2666/4000 , NOFILE 1048576/infinity , AS infinity/infinity , CPU infinity/infinity , DATA infinity/infinity , FSIZE infinity/infinity , MEMLOCK infinity/infinity , RSS infinity/infinity
load average: 1.91 2.05 2.15

CPU: total 10 (initial active 10) 0x61:0x0:0x6f5129ac:0, fp, asimd, aes, pmull, sha1, sha256, crc32, lse, sha3, sha512
machdep.cpu.brand_string:Apple M4
hw.cachelinesize:128
hw.l1icachesize:131072
hw.l1dcachesize:65536
hw.l2cachesize:4194304

Memory: 16k page, physical 16777216k(193200k free), swap 0k(0k free)

vm_info: OpenJDK 64-Bit Server VM (21.0.8+9-LTS) for bsd-aarch64 JRE (21.0.8+9-LTS), built on 2025-07-15T00:00:00Z by "admin" with clang Apple LLVM 15.0.0 (clang-1500.1.0.2.5)

END.
