#
# A fatal error has been detected by the Java Runtime Environment:
#
#  SIGSEGV (0xb) at pc=0x00000001961d3a0c, pid=42104, tid=259
#
# JRE version: OpenJDK Runtime Environment Temurin-21.0.8+9 (21.0.8+9) (build 21.0.8+9-LTS)
# Java VM: OpenJDK 64-Bit Server VM Temurin-21.0.8+9 (21.0.8+9-LTS, mixed mode, sharing, tiered, compressed oops, compressed class ptrs, g1 gc, bsd-aarch64)
# Problematic frame:
# C  [libobjc.A.dylib+0x7a0c]  objc_retain+0x10
#
# No core dump will be written. Core dumps have been disabled. To enable core dumping, try "ulimit -c unlimited" before starting Java again
#
# If you would like to submit a bug report, please visit:
#   https://github.com/adoptium/adoptium-support/issues
# The crash happened outside the Java Virtual Machine in native code.
# See problematic frame for where to report the bug.
#

---------------  S U M M A R Y ------------

Command Line: -agentlib:jdwp=transport=dt_socket,address=127.0.0.1:64931,suspend=y,server=n -javaagent:/Users/labanovichttps/Library/Caches/JetBrains/IdeaIC2025.2/captureAgent/debugger-agent.jar=file:///var/folders/q_/q6y34kl90gx7745snprlxr2h0000gn/T/capture17330371515370973870.props -XX:+IgnoreUnrecognizedVMOptions -Dosgi.requiredJavaVersion=21 -Dfile.encoding=UTF-8 --add-modules=ALL-DEFAULT --add-opens=java.base/java.io=ALL-UNNAMED --add-opens=java.base/java.lang=ALL-UNNAMED --add-opens=java.base/java.lang.reflect=ALL-UNNAMED --add-opens=java.base/java.net=ALL-UNNAMED --add-opens=java.base/java.nio=ALL-UNNAMED --add-opens=java.base/java.nio.charset=ALL-UNNAMED --add-opens=java.base/java.text=ALL-UNNAMED --add-opens=java.base/java.time=ALL-UNNAMED --add-opens=java.base/java.util=ALL-UNNAMED --add-opens=java.base/java.util.concurrent=ALL-UNNAMED --add-opens=java.base/java.util.concurrent.atomic=ALL-UNNAMED --add-opens=java.base/jdk.internal.vm=ALL-UNNAMED --add-opens=java.base/jdk.internal.misc=ALL-UNNAMED --add-opens=java.base/sun.nio.ch=ALL-UNNAMED --add-opens=java.base/sun.nio.fs=ALL-UNNAMED --add-opens=java.base/sun.security.ssl=ALL-UNNAMED --add-opens=java.base/sun.security.action=ALL-UNNAMED --add-opens=java.base/sun.security.util=ALL-UNNAMED --add-opens=java.security.jgss/sun.security.jgss=ALL-UNNAMED --add-opens=java.security.jgss/sun.security.krb5=ALL-UNNAMED --add-opens=java.base/java.util.concurrent.atomic=ALL-UNNAMED --add-opens=java.desktop/java.awt=ALL-UNNAMED --add-opens=java.desktop/java.awt.peer=ALL-UNNAMED --add-opens=java.sql/java.sql=ALL-UNNAMED -Xms128m -Xmx2048m -Dorg.eclipse.swt.internal.cocoa.useNativeItemHeight=false -javaagent:/Users/labanovichttps/Library/Caches/JetBrains/IdeaIC2025.2/groovyHotSwap/gragent.jar -Dkotlinx.coroutines.debug.enable.creation.stack.trace=false -Ddebugger.agent.enable.coroutines=true -Dkotlinx.coroutines.debug.enable.flows.stack.trace=true -Dkotlinx.coroutines.debug.enable.mutable.state.flows.stack.trace=true -Dsun.stdout.encoding=UTF-8 -Dsun.stderr.encoding=UTF-8 org.jkiss.dbeaver.launcher.DBeaverLauncher -name DBeaverTeamEdition -product com.dbeaver.app.team.product -configuration file:/Users/labanovichttps/Documents/projects/dbeaver-workspace/products/DBeaverTeam.product -dev file:/Users/labanovichttps/Documents/projects/dbeaver-workspace/products/DBeaverTeam.product/dev.properties -nl en -consoleLog -showsplash -launcher /Library/Java/JavaVirtualMachines/temurin-21.jdk/Contents/Home/bin/java -vm ../Eclipse/jre/Contents/Home/lib/libjli.dylib -vmargs -Xmx4096M

Host: "Mac16,1" arm64, 10 cores, 16G, Darwin 25.0.0, macOS 26.0.1 (25A362)
Time: Wed Oct 22 16:31:52 2025 CEST elapsed time: 8741.012490 seconds (0d 2h 25m 41s)

---------------  T H R E A D  ---------------

Current thread (0x0000000102bc9420):  JavaThread "main"             [_thread_in_native, id=259, stack(0x000000016d078000,0x000000016d874000) (8176K)]

Stack: [0x000000016d078000,0x000000016d874000],  sp=0x000000016d86e7c0,  free space=8153k
Native frames: (J=compiled Java code, j=interpreted, Vv=VM code, C=native code)
C  [libobjc.A.dylib+0x7a0c]  objc_retain+0x10
C  [AppKit+0x37058]  NSDP_setPropertyValue+0x314
C  [AppKit+0xf8f5c4]  __cons_NSDP_NSDPTypeBool_block_invoke.269+0x28
C  [AppKit+0x403d8]  -[NSView _removeFromKeyViewLoop]+0x20
C  [AppKit+0x3ffd0]  -[NSView _finalize]+0x240
C  [AppKit+0x3fc78]  -[NSView dealloc]+0x80
C  [AppKit+0x13c414]  -[NSFrameView dealloc]+0xa4
C  [AppKit+0x13c360]  -[NSTitledFrame dealloc]+0x48
C  [AppKit+0x13c2dc]  -[NSThemeFrame dealloc]+0x2bc
C  [Foundation+0x9dcaac]  _NSKVOPerformWithDeallocatingObservable+0xb4
C  [Foundation+0x3209c]  NSKVODeallocate+0xb8
C  [libobjc.A.dylib+0xfc74]  AutoreleasePoolPage::releaseUntil(objc_object**)+0xcc
C  [libobjc.A.dylib+0xc140]  objc_autoreleasePoolPop+0xf4
C  [CoreFoundation+0x31774]  _CFAutoreleasePoolPop+0x20
C  [Foundation+0xee4c]  -[NSAutoreleasePool release]+0x8c
C  [libswt-pi-cocoa-4970r5.jnilib+0xe858]  Java_org_eclipse_swt_internal_cocoa_OS_objc_1msgSend__JJ+0x2c
J 3444  org.eclipse.swt.internal.cocoa.OS.objc_msgSend(JJ)J (0 bytes) @ 0x0000000119556468 [0x00000001195563c0+0x00000000000000a8]
J 12554 c2 org.eclipse.swt.widgets.Display.readAndDispatch()Z (256 bytes) @ 0x0000000119a028e0 [0x0000000119a01b00+0x0000000000000de0]
j  org.eclipse.e4.ui.internal.workbench.swt.PartRenderingEngine$5.run()V+564
j  org.eclipse.core.databinding.observable.Realm.runWithDefault(Lorg/eclipse/core/databinding/observable/Realm;Ljava/lang/Runnable;)V+12
j  org.eclipse.e4.ui.internal.workbench.swt.PartRenderingEngine.run(Lorg/eclipse/e4/ui/model/application/MApplicationElement;Lorg/eclipse/e4/core/contexts/IEclipseContext;)Ljava/lang/Object;+57
j  org.eclipse.e4.ui.internal.workbench.E4Workbench.createAndRunUI(Lorg/eclipse/e4/ui/model/application/MApplicationElement;)V+20
j  org.eclipse.ui.internal.Workbench.lambda$3(Lorg/eclipse/swt/widgets/Display;Lorg/eclipse/ui/application/WorkbenchAdvisor;[I)V+334
j  org.eclipse.ui.internal.Workbench$$Lambda+0x00000090016076b8.run()V+12
j  org.eclipse.core.databinding.observable.Realm.runWithDefault(Lorg/eclipse/core/databinding/observable/Realm;Ljava/lang/Runnable;)V+12
j  org.eclipse.ui.internal.Workbench.createAndRunWorkbench(Lorg/eclipse/swt/widgets/Display;Lorg/eclipse/ui/application/WorkbenchAdvisor;)I+16
j  org.eclipse.ui.PlatformUI.createAndRunWorkbench(Lorg/eclipse/swt/widgets/Display;Lorg/eclipse/ui/application/WorkbenchAdvisor;)I+2
j  org.jkiss.dbeaver.ui.app.standalone.DBeaverApplication.start(Lorg/eclipse/equinox/app/IApplicationContext;)Ljava/lang/Object;+615
j  org.eclipse.equinox.internal.app.EclipseAppHandle.run(Ljava/lang/Object;)Ljava/lang/Object;+138
j  org.eclipse.core.runtime.internal.adaptor.EclipseAppLauncher.runApplication(Ljava/lang/Object;)Ljava/lang/Object;+85
j  org.eclipse.core.runtime.internal.adaptor.EclipseAppLauncher.start(Ljava/lang/Object;)Ljava/lang/Object;+79
j  org.eclipse.core.runtime.adaptor.EclipseStarter.run(Ljava/lang/Object;)Ljava/lang/Object;+99
j  org.eclipse.core.runtime.adaptor.EclipseStarter.run([Ljava/lang/String;Ljava/lang/Runnable;)Ljava/lang/Object;+132
J 391 c1 java.lang.invoke.DirectMethodHandle$Holder.invokeStatic(Ljava/lang/Object;Ljava/lang/Object;Ljava/lang/Object;)Ljava/lang/Object; java.base@21.0.8 (15 bytes) @ 0x00000001119738ec [0x0000000111973580+0x000000000000036c]
j  java.lang.invoke.LambdaForm$MH+0x00000090010c3800.invoke(Ljava/lang/Object;Ljava/lang/Object;Ljava/lang/Object;Ljava/lang/Object;)Ljava/lang/Object;+54 java.base@21.0.8
j  java.lang.invoke.LambdaForm$MH+0x0000009001002400.invokeExact_MT(Ljava/lang/Object;Ljava/lang/Object;Ljava/lang/Object;Ljava/lang/Object;Ljava/lang/Object;)Ljava/lang/Object;+22 java.base@21.0.8
j  jdk.internal.reflect.DirectMethodHandleAccessor.invokeImpl(Ljava/lang/Object;[Ljava/lang/Object;)Ljava/lang/Object;+72 java.base@21.0.8
j  jdk.internal.reflect.DirectMethodHandleAccessor.invoke(Ljava/lang/Object;[Ljava/lang/Object;)Ljava/lang/Object;+23 java.base@21.0.8
j  java.lang.reflect.Method.invoke(Ljava/lang/Object;[Ljava/lang/Object;)Ljava/lang/Object;+102 java.base@21.0.8
j  org.jkiss.dbeaver.launcher.DBeaverLauncher.invokeFramework([Ljava/lang/String;[Ljava/net/URL;)V+205
j  org.jkiss.dbeaver.launcher.DBeaverLauncher.basicRun([Ljava/lang/String;)V+282
j  org.jkiss.dbeaver.launcher.DBeaverLauncher.run([Ljava/lang/String;)I+2
j  org.jkiss.dbeaver.launcher.DBeaverLauncher.main([Ljava/lang/String;)V+10
v  ~StubRoutines::call_stub 0x0000000118e20154
V  [libjvm.dylib+0x4afbdc]  JavaCalls::call_helper(JavaValue*, methodHandle const&, JavaCallArguments*, JavaThread*)+0x3d8
V  [libjvm.dylib+0x525044]  jni_invoke_static(JNIEnv_*, JavaValue*, _jobject*, JNICallType, _jmethodID*, JNI_ArgumentPusher*, JavaThread*)+0x170
V  [libjvm.dylib+0x5288b4]  jni_CallStaticVoidMethod+0x108
C  [libjli.dylib+0xaa70]  JavaMain+0x910
C  [libjli.dylib+0xd834]  __JVMInit_block_invoke+0x48
C  [Foundation+0x1d828]  __NSBLOCKOPERATION_IS_CALLING_OUT_TO_A_BLOCK__+0x18
C  [Foundation+0x1d6f0]  -[NSBlockOperation main]+0x60
C  [Foundation+0x1d688]  __NSOPERATION_IS_INVOKING_MAIN__+0x10
C  [Foundation+0x1d2b8]  -[NSOperation start]+0x280
C  [Foundation+0x380c4]  __NSThreadPerformPerform+0x108
C  [CoreFoundation+0x5fad8]  __CFRUNLOOP_IS_CALLING_OUT_TO_A_SOURCE0_PERFORM_FUNCTION__+0x1c
C  [CoreFoundation+0x5fa6c]  __CFRunLoopDoSource0+0xac
C  [CoreFoundation+0x5f7d8]  __CFRunLoopDoSources0+0xe8
C  [CoreFoundation+0x5e468]  __CFRunLoopRun+0x334
C  [CoreFoundation+0x11c898]  _CFRunLoopRunSpecificWithOptions+0x214
C  [libjli.dylib+0xced4]  CreateExecutionEnvironment+0x194
C  [libjli.dylib+0x8be0]  JLI_Launch+0x480
C  [java+0x3ba4]  main+0x194
C  [dyld+0x8d54]  start+0x1c10
Java frames: (J=compiled Java code, j=interpreted, Vv=VM code)
J 3444  org.eclipse.swt.internal.cocoa.OS.objc_msgSend(JJ)J (0 bytes) @ 0x0000000119556468 [0x00000001195563c0+0x00000000000000a8]
J 12554 c2 org.eclipse.swt.widgets.Display.readAndDispatch()Z (256 bytes) @ 0x0000000119a028e0 [0x0000000119a01b00+0x0000000000000de0]
j  org.eclipse.e4.ui.internal.workbench.swt.PartRenderingEngine$5.run()V+564
j  org.eclipse.core.databinding.observable.Realm.runWithDefault(Lorg/eclipse/core/databinding/observable/Realm;Ljava/lang/Runnable;)V+12
j  org.eclipse.e4.ui.internal.workbench.swt.PartRenderingEngine.run(Lorg/eclipse/e4/ui/model/application/MApplicationElement;Lorg/eclipse/e4/core/contexts/IEclipseContext;)Ljava/lang/Object;+57
j  org.eclipse.e4.ui.internal.workbench.E4Workbench.createAndRunUI(Lorg/eclipse/e4/ui/model/application/MApplicationElement;)V+20
j  org.eclipse.ui.internal.Workbench.lambda$3(Lorg/eclipse/swt/widgets/Display;Lorg/eclipse/ui/application/WorkbenchAdvisor;[I)V+334
j  org.eclipse.ui.internal.Workbench$$Lambda+0x00000090016076b8.run()V+12
j  org.eclipse.core.databinding.observable.Realm.runWithDefault(Lorg/eclipse/core/databinding/observable/Realm;Ljava/lang/Runnable;)V+12
j  org.eclipse.ui.internal.Workbench.createAndRunWorkbench(Lorg/eclipse/swt/widgets/Display;Lorg/eclipse/ui/application/WorkbenchAdvisor;)I+16
j  org.eclipse.ui.PlatformUI.createAndRunWorkbench(Lorg/eclipse/swt/widgets/Display;Lorg/eclipse/ui/application/WorkbenchAdvisor;)I+2
j  org.jkiss.dbeaver.ui.app.standalone.DBeaverApplication.start(Lorg/eclipse/equinox/app/IApplicationContext;)Ljava/lang/Object;+615
j  org.eclipse.equinox.internal.app.EclipseAppHandle.run(Ljava/lang/Object;)Ljava/lang/Object;+138
j  org.eclipse.core.runtime.internal.adaptor.EclipseAppLauncher.runApplication(Ljava/lang/Object;)Ljava/lang/Object;+85
j  org.eclipse.core.runtime.internal.adaptor.EclipseAppLauncher.start(Ljava/lang/Object;)Ljava/lang/Object;+79
j  org.eclipse.core.runtime.adaptor.EclipseStarter.run(Ljava/lang/Object;)Ljava/lang/Object;+99
j  org.eclipse.core.runtime.adaptor.EclipseStarter.run([Ljava/lang/String;Ljava/lang/Runnable;)Ljava/lang/Object;+132
J 391 c1 java.lang.invoke.DirectMethodHandle$Holder.invokeStatic(Ljava/lang/Object;Ljava/lang/Object;Ljava/lang/Object;)Ljava/lang/Object; java.base@21.0.8 (15 bytes) @ 0x00000001119738ec [0x0000000111973580+0x000000000000036c]
j  java.lang.invoke.LambdaForm$MH+0x00000090010c3800.invoke(Ljava/lang/Object;Ljava/lang/Object;Ljava/lang/Object;Ljava/lang/Object;)Ljava/lang/Object;+54 java.base@21.0.8
j  java.lang.invoke.LambdaForm$MH+0x0000009001002400.invokeExact_MT(Ljava/lang/Object;Ljava/lang/Object;Ljava/lang/Object;Ljava/lang/Object;Ljava/lang/Object;)Ljava/lang/Object;+22 java.base@21.0.8
j  jdk.internal.reflect.DirectMethodHandleAccessor.invokeImpl(Ljava/lang/Object;[Ljava/lang/Object;)Ljava/lang/Object;+72 java.base@21.0.8
j  jdk.internal.reflect.DirectMethodHandleAccessor.invoke(Ljava/lang/Object;[Ljava/lang/Object;)Ljava/lang/Object;+23 java.base@21.0.8
j  java.lang.reflect.Method.invoke(Ljava/lang/Object;[Ljava/lang/Object;)Ljava/lang/Object;+102 java.base@21.0.8
j  org.jkiss.dbeaver.launcher.DBeaverLauncher.invokeFramework([Ljava/lang/String;[Ljava/net/URL;)V+205
j  org.jkiss.dbeaver.launcher.DBeaverLauncher.basicRun([Ljava/lang/String;)V+282
j  org.jkiss.dbeaver.launcher.DBeaverLauncher.run([Ljava/lang/String;)I+2
j  org.jkiss.dbeaver.launcher.DBeaverLauncher.main([Ljava/lang/String;)V+10
v  ~StubRoutines::call_stub 0x0000000118e20154

siginfo: si_signo: 11 (SIGSEGV), si_code: 2 (SEGV_ACCERR), si_addr: 0x000025aaa34f9ed8

Registers:
 x0=0x00000009a01af200  x1=0x00000009a1c60ae0  x2=0x0000000000000000  x3=0x0000000995ecdc60
 x4=0x000000016d86e710  x5=0x7fffffffffffffff  x6=0x0000000000000000  x7=0x0000000000000000
 x8=0x00000009a2d472a0  x9=0x0000000000000038 x10=0x0100000202ff439d x11=0x0200000202ff439d
x12=0x0000000000000024 x13=0x0000000000000028 x14=0x0000000000000024 x15=0xfffffff65e39f520
x16=0xf41a25aaa34f9eba x17=0x000025aaa34f9eb8 x18=0x0000000000000000 x19=0x0000000995e40c80
x20=0x000000016d86e7c8 x21=0x0000000000000001 x22=0x000000016d86e7c0 x23=0x0000000000000002
x24=0x00000009a2258c00 x25=0x0000000000000002 x26=0x0000000000000000 x27=0x0000000000000000
x28=0x0000000000000000  fp=0x000000016d86e870  lr=0x0000000198877bc8  sp=0x000000016d86e7c0
pc=0x00000001961d3a0c cpsr=0x0000000000000000

Register to memory mapping:

x0 =0x00000009a01af200 points into unknown readable memory: 0xf41a25aaa34f9eba | ba 9e 4f a3 aa 25 1a f4
x1 =0x00000009a1c60ae0 points into unknown readable memory: 0x0200000202ff439d | 9d 43 ff 02 02 00 00 02
x2 =0x0 is null
x3 =0x0000000995ecdc60 points into unknown readable memory: 0x0100000202fe55b9 | b9 55 fe 02 02 00 00 01
x4 =0x000000016d86e710 is pointing into the stack for thread: 0x0000000102bc9420
x5 =0x7fffffffffffffff: _dyld_private+0xfda6bfaf in /Library/Java/JavaVirtualMachines/temurin-21.jdk/Contents/Home/bin/java at 0x000000010258c000
x6 =0x0 is null
x7 =0x0 is null
x8 =0x00000009a2d472a0 points into unknown readable memory: 0x0100000202ff4399 | 99 43 ff 02 02 00 00 01
x9 =0x0000000000000038 is an unknown value
x10=0x0100000202ff439d: OBJC_CLASS_$_NSKeyValueObservance+0x5 in /System/Library/Frameworks/Foundation.framework/Versions/C/Foundation at 0x0000000197e9e000
x11=0x0200000202ff439d: OBJC_CLASS_$_NSKeyValueObservance+0x5 in /System/Library/Frameworks/Foundation.framework/Versions/C/Foundation at 0x0000000197e9e000
x12=0x0000000000000024 is an unknown value
x13=0x0000000000000028 is an unknown value
x14=0x0000000000000024 is an unknown value
x15=0xfffffff65e39f520 is an unknown value
x16=0xf41a25aaa34f9eba is an unknown value
x17=0x000025aaa34f9eb8 is an unknown value
x18=0x0 is null
x19=0x0000000995e40c80 points into unknown readable memory: 0x0200000202ff4371 | 71 43 ff 02 02 00 00 02
x20=0x000000016d86e7c8 is pointing into the stack for thread: 0x0000000102bc9420
x21=0x0000000000000001 is an unknown value
x22=0x000000016d86e7c0 is pointing into the stack for thread: 0x0000000102bc9420
x23=0x0000000000000002 is an unknown value
x24=0x00000009a2258c00 points into unknown readable memory: 0x000000099d2d2ca7 | a7 2c 2d 9d 09 00 00 00
x25=0x0000000000000002 is an unknown value
x26=0x0 is null
x27=0x0 is null
x28=0x0 is null
 fp=0x000000016d86e870 is pointing into the stack for thread: 0x0000000102bc9420
 lr=0x0000000198877bc8: NSKeyValueWillChangeWithPerThreadPendingNotifications+0x14c in /System/Library/Frameworks/Foundation.framework/Versions/C/Foundation at 0x0000000197e9e000
 sp=0x000000016d86e7c0 is pointing into the stack for thread: 0x0000000102bc9420

Top of Stack: (sp=0x000000016d86e7c0)
0x000000016d86e7c0:   00000009a22831e0 00000009a2d472a0
0x000000016d86e7d0:   000000016d86e800 000000016d86e7d0
0x000000016d86e7e0:   0000000999991020 0000000002fc48e0
0x000000016d86e7f0:   0000000197f0a124 0000000000000000
0x000000016d86e800:   000000016d86e830 00000001961da2a8
0x000000016d86e810:   0000000000000001 57b2d2f6a178001e
0x000000016d86e820:   0000000102bc9420 0000000000000000
0x000000016d86e830:   0000000000000001 0000000000000001
0x000000016d86e840:   00000001fd0c7000 000000099f10fed8
0x000000016d86e850:   000000099675e280 000000016d86e8ff
0x000000016d86e860:   0000000999991020 00000009a2258c00
0x000000016d86e870:   000000016d86e8e0 000000019aabc058
0x000000016d86e880:   0000000000000000 0000000000000000
0x000000016d86e890:   0000000000000000 57b2d2f6a178001e
0x000000016d86e8a0:   4000000000000000 4000000000000000
0x000000016d86e8b0:   00000001fd0c7000 0000000000000118
0x000000016d86e8c0:   000000019aab4b28 0000000000000110
0x000000016d86e8d0:   00000009a22800c0 00000009a2258c00
0x000000016d86e8e0:   000000016d86e900 000000019ba145c4
0x000000016d86e8f0:   000000016d86e910 0100000197ea49ec
0x000000016d86e900:   000000016d86e930 000000019aac53d8
0x000000016d86e910:   000000019aab4b28 0000000000000110
0x000000016d86e920:   00000009a22800c0 00000009a2258c00
0x000000016d86e930:   000000016d86ea50 000000019aac4fd0
0x000000016d86e940:   0000000000000001 0000000204658838
0x000000016d86e950:   0000000000000041 00000009999c8730
0x000000016d86e960:   00000009999c8738 0000000204a92fd0
0x000000016d86e970:   000000016d86e990 00000001968053c4
0x000000016d86e980:   000000099a3ca580 000000099a3ca5c0
0x000000016d86e990:   000000016d86ea00 0000000196803574
0x000000016d86e9a0:   0000000000000008 0000000000000000
0x000000016d86e9b0:   0000000102bc9420 0000000000000000 

Instructions: (pc=0x00000001961d3a0c)
0x00000001961d390c:   f1 03 13 aa 11 0a c1 da 28 ce 7d 92 08 00 00 f9
0x00000001961d391c:   d5 03 08 37 fd 7b 43 a9 f4 4f 42 a9 f6 57 41 a9
0x00000001961d392c:   ff 03 01 91 ff 0f 5f d6 70 12 40 f9 71 82 00 91
0x00000001961d393c:   51 27 f9 f2 30 1e c1 da f1 03 10 aa f1 47 c1 da
0x00000001961d394c:   1f 02 11 eb 40 00 00 54 60 8e 38 d4 08 e2 7d 92
0x00000001961d395c:   00 d9 48 92 cd 6e 00 94 08 08 40 b9 08 1d 00 11
0x00000001961d396c:   08 71 1d 12 08 01 14 8b 09 02 80 52 1f 41 00 f1
0x00000001961d397c:   01 81 89 9a d0 ff ff 17 f3 03 00 f9 40 02 00 90
0x00000001961d398c:   00 44 23 91 a8 e6 00 94 e1 03 13 aa 22 00 80 52
0x00000001961d399c:   fd 7b 43 a9 f4 4f 42 a9 f6 57 41 a9 ff 03 01 91
0x00000001961d39ac:   ff 23 03 d5 d0 07 1e ca 50 00 f0 b6 20 8e 38 d4
0x00000001961d39bc:   cc 2f 00 14 31 01 08 36 11 ae 7d 92 31 2a 40 b9
0x00000001961d39cc:   d1 00 08 36 51 6f 36 b0 31 e2 38 91 30 02 40 f9
0x00000001961d39dc:   71 7d e4 f2 11 0a 1f d7 01 7d 3d d0 21 00 06 91
0x00000001961d39ec:   85 07 00 14 62 e3 00 14 2f 0e 00 14 c0 03 5f d6
0x00000001961d39fc:   00 00 00 ea cd ff ff 54 10 00 40 f9 11 ae 7d 92
0x00000001961d3a0c:   31 12 40 f9 91 fd 17 36 f0 fe 07 36 11 fe 77 d3
0x00000001961d3a1c:   f1 fe ff b4 11 20 e0 d2 11 02 11 ab 62 fe ff 54
0x00000001961d3a2c:   e1 03 10 aa 11 7c b0 c8 3f 00 10 eb 81 fe ff 54
0x00000001961d3a3c:   c0 03 5f d6 20 00 01 ea ad fd ff 54 30 00 40 f9
0x00000001961d3a4c:   11 ae 7d 92 31 12 40 f9 71 fb 17 36 d0 fc 07 36
0x00000001961d3a5c:   11 fe 77 d3 d1 fc ff b4 11 20 e0 d2 11 02 11 ab
0x00000001961d3a6c:   42 fc ff 54 e2 03 10 aa 31 7c b0 c8 5f 00 10 eb
0x00000001961d3a7c:   81 fe ff 54 c0 03 5f d6 40 00 02 ea 8d fb ff 54
0x00000001961d3a8c:   50 00 40 f9 11 ae 7d 92 31 12 40 f9 51 f9 17 36
0x00000001961d3a9c:   b0 fa 07 36 11 fe 77 d3 b1 fa ff b4 11 20 e0 d2
0x00000001961d3aac:   11 02 11 ab 22 fa ff 54 e1 03 10 aa 51 7c b0 c8
0x00000001961d3abc:   3f 00 10 eb 81 fe ff 54 c0 03 5f d6 60 00 03 ea
0x00000001961d3acc:   6d f9 ff 54 70 00 40 f9 11 ae 7d 92 31 12 40 f9
0x00000001961d3adc:   31 f7 17 36 90 f8 07 36 11 fe 77 d3 91 f8 ff b4
0x00000001961d3aec:   11 20 e0 d2 11 02 11 ab 02 f8 ff 54 e1 03 10 aa
0x00000001961d3afc:   71 7c b0 c8 3f 00 10 eb 81 fe ff 54 c0 03 5f d6 


Stack slot to memory mapping:

stack at sp + 0 slots: 0x00000009a22831e0 points into unknown readable memory: 0x0100000202ff439d | 9d 43 ff 02 02 00 00 01
stack at sp + 1 slots: 0x00000009a2d472a0 points into unknown readable memory: 0x0100000202ff4399 | 99 43 ff 02 02 00 00 01
stack at sp + 2 slots: 0x000000016d86e800 is pointing into the stack for thread: 0x0000000102bc9420
stack at sp + 3 slots: 0x000000016d86e7d0 is pointing into the stack for thread: 0x0000000102bc9420
stack at sp + 4 slots: 0x0000000999991020 points into unknown readable memory: 0x0100000202fe6739 | 39 67 fe 02 02 00 00 01
stack at sp + 5 slots: 0x0000000002fc48e0 is an unknown value
stack at sp + 6 slots: 0x0000000197f0a124: NSKeyValueWillChangeBySetting+0 in /System/Library/Frameworks/Foundation.framework/Versions/C/Foundation at 0x0000000197e9e000
stack at sp + 7 slots: 0x0 is null


Compiled method (n/a) 8741026 3444     n 0       org.eclipse.swt.internal.cocoa.OS::objc_msgSend (native)
 total in heap  [0x0000000119556210,0x00000001195565a0] = 912
 relocation     [0x0000000119556360,0x0000000119556390] = 48
 main code      [0x00000001195563c0,0x0000000119556584] = 452
 stub code      [0x0000000119556584,0x0000000119556588] = 4
 oops           [0x0000000119556588,0x0000000119556598] = 16
 metadata       [0x0000000119556598,0x00000001195565a0] = 8

[Constant Pool (empty)]

[MachCode]
[Entry Point]
  # {method} {0x000000012645b700} 'objc_msgSend' '(JJ)J' in 'org/eclipse/swt/internal/cocoa/OS'
  # parm0:    c_rarg1:c_rarg1 
                        = long
  # parm1:    c_rarg2:c_rarg2 
                        = long
  #           [sp+0x60]  (sp of caller)
  0x00000001195563c0: 2808 40b9 | 3f01 086b | 4000 0054 

  0x00000001195563cc: ;   {runtime_call ic_miss_stub}
  0x00000001195563cc: ad16 e417 
[Verified Entry Point]
  0x00000001195563d0: 1f20 03d5 | e953 40d1 | 3f01 00f9 | fd7b bfa9 | fd03 0091 | ff43 01d1 | 2801 0018 | 8923 40b9 
  0x00000001195563f0: 1f01 09eb | e000 0054 | 0830 8bd2 | c81c a3f2 | 2800 c0f2 | 0001 3fd6 | 0200 0014 | 0f00 0000 
  0x0000000119556410: e303 02aa | e203 01aa 

  0x0000000119556418: ;   {oop(a 'java/lang/Class'{0x000000052bef8de8} = 'org/eclipse/swt/internal/cocoa/OS')}
  0x0000000119556418: 01bd 91d2 | e17d a5f2 | a100 c0f2 | e123 00f9 | e103 0191 | e801 0010 | 88d3 01f9 | e803 0091 
  0x0000000119556438: 88cf 01f9 

  0x000000011955643c: ;   {external_word}
  0x000000011955643c: 48c7 f7d0 | 0845 7939 | 8806 0035 | 80e3 0e91 | e803 7eb2 | 8913 1191 | 28fd 9f88 

  0x0000000119556458: ;   {runtime_call Java_org_eclipse_swt_internal_cocoa_OS_objc_1msgSend__JJ}
  0x0000000119556458: 8805 8dd2 | 88fe a0f2 | 2800 c0f2 | 0001 3fd6 | a800 80d2 | 8847 04b9 | bf3b 03d5 | 8823 1191 
  0x0000000119556478: 08fd dfc8 | bf03 08eb | a803 0054 | 8843 44b9 | 6803 0035 | e803 7db2 | 8913 1191 | 28fd 9f88 
  0x0000000119556498: 8803 5339 | 1f09 0071 | c001 0054 

  0x00000001195564a4: ;   {external_word}
  0x00000001195564a4: 48c7 f7d0 | 0845 7939 | 2805 0035 | 9fcf 01f9 | 9fd3 01f9 | 8217 42f9 | 5f80 00f9 | bf03 0091 
  0x00000001195564c4: fd7b c1a8 | 8807 40f9 | 4800 00b5 | c003 5fd6 

  0x00000001195564d4: ;   {runtime_call StubRoutines (initial stubs)}
  0x00000001195564d4: eb26 e317 | a083 1ff8 

  0x00000001195564dc: ;   {runtime_call SharedRuntime::reguard_yellow_pages()}
  0x00000001195564dc: 086c 9cd2 | 6813 a1f2 | 2800 c0f2 | 0001 3fd6 | a083 5ff8 | edff ff17 | a083 1ff8 | e003 1caa 
  0x00000001195564fc: ;   {runtime_call JavaThread::check_special_condition_for_native_trans(JavaThread*)}
  0x00000001195564fc: 8863 92d2 | 880b a1f2 | 2800 c0f2 | 0001 3fd6 | a083 5ff8 | dfff ff17 | e10b bea9 | e37f 01a9 
  0x000000011955651c: ;   {metadata({method} {0x000000012645b700} 'objc_msgSend' '(JJ)J' in 'org/eclipse/swt/internal/cocoa/OS')}
  0x000000011955651c: 01e0 96d2 | a1c8 a4f2 | 2100 c0f2 | e003 1caa | e833 bfa9 | 881f 98d2 | 6813 a1f2 | 2800 c0f2 
  0x000000011955653c: 0001 3fd6 | e833 c1a8 | e37f 41a9 | e10b c2a8 | bfff ff17 | a083 1ff8 

  0x0000000119556554: ;   {metadata({method} {0x000000012645b700} 'objc_msgSend' '(JJ)J' in 'org/eclipse/swt/internal/cocoa/OS')}
  0x0000000119556554: 01e0 96d2 | a1c8 a4f2 | 2100 c0f2 | e003 1caa | e833 bfa9 | 083d 98d2 | 6813 a1f2 | 2800 c0f2 
  0x0000000119556574: 0001 3fd6 | e833 c1a8 | a083 5ff8 | ccff ff17 
[Stub Code]
  0x0000000119556584: 0000 0000 
[/MachCode]


Compiled method (c2) 8741027 12554   !   4       org.eclipse.swt.widgets.Display::readAndDispatch (256 bytes)
 total in heap  [0x0000000119a01210,0x0000000119a08230] = 28704
 relocation     [0x0000000119a01360,0x0000000119a01b00] = 1952
 main code      [0x0000000119a01b00,0x0000000119a04ef0] = 13296
 stub code      [0x0000000119a04ef0,0x0000000119a056d0] = 2016
 oops           [0x0000000119a056d0,0x0000000119a05728] = 88
 metadata       [0x0000000119a05728,0x0000000119a05b58] = 1072
 scopes data    [0x0000000119a05b58,0x0000000119a06ea0] = 4936
 scopes pcs     [0x0000000119a06ea0,0x0000000119a07960] = 2752
 dependencies   [0x0000000119a07960,0x0000000119a07aa0] = 320
 handler table  [0x0000000119a07aa0,0x0000000119a08178] = 1752
 nul chk table  [0x0000000119a08178,0x0000000119a08230] = 184

[Constant Pool (empty)]

[MachCode]
[Entry Point]
  # {method} {0x000000012617c178} 'readAndDispatch' '()Z' in 'org/eclipse/swt/widgets/Display'
  #           [sp+0x80]  (sp of caller)
  0x0000000119a01b00: 2808 40b9 | 3f01 086b | 4000 0054 

  0x0000000119a01b0c: ;   {runtime_call ic_miss_stub}
  0x0000000119a01b0c: dd68 d117 
[Verified Entry Point]
  0x0000000119a01b10: 5c67 d117 | e953 40d1 | 3f01 00f9 | ff03 02d1 | fd7b 07a9 | 289e 0118 | 8923 40b9 | 1f01 09eb 
  0x0000000119a01b30: 219d 0154 | 2a38 0091 | 4dfd df08 | 2b04 41b9 | 8ac3 41f9 | 7df1 7dd3 | 4a01 40f9 | fd3b 01b4 
  0x0000000119a01b50: bf03 0aeb | 613c 0154 | 2ab0 5829 | 4a05 0051 | cd3c 0135 | 3dcc 40b9 | fd26 0135 

  0x0000000119a01b6c: ;   {oop([B{0x000000052d879098})}
  0x0000000119a01b6c: 0d13 92d2 | edb0 a5f2 | ad00 c0f2 

  0x0000000119a01b78: ;   {oop([B{0x000000052d879098})}
  0x0000000119a01b78: 0b13 92d2 | ebb0 a5f2 | ab00 c0f2 | b141 0091 | 9f01 0a6b | 0114 0054 | e147 00a9 

  0x0000000119a01b94: ;   {oop([B{0x000000052d879098})}
  0x0000000119a01b94: 1d13 92d2 | fdb0 a5f2 | bd00 c0f2 

  0x0000000119a01ba0: ; ImmutableOopMap {rfp=Oop [8]=Derived_oop_rfp [0]=Oop }
                      ;*invokestatic getEntryCount {reexecute=0 rethrow=0 return_oop=0}
                      ; - org.eclipse.swt.widgets.Display::readAndDispatch@24 (line 3986)
                      ;   {static_call}
  0x0000000119a01ba0: 6c17 ef97 

  0x0000000119a01ba4: ;   {other}
  0x0000000119a01ba4: 1f20 03d5 | 9f32 81f2 | 1f00 80f2 | ed03 40f9 | aaa5 41b9 | b5c5 40b9 | 4af1 7dd3 | e024 0135 
  0x0000000119a01bc4: bd06 0051 

  0x0000000119a01bc8: ; implicit exception: dispatches to 0x0000000119a04b14
  0x0000000119a01bc8: 4b0d 40b9 | 56c9 358b | bf03 0b6b | e21b 0154 | 8b03 c139 | d30e 40b9 | 0bad 0035 | bdc5 00b9 
  0x0000000119a01be8: df0e 00b9 | 6af2 7dd3 | bf06 0071 | 010f 0054 | ed03 00f9 | 0185 8cd2 | e15f a0f2 | 4100 c0f2 
  0x0000000119a01c08: ea0b 00f9 | 6201 88d2 | c238 a2f2 | 4200 c0f2 

  0x0000000119a01c18: ;   {oop([B{0x000000052d879098})}
  0x0000000119a01c18: 1d13 92d2 | fdb0 a5f2 | bd00 c0f2 

  0x0000000119a01c24: ; ImmutableOopMap {rfp=Oop [8]=Derived_oop_rfp [0]=Oop [16]=Oop }
                      ;*invokestatic objc_msgSend {reexecute=0 rethrow=0 return_oop=0}
                      ; - org.eclipse.swt.internal.cocoa.NSThread::currentThread@6 (line 31)
                      ; - org.eclipse.swt.widgets.Display::removePool@36 (line 4358)
                      ; - org.eclipse.swt.widgets.Display::readAndDispatch@31 (line 3986)
                      ;   {static_call}
  0x0000000119a01c24: eb51 ed97 

  0x0000000119a01c28: ;   {other}
  0x0000000119a01c28: 1f20 03d5 | 1f43 81f2 | 1f20 80f2 | 4042 01b4 | e00f 00f9 | e103 00aa | e2fb 9ed2 | 2239 a2f2 
  0x0000000119a01c48: 4200 c0f2 

  0x0000000119a01c4c: ; ImmutableOopMap {rfp=Oop [8]=Derived_oop_rfp [0]=Oop [16]=Oop }
                      ;*invokestatic objc_msgSend {reexecute=0 rethrow=0 return_oop=0}
                      ; - org.eclipse.swt.internal.cocoa.NSThread::threadDictionary@7 (line 40)
                      ; - org.eclipse.swt.widgets.Display::removePool@39 (line 4358)
                      ; - org.eclipse.swt.widgets.Display::readAndDispatch@31 (line 3986)
                      ;   {static_call}
  0x0000000119a01c4c: e151 ed97 

  0x0000000119a01c50: ;   {other}
  0x0000000119a01c50: 1f20 03d5 | 1f48 81f2 | 1f40 80f2 | ec03 00aa | 0042 01b4 | 80df 40f9 | 8ae7 40f9 | 0b00 0191 
  0x0000000119a01c70: 7f01 0aeb | e201 0154 | 8bdf 00f9 | ea03 40b2 | 70c1 80f9 | 0a00 00f9 

  0x0000000119a01c88: ;   {metadata({type array char})}
  0x0000000119a01c88: 0d00 a0d2 | 0da6 83f2 | 7001 81f9 | 0d08 00b9 | aa02 8052 | 7041 81f9 | 0a0c 00b9 | 0a40 0091 
  0x0000000119a01ca8: 5f7d 00a9 | 5f7d 01a9 | 5f7d 02a9 | ec0f 00f9 | bf3a 03d5 | 0140 0091 | e013 00f9 | a202 8052 
  0x0000000119a01cc8: e007 40f9 | 00e4 002f | 437c 0353 | e301 0035 | 5f10 0071 | 2b01 0054 | 0144 40bc | 2238 000e 
  0x0000000119a01ce8: 4210 0051 | 2284 00fc | 0204 0034 | 0314 4038 | 2324 0078 | 4204 0051 | a2ff ffb5 | 1b00 0014 
  0x0000000119a01d08: ;   {runtime_call StubRoutines (compiler stubs)}
  0x0000000119a01d08: 7e82 d297 | f2ff ff17 | 0184 40fc | 4208 0012 | 7f28 00f1 | 6aff ff54 | 0200 0014 | 0184 40fc 
  0x0000000119a01d28: 6304 00f1 | 2001 0054 | 2138 004e | 0284 40fc | 2174 9f4c | 6304 00f1 | 4238 004e | 2274 9f4c 
  0x0000000119a01d48: e1fe ff54 | 0300 0014 | 2138 004e | 2174 9f4c | c200 00b4 | 0000 028b | 0280 5ffc | 2144 228b 
  0x0000000119a01d68: 4238 004e | 2200 9f3c | 0180 8cd2 | e15f a0f2 | 4100 c0f2 | e234 9dd2 | a238 a2f2 | 4200 c0f2 
  0x0000000119a01d88: e313 40f9 | a402 80d2 

  0x0000000119a01d90: ; ImmutableOopMap {rfp=Oop [8]=Derived_oop_rfp [0]=Oop [16]=Oop [32]=Oop }
                      ;*invokestatic objc_msgSend {reexecute=0 rethrow=0 return_oop=0}
                      ; - org.eclipse.swt.internal.cocoa.NSString::stringWithCharacters@8 (line 142)
                      ; - org.eclipse.swt.internal.cocoa.NSString::stringWith@20 (line 45)
                      ; - org.eclipse.swt.widgets.Display::removePool@47 (line 4359)
                      ; - org.eclipse.swt.widgets.Display::readAndDispatch@31 (line 3986)
                      ;   {static_call}
  0x0000000119a01d90: d0e8 e897 

  0x0000000119a01d94: ;   {other}
  0x0000000119a01d94: 1f20 03d5 | 9f70 81f2 | 1f60 80f2 | 2039 01b4 | e013 00f9 | e10f 40f9 | 0220 9ad2 | 8227 a2f2 
  0x0000000119a01db4: 4200 c0f2 | e303 00aa 

  0x0000000119a01dbc: ; ImmutableOopMap {rfp=Oop [8]=Derived_oop_rfp [0]=Oop [16]=Oop }
                      ;*invokestatic objc_msgSend {reexecute=0 rethrow=0 return_oop=0}
                      ; - org.eclipse.swt.internal.cocoa.NSMutableDictionary::removeObjectForKey@19 (line 41)
                      ; - org.eclipse.swt.widgets.Display::removePool@50 (line 4359)
                      ; - org.eclipse.swt.widgets.Display::readAndDispatch@31 (line 3986)
                      ;   {static_call}
  0x0000000119a01dbc: 25a3 e897 

  0x0000000119a01dc0: ;   {other}
  0x0000000119a01dc0: 1f20 03d5 | 1f76 81f2 | 1f80 80f2 | ed03 40f9 | ea0b 40f9 

  0x0000000119a01dd4: ; implicit exception: dispatches to 0x0000000119a04b44
  0x0000000119a01dd4: 4109 40f9 | ed03 00f9 | ea0b 00f9 | 0260 9ed2 | a230 a2f2 | 4200 c0f2 

  0x0000000119a01dec: ;   {oop([B{0x000000052d879098})}
  0x0000000119a01dec: 1d13 92d2 | fdb0 a5f2 | bd00 c0f2 

  0x0000000119a01df8: ; ImmutableOopMap {rfp=Oop [8]=Derived_oop_rfp [0]=Oop [16]=Oop }
                      ;*invokestatic objc_msgSend {reexecute=0 rethrow=0 return_oop=0}
                      ; - org.eclipse.swt.internal.cocoa.NSObject::release@7 (line 151)
                      ; - org.eclipse.swt.widgets.Display::removePool@54 (line 4361)
                      ; - org.eclipse.swt.widgets.Display::readAndDispatch@31 (line 3986)
                      ;   {static_call}
  0x0000000119a01df8: 7651 ed97 

  0x0000000119a01dfc: ;   {other}
  0x0000000119a01dfc: 1f20 03d5 | 9f7d 81f2 | 1fa0 80f2 | e147 40a9 | 80df 40f9 | 8ae7 40f9 | 0b60 0091 | 7f01 0aeb 
  0x0000000119a01e1c: 22ea 0054 | ea03 40b2 | 8bdf 00f9 

  0x0000000119a01e28: ;   {metadata('org/eclipse/swt/internal/cocoa/NSAutoreleasePool')}
  0x0000000119a01e28: 8c25 a0d2 | 0c00 8cf2 | 0a00 00f9 | 0c7c 0129 | 70c1 80f9 | 1f08 00f9 | bf3a 03d5 

  0x0000000119a01e44: ;   {oop(a 'java/lang/Class'{0x000000052be52a08} = 'org/eclipse/swt/internal/cocoa/NSAutoreleasePool')}
  0x0000000119a01e44: 0a41 85d2 | aa7c a5f2 | aa00 c0f2 | 4b2d 40b9 | 63f1 7dd3 | 6391 00b4 | 6a14 40b9 | 44f1 7dd3 
  0x0000000119a01e64: ; implicit exception: dispatches to 0x0000000119a04b28
  0x0000000119a01e64: 8c0c 40b9 | 6b40 c039 | 8229 cb1a | 4504 0051 | 8d05 0051 | bf01 056b | b0b1 851a | cb0f 0135 
  0x0000000119a01e84: 1002 f837 | 1f20 03d5 | 1f20 03d5 | 8bc0 308b | 1f02 0c6b | 82f5 0054 | 6a41 c039 | 5fb9 0071 
  0x0000000119a01ea4: 2002 0054 | 862b 42f9 

  0x0000000119a01eac: ;   {oop([B{0x000000052d879098})}
  0x0000000119a01eac: 0713 92d2 | e7b0 a5f2 | a700 c0f2 

  0x0000000119a01eb8: ; ImmutableOopMap {c_rarg0=Oop c_rarg1=Oop c_rarg3=Oop c_rarg4=Oop c_rarg7=Oop r17=Derived_oop_c_rarg7 }
                      ;*goto {reexecute=1 rethrow=0 return_oop=0}
                      ; - (reexecute) java.lang.StringLatin1::lastIndexOf@35 (line 285)
                      ; - java.lang.String::lastIndexOf@13 (line 2573)
                      ; - java.lang.String::lastIndexOf@8 (line 2535)
                      ; - org.eclipse.swt.internal.cocoa.id::objc_getClass@11 (line 46)
                      ; - org.eclipse.swt.internal.cocoa.NSObject::alloc@2 (line 31)
                      ; - org.eclipse.swt.widgets.Display::addPool@8 (line 533)
                      ; - org.eclipse.swt.widgets.Display::readAndDispatch@35 (line 3987)
  0x0000000119a01eb8: 1006 0051 

  0x0000000119a01ebc: ;   {poll}
  0x0000000119a01ebc: df00 40b9 | 90fe ff36 | 0a00 a012 | e183 00a9 | e30f 00f9 | 4117 8012 | ea03 00b9 

  0x0000000119a01ed8: ; ImmutableOopMap {[8]=Oop [16]=Oop [24]=Oop }
                      ;*if_icmpeq {reexecute=1 rethrow=0 return_oop=0}
                      ; - (reexecute) org.eclipse.swt.internal.cocoa.id::objc_getClass@17 (line 47)
                      ; - org.eclipse.swt.internal.cocoa.NSObject::alloc@2 (line 31)
                      ; - org.eclipse.swt.widgets.Display::addPool@8 (line 533)
                      ; - org.eclipse.swt.widgets.Display::readAndDispatch@35 (line 3987)
                      ;   {runtime_call UncommonTrapBlob}
  0x0000000119a01ed8: 2a84 d197 

  0x0000000119a01edc: ;   {other}
  0x0000000119a01edc: 1f20 03d5 | 9f99 81f2 | 1fe0 80f2 | 4d00 104b | 0e06 0011 | 1f06 0031 | 0021 0154 | ee0e f937 
  0x0000000119a01efc: df01 026b | 2c21 0154 | f003 00b9 | f193 00a9 | eb0f 00f9 | e183 02a9 | e31f 00f9 | e23b 0829 
  0x0000000119a01f1c: bf05 0071 | 80aa 0054 | 8edf 40f9 | 8ae7 40f9 | af05 0051 | cb61 0091 | ef4b 00b9 | 7f01 0aeb 
  0x0000000119a01f3c: e2e3 0054 | ea03 40b2 | 8bdf 00f9 | ca01 00f9 

  0x0000000119a01f4c: ;   {metadata('java/lang/String')}
  0x0000000119a01f4c: 0a00 a0d2 | 0a4e 9df2 | ca7d 0129 | 70c1 80f9 | df09 00f9 | eb2b 4829 | ee2b 00f9 | 7f01 0a6b 
  0x0000000119a01f6c: eb21 0154 | eb4b 40b9 | 7f01 4471 | a801 0154 | 0a00 8092 | 4ac1 2d8b | 7f01 4471 | 88e3 0054 
  0x0000000119a01f8c: 4b5d 0091 | 8fdf 40f9 | 6af1 7d92 | ee01 0a8b | 8ae7 40f9 | df01 0aeb | a2e2 0054 | ea03 40b2 
  0x0000000119a01fac: 8edf 00f9 | ea01 00f9 

  0x0000000119a01fb4: ;   {metadata({type array byte})}
  0x0000000119a01fb4: 0a00 a0d2 | 0a63 84f2 | d0c1 80f9 | ea09 00b9 | d001 81f9 | ea4b 40b9 | ea0d 00b9 | 6bfd 43d3 
  0x0000000119a01fd4: ea41 0091 | d041 81f9 | 6b09 00d1 | 6821 00f1 | 4300 0054 

  0x0000000119a01fe8: ;   {runtime_call StubRoutines (final stubs)}
  0x0000000119a01fe8: 9685 d197 | 6b00 1036 | 5f7d 81a8 | 5f7d 81a8 | 4b00 0836 | 5f7d 81a8 | 4b00 0036 | 5f01 00f9 
  0x0000000119a02008: bf3a 03d5 | ea03 40b9 | 8a01 0a4b | ad05 0051 | 4b05 0051 | 7f01 0d6b | 7db1 8d1a | eb03 40b9 
  0x0000000119a02028: 6b01 1d0b | 6a05 0011 | ed07 00b9 | ef2f 00f9 | 9f01 0a6b | 03fc 0054 | bf01 1d6b | c3fb 0054 
  0x0000000119a02048: bdfb f837 | 3d01 0034 | a27f 4093 | ea0f 40f9 | e141 0091 | 4045 0091 

  0x0000000119a02060: ;   {runtime_call StubRoutines (final stubs)}
  0x0000000119a02060: 0686 d197 

  0x0000000119a02064: ;   {other}
  0x0000000119a02064: 1f20 03d5 | 1f00 80f2 | 1f00 80f2 | 8b03 c139 | 6b8f 0035 | ee2b 40f9 | ec2f 40f9 | ea03 0eaa 
  0x0000000119a02084: eb03 0caa | 6b01 0aca | 8dfd 43d3 | 6bfd 54d3 | cd15 00b9 | 2b01 00b4 | 4afd 49d3 | 0b00 98d2 
  0x0000000119a020a4: ab99 a0f2 | 2b00 c0f2 | 6001 0a8b | 0a00 c039 | 5f09 0071 | 0196 0054 | df41 0039 | bf3b 03d5 
  0x0000000119a020c4: ee0b 00f9 | e10b 40f9 

  0x0000000119a020cc: ;   {oop([B{0x000000052d879098})}
  0x0000000119a020cc: 1d13 92d2 | fdb0 a5f2 | bd00 c0f2 

  0x0000000119a020d8: ; ImmutableOopMap {rfp=Oop [8]=Derived_oop_rfp [16]=Oop [40]=Oop [48]=Oop }
                      ;*invokestatic objc_getClass {reexecute=0 rethrow=0 return_oop=0}
                      ; - org.eclipse.swt.internal.cocoa.id::objc_getClass@29 (line 48)
                      ; - org.eclipse.swt.internal.cocoa.NSObject::alloc@2 (line 31)
                      ; - org.eclipse.swt.widgets.Display::addPool@8 (line 533)
                      ; - org.eclipse.swt.widgets.Display::readAndDispatch@35 (line 3987)
                      ;   {static_call}
  0x0000000119a020d8: dee1 ec97 

  0x0000000119a020dc: ;   {other}
  0x0000000119a020dc: 1f20 03d5 | 9fd9 81f2 | 1f00 81f2 | e103 00aa | 62cc 8ad2 | e218 a2f2 | 4200 c0f2 

  0x0000000119a020f8: ; ImmutableOopMap {rfp=Oop [8]=Derived_oop_rfp [40]=Oop [48]=Oop }
                      ;*invokestatic objc_msgSend {reexecute=0 rethrow=0 return_oop=0}
                      ; - org.eclipse.swt.internal.cocoa.NSObject::alloc@8 (line 31)
                      ; - org.eclipse.swt.widgets.Display::addPool@8 (line 533)
                      ; - org.eclipse.swt.widgets.Display::readAndDispatch@35 (line 3987)
                      ;   {static_call}
  0x0000000119a020f8: b650 ed97 

  0x0000000119a020fc: ;   {other}
  0x0000000119a020fc: 1f20 03d5 | 9fdd 81f2 | 1f20 81f2 | ea1b 40f9 | 4009 00f9 | e103 00aa | 0200 82d2 | c225 a2f2 
  0x0000000119a0211c: 4200 c0f2 

  0x0000000119a02120: ; ImmutableOopMap {rfp=Oop [8]=Derived_oop_rfp [40]=Oop [48]=Oop }
                      ;*invokestatic objc_msgSend {reexecute=0 rethrow=0 return_oop=0}
                      ; - org.eclipse.swt.internal.cocoa.NSObject::init@7 (line 125)
                      ; - org.eclipse.swt.widgets.Display::addPool@11 (line 533)
                      ; - org.eclipse.swt.widgets.Display::readAndDispatch@35 (line 3987)
                      ;   {static_call}
  0x0000000119a02120: ac50 ed97 

  0x0000000119a02124: ;   {other}
  0x0000000119a02124: 1f20 03d5 | 9fe2 81f2 | 1f40 81f2 | ec17 40f9 | 8ba5 41b9 | ed1b 40f9 | aa09 40f9 | 6ef1 7dd3 
  0x0000000119a02144: 1f00 0aeb | 81fd 0054 

  0x0000000119a0214c: ; implicit exception: dispatches to 0x0000000119a04bb4
  0x0000000119a0214c: ca0d 40b9 | 8fc5 40b9 | ff01 0a6b | 800f 0154 | ec03 00f9 | ed0b 00f9 | ef1b 00b9 | 2f6f 0035 
  0x0000000119a0216c: 0185 8cd2 | e15f a0f2 | 4100 c0f2 | 6201 88d2 | c238 a2f2 | 4200 c0f2 

  0x0000000119a02184: ; ImmutableOopMap {rfp=Oop [8]=Derived_oop_rfp [0]=Oop [16]=Oop }
                      ;*invokestatic objc_msgSend {reexecute=0 rethrow=0 return_oop=0}
                      ; - org.eclipse.swt.internal.cocoa.NSThread::currentThread@6 (line 31)
                      ; - org.eclipse.swt.widgets.Display::addPool@63 (line 544)
                      ; - org.eclipse.swt.widgets.Display::addPool@17 (line 533)
                      ; - org.eclipse.swt.widgets.Display::readAndDispatch@35 (line 3987)
                      ;   {static_call}
  0x0000000119a02184: 9350 ed97 

  0x0000000119a02188: ;   {other}
  0x0000000119a02188: 1f20 03d5 | 1fef 81f2 | 1f60 81f2 | a01a 01b4 | e00f 00f9 | e103 00aa | e2fb 9ed2 | 2239 a2f2 
  0x0000000119a021a8: 4200 c0f2 

  0x0000000119a021ac: ; ImmutableOopMap {rfp=Oop [8]=Derived_oop_rfp [0]=Oop [16]=Oop }
                      ;*invokestatic objc_msgSend {reexecute=0 rethrow=0 return_oop=0}
                      ; - org.eclipse.swt.internal.cocoa.NSThread::threadDictionary@7 (line 40)
                      ; - org.eclipse.swt.widgets.Display::addPool@66 (line 544)
                      ; - org.eclipse.swt.widgets.Display::addPool@17 (line 533)
                      ; - org.eclipse.swt.widgets.Display::readAndDispatch@35 (line 3987)
                      ;   {static_call}
  0x0000000119a021ac: 8950 ed97 

  0x0000000119a021b0: ;   {other}
  0x0000000119a021b0: 1f20 03d5 | 1ff4 81f2 | 1f80 81f2 | 801b 01b4 | ea0b 40f9 | 4a09 40f9 | e0ab 01a9 | 013a 8cd2 
  0x0000000119a021d0: e15f a0f2 | 4100 c0f2 | e281 9cd2 | e238 a2f2 | 4200 c0f2 | e303 0aaa 

  0x0000000119a021e8: ; ImmutableOopMap {rfp=Oop [8]=Derived_oop_rfp [0]=Oop [16]=Oop }
                      ;*invokestatic objc_msgSend {reexecute=0 rethrow=0 return_oop=0}
                      ; - org.eclipse.swt.internal.cocoa.NSNumber::numberWithInteger@7 (line 66)
                      ; - org.eclipse.swt.widgets.Display::addPool@75 (line 545)
                      ; - org.eclipse.swt.widgets.Display::addPool@17 (line 533)
                      ; - org.eclipse.swt.widgets.Display::readAndDispatch@35 (line 3987)
                      ;   {static_call}
  0x0000000119a021e8: 1aa2 e897 

  0x0000000119a021ec: ;   {other}
  0x0000000119a021ec: 1f20 03d5 | 9ffb 81f2 | 1fa0 81f2 | c01b 01b4 | e013 00f9 | 80df 40f9 | 8ae7 40f9 | 0b00 0191 
  0x0000000119a0220c: 7f01 0aeb | 62d7 0054 | 8bdf 00f9 | ea03 40b2 | 70c1 80f9 | 0a00 00f9 

  0x0000000119a02224: ;   {metadata({type array char})}
  0x0000000119a02224: 0a00 a0d2 | 0aa6 83f2 | 7001 81f9 | 0a08 00b9 | ac02 8052 | 7041 81f9 | 0c0c 00b9 | 0a40 0091 
  0x0000000119a02244: 5f7d 00a9 | 5f7d 01a9 | 5f7d 02a9 | bf3a 03d5 | e017 00f9 | 0140 0091 | a202 8052 | e007 40f9 
  0x0000000119a02264: 00e4 002f | 437c 0353 | e301 0035 | 5f10 0071 | 2b01 0054 | 0144 40bc | 2238 000e | 4210 0051 
  0x0000000119a02284: 2284 00fc | 0204 0034 | 0314 4038 | 2324 0078 | 4204 0051 | a2ff ffb5 | 1b00 0014 

  0x0000000119a022a0: ;   {runtime_call StubRoutines (compiler stubs)}
  0x0000000119a022a0: 1881 d297 | f2ff ff17 | 0184 40fc | 4208 0012 | 7f28 00f1 | 6aff ff54 | 0200 0014 | 0184 40fc 
  0x0000000119a022c0: 6304 00f1 | 2001 0054 | 2138 004e | 0284 40fc | 2174 9f4c | 6304 00f1 | 4238 004e | 2274 9f4c 
  0x0000000119a022e0: e1fe ff54 | 0300 0014 | 2138 004e | 2174 9f4c | c200 00b4 | 0000 028b | 0280 5ffc | 2144 228b 
  0x0000000119a02300: 4238 004e | 2200 9f3c | 0180 8cd2 | e15f a0f2 | 4100 c0f2 | e234 9dd2 | a238 a2f2 | 4200 c0f2 
  0x0000000119a02320: e317 40f9 | a402 80d2 

  0x0000000119a02328: ; ImmutableOopMap {rfp=Oop [8]=Derived_oop_rfp [0]=Oop [16]=Oop [40]=Oop }
                      ;*invokestatic objc_msgSend {reexecute=0 rethrow=0 return_oop=0}
                      ; - org.eclipse.swt.internal.cocoa.NSString::stringWithCharacters@8 (line 142)
                      ; - org.eclipse.swt.internal.cocoa.NSString::stringWith@20 (line 45)
                      ; - org.eclipse.swt.widgets.Display::addPool@81 (line 545)
                      ; - org.eclipse.swt.widgets.Display::addPool@17 (line 533)
                      ; - org.eclipse.swt.widgets.Display::readAndDispatch@35 (line 3987)
                      ;   {static_call}
  0x0000000119a02328: 6ae7 e897 

  0x0000000119a0232c: ;   {other}
  0x0000000119a0232c: 1f20 03d5 | 9f23 82f2 | 1fc0 81f2 | e013 01b4 | e017 00f9 | e10f 40f9 | 02f0 9ed2 | 422f a2f2 
  0x0000000119a0234c: 4200 c0f2 | e313 40f9 | e403 00aa 

  0x0000000119a02358: ; ImmutableOopMap {rfp=Oop [8]=Derived_oop_rfp [0]=Oop [16]=Oop }
                      ;*invokestatic objc_msgSend {reexecute=0 rethrow=0 return_oop=0}
                      ; - org.eclipse.swt.internal.cocoa.NSMutableDictionary::setObject@31 (line 49)
                      ; - org.eclipse.swt.widgets.Display::addPool@84 (line 545)
                      ; - org.eclipse.swt.widgets.Display::addPool@17 (line 533)
                      ; - org.eclipse.swt.widgets.Display::readAndDispatch@35 (line 3987)
                      ;   {static_call}
  0x0000000119a02358: 7e21 e997 

  0x0000000119a0235c: ;   {other}
  0x0000000119a0235c: 1f20 03d5 | 9f29 82f2 | 1fe0 81f2 | ea03 40f9 | 4ac5 40b9 | ea1b 00b9 | 4a05 0011 | eb03 40f9 
  0x0000000119a0237c: 6ac5 00b9 | 6ba5 41b9 | 8be4 0034 | 7df1 7dd3 | ea1b 40b9 | aacb 2a8b | ac0f 40b9 | 5341 0091 
  0x0000000119a0239c: eb1b 40b9 | 7f01 0c6b | 22de 0054 | 8b03 c139 | 0b70 0035 | eb0b 40f9 | ea03 13aa | 6b01 0aca 
  0x0000000119a023bc: ec0b 40f9 | 8dfd 43d3 | 6bfd 54d3 | 6d02 00b9 | 2b01 00b4 | 4afd 49d3 | 0b00 98d2 | ab99 a0f2 
  0x0000000119a023dc: 2b00 c0f2 | 6001 0a8b | 0a00 c039 | 5f09 0071 | 2175 0054 | ea03 40f9 | 4bb9 40b9 | eb13 00b9 
  0x0000000119a023fc: 7f01 0071 | ac84 0054 | ea03 40f9 | 4bd1 40b9 | eb13 00b9 | ab99 0035 | ea03 40f9 | 4a05 42b9 
  0x0000000119a0241c: 4af1 7dd3 | ea0b 00f9 | ea03 40f9 | 5d51 4339 | 4ac9 40b9 | 4b05 0011 | ea03 40f9 | 4bc9 00b9 
  0x0000000119a0243c: 1de7 0035 | ea0b 40f9 

  0x0000000119a02444: ; implicit exception: dispatches to 0x0000000119a04bd0
  0x0000000119a02444: 4a0d 40b9 | 5f01 0071 | e908 0054 | ec03 1f2a | ea03 1f2a | ecab 0329 | 1100 0014 | 6edc 00b4 
  0x0000000119a02464: 1f20 03d5 | 1f20 03d5 | 1f20 03d5 | aaf1 7dd3 | 4c0d 40b9 | 8b2b 42f9 

  0x0000000119a0247c: ;   {oop([B{0x000000052d879098})}
  0x0000000119a0247c: 0a13 92d2 | eab0 a5f2 

  0x0000000119a02484: ; ImmutableOopMap {r10=Oop [8]=Derived_oop_r10 [0]=Oop }
                      ;*if_icmplt {reexecute=1 rethrow=0 return_oop=0}
                      ; - (reexecute) org.eclipse.swt.widgets.Display::runTimers@69 (line 4609)
                      ; - org.eclipse.swt.widgets.Display::readAndDispatch@69 (line 3994)
  0x0000000119a02484: aa00 c0f2 

  0x0000000119a02488: ;   {poll}
  0x0000000119a02488: 7f01 40b9 | ea1b 40b9 | 5f01 0c6b | ea06 0054 | eb03 0a2a | eb23 00b9 | ea03 40f9 | 4a09 42b9 
  0x0000000119a024a8: eb03 40f9 | 6d05 42b9 | 5df1 7dd3 | eb23 40b9 | 6a7d 7e93 

  0x0000000119a024bc: ; implicit exception: dispatches to 0x0000000119a04aec
  0x0000000119a024bc: ac0f 40b9 | aef1 7dd3 | ef23 40b9 | ab03 0a8b | ee0b 00f9 | ff01 0c6b | 82d1 0054 | 6c11 40b9 
  0x0000000119a024dc: eb05 0011 | eb1b 00b9 | ecfb ff35 

  0x0000000119a024e8: ; implicit exception: dispatches to 0x0000000119a04b00
  0x0000000119a024e8: cb0d 40b9 | d301 0a8b | ff01 0b6b | 42d2 0054 | 6a12 40b9 | 4af1 7dd3 | ea0b 00f9 | 6afb ffb4 
  0x0000000119a02508: 8b03 c139 | 5409 40b9 | 2b98 0035 

  0x0000000119a02514: ;   {metadata('org/eclipse/swt/widgets/Display$2')}
  0x0000000119a02514: ab25 a0d2 | 0b48 8bf2 | 9f02 0b6b | 7f12 00b9 | e178 0054 | ea0b 40f9 | ea0b 00f9 | e103 0aaa 
  0x0000000119a02534: ;   {oop([B{0x000000052d879098})}
  0x0000000119a02534: 1d13 92d2 | fdb0 a5f2 | bd00 c0f2 

  0x0000000119a02540: ; ImmutableOopMap {rfp=Oop [8]=Derived_oop_rfp [0]=Oop [16]=Oop }
                      ;*invokeinterface run {reexecute=0 rethrow=0 return_oop=0}
                      ; - org.eclipse.swt.widgets.Display::runTimers@55 (line 4615)
                      ; - org.eclipse.swt.widgets.Display::readAndDispatch@69 (line 3994)
                      ;   {optimized virtual_call}
  0x0000000119a02540: 1067 d197 

  0x0000000119a02544: ;   {other}
  0x0000000119a02544: 1f20 03d5 | 9f66 82f2 | 1f20 82f2 | ea03 40f9 | 4d05 42b9 | 6dd4 0034 | ea03 0032 | ea1f 00b9 
  0x0000000119a02564: c3ff ff17 | ea03 1f2a | ea1f 00b9 | ea03 40f9 | 4b09 41b9 | 7df1 7dd3 | 4a89 41b9 | 3def 00b5 
  0x0000000119a02584: 0ac0 0035 | ea03 40f9 | 4a8d 41b9 | 4af1 7dd3 | ea0b 00f9 

  0x0000000119a02598: ; implicit exception: dispatches to 0x0000000119a04b5c
  0x0000000119a02598: 4109 40f9 

  0x0000000119a0259c: ;   {oop(a 'org/eclipse/swt/internal/cocoa/NSString'{0x000000052befc5e0})}
  0x0000000119a0259c: 0abc 98d2 | ea7d a5f2 | aa00 c0f2 | 4509 40f9 | e403 1faa | 02a3 97d2 | c23a a2f2 | 4200 c0f2 
  0x0000000119a025bc: 0300 8092 | e603 0032 

  0x0000000119a025c4: ;   {oop([B{0x000000052d879098})}
  0x0000000119a025c4: 1d13 92d2 | fdb0 a5f2 | bd00 c0f2 

  0x0000000119a025d0: ; ImmutableOopMap {rfp=Oop [8]=Derived_oop_rfp [0]=Oop [16]=Oop }
                      ;*invokestatic objc_msgSend {reexecute=0 rethrow=0 return_oop=0}
                      ; - org.eclipse.swt.internal.cocoa.NSApplication::nextEventMatchingMask@36 (line 92)
                      ; - org.eclipse.swt.widgets.Display::readAndDispatch@100 (line 3997)
                      ;   {static_call}
  0x0000000119a025d0: 6033 ef97 

  0x0000000119a025d4: ;   {other}
  0x0000000119a025d4: 1f20 03d5 | 9f78 82f2 | 1f40 82f2 | e013 00f9 | a058 00b5 | ea03 1faa | ea17 00f9 | ea03 40f9 
  0x0000000119a025f4: 4a29 41b9 | 41f1 7dd3 | 2192 00b5 | ea03 40f9 | 4b2d 41b9 | 4b9b 0035 | ea03 1f2a | ea3b 00b9 
  0x0000000119a02614: ea03 40f9 | 4ae5 40b9 | 8b2b 42f9 | 5df1 7dd3 

  0x0000000119a02624: ;   {oop([B{0x000000052d879098})}
  0x0000000119a02624: 0a13 92d2 | eab0 a5f2 

  0x0000000119a0262c: ; ImmutableOopMap {r10=Oop [8]=Derived_oop_r10 rfp=Oop [0]=Oop [40]=Oop }
                      ;*ifnonnull {reexecute=1 rethrow=0 return_oop=0}
                      ; - (reexecute) org.eclipse.swt.widgets.Display::runDeferredEvents@103 (line 4412)
                      ; - org.eclipse.swt.widgets.Display::readAndDispatch@134 (line 4003)
  0x0000000119a0262c: aa00 c0f2 

  0x0000000119a02630: ;   {poll}
  0x0000000119a02630: 7f01 40b9 | fd49 00b5 | 8a03 c139 | ea5c 0035 | eb1f 40b9 | ea3b 40b9 | 6a01 0a2a | eb03 40f9 
  0x0000000119a02650: 7fe5 00b9 | aa48 0035 | ea03 0baa | 6a39 0091 | 5dfd df08 | 6af9 40b9 | bdeb 0035 | 41f1 7dd3 
  0x0000000119a02670: 81cc 00b4 | e203 1f2a 

  0x0000000119a02678: ;   {oop([B{0x000000052d879098})}
  0x0000000119a02678: 1d13 92d2 | fdb0 a5f2 | bd00 c0f2 

  0x0000000119a02684: ; ImmutableOopMap {rfp=Oop [8]=Derived_oop_rfp [0]=Oop [40]=Oop }
                      ;*invokevirtual runAsyncMessages {reexecute=0 rethrow=0 return_oop=0}
                      ; - org.eclipse.swt.widgets.Display::runAsyncMessages@5 (line 4382)
                      ; - org.eclipse.swt.widgets.Display::readAndDispatch@152 (line 4005)
                      ;   {optimized virtual_call}
  0x0000000119a02684: bf66 d197 

  0x0000000119a02688: ;   {other}
  0x0000000119a02688: 1f20 03d5 | 1f8f 82f2 | 1f80 82f2 | e05f 00b9 | eb03 40f9 | 73c5 40b9 | ea03 40f9 | 4aa5 41b9 
  0x0000000119a026a8: 6b06 0051 | 5df1 7dd3 | eb13 00b9 

  0x0000000119a026b4: ; implicit exception: dispatches to 0x0000000119a04b70
  0x0000000119a026b4: ab0f 40b9 | b4cb 338b | ea13 40b9 | 5f01 0b6b | c2c5 0054 | 8b0e 40b9 | 6af1 7dd3 | 8c03 c139 
  0x0000000119a026d4: ea0f 00f9 | 8c59 0035 | ea03 40f9 | ec13 40b9 | 4cc5 00b9 | 9f0e 00b9 | 7f06 0071 | 610e 0054 
  0x0000000119a026f4: 0185 8cd2 | e15f a0f2 | 4100 c0f2 | 6201 88d2 | c238 a2f2 | 4200 c0f2 

  0x0000000119a0270c: ;   {oop([B{0x000000052d879098})}
  0x0000000119a0270c: 1d13 92d2 | fdb0 a5f2 | bd00 c0f2 

  0x0000000119a02718: ; ImmutableOopMap {rfp=Oop [8]=Derived_oop_rfp [0]=Oop [24]=Oop [40]=Oop }
                      ;*invokestatic objc_msgSend {reexecute=0 rethrow=0 return_oop=0}
                      ; - org.eclipse.swt.internal.cocoa.NSThread::currentThread@6 (line 31)
                      ; - org.eclipse.swt.widgets.Display::removePool@36 (line 4358)
                      ; - org.eclipse.swt.widgets.Display::readAndDispatch@213 (line 4008)
                      ;   {static_call}
  0x0000000119a02718: 2e4f ed97 

  0x0000000119a0271c: ;   {other}
  0x0000000119a0271c: 1f20 03d5 | 9fa1 82f2 | 1fa0 82f2 | e00b 00f9 | 00ef 00b4 | e103 00aa | e2fb 9ed2 | 2239 a2f2 
  0x0000000119a0273c: 4200 c0f2 

  0x0000000119a02740: ; ImmutableOopMap {rfp=Oop [8]=Derived_oop_rfp [0]=Oop [24]=Oop [40]=Oop }
                      ;*invokestatic objc_msgSend {reexecute=0 rethrow=0 return_oop=0}
                      ; - org.eclipse.swt.internal.cocoa.NSThread::threadDictionary@7 (line 40)
                      ; - org.eclipse.swt.widgets.Display::removePool@39 (line 4358)
                      ; - org.eclipse.swt.widgets.Display::readAndDispatch@213 (line 4008)
                      ;   {static_call}
  0x0000000119a02740: 244f ed97 

  0x0000000119a02744: ;   {other}
  0x0000000119a02744: 1f20 03d5 | 9fa6 82f2 | 1fc0 82f2 | e013 00f9 | e0ef 00b4 | 80df 40f9 | 8ae7 40f9 | 0b00 0191 
  0x0000000119a02764: 7f01 0aeb | 82ab 0054 | 8bdf 00f9 | ea03 40b2 | 70c1 80f9 | 0a00 00f9 

  0x0000000119a0277c: ;   {metadata({type array char})}
  0x0000000119a0277c: 0a00 a0d2 | 0aa6 83f2 | 7001 81f9 | 0a08 00b9 | ac02 8052 | 7041 81f9 | 0c0c 00b9 | 0a40 0091 
  0x0000000119a0279c: 5f7d 00a9 | 5f7d 01a9 | 5f7d 02a9 | bf3a 03d5 | e00b 00f9 | 0140 0091 | a202 8052 | e007 40f9 
  0x0000000119a027bc: 00e4 002f | 437c 0353 | e301 0035 | 5f10 0071 | 2b01 0054 | 0144 40bc | 2238 000e | 4210 0051 
  0x0000000119a027dc: 2284 00fc | 0204 0034 | 0314 4038 | 2324 0078 | 4204 0051 | a2ff ffb5 | 1b00 0014 

  0x0000000119a027f8: ;   {runtime_call StubRoutines (compiler stubs)}
  0x0000000119a027f8: c27f d297 | f2ff ff17 | 0184 40fc | 4208 0012 | 7f28 00f1 | 6aff ff54 | 0200 0014 | 0184 40fc 
  0x0000000119a02818: 6304 00f1 | 2001 0054 | 2138 004e | 0284 40fc | 2174 9f4c | 6304 00f1 | 4238 004e | 2274 9f4c 
  0x0000000119a02838: e1fe ff54 | 0300 0014 | 2138 004e | 2174 9f4c | c200 00b4 | 0000 028b | 0280 5ffc | 2144 228b 
  0x0000000119a02858: 4238 004e | 2200 9f3c | 0180 8cd2 | e15f a0f2 | 4100 c0f2 | e234 9dd2 | a238 a2f2 | 4200 c0f2 
  0x0000000119a02878: e30b 40f9 | a402 80d2 

  0x0000000119a02880: ; ImmutableOopMap {rfp=Oop [8]=Derived_oop_rfp [0]=Oop [16]=Oop [24]=Oop [40]=Oop }
                      ;*invokestatic objc_msgSend {reexecute=0 rethrow=0 return_oop=0}
                      ; - org.eclipse.swt.internal.cocoa.NSString::stringWithCharacters@8 (line 142)
                      ; - org.eclipse.swt.internal.cocoa.NSString::stringWith@20 (line 45)
                      ; - org.eclipse.swt.widgets.Display::removePool@47 (line 4359)
                      ; - org.eclipse.swt.widgets.Display::readAndDispatch@213 (line 4008)
                      ;   {static_call}
  0x0000000119a02880: 14e6 e897 

  0x0000000119a02884: ;   {other}
  0x0000000119a02884: 1f20 03d5 | 9fce 82f2 | 1fe0 82f2 | e01b 00f9 | 00e8 00b4 | e113 40f9 | 0220 9ad2 | 8227 a2f2 
  0x0000000119a028a4: 4200 c0f2 | e303 00aa 

  0x0000000119a028ac: ; ImmutableOopMap {rfp=Oop [8]=Derived_oop_rfp [0]=Oop [24]=Oop [40]=Oop }
                      ;*invokestatic objc_msgSend {reexecute=0 rethrow=0 return_oop=0}
                      ; - org.eclipse.swt.internal.cocoa.NSMutableDictionary::removeObjectForKey@19 (line 41)
                      ; - org.eclipse.swt.widgets.Display::removePool@50 (line 4359)
                      ; - org.eclipse.swt.widgets.Display::readAndDispatch@213 (line 4008)
                      ;   {static_call}
  0x0000000119a028ac: 69a0 e897 

  0x0000000119a028b0: ;   {other}
  0x0000000119a028b0: 1f20 03d5 | 1fd4 82f2 | 1f00 83f2 | ea0f 40f9 

  0x0000000119a028c0: ; implicit exception: dispatches to 0x0000000119a04b84
  0x0000000119a028c0: 4109 40f9 | 0260 9ed2 | a230 a2f2 | 4200 c0f2 

  0x0000000119a028d0: ;   {oop([B{0x000000052d879098})}
  0x0000000119a028d0: 1d13 92d2 | fdb0 a5f2 | bd00 c0f2 

  0x0000000119a028dc: ; ImmutableOopMap {rfp=Oop [8]=Derived_oop_rfp [0]=Oop [24]=Oop [40]=Oop }
                      ;*invokestatic objc_msgSend {reexecute=0 rethrow=0 return_oop=0}
                      ; - org.eclipse.swt.internal.cocoa.NSObject::release@7 (line 151)
                      ; - org.eclipse.swt.widgets.Display::removePool@54 (line 4361)
                      ; - org.eclipse.swt.widgets.Display::readAndDispatch@213 (line 4008)
                      ;   {static_call}
  0x0000000119a028dc: bd4e ed97 

  0x0000000119a028e0: ;   {other}
  0x0000000119a028e0: 1f20 03d5 | 1fda 82f2 | 1f20 83f2 | ed03 40f9 | abc9 40b9 | 6c05 0051 | bdcd 40b9 | aac5 40b9 
  0x0000000119a02900: acc9 00b9 | 9dc5 0035 | 9f01 0a6b | 2131 0054 

  0x0000000119a02910: ;   {oop([B{0x000000052d879098})}
  0x0000000119a02910: 1d13 92d2 | fdb0 a5f2 | bd00 c0f2 

  0x0000000119a0291c: ; ImmutableOopMap {rfp=Oop [8]=Derived_oop_rfp [0]=Oop [40]=Oop }
                      ;*invokestatic getEntryCount {reexecute=0 rethrow=0 return_oop=0}
                      ; - org.eclipse.swt.widgets.Display::readAndDispatch@244 (line 4010)
                      ;   {static_call}
  0x0000000119a0291c: 0d14 ef97 

  0x0000000119a02920: ;   {other}
  0x0000000119a02920: 1f20 03d5 | 1fe2 82f2 | 1f40 83f2 | e0c4 0035 | 8cdf 40f9 | 8ae7 40f9 | 8b61 0091 | 7f01 0aeb 
  0x0000000119a02940: a292 0054 | ea03 40b2 | 8bdf 00f9 

  0x0000000119a0294c: ;   {metadata('org/eclipse/swt/internal/cocoa/NSAutoreleasePool')}
  0x0000000119a0294c: 8d25 a0d2 | 0d00 8cf2 | 8a01 00f9 | 8d7d 0129 | 70c1 80f9 | 9f09 00f9 | bf3a 03d5 

  0x0000000119a02968: ;   {oop(a 'java/lang/Class'{0x000000052be52a08} = 'org/eclipse/swt/internal/cocoa/NSAutoreleasePool')}
  0x0000000119a02968: 0a41 85d2 | aa7c a5f2 | aa00 c0f2 | 4b2d 40b9 | 6ef1 7dd3 | 6e3a 00b4 | ca15 40b9 | 4af1 7dd3 
  0x0000000119a02988: ; implicit exception: dispatches to 0x0000000119a04b98
  0x0000000119a02988: 4d0d 40b9 | cb41 c039 | ea13 00f9 | aa29 cb1a | ec0b 00f9 | ea33 00b9 | ee0f 00f9 | ec33 40b9 
  0x0000000119a029a8: 8e05 0051 | aa05 0051 | 5f01 0e6b | 4ab1 8e1a | eeab 0629 | 2bc1 0035 | ca02 f837 | 1f20 03d5 
  0x0000000119a029c8: 1f20 03d5 | 1f20 03d5 | ea13 40f9 | eb3b 40b9 | 4ac1 2b8b | ea23 00f9 | 7f01 0d6b | 629c 0054 
  0x0000000119a029e8: 4b41 c039 | 7fb9 0071 | 2002 0054 | eb3b 40b9 | 8a2b 42f9 | 6c05 0051 

  0x0000000119a02a00: ;   {oop([B{0x000000052d879098})}
  0x0000000119a02a00: 0b13 92d2 | ebb0 a5f2 

  0x0000000119a02a08: ; ImmutableOopMap {r11=Oop [8]=Derived_oop_r11 [0]=Oop [16]=Oop [24]=Oop [32]=Oop [40]=Oop }
                      ;*goto {reexecute=1 rethrow=0 return_oop=0}
                      ; - (reexecute) java.lang.StringLatin1::lastIndexOf@35 (line 285)
                      ; - java.lang.String::lastIndexOf@13 (line 2573)
                      ; - java.lang.String::lastIndexOf@8 (line 2535)
                      ; - org.eclipse.swt.internal.cocoa.id::objc_getClass@11 (line 46)
                      ; - org.eclipse.swt.internal.cocoa.NSObject::alloc@2 (line 31)
                      ; - org.eclipse.swt.widgets.Display::addPool@8 (line 533)
                      ; - org.eclipse.swt.widgets.Display::readAndDispatch@251 (line 4010)
  0x0000000119a02a08: ab00 c0f2 

  0x0000000119a02a0c: ;   {poll}
  0x0000000119a02a0c: 5f01 40b9 | ec3b 00b9 | ecfd ff36 | 0a00 a012 | ea3b 00b9 | 4117 8012 

  0x0000000119a02a24: ; ImmutableOopMap {[0]=Oop [16]=Oop [24]=Oop [40]=Oop }
                      ;*if_icmpeq {reexecute=1 rethrow=0 return_oop=0}
                      ; - (reexecute) org.eclipse.swt.internal.cocoa.id::objc_getClass@17 (line 47)
                      ; - org.eclipse.swt.internal.cocoa.NSObject::alloc@2 (line 31)
                      ; - org.eclipse.swt.widgets.Display::addPool@8 (line 533)
                      ; - org.eclipse.swt.widgets.Display::readAndDispatch@251 (line 4010)
                      ;   {runtime_call UncommonTrapBlob}
  0x0000000119a02a24: 5781 d197 

  0x0000000119a02a28: ;   {other}
  0x0000000119a02a28: 1f20 03d5 | 1f03 83f2 | 1f80 83f2 | ea33 40b9 | ec3b 40b9 | 4c01 0c4b | ea3b 40b9 | 4a05 0011 
  0x0000000119a02a48: eb3b 40b9 | ea37 00b9 | 7f05 0031 | 60fe ff54 | 2abd f837 | eb03 0a2a | ea33 40b9 | 7f01 0a6b 
  0x0000000119a02a68: 8cc8 0054 | 9f05 0071 | a050 0054 | 8edf 40f9 | 8ae7 40f9 | 9005 0051 | cb61 0091 | f03f 00b9 
  0x0000000119a02a88: 7f01 0aeb | 828d 0054 | ea03 40b2 | 8bdf 00f9 

  0x0000000119a02a98: ;   {metadata('java/lang/String')}
  0x0000000119a02a98: 0f00 a0d2 | 0f4e 9df2 | ca01 00f9 | cf7d 0129 | 70c1 80f9 | df09 00f9 | ee27 00f9 | ea3b 4629 
  0x0000000119a02ab8: 5f01 0e6b | 6bc8 0054 | ea3f 40b9 | 5f01 4471 | 68a7 0054 | 0a00 8092 | 4ac1 2c8b | eb3f 40b9 
  0x0000000119a02ad8: 7f01 4471 | c88c 0054 | 8fdf 40f9 | 4a5d 0091 | 4bf1 7d92 | 8ee7 40f9 | eb01 0b8b | 7f01 0eeb 
  0x0000000119a02af8: e28b 0054 | ee03 40b2 | 8bdf 00f9 | ee01 00f9 

  0x0000000119a02b08: ;   {metadata({type array byte})}
  0x0000000119a02b08: 1000 a0d2 | 1063 84f2 | 70c1 80f9 | f009 00b9 | 4efd 43d3 | 7001 81f9 | ea3f 40b9 | ea0d 00b9 
  0x0000000119a02b28: 7041 81f9 | ea41 0091 | cb09 00d1 | 6821 00f1 | 4300 0054 

  0x0000000119a02b3c: ;   {runtime_call StubRoutines (final stubs)}
  0x0000000119a02b3c: c182 d197 | 6b00 1036 | 5f7d 81a8 | 5f7d 81a8 | 4b00 0836 | 5f7d 81a8 | 4b00 0036 | 5f01 00f9 
  0x0000000119a02b5c: bf3a 03d5 | ea3b 40b9 | ab01 0a4b | 6a05 0051 | 8b05 0051 | 5f01 0b6b | eb5b 00b9 | 5db1 8b1a 
  0x0000000119a02b7c: eb3b 40b9 | 6b01 1d0b | 6a05 0011 | ef2b 00f9 | bf01 0a6b | 03a2 0054 | ea5b 40b9 | 5f01 1d6b 
  0x0000000119a02b9c: a3a1 0054 | 9da1 f837 | 3d01 0034 | a27f 4093 | ea23 40f9 | e141 0091 | 4045 0091 

  0x0000000119a02bb8: ;   {runtime_call StubRoutines (final stubs)}
  0x0000000119a02bb8: 3083 d197 

  0x0000000119a02bbc: ;   {other}
  0x0000000119a02bbc: 1f20 03d5 | 1f00 80f2 | 1f00 80f2 | 8b03 c139 | 0b39 0035 | ee27 40f9 | ec2b 40f9 | ea03 0eaa 
  0x0000000119a02bdc: eb03 0caa | 6b01 0aca | 8dfd 43d3 | 6bfd 54d3 | cd15 00b9 | 2b01 00b4 | 4afd 49d3 | 0b00 98d2 
  0x0000000119a02bfc: ab99 a0f2 | 2b00 c0f2 | 6001 0a8b | 0a00 c039 | 5f09 0071 | 613e 0054 | df41 0039 | bf3b 03d5 
  0x0000000119a02c1c: ee0f 00f9 | e103 0eaa 

  0x0000000119a02c24: ;   {oop([B{0x000000052d879098})}
  0x0000000119a02c24: 1d13 92d2 | fdb0 a5f2 | bd00 c0f2 

  0x0000000119a02c30: ; ImmutableOopMap {rfp=Oop [8]=Derived_oop_rfp [0]=Oop [16]=Oop [24]=Oop [40]=Oop }
                      ;*invokestatic objc_getClass {reexecute=0 rethrow=0 return_oop=0}
                      ; - org.eclipse.swt.internal.cocoa.id::objc_getClass@29 (line 48)
                      ; - org.eclipse.swt.internal.cocoa.NSObject::alloc@2 (line 31)
                      ; - org.eclipse.swt.widgets.Display::addPool@8 (line 533)
                      ; - org.eclipse.swt.widgets.Display::readAndDispatch@251 (line 4010)
                      ;   {static_call}
  0x0000000119a02c30: 08df ec97 

  0x0000000119a02c34: ;   {other}
  0x0000000119a02c34: 1f20 03d5 | 9f44 83f2 | 1fa0 83f2 | e103 00aa | 62cc 8ad2 | e218 a2f2 | 4200 c0f2 

  0x0000000119a02c50: ; ImmutableOopMap {rfp=Oop [8]=Derived_oop_rfp [0]=Oop [16]=Oop [40]=Oop }
                      ;*invokestatic objc_msgSend {reexecute=0 rethrow=0 return_oop=0}
                      ; - org.eclipse.swt.internal.cocoa.NSObject::alloc@8 (line 31)
                      ; - org.eclipse.swt.widgets.Display::addPool@8 (line 533)
                      ; - org.eclipse.swt.widgets.Display::readAndDispatch@251 (line 4010)
                      ;   {static_call}
  0x0000000119a02c50: e04d ed97 

  0x0000000119a02c54: ;   {other}
  0x0000000119a02c54: 1f20 03d5 | 9f48 83f2 | 1fc0 83f2 | ea0b 40f9 | 4009 00f9 | e103 00aa | 0200 82d2 | c225 a2f2 
  0x0000000119a02c74: 4200 c0f2 

  0x0000000119a02c78: ; ImmutableOopMap {rfp=Oop [8]=Derived_oop_rfp [0]=Oop [16]=Oop [40]=Oop }
                      ;*invokestatic objc_msgSend {reexecute=0 rethrow=0 return_oop=0}
                      ; - org.eclipse.swt.internal.cocoa.NSObject::init@7 (line 125)
                      ; - org.eclipse.swt.widgets.Display::addPool@11 (line 533)
                      ; - org.eclipse.swt.widgets.Display::readAndDispatch@251 (line 4010)
                      ;   {static_call}
  0x0000000119a02c78: d64d ed97 

  0x0000000119a02c7c: ;   {other}
  0x0000000119a02c7c: 1f20 03d5 | 9f4d 83f2 | 1fe0 83f2 | ed03 40f9 | aba5 41b9 | f30b 40f9 | 6a0a 40f9 | 6cf1 7dd3 
  0x0000000119a02c9c: 1f00 0aeb | 81ab 0054 

  0x0000000119a02ca4: ; implicit exception: dispatches to 0x0000000119a04be4
  0x0000000119a02ca4: 8e0d 40b9 | afc5 40b9 | ff01 0e6b | e0b6 0054 | 4f15 0035 | 0185 8cd2 | e15f a0f2 | 4100 c0f2 
  0x0000000119a02cc4: 6201 88d2 | c238 a2f2 | 4200 c0f2 

  0x0000000119a02cd0: ; ImmutableOopMap {rfp=Oop [8]=Derived_oop_rfp [0]=Oop [16]=Oop [40]=Oop }
                      ;*invokestatic objc_msgSend {reexecute=0 rethrow=0 return_oop=0}
                      ; - org.eclipse.swt.internal.cocoa.NSThread::currentThread@6 (line 31)
                      ; - org.eclipse.swt.widgets.Display::addPool@63 (line 544)
                      ; - org.eclipse.swt.widgets.Display::addPool@17 (line 533)
                      ; - org.eclipse.swt.widgets.Display::readAndDispatch@251 (line 4010)
                      ;   {static_call}
  0x0000000119a02cd0: c04d ed97 

  0x0000000119a02cd4: ;   {other}
  0x0000000119a02cd4: 1f20 03d5 | 9f58 83f2 | 1f00 84f2 | c0c7 00b4 | e00f 00f9 | e103 00aa | e2fb 9ed2 | 2239 a2f2 
  0x0000000119a02cf4: 4200 c0f2 

  0x0000000119a02cf8: ; ImmutableOopMap {rfp=Oop [8]=Derived_oop_rfp [0]=Oop [16]=Oop [40]=Oop }
                      ;*invokestatic objc_msgSend {reexecute=0 rethrow=0 return_oop=0}
                      ; - org.eclipse.swt.internal.cocoa.NSThread::threadDictionary@7 (line 40)
                      ; - org.eclipse.swt.widgets.Display::addPool@66 (line 544)
                      ; - org.eclipse.swt.widgets.Display::addPool@17 (line 533)
                      ; - org.eclipse.swt.widgets.Display::readAndDispatch@251 (line 4010)
                      ;   {static_call}
  0x0000000119a02cf8: b64d ed97 

  0x0000000119a02cfc: ;   {other}
  0x0000000119a02cfc: 1f20 03d5 | 9f5d 83f2 | 1f20 84f2 | a0c7 00b4 | ea0b 40f9 | 4a09 40f9 | e0ab 01a9 | 013a 8cd2 
  0x0000000119a02d1c: e15f a0f2 | 4100 c0f2 | e281 9cd2 | e238 a2f2 | 4200 c0f2 | e303 0aaa 

  0x0000000119a02d34: ; ImmutableOopMap {rfp=Oop [8]=Derived_oop_rfp [0]=Oop [16]=Oop [40]=Oop }
                      ;*invokestatic objc_msgSend {reexecute=0 rethrow=0 return_oop=0}
                      ; - org.eclipse.swt.internal.cocoa.NSNumber::numberWithInteger@7 (line 66)
                      ; - org.eclipse.swt.widgets.Display::addPool@75 (line 545)
                      ; - org.eclipse.swt.widgets.Display::addPool@17 (line 533)
                      ; - org.eclipse.swt.widgets.Display::readAndDispatch@251 (line 4010)
                      ;   {static_call}
  0x0000000119a02d34: 479f e897 

  0x0000000119a02d38: ;   {other}
  0x0000000119a02d38: 1f20 03d5 | 1f65 83f2 | 1f40 84f2 | ec03 00aa | c0c6 00b4 | 80df 40f9 | 8ae7 40f9 | 0b00 0191 
  0x0000000119a02d58: 7f01 0aeb | 227e 0054 | 8bdf 00f9 | ea03 40b2 | 70c1 80f9 | 0a00 00f9 

  0x0000000119a02d70: ;   {metadata({type array char})}
  0x0000000119a02d70: 0d00 a0d2 | 0da6 83f2 | 7001 81f9 | 0d08 00b9 | aa02 8052 | 7041 81f9 | 0a0c 00b9 | 0a40 0091 
  0x0000000119a02d90: 5f7d 00a9 | 5f7d 01a9 | 5f7d 02a9 | ec13 00f9 | bf3a 03d5 | 0140 0091 | e01b 00f9 | a202 8052 
  0x0000000119a02db0: e007 40f9 | 00e4 002f | 437c 0353 | e301 0035 | 5f10 0071 | 2b01 0054 | 0144 40bc | 2238 000e 
  0x0000000119a02dd0: 4210 0051 | 2284 00fc | 0204 0034 | 0314 4038 | 2324 0078 | 4204 0051 | a2ff ffb5 | 1b00 0014 
  0x0000000119a02df0: ;   {runtime_call StubRoutines (compiler stubs)}
  0x0000000119a02df0: 447e d297 | f2ff ff17 | 0184 40fc | 4208 0012 | 7f28 00f1 | 6aff ff54 | 0200 0014 | 0184 40fc 
  0x0000000119a02e10: 6304 00f1 | 2001 0054 | 2138 004e | 0284 40fc | 2174 9f4c | 6304 00f1 | 4238 004e | 2274 9f4c 
  0x0000000119a02e30: e1fe ff54 | 0300 0014 | 2138 004e | 2174 9f4c | c200 00b4 | 0000 028b | 0280 5ffc | 2144 228b 
  0x0000000119a02e50: 4238 004e | 2200 9f3c | 0180 8cd2 | e15f a0f2 | 4100 c0f2 | e234 9dd2 | a238 a2f2 | 4200 c0f2 
  0x0000000119a02e70: e31b 40f9 | a402 80d2 

  0x0000000119a02e78: ; ImmutableOopMap {[0]=Oop [16]=Oop [40]=Oop [48]=Oop }
                      ;*invokestatic objc_msgSend {reexecute=0 rethrow=0 return_oop=0}
                      ; - org.eclipse.swt.internal.cocoa.NSString::stringWithCharacters@8 (line 142)
                      ; - org.eclipse.swt.internal.cocoa.NSString::stringWith@20 (line 45)
                      ; - org.eclipse.swt.widgets.Display::addPool@81 (line 545)
                      ; - org.eclipse.swt.widgets.Display::addPool@17 (line 533)
                      ; - org.eclipse.swt.widgets.Display::readAndDispatch@251 (line 4010)
                      ;   {static_call}
  0x0000000119a02e78: 96e4 e897 

  0x0000000119a02e7c: ;   {other}
  0x0000000119a02e7c: 1f20 03d5 | 9f8d 83f2 | 1f60 84f2 | e0bd 00b4 | fd03 00aa | e10f 40f9 | 02f0 9ed2 | 422f a2f2 
  0x0000000119a02e9c: 4200 c0f2 | e313 40f9 | e403 00aa 

  0x0000000119a02ea8: ; ImmutableOopMap {[0]=Oop [16]=Oop [40]=Oop }
                      ;*invokestatic objc_msgSend {reexecute=0 rethrow=0 return_oop=0}
                      ; - org.eclipse.swt.internal.cocoa.NSMutableDictionary::setObject@31 (line 49)
                      ; - org.eclipse.swt.widgets.Display::addPool@84 (line 545)
                      ; - org.eclipse.swt.widgets.Display::addPool@17 (line 533)
                      ; - org.eclipse.swt.widgets.Display::readAndDispatch@251 (line 4010)
                      ;   {static_call}
  0x0000000119a02ea8: aa1e e997 

  0x0000000119a02eac: ;   {other}
  0x0000000119a02eac: 1f20 03d5 | 9f93 83f2 | 1f80 84f2 | ed03 40f9 | afc5 40b9 | ea05 0011 | aba5 41b9 | aac5 00b9 
  0x0000000119a02ecc: eb8a 0034 | f30b 40f9 | 7df1 7dd3 | aacb 2f8b | ac0f 40b9 | 5441 0091 | ff01 0c6b | 4285 0054 
  0x0000000119a02eec: 8b03 c139 | 2b1a 0035 | ea03 14aa | eb03 13aa | 6b01 0aca | 6dfe 43d3 | 6bfd 54d3 | 8d02 00b9 
  0x0000000119a02f0c: 2b01 00b4 | 4afd 49d3 | 0b00 98d2 | ab99 a0f2 | 2b00 c0f2 | 6001 0a8b | 0a00 c039 | 5f09 0071 
  0x0000000119a02f2c: 811f 0054 | e05f 40b9 | fd7b 47a9 | ff03 0291 

  0x0000000119a02f3c: ;   {poll_return}
  0x0000000119a02f3c: 8827 42f9 | ff63 28eb | 28fc 0054 | c003 5fd6 | ea05 0011 | ec03 40f9 | 8ac5 00b9 | 0cfd ff17 
  0x0000000119a02f5c: ea05 0011 | aac5 00b9 | dcff ff17 | ea5f 00b9 | cbfd ff17 | aa0f 40b9 | a143 0091 | 5f01 0071 
  0x0000000119a02f7c: 89c1 0054 | 2b00 40b9 | 6bf1 7dd3 | eb0b 00f9 | 6bb5 ffb4 | 4c05 0051 | ec1b 00b9 | 5f01 0c6b 
  0x0000000119a02f9c: 03c7 0054 | ecc6 f837 | 537d 4093 | 5f05 0071 | e000 0054 | 6206 00d1 | a053 0091 

  0x0000000119a02fb8: ;   {runtime_call StubRoutines (final stubs)}
  0x0000000119a02fb8: 4286 d197 

  0x0000000119a02fbc: ;   {other}
  0x0000000119a02fbc: 1f20 03d5 | 1f00 80f2 | 1f00 80f2 | ea03 40f9 | 4be5 40b9 | 7df1 7dd3 

  0x0000000119a02fd4: ; implicit exception: dispatches to 0x0000000119a04c00
  0x0000000119a02fd4: aa0f 40b9 | eb0b 40f9 | b36b 338b | 6c69 40b9 | ed1b 40b9 | bf01 0a6b | e2c3 0054 | 8af1 7dd3 
  0x0000000119a02ff4: 8b03 c139 | ea13 00f9 | 8b75 0035 | 7f0e 00b9 | ea13 40f9 

  0x0000000119a03008: ; implicit exception: dispatches to 0x0000000119a04c28
  0x0000000119a03008: 4b19 40b9 | 7d01 0012 | ea0b 40f9 | 4a6d 40b9 | ddc3 0035 | 4af1 7dd3 | ea1b 00f9 | 0a2e 00b5 
  0x0000000119a03028: ea03 1faa | ea1f 00f9 | ea0b 40f9 | 4a59 40b9 | ea33 00b9 | e113 40f9 

  0x0000000119a03040: ;   {oop([B{0x000000052d879098})}
  0x0000000119a03040: 1d13 92d2 | fdb0 a5f2 | bd00 c0f2 

  0x0000000119a0304c: ; ImmutableOopMap {rfp=Oop [8]=Derived_oop_rfp [0]=Oop [16]=Oop [32]=Oop [40]=Oop [56]=Oop }
                      ;*invokevirtual checkWidget {reexecute=0 rethrow=0 return_oop=0}
                      ; - org.eclipse.swt.widgets.Widget::notifyListeners@1 (line 1392)
                      ; - org.eclipse.swt.widgets.Display::runDeferredEvents@96 (line 4427)
                      ; - org.eclipse.swt.widgets.Display::readAndDispatch@134 (line 4003)
                      ;   {optimized virtual_call}
  0x0000000119a0304c: 511a ef97 

  0x0000000119a03050: ;   {other}
  0x0000000119a03050: 1f20 03d5 | 1fc8 83f2 | 1fa0 84f2 | e30b 40f9 | e113 40f9 | e233 40b9 

  0x0000000119a03068: ; ImmutableOopMap {rfp=Oop [8]=Derived_oop_rfp [0]=Oop [16]=Oop [32]=Oop [40]=Oop [56]=Oop }
                      ;*invokevirtual sendEvent {reexecute=0 rethrow=0 return_oop=0}
                      ; - org.eclipse.swt.widgets.Widget::notifyListeners@19 (line 1394)
                      ; - org.eclipse.swt.widgets.Display::runDeferredEvents@96 (line 4427)
                      ; - org.eclipse.swt.widgets.Display::readAndDispatch@134 (line 4003)
                      ;   {optimized virtual_call}
  0x0000000119a03068: 2602 2596 

  0x0000000119a0306c: ;   {other}
  0x0000000119a0306c: 1f20 03d5 | 9fcb 83f2 | 1fc0 84f2 | eb03 0032 | eb3b 00b9 | 65fd ff17 | e147 00a9 | e00b 00f9 
  0x0000000119a0308c: ;   {oop(a 'java/lang/Class'{0x000000052be52a08} = 'org/eclipse/swt/internal/cocoa/NSAutoreleasePool')}
  0x0000000119a0308c: 0141 85d2 | a17c a5f2 | a100 c0f2 

  0x0000000119a03098: ;   {oop([B{0x000000052d879098})}
  0x0000000119a03098: 1d13 92d2 | fdb0 a5f2 | bd00 c0f2 

  0x0000000119a030a4: ; ImmutableOopMap {rfp=Oop [8]=Derived_oop_rfp [0]=Oop [16]=Oop }
                      ;*invokevirtual initClassName {reexecute=0 rethrow=0 return_oop=1}
                      ; - java.lang.Class::getName@14 (line 948)
                      ; - org.eclipse.swt.internal.cocoa.id::objc_getClass@4 (line 45)
                      ; - org.eclipse.swt.internal.cocoa.NSObject::alloc@2 (line 31)
                      ; - org.eclipse.swt.widgets.Display::addPool@8 (line 533)
                      ; - org.eclipse.swt.widgets.Display::readAndDispatch@35 (line 3987)
                      ;   {optimized virtual_call}
  0x0000000119a030a4: 3764 d197 

  0x0000000119a030a8: ;   {other}
  0x0000000119a030a8: 1f20 03d5 | 1fd3 83f2 | 1fe0 84f2 | e303 00aa | c0b9 00b4 | e147 40a9 | e00b 40f9 | 66fb ff17 
  0x0000000119a030c8: ec0b 00f9 

  0x0000000119a030cc: ;   {oop(a 'java/lang/Class'{0x000000052be52a08} = 'org/eclipse/swt/internal/cocoa/NSAutoreleasePool')}
  0x0000000119a030cc: 0141 85d2 | a17c a5f2 | a100 c0f2 

  0x0000000119a030d8: ; ImmutableOopMap {rfp=Oop [8]=Derived_oop_rfp [0]=Oop [16]=Oop [40]=Oop }
                      ;*invokevirtual initClassName {reexecute=0 rethrow=0 return_oop=1}
                      ; - java.lang.Class::getName@14 (line 948)
                      ; - org.eclipse.swt.internal.cocoa.id::objc_getClass@4 (line 45)
                      ; - org.eclipse.swt.internal.cocoa.NSObject::alloc@2 (line 31)
                      ; - org.eclipse.swt.widgets.Display::addPool@8 (line 533)
                      ; - org.eclipse.swt.widgets.Display::readAndDispatch@251 (line 4010)
                      ;   {optimized virtual_call}
  0x0000000119a030d8: 2a64 d197 

  0x0000000119a030dc: ;   {other}
  0x0000000119a030dc: 1f20 03d5 | 9fd9 83f2 | 1f00 85f2 | ee03 00aa | c0b8 00b4 | ec0b 40f9 | 23fe ff17 | 8cdf 40f9 
  0x0000000119a030fc: 8ae7 40f9 | 8b61 0091 | 7f01 0aeb | 8270 0054 | ed03 40b2 | 8bdf 00f9 

  0x0000000119a03114: ;   {metadata('org/eclipse/swt/internal/cocoa/NSEvent')}
  0x0000000119a03114: 0a28 a0d2 | 0a80 97f2 | 8d01 00f9 | 8a09 00b9 | 70c1 80f9 | 9f0d 00b9 | ea03 40f9 | 4b8d 41b9 
  0x0000000119a03134: 6af1 7dd3 | eb13 40f9 | 8b09 00f9 | ea0b 00f9 | ea03 0caa | ea17 00f9 | ea0b 40f9 

  0x0000000119a03150: ; implicit exception: dispatches to 0x0000000119a04c14
  0x0000000119a03150: 4109 40f9 | 02c0 97d2 | 2219 a2f2 | 4200 c0f2 | e303 0baa 

  0x0000000119a03164: ; ImmutableOopMap {rfp=Oop [8]=Derived_oop_rfp [0]=Oop [16]=Oop [40]=Oop }
                      ;*invokestatic objc_msgSend {reexecute=0 rethrow=0 return_oop=0}
                      ; - org.eclipse.swt.internal.cocoa.NSApplication::sendEvent@19 (line 117)
                      ; - org.eclipse.swt.widgets.Display::readAndDispatch@122 (line 4000)
                      ;   {static_call}
  0x0000000119a03164: 3b9e e897 

  0x0000000119a03168: ;   {other}
  0x0000000119a03168: 1f20 03d5 | 1feb 83f2 | 1f20 85f2 | ea03 0032 | ea1f 00b9 | 1dfd ff17 | cb0e 40b9 | 60f1 7dd3 
  0x0000000119a03188: e052 ffb4 | 8a17 40f9 | 8a78 00b4 | 8b1f 40f9 | 4c21 00d1 | 6a01 0a8b | 4081 1ff8 | 8c17 00f9 
  0x0000000119a031a8: 8ffa ff17 | 6a02 40b9 | 40f1 7dd3 | e08f ffb4 | 8a17 40f9 | aa7b 00b4 | 8b1f 40f9 | 4c21 00d1 
  0x0000000119a031c8: 6a01 0a8b | 4081 1ff8 | 8c17 00f9 | 77fc ff17 | ea03 40f9 | 4be5 40b9 | 60f1 7dd3 | e0a2 ffb4 
  0x0000000119a031e8: 8a17 40f9 | 8a7b 00b4 | 8b1f 40f9 | 4c21 00d1 | 6a01 0a8b | 4081 1ff8 | 8c17 00f9 | 0ffd ff17 
  0x0000000119a03208: 8a0e 40b9 | 40f1 7dd3 | 60a6 ffb4 | 8a17 40f9 | 8a7b 00b4 | 8b1f 40f9 | 4c21 00d1 | 6a01 0a8b 
  0x0000000119a03228: 4081 1ff8 | 8c17 00f9 | 2bfd ff17 | 8a02 40b9 | 40f1 7dd3 | c0e5 ffb4 | 8a17 40f9 | 8a7f 00b4 
  0x0000000119a03248: 8b1f 40f9 | 4c21 00d1 | 6a01 0a8b | 4081 1ff8 | 8c17 00f9 | 26ff ff17 | ee2b 40f9 | ca15 40b9 
  0x0000000119a03268: 40f1 7dd3 | 8070 ffb4 | 8a17 40f9 | 6a7f 00b4 | 8b1f 40f9 | 4c21 00d1 | 6a01 0a8b | 4081 1ff8 
  0x0000000119a03288: 8c17 00f9 | 7cfb ff17 | 8a27 40f9 | 8b2f 40f9 | bf3b 03d5 | 0c00 c039 | 8c8a ff34 | 1f00 0039 
  0x0000000119a032a8: 8a01 00b5 | e103 1caa | c900 0010 | 89d3 01f9 

  0x0000000119a032b8: ;   {runtime_call G1BarrierSetRuntime::write_ref_field_post_entry(unsigned char volatile*, JavaThread*)}
  0x0000000119a032b8: 8858 9ed2 | 2809 a1f2 | 2800 c0f2 | 0001 3fd6 

  0x0000000119a032c8: ;   {other}
  0x0000000119a032c8: 1f20 03d5 | 1f00 80f2 | 1f00 80f2 | 47fc ff17 | 4c21 00d1 | 6a01 0a8b | 4081 1ff8 | 8c27 00f9 
  0x0000000119a032e8: 42fc ff17 | ee27 40f9 | ca15 40b9 | 40f1 7dd3 | e0c6 ffb4 | 8a17 40f9 | aa7c 00b4 | 8b1f 40f9 
  0x0000000119a03308: 4c21 00d1 | 6a01 0a8b | 4081 1ff8 | 8c17 00f9 | 2ffe ff17 | 8a27 40f9 | 8b2f 40f9 | bf3b 03d5 
  0x0000000119a03328: 0c00 c039 | 2ce0 ff34 | 1f00 0039 | 8a01 00b5 | e103 1caa | c900 0010 | 89d3 01f9 

  0x0000000119a03344: ;   {runtime_call G1BarrierSetRuntime::write_ref_field_post_entry(unsigned char volatile*, JavaThread*)}
  0x0000000119a03344: 8858 9ed2 | 2809 a1f2 | 2800 c0f2 | 0001 3fd6 

  0x0000000119a03354: ;   {other}
  0x0000000119a03354: 1f20 03d5 | 1f00 80f2 | 1f00 80f2 | f4fe ff17 | 4c21 00d1 | 6a01 0a8b | 4081 1ff8 | 8c27 00f9 
  0x0000000119a03374: effe ff17 | 8a2f 40f9 | 8b27 40f9 | bf3b 03d5 | 0c00 c039 | ac69 ff34 | 1f00 0039 | cb01 00b5 
  0x0000000119a03394: f303 0eaa | e103 1caa | c900 0010 | 89d3 01f9 

  0x0000000119a033a4: ;   {runtime_call G1BarrierSetRuntime::write_ref_field_post_entry(unsigned char volatile*, JavaThread*)}
  0x0000000119a033a4: 8858 9ed2 | 2809 a1f2 | 2800 c0f2 | 0001 3fd6 

  0x0000000119a033b4: ;   {other}
  0x0000000119a033b4: 1f20 03d5 | 1f00 80f2 | 1f00 80f2 | ee03 13aa | 3efb ff17 | 6c21 00d1 | 4a01 0b8b | 4081 1ff8 
  0x0000000119a033d4: 8c27 00f9 | 39fb ff17 | 8a27 40f9 | 8b2f 40f9 | bf3b 03d5 | 0c00 c039 | 4cc1 ff34 | 1f00 0039 
  0x0000000119a033f4: ca01 00b5 | f303 0eaa | e103 1caa | c900 0010 | 89d3 01f9 

  0x0000000119a03408: ;   {runtime_call G1BarrierSetRuntime::write_ref_field_post_entry(unsigned char volatile*, JavaThread*)}
  0x0000000119a03408: 8858 9ed2 | 2809 a1f2 | 2800 c0f2 | 0001 3fd6 

  0x0000000119a03418: ;   {other}
  0x0000000119a03418: 1f20 03d5 | 1f00 80f2 | 1f00 80f2 | ee03 13aa | fbfd ff17 | 4c21 00d1 | 6a01 0a8b | 4081 1ff8 
  0x0000000119a03438: 8c27 00f9 | f6fd ff17 | e10b 40f9 

  0x0000000119a03444: ;   {oop([B{0x000000052d879098})}
  0x0000000119a03444: 1d13 92d2 | fdb0 a5f2 | bd00 c0f2 | 0954 9ed2 | a943 b4f2 | 2901 c0f2 

  0x0000000119a0345c: ; ImmutableOopMap {rfp=Oop [8]=Derived_oop_rfp [0]=Oop [16]=Oop }
                      ;*invokeinterface run {reexecute=0 rethrow=0 return_oop=0}
                      ; - org.eclipse.swt.widgets.Display::runTimers@55 (line 4615)
                      ; - org.eclipse.swt.widgets.Display::readAndDispatch@69 (line 3994)
                      ;   {virtual_call}
  0x0000000119a0345c: cf14 d597 

  0x0000000119a03460: ;   {other}
  0x0000000119a03460: 1f20 03d5 | 1f4a 84f2 | 1f40 85f2 | 39fc ff17 

  0x0000000119a03470: ;   {oop(""{0x00000005aa600000})}
  0x0000000119a03470: 0a00 80d2 | 0a4c b5f2 | aa00 c0f2 | ea0b 00f9 | 12fb ff17 

  0x0000000119a03484: ;   {oop(""{0x00000005aa600000})}
  0x0000000119a03484: 0e00 80d2 | 0e4c b5f2 | ae00 c0f2 | e3fd ff17 | 8adf 40f9 | eb03 40f9 | 6b01 42b9 | ec03 0aaa 
  0x0000000119a034a4: 8ae7 40f9 | 0d02 82d2 | 6bf1 7dd3 | 8d01 0d8b | e203 1632 | eb0f 00f9 | bf01 0aeb | c29a 0054 
  0x0000000119a034c4: eb03 40b2 | 8ddf 00f9 | ea03 0caa | 4b01 00f9 

  0x0000000119a034d4: ;   {metadata('org/eclipse/swt/widgets/Widget'[])}
  0x0000000119a034d4: aa25 a0d2 | 0a7e 8af2 | b0c1 80f9 | 8a09 00b9 | b001 81f9 | ea03 0caa | 420d 00b9 | 4a41 0091 
  0x0000000119a034f4: b041 81f9 | eb03 77b2 | 6821 00f1 | 4300 0054 

  0x0000000119a03504: ;   {runtime_call StubRoutines (final stubs)}
  0x0000000119a03504: 4f80 d197 | 6b00 1036 | 5f7d 81a8 | 5f7d 81a8 | 4b00 0836 | 5f7d 81a8 | 4b00 0036 | 5f01 00f9 
  0x0000000119a03524: bf3a 03d5 | ea03 0caa | f303 0aaa | 8a03 c139 | ea75 0035 | eb03 40f9 | ea03 13aa | 4a01 0bca 
  0x0000000119a03544: 6cfe 43d3 | 4afd 54d3 | ed03 40f9 | ac01 02b9 | 2a01 00b4 | 6afd 49d3 | 0b00 98d2 | ab99 a0f2 
  0x0000000119a03564: 2b00 c0f2 | 6001 0a8b | 0b00 c039 | 7f09 0071 | 6175 0054 | ea03 40f9 | 4ae9 40b9 | 41f1 7dd3 
  0x0000000119a03584: ea03 40f9 | 5fb9 00b9 | c173 ffb4 | a205 8052 

  0x0000000119a03594: ;   {oop([B{0x000000052d879098})}
  0x0000000119a03594: 1d13 92d2 | fdb0 a5f2 | bd00 c0f2 

  0x0000000119a035a0: ; ImmutableOopMap {rfp=Oop [8]=Derived_oop_rfp [0]=Oop [24]=Oop }
                      ;*invokevirtual hooks {reexecute=0 rethrow=0 return_oop=0}
                      ; - org.eclipse.swt.widgets.Display::runSkin@45 (line 4589)
                      ; - org.eclipse.swt.widgets.Display::readAndDispatch@39 (line 3988)
                      ;   {optimized virtual_call}
  0x0000000119a035a0: dc76 ef97 

  0x0000000119a035a4: ;   {other}
  0x0000000119a035a4: 1f20 03d5 | 9f72 84f2 | 1f60 85f2 | a072 ff34 | ea0f 40f9 

  0x0000000119a035b8: ; implicit exception: dispatches to 0x0000000119a04924
  0x0000000119a035b8: 4a0d 40b9 | 0c00 8092 | eb13 40b9 | 8bc1 2b8b | 4c7d 4093 | 5f01 0071 | a99a 0054 | 7f01 0ceb 
  0x0000000119a035d8: 629a 0054 | ec03 1f2a | 1600 0014 | e103 0aaa 

  0x0000000119a035e8: ;   {oop([B{0x000000052d879098})}
  0x0000000119a035e8: 1d13 92d2 | fdb0 a5f2 | bd00 c0f2 

  0x0000000119a035f4: ; ImmutableOopMap {rfp=Oop [8]=Derived_oop_rfp [0]=Oop [16]=Oop [32]=Oop [40]=Oop [48]=Oop }
                      ;*invokevirtual isDisposed {reexecute=0 rethrow=0 return_oop=0}
                      ; - org.eclipse.swt.widgets.Display::runDeferredEvents@81 (line 4425)
                      ; - org.eclipse.swt.widgets.Display::readAndDispatch@134 (line 4003)
                      ;   {optimized virtual_call}
  0x0000000119a035f4: e362 d197 

  0x0000000119a035f8: ;   {other}
  0x0000000119a035f8: 1f20 03d5 | 1f7d 84f2 | 1f80 85f2 | 8080 ff35 | e81b 40f9 | e81f 00f9 | 88fe ff17 | 1f20 03d5 
  0x0000000119a03618: 1f20 03d5 | 1f20 03d5 | ec17 40b9 | 8a05 0011 | ec13 40b9 | 5f01 0c6b | aa6e ff54 | ec03 0a2a 
  0x0000000119a03638: ea0f 40f9 | 4bc9 2c8b | 6d11 40b9 | aaf1 7dd3 | ea13 00f9 | cafe ffb4 | ec17 00b9 | eb17 00f9 
  0x0000000119a03658: ed33 00b9 | e103 0aaa 

  0x0000000119a03660: ;   {oop([B{0x000000052d879098})}
  0x0000000119a03660: 1d13 92d2 | fdb0 a5f2 | bd00 c0f2 

  0x0000000119a0366c: ; ImmutableOopMap {rfp=Oop [8]=Derived_oop_rfp [0]=Oop [24]=Oop [40]=Derived_oop_[24] [32]=Oop [48]=NarrowOop }
                      ;*invokevirtual isDisposed {reexecute=0 rethrow=0 return_oop=0}
                      ; - org.eclipse.swt.widgets.Display::runSkin@68 (line 4592)
                      ; - org.eclipse.swt.widgets.Display::readAndDispatch@39 (line 3988)
                      ;   {optimized virtual_call}
  0x0000000119a0366c: 8904 e997 

  0x0000000119a03670: ;   {other}
  0x0000000119a03670: 1f20 03d5 | 1f8c 84f2 | 1fa0 85f2 | 20fd ff35 | 8a03 c139 | 2a7f 0035 | f317 40f9 | ea13 40f9 
  0x0000000119a03690: 4a19 40b9 | 4c79 0a12 | 80df 40f9 | 8be7 40f9 | ea13 40f9 | 4c19 00b9 | 0d20 0291 | 7f12 00b9 
  0x0000000119a036b0: bf01 0beb | a28c 0054 | ea03 40b2 | 8ddf 00f9 

  0x0000000119a036c0: ;   {metadata('org/eclipse/swt/widgets/Event')}
  0x0000000119a036c0: 8b25 a0d2 | 0b8c 9ff2 | 0a00 00f9 | 0b08 00b9 | 0ba0 0191 | ec03 0baa | 0a40 0091 | 1f0c 00b9 
  0x0000000119a036e0: 5f7d 00a9 | 5f7d 01a9 | 5f7d 02a9 | 5f7d 03a9 | 5f7d 04a9 | ea03 0caa | b0c1 80f9 | 5f7d 00a9 
  0x0000000119a03700: 5f7d 01a9 | ea03 70b2 | 0a30 00f9 | bf3a 03d5 | ea03 00aa | ec33 40b9 | 4c69 00b9 | ea17 00f9 
  0x0000000119a03720: e103 40f9 | a205 8052 | e303 0aaa 

  0x0000000119a0372c: ; ImmutableOopMap {rfp=Oop [8]=Derived_oop_rfp [0]=Oop [24]=Oop [32]=Oop [40]=Oop }
                      ;*invokevirtual sendEvent {reexecute=0 rethrow=0 return_oop=0}
                      ; - org.eclipse.swt.widgets.Display::runSkin@112 (line 4597)
                      ; - org.eclipse.swt.widgets.Display::readAndDispatch@39 (line 3988)
                      ;   {optimized virtual_call}
  0x0000000119a0372c: d509 5296 

  0x0000000119a03730: ;   {other}
  0x0000000119a03730: 1f20 03d5 | 1fa4 84f2 | 1fc0 85f2 | ec17 40b9 | b9ff ff17 | 8a03 c139 | ca7e 0035 | ea03 40f9 
  0x0000000119a03750: 4ac1 41b9 | eb03 40f9 | 7fd1 00b9 | 7fc1 01b9 | ec13 40b9 | 9f01 0071 | 6d65 ff54 | 4af1 7dd3 
  0x0000000119a03770: ea0f 00f9 

  0x0000000119a03774: ; implicit exception: dispatches to 0x0000000119a049b8
  0x0000000119a03774: 4a0d 40b9 | eb03 0c2a | 0c00 8092 | 8bc1 2b8b | 4c7d 4093 | 5f01 0071 | 6991 0054 | 7f01 0ceb 
  0x0000000119a03794: 2291 0054 | ed03 1f2a | 1f20 03d5 | ea0f 40f9 | 4ac9 2d8b | 4b11 40b9 | 6af1 7dd3 | ea13 00f9 
  0x0000000119a037b4: 2a8a 00b4 | ed17 00b9 | e103 0aaa 

  0x0000000119a037c0: ;   {oop([B{0x000000052d879098})}
  0x0000000119a037c0: 1d13 92d2 | fdb0 a5f2 | bd00 c0f2 

  0x0000000119a037cc: ; ImmutableOopMap {rfp=Oop [8]=Derived_oop_rfp [0]=Oop [24]=Oop [32]=Oop }
                      ;*invokevirtual isDisposed {reexecute=0 rethrow=0 return_oop=0}
                      ; - org.eclipse.swt.widgets.Display::runDeferredLayouts@39 (line 4451)
                      ; - org.eclipse.swt.widgets.Display::readAndDispatch@44 (line 3989)
                      ;   {optimized virtual_call}
  0x0000000119a037cc: 3104 e997 

  0x0000000119a037d0: ;   {other}
  0x0000000119a037d0: 1f20 03d5 | 1fb8 84f2 | 1fe0 85f2 | e000 0034 | ea17 40b9 | 4d05 0011 | ea13 40b9 | bf01 0a6b 
  0x0000000119a037f0: 8bfd ff54 | 08fb ff17 | e113 40f9 | e203 1f2a 

  0x0000000119a03800: ; ImmutableOopMap {rfp=Oop [8]=Derived_oop_rfp [0]=Oop [24]=Oop [32]=Oop }
                      ;*invokevirtual setLayoutDeferred {reexecute=0 rethrow=0 return_oop=0}
                      ; - org.eclipse.swt.widgets.Display::runDeferredLayouts@48 (line 4451)
                      ; - org.eclipse.swt.widgets.Display::readAndDispatch@44 (line 3989)
                      ;   {optimized virtual_call}
  0x0000000119a03800: 90bd 5296 

  0x0000000119a03804: ;   {other}
  0x0000000119a03804: 1f20 03d5 | 9fbe 84f2 | 1f00 86f2 | f4ff ff17 | 6a12 40b9 | 40f1 7dd3 | c067 ffb4 | 8a17 40f9 
  0x0000000119a03824: ea7a 00b4 | 8b1f 40f9 | 4c21 00d1 | 6a01 0a8b | 4081 1ff8 | 8c17 00f9 | 36fb ff17 

  0x0000000119a03840: ; ImmutableOopMap {rfp=Oop [8]=Derived_oop_rfp [0]=Oop [40]=Oop }
                      ;*invokevirtual count {reexecute=0 rethrow=0 return_oop=0}
                      ; - org.eclipse.swt.widgets.Display::runPaint@27 (line 4475)
                      ; - org.eclipse.swt.widgets.Display::readAndDispatch@127 (line 4002)
                      ;   {optimized virtual_call}
  0x0000000119a03840: 5062 d197 

  0x0000000119a03844: ;   {other}
  0x0000000119a03844: 1f20 03d5 | 9fc6 84f2 | 1f20 86f2 | e00b 00f9 | 1f00 00f1 | 2d35 0054 | eb03 1f2a | eb1b 00b9 
  0x0000000119a03864: 0500 0014 | 1f20 03d5 | 1f20 03d5 | e823 40b9 | e81b 00b9 | ea03 40f9 | 4b29 41b9 | ea1b 40b9 
  0x0000000119a03884: 4a7d 4093 | 61f1 7dd3 | fd03 0aaa | 0184 00b4 | e203 0aaa 

  0x0000000119a03898: ;   {oop([B{0x000000052d879098})}
  0x0000000119a03898: 1d13 92d2 | fdb0 a5f2 | bd00 c0f2 

  0x0000000119a038a4: ; ImmutableOopMap {rfp=Oop [8]=Derived_oop_rfp [0]=Oop [40]=Oop }
                      ;*invokevirtual objectAtIndex {reexecute=0 rethrow=0 return_oop=1}
                      ; - org.eclipse.swt.widgets.Display::runPaint@42 (line 4477)
                      ; - org.eclipse.swt.widgets.Display::readAndDispatch@127 (line 4002)
                      ;   {optimized virtual_call}
  0x0000000119a038a4: 3762 d197 

  0x0000000119a038a8: ;   {other}
  0x0000000119a038a8: 1f20 03d5 | 1fd3 84f2 | 1f40 86f2 

  0x0000000119a038b4: ; implicit exception: dispatches to 0x0000000119a04c50
  0x0000000119a038b4: 0108 40f9 | eb1b 40b9 | 6a05 0011 | 4b7d 4093 | ea23 00b9 | ea0b 40f9 | 7f01 0aeb | ec07 9f1a 
  0x0000000119a038d4: 8ca5 8c5a | ec27 00b9 | eb1b 00f9 | 8212 98d2 | 023b a2f2 | 4200 c0f2 | e303 0032 

  0x0000000119a038f0: ; ImmutableOopMap {rfp=Oop [8]=Derived_oop_rfp [0]=Oop [40]=Oop }
                      ;*invokestatic objc_msgSend {reexecute=0 rethrow=0 return_oop=0}
                      ; - org.eclipse.swt.widgets.Display::runPaint@52 (line 4477)
                      ; - org.eclipse.swt.widgets.Display::readAndDispatch@127 (line 4002)
                      ;   {static_call}
  0x0000000119a038f0: a463 d197 

  0x0000000119a038f4: ;   {other}
  0x0000000119a038f4: 1f20 03d5 | 9fdc 84f2 | 1f60 86f2 | 8a2b 42f9 

  0x0000000119a03904: ;   {oop([B{0x000000052d879098})}
  0x0000000119a03904: 0b13 92d2 | ebb0 a5f2 

  0x0000000119a0390c: ; ImmutableOopMap {r11=Oop [8]=Derived_oop_r11 [0]=Oop [40]=Oop }
                      ;*iflt {reexecute=1 rethrow=0 return_oop=0}
                      ; - (reexecute) org.eclipse.swt.widgets.Display::runPaint@63 (line 4476)
                      ; - org.eclipse.swt.widgets.Display::readAndDispatch@127 (line 4002)
  0x0000000119a0390c: ab00 c0f2 

  0x0000000119a03910: ;   {poll}
  0x0000000119a03910: 5f01 40b9 | ea0b 40f9 | eb1b 40f9 | 7f01 0aeb | 8bfa ff54 | ec23 40b9 | ea03 40f9 | 4b29 41b9 
  0x0000000119a03930: 61f1 7dd3 | 2186 00b4 | ec1b 00b9 

  0x0000000119a0393c: ;   {oop([B{0x000000052d879098})}
  0x0000000119a0393c: 1d13 92d2 | fdb0 a5f2 | bd00 c0f2 

  0x0000000119a03948: ; ImmutableOopMap {rfp=Oop [8]=Derived_oop_rfp [0]=Oop [40]=Oop }
                      ;*invokevirtual release {reexecute=0 rethrow=0 return_oop=0}
                      ; - org.eclipse.swt.widgets.Display::runPaint@70 (line 4479)
                      ; - org.eclipse.swt.widgets.Display::readAndDispatch@127 (line 4002)
                      ;   {optimized virtual_call}
  0x0000000119a03948: 0e62 d197 

  0x0000000119a0394c: ;   {other}
  0x0000000119a0394c: 1f20 03d5 | 9fe7 84f2 | 1fa0 86f2 | 8a03 c139 | aa6f 0035 | ea03 40f9 | 4b2d 41b9 | 5f29 01b9 
  0x0000000119a0396c: 4b0f 0034 | 61f1 7dd3 

  0x0000000119a03974: ;   {oop([B{0x000000052d879098})}
  0x0000000119a03974: 1d13 92d2 | fdb0 a5f2 | bd00 c0f2 

  0x0000000119a03980: ; ImmutableOopMap {rfp=Oop [8]=Derived_oop_rfp [0]=Oop [40]=Oop }
                      ;*invokevirtual count {reexecute=0 rethrow=0 return_oop=0}
                      ; - org.eclipse.swt.widgets.Display::runPaint@89 (line 4483)
                      ; - org.eclipse.swt.widgets.Display::readAndDispatch@127 (line 4002)
                      ;   {optimized virtual_call}
  0x0000000119a03980: f45d fc97 

  0x0000000119a03984: ;   {other}
  0x0000000119a03984: 1f20 03d5 | 9fee 84f2 | 1fc0 86f2 | e00b 00f9 | 1f00 00f1 | ed2a 0054 | ea03 1f2a | ea1b 00b9 
  0x0000000119a039a4: 0500 0014 | 1f20 03d5 | 1f20 03d5 | e83b 40b9 | e81b 00b9 | 80df 40f9 | 8ae7 40f9 | 0b60 0091 
  0x0000000119a039c4: 7f01 0aeb | 6269 0054 | ea03 40b2 | 8bdf 00f9 

  0x0000000119a039d4: ;   {metadata('org/eclipse/swt/internal/cocoa/NSValue')}
  0x0000000119a039d4: 0c24 a0d2 | 0c9e 94f2 | 0a00 00f9 | 0c7c 0129 | 70c1 80f9 | 1f08 00f9 | bf3a 03d5 | ea03 00aa 
  0x0000000119a039f4: ea13 00f9 | ea03 40f9 | eb1b 40b9 | 4a2d 41b9 | 6c05 0011 | 41f1 7dd3 | 8a7d 4093 | fd03 0aaa 
  0x0000000119a03a14: e175 00b4 | e203 0aaa 

  0x0000000119a03a1c: ;   {oop([B{0x000000052d879098})}
  0x0000000119a03a1c: 1d13 92d2 | fdb0 a5f2 | bd00 c0f2 

  0x0000000119a03a28: ; ImmutableOopMap {rfp=Oop [8]=Derived_oop_rfp [0]=Oop [32]=Oop [40]=Oop }
                      ;*invokevirtual objectAtIndex {reexecute=0 rethrow=0 return_oop=1}
                      ; - org.eclipse.swt.widgets.Display::runPaint@110 (line 4485)
                      ; - org.eclipse.swt.widgets.Display::readAndDispatch@127 (line 4002)
                      ;   {optimized virtual_call}
  0x0000000119a03a28: 4a60 ef97 

  0x0000000119a03a2c: ;   {other}
  0x0000000119a03a2c: 1f20 03d5 | 9f03 85f2 | 1fe0 86f2 | fd03 00aa 

  0x0000000119a03a3c: ; implicit exception: dispatches to 0x0000000119a04c64
  0x0000000119a03a3c: 0a08 40f9 | eb03 40f9 | 6b2d 41b9 | ec13 40f9 | 61f1 7dd3 | 8a09 00f9 | eb1b 40b9 | 6a7d 4093 
  0x0000000119a03a5c: fd03 0aaa | 2174 00b4 | e203 0aaa 

  0x0000000119a03a68: ;   {oop([B{0x000000052d879098})}
  0x0000000119a03a68: 1d13 92d2 | fdb0 a5f2 | bd00 c0f2 

  0x0000000119a03a74: ; ImmutableOopMap {rfp=Oop [8]=Derived_oop_rfp [0]=Oop [32]=Oop [40]=Oop }
                      ;*invokevirtual objectAtIndex {reexecute=0 rethrow=0 return_oop=1}
                      ; - org.eclipse.swt.widgets.Display::runPaint@124 (line 4486)
                      ; - org.eclipse.swt.widgets.Display::readAndDispatch@127 (line 4002)
                      ;   {optimized virtual_call}
  0x0000000119a03a74: 3760 ef97 

  0x0000000119a03a78: ;   {other}
  0x0000000119a03a78: 1f20 03d5 | 1f0d 85f2 | 1f00 87f2 

  0x0000000119a03a84: ; implicit exception: dispatches to 0x0000000119a04c3c
  0x0000000119a03a84: 0a08 40f9 | ea1b 00f9 | e113 40f9 

  0x0000000119a03a90: ; ImmutableOopMap {rfp=Oop [8]=Derived_oop_rfp [0]=Oop [32]=Oop [40]=Oop }
                      ;*invokevirtual rectValue {reexecute=0 rethrow=0 return_oop=1}
                      ; - org.eclipse.swt.widgets.Display::runPaint@135 (line 4486)
                      ; - org.eclipse.swt.widgets.Display::readAndDispatch@127 (line 4002)
                      ;   {optimized virtual_call}
  0x0000000119a03a90: bc61 d197 

  0x0000000119a03a94: ;   {other}
  0x0000000119a03a94: 1f20 03d5 | 9f10 85f2 | 1f20 87f2 | eb1b 40b9 | 6b09 0011 | 6c7d 4093 | eb3b 00b9 | eb0b 40f9 
  0x0000000119a03ab4: 9f01 0beb | ed07 9f1a | ada5 8d5a | ed3f 00b9 | ec23 00f9 | e11b 40f9 | c21b 93d2 | e218 a2f2 
  0x0000000119a03ad4: 4200 c0f2 | e303 00aa 

  0x0000000119a03adc: ; ImmutableOopMap {rfp=Oop [8]=Derived_oop_rfp [0]=Oop [32]=Oop [40]=Oop }
                      ;*invokestatic objc_msgSend {reexecute=0 rethrow=0 return_oop=0}
                      ; - org.eclipse.swt.widgets.Display::runPaint@138 (line 4486)
                      ; - org.eclipse.swt.widgets.Display::readAndDispatch@127 (line 4002)
                      ;   {static_call}
  0x0000000119a03adc: bd16 ef97 

  0x0000000119a03ae0: ;   {other}
  0x0000000119a03ae0: 1f20 03d5 | 1f1a 85f2 | 1f40 87f2 | 8a2b 42f9 

  0x0000000119a03af0: ;   {oop([B{0x000000052d879098})}
  0x0000000119a03af0: 0b13 92d2 | ebb0 a5f2 

  0x0000000119a03af8: ; ImmutableOopMap {r11=Oop [8]=Derived_oop_r11 [0]=Oop [32]=Oop [40]=Oop }
                      ;*iflt {reexecute=1 rethrow=0 return_oop=0}
                      ; - (reexecute) org.eclipse.swt.widgets.Display::runPaint@149 (line 4484)
                      ; - org.eclipse.swt.widgets.Display::readAndDispatch@127 (line 4002)
  0x0000000119a03af8: ab00 c0f2 

  0x0000000119a03afc: ;   {poll}
  0x0000000119a03afc: 5f01 40b9 | ea0b 40f9 | eb23 40f9 | 7f01 0aeb | 2bf5 ff54 | ec3b 40b9 | ea03 40f9 | 4a2d 41b9 
  0x0000000119a03b1c: 41f1 7dd3 | a172 00b4 | ec1b 00b9 

  0x0000000119a03b28: ;   {oop([B{0x000000052d879098})}
  0x0000000119a03b28: 1d13 92d2 | fdb0 a5f2 | bd00 c0f2 

  0x0000000119a03b34: ; ImmutableOopMap {rfp=Oop [8]=Derived_oop_rfp [0]=Oop [40]=Oop }
                      ;*invokevirtual release {reexecute=0 rethrow=0 return_oop=0}
                      ; - org.eclipse.swt.widgets.Display::runPaint@156 (line 4488)
                      ; - org.eclipse.swt.widgets.Display::readAndDispatch@127 (line 4002)
                      ;   {optimized virtual_call}
  0x0000000119a03b34: c7c3 ef97 

  0x0000000119a03b38: ;   {other}
  0x0000000119a03b38: 1f20 03d5 | 1f25 85f2 | 1f80 87f2 | 8b03 c139 | eb5b 0035 | ea03 40f9 | 5f2d 01b9 | eb03 0032 
  0x0000000119a03b58: eb1f 00b9 | acfa ff17 | e147 00a9 

  0x0000000119a03b64: ;   {metadata('org/eclipse/swt/internal/cocoa/NSAutoreleasePool')}
  0x0000000119a03b64: 0100 8cd2 | 8125 a0f2 | 0112 c0f2 

  0x0000000119a03b70: ;   {oop([B{0x000000052d879098})}
  0x0000000119a03b70: 1d13 92d2 | fdb0 a5f2 | bd00 c0f2 

  0x0000000119a03b7c: ; ImmutableOopMap {rfp=Oop [8]=Derived_oop_rfp [0]=Oop }
                      ;*new {reexecute=0 rethrow=0 return_oop=1}
                      ; - org.eclipse.swt.widgets.Display::addPool@1 (line 533)
                      ; - org.eclipse.swt.widgets.Display::readAndDispatch@35 (line 3987)
                      ;   {runtime_call _new_instance_Java}
  0x0000000119a03b7c: 610b d597 

  0x0000000119a03b80: ;   {other}
  0x0000000119a03b80: 1f20 03d5 | 1f2e 85f2 | 1fa0 87f2 | e147 40a9 | acf8 ff17 

  0x0000000119a03b94: ;   {metadata('org/eclipse/swt/internal/cocoa/NSAutoreleasePool')}
  0x0000000119a03b94: 0100 8cd2 | 8125 a0f2 | 0112 c0f2 

  0x0000000119a03ba0: ; ImmutableOopMap {rfp=Oop [8]=Derived_oop_rfp [0]=Oop [40]=Oop }
                      ;*new {reexecute=0 rethrow=0 return_oop=1}
                      ; - org.eclipse.swt.widgets.Display::addPool@1 (line 533)
                      ; - org.eclipse.swt.widgets.Display::readAndDispatch@251 (line 4010)
                      ;   {runtime_call _new_instance_Java}
  0x0000000119a03ba0: 580b d597 

  0x0000000119a03ba4: ;   {other}
  0x0000000119a03ba4: 1f20 03d5 | 9f32 85f2 | 1fc0 87f2 | ec03 00aa | 6cfb ff17 | ec07 00b9 | ed23 00b9 

  0x0000000119a03bc0: ;   {metadata('java/lang/String')}
  0x0000000119a03bc0: 014e 9dd2 | 0100 a0f2 | 0112 c0f2 

  0x0000000119a03bcc: ;   {oop([B{0x000000052d879098})}
  0x0000000119a03bcc: 1d13 92d2 | fdb0 a5f2 | bd00 c0f2 

  0x0000000119a03bd8: ; ImmutableOopMap {rfp=Oop [8]=Derived_oop_rfp [16]=Oop [24]=Derived_oop_[16] [40]=Oop [48]=Oop [56]=Oop }
                      ;*new {reexecute=0 rethrow=0 return_oop=1}
                      ; - java.lang.StringLatin1::newString@7 (line 752)
                      ; - java.lang.String::substring@41 (line 2839)
                      ; - java.lang.String::substring@6 (line 2807)
                      ; - org.eclipse.swt.internal.cocoa.id::objc_getClass@24 (line 47)
                      ; - org.eclipse.swt.internal.cocoa.NSObject::alloc@2 (line 31)
                      ; - org.eclipse.swt.widgets.Display::addPool@8 (line 533)
                      ; - org.eclipse.swt.widgets.Display::readAndDispatch@35 (line 3987)
                      ;   {runtime_call _new_instance_Java}
  0x0000000119a03bd8: 4a0b d597 

  0x0000000119a03bdc: ;   {other}
  0x0000000119a03bdc: 1f20 03d5 | 9f39 85f2 | 1fe0 87f2 | ee03 00aa | ec07 40b9 | ed23 40b9 | dbf8 ff17 | ec07 00b9 
  0x0000000119a03bfc: ed23 00b9 

  0x0000000119a03c00: ;   {metadata({type array byte})}
  0x0000000119a03c00: 0163 84d2 | 0100 a0f2 | 0112 c0f2 | e24b 40b9 

  0x0000000119a03c10: ;   {oop([B{0x000000052d879098})}
  0x0000000119a03c10: 1d13 92d2 | fdb0 a5f2 | bd00 c0f2 

  0x0000000119a03c1c: ; ImmutableOopMap {rfp=Oop [8]=Derived_oop_rfp [16]=Oop [24]=Derived_oop_[16] [40]=Oop [48]=Oop [56]=Oop [80]=Oop }
                      ;*newarray {reexecute=0 rethrow=0 return_oop=1}
                      ; - java.util.Arrays::copyOfRangeByte@10 (line 3863)
                      ; - java.util.Arrays::copyOfRange@13 (line 3854)
                      ; - java.lang.StringLatin1::newString@16 (line 752)
                      ; - java.lang.String::substring@41 (line 2839)
                      ; - java.lang.String::substring@6 (line 2807)
                      ; - org.eclipse.swt.internal.cocoa.id::objc_getClass@24 (line 47)
                      ; - org.eclipse.swt.internal.cocoa.NSObject::alloc@2 (line 31)
                      ; - org.eclipse.swt.widgets.Display::addPool@8 (line 533)
                      ; - org.eclipse.swt.widgets.Display::readAndDispatch@35 (line 3987)
                      ;   {runtime_call _new_array_Java}
  0x0000000119a03c1c: f9ff d497 

  0x0000000119a03c20: ;   {other}
  0x0000000119a03c20: 1f20 03d5 | 1f42 85f2 | 1f00 88f2 | ef03 00aa | ec07 40b9 | ed23 40b9 | f4f8 ff17 | ed33 0929 
  0x0000000119a03c40: ;   {metadata('java/lang/String')}
  0x0000000119a03c40: 014e 9dd2 | 0100 a0f2 | 0112 c0f2 

  0x0000000119a03c4c: ;   {oop([B{0x000000052d879098})}
  0x0000000119a03c4c: 1d13 92d2 | fdb0 a5f2 | bd00 c0f2 

  0x0000000119a03c58: ; ImmutableOopMap {rfp=Oop [8]=Derived_oop_rfp [0]=Oop [16]=Oop [24]=Oop [32]=Oop [64]=Derived_oop_[32] [40]=Oop }
                      ;*new {reexecute=0 rethrow=0 return_oop=1}
                      ; - java.lang.StringLatin1::newString@7 (line 752)
                      ; - java.lang.String::substring@41 (line 2839)
                      ; - java.lang.String::substring@6 (line 2807)
                      ; - org.eclipse.swt.internal.cocoa.id::objc_getClass@24 (line 47)
                      ; - org.eclipse.swt.internal.cocoa.NSObject::alloc@2 (line 31)
                      ; - org.eclipse.swt.widgets.Display::addPool@8 (line 533)
                      ; - org.eclipse.swt.widgets.Display::readAndDispatch@251 (line 4010)
                      ;   {runtime_call _new_instance_Java}
  0x0000000119a03c58: 2a0b d597 

  0x0000000119a03c5c: ;   {other}
  0x0000000119a03c5c: 1f20 03d5 | 9f49 85f2 | 1f20 88f2 | ee03 00aa | ed33 4929 | 90fb ff17 | ed33 0a29 

  0x0000000119a03c78: ;   {metadata({type array byte})}
  0x0000000119a03c78: 0163 84d2 | 0100 a0f2 | 0112 c0f2 | e23f 40b9 

  0x0000000119a03c88: ;   {oop([B{0x000000052d879098})}
  0x0000000119a03c88: 1d13 92d2 | fdb0 a5f2 | bd00 c0f2 

  0x0000000119a03c94: ; ImmutableOopMap {rfp=Oop [8]=Derived_oop_rfp [0]=Oop [16]=Oop [24]=Oop [32]=Oop [64]=Derived_oop_[32] [40]=Oop [72]=Oop }
                      ;*newarray {reexecute=0 rethrow=0 return_oop=1}
                      ; - java.util.Arrays::copyOfRangeByte@10 (line 3863)
                      ; - java.util.Arrays::copyOfRange@13 (line 3854)
                      ; - java.lang.StringLatin1::newString@16 (line 752)
                      ; - java.lang.String::substring@41 (line 2839)
                      ; - java.lang.String::substring@6 (line 2807)
                      ; - org.eclipse.swt.internal.cocoa.id::objc_getClass@24 (line 47)
                      ; - org.eclipse.swt.internal.cocoa.NSObject::alloc@2 (line 31)
                      ; - org.eclipse.swt.widgets.Display::addPool@8 (line 533)
                      ; - org.eclipse.swt.widgets.Display::readAndDispatch@251 (line 4010)
                      ;   {runtime_call _new_array_Java}
  0x0000000119a03c94: dbff d497 

  0x0000000119a03c98: ;   {other}
  0x0000000119a03c98: 1f20 03d5 | 1f51 85f2 | 1f40 88f2 | ef03 00aa | ed33 4a29 | acfb ff17 | ec0f 00f9 

  0x0000000119a03cb4: ;   {metadata({type array char})}
  0x0000000119a03cb4: 01a6 83d2 | 0100 a0f2 | 0112 c0f2 | a202 8052 

  0x0000000119a03cc4: ; ImmutableOopMap {rfp=Oop [8]=Derived_oop_rfp [0]=Oop [16]=Oop }
                      ;*newarray {reexecute=0 rethrow=0 return_oop=1}
                      ; - org.eclipse.swt.internal.cocoa.NSString::stringWith@4 (line 43)
                      ; - org.eclipse.swt.widgets.Display::removePool@47 (line 4359)
                      ; - org.eclipse.swt.widgets.Display::readAndDispatch@31 (line 3986)
                      ;   {runtime_call _new_array_Java}
  0x0000000119a03cc4: cfff d497 

  0x0000000119a03cc8: ;   {other}
  0x0000000119a03cc8: 1f20 03d5 | 1f57 85f2 | 1f60 88f2 | f9f7 ff17 

  0x0000000119a03cd8: ;   {metadata({type array char})}
  0x0000000119a03cd8: 01a6 83d2 | 0100 a0f2 | 0112 c0f2 | a202 8052 

  0x0000000119a03ce8: ; ImmutableOopMap {rfp=Oop [8]=Derived_oop_rfp [0]=Oop [24]=Oop [40]=Oop }
                      ;*newarray {reexecute=0 rethrow=0 return_oop=1}
                      ; - org.eclipse.swt.internal.cocoa.NSString::stringWith@4 (line 43)
                      ; - org.eclipse.swt.widgets.Display::removePool@47 (line 4359)
                      ; - org.eclipse.swt.widgets.Display::readAndDispatch@213 (line 4008)
                      ;   {runtime_call _new_array_Java}
  0x0000000119a03ce8: c6ff d497 

  0x0000000119a03cec: ;   {other}
  0x0000000119a03cec: 1f20 03d5 | 9f5b 85f2 | 1f80 88f2 | acfa ff17 

  0x0000000119a03cfc: ;   {metadata({type array char})}
  0x0000000119a03cfc: 01a6 83d2 | 0100 a0f2 | 0112 c0f2 | a202 8052 

  0x0000000119a03d0c: ; ImmutableOopMap {rfp=Oop [8]=Derived_oop_rfp [0]=Oop [16]=Oop }
                      ;*newarray {reexecute=0 rethrow=0 return_oop=1}
                      ; - org.eclipse.swt.internal.cocoa.NSString::stringWith@4 (line 43)
                      ; - org.eclipse.swt.widgets.Display::addPool@81 (line 545)
                      ; - org.eclipse.swt.widgets.Display::addPool@17 (line 533)
                      ; - org.eclipse.swt.widgets.Display::readAndDispatch@35 (line 3987)
                      ;   {runtime_call _new_array_Java}
  0x0000000119a03d0c: bdff d497 

  0x0000000119a03d10: ;   {other}
  0x0000000119a03d10: 1f20 03d5 | 1f60 85f2 | 1fa0 88f2 | 4df9 ff17 | ec13 00f9 

  0x0000000119a03d24: ;   {metadata({type array char})}
  0x0000000119a03d24: 01a6 83d2 | 0100 a0f2 | 0112 c0f2 | a202 8052 

  0x0000000119a03d34: ; ImmutableOopMap {rfp=Oop [8]=Derived_oop_rfp [0]=Oop [16]=Oop [40]=Oop }
                      ;*newarray {reexecute=0 rethrow=0 return_oop=1}
                      ; - org.eclipse.swt.internal.cocoa.NSString::stringWith@4 (line 43)
                      ; - org.eclipse.swt.widgets.Display::addPool@81 (line 545)
                      ; - org.eclipse.swt.widgets.Display::addPool@17 (line 533)
                      ; - org.eclipse.swt.widgets.Display::readAndDispatch@251 (line 4010)
                      ;   {runtime_call _new_array_Java}
  0x0000000119a03d34: b3ff d497 

  0x0000000119a03d38: ;   {other}
  0x0000000119a03d38: 1f20 03d5 | 1f65 85f2 | 1fc0 88f2 | 17fc ff17 | e10b 00f9 | 6103 8012 | f007 00b9 | e407 00f9 
  0x0000000119a03d58: e08f 01a9 | e52b 00b9 

  0x0000000119a03d60: ; ImmutableOopMap {[8]=Oop [16]=Oop [24]=Oop [32]=Oop }
                      ;*baload {reexecute=0 rethrow=0 return_oop=0}
                      ; - java.lang.StringLatin1::lastIndexOf@24 (line 286)
                      ; - java.lang.String::lastIndexOf@13 (line 2573)
                      ; - java.lang.String::lastIndexOf@8 (line 2535)
                      ; - org.eclipse.swt.internal.cocoa.id::objc_getClass@11 (line 46)
                      ; - org.eclipse.swt.internal.cocoa.NSObject::alloc@2 (line 31)
                      ; - org.eclipse.swt.widgets.Display::addPool@8 (line 533)
                      ; - org.eclipse.swt.widgets.Display::readAndDispatch@35 (line 3987)
                      ;   {runtime_call UncommonTrapBlob}
  0x0000000119a03d60: 887c d197 

  0x0000000119a03d64: ;   {other}
  0x0000000119a03d64: 1f20 03d5 | 9f6a 85f2 | 1fe0 88f2 | 6103 8012 

  0x0000000119a03d74: ; ImmutableOopMap {[0]=Oop [16]=Oop [24]=Oop [32]=Oop [40]=Oop }
                      ;*baload {reexecute=0 rethrow=0 return_oop=0}
                      ; - java.lang.StringLatin1::lastIndexOf@24 (line 286)
                      ; - java.lang.String::lastIndexOf@13 (line 2573)
                      ; - java.lang.String::lastIndexOf@8 (line 2535)
                      ; - org.eclipse.swt.internal.cocoa.id::objc_getClass@11 (line 46)
                      ; - org.eclipse.swt.internal.cocoa.NSObject::alloc@2 (line 31)
                      ; - org.eclipse.swt.widgets.Display::addPool@8 (line 533)
                      ; - org.eclipse.swt.widgets.Display::readAndDispatch@251 (line 4010)
                      ;   {runtime_call UncommonTrapBlob}
  0x0000000119a03d74: 837c d197 

  0x0000000119a03d78: ;   {other}
  0x0000000119a03d78: 1f20 03d5 | 1f6d 85f2 | 1f00 89f2 | ec03 1f2a | ec23 00b9 | 0300 0014 | eb03 0032 | eb23 00b9 
  0x0000000119a03d98: 4af1 7dd3 | fd03 0aaa 

  0x0000000119a03da0: ; implicit exception: dispatches to 0x0000000119a04c78
  0x0000000119a03da0: 4b0d 40b9 | 4141 0091 | 7f01 0071 | 695c 0054 | 2c00 40b9 | 8af1 7dd3 | ea0b 00f9 | 8a06 00b4 
  0x0000000119a03dc0: 6c05 0051 | ec1b 00b9 | 7f01 0c6b | a35c 0054 | 8c5c f837 | 737d 4093 | 7f05 0071 | 0001 0054 
  0x0000000119a03de0: ea03 1daa | 6206 00d1 | 4051 0091 

  0x0000000119a03dec: ;   {runtime_call StubRoutines (final stubs)}
  0x0000000119a03dec: b582 d197 

  0x0000000119a03df0: ;   {other}
  0x0000000119a03df0: 1f20 03d5 | 1f00 80f2 | 1f00 80f2 | ea03 40f9 | 4a89 41b9 | 5df1 7dd3 

  0x0000000119a03e08: ; implicit exception: dispatches to 0x0000000119a04c8c
  0x0000000119a03e08: ab0f 40b9 | b36b 338b | ec1b 40b9 | 9f01 0b6b | a259 0054 | 8b03 c139 | cb43 0035 | 7f0e 00b9 
  0x0000000119a03e28: e103 40f9 

  0x0000000119a03e2c: ;   {oop([B{0x000000052d879098})}
  0x0000000119a03e2c: 1d13 92d2 | fdb0 a5f2 | bd00 c0f2 

  0x0000000119a03e38: ; ImmutableOopMap {rfp=Oop [8]=Derived_oop_rfp [0]=Oop [16]=Oop }
                      ;*invokevirtual runDeferredEvents {reexecute=0 rethrow=0 return_oop=0}
                      ; - org.eclipse.swt.widgets.Display::runPopups@59 (line 4503)
                      ; - org.eclipse.swt.widgets.Display::readAndDispatch@83 (line 3996)
                      ;   {optimized virtual_call}
  0x0000000119a03e38: d260 d197 

  0x0000000119a03e3c: ;   {other}
  0x0000000119a03e3c: 1f20 03d5 | 9f85 85f2 | 1f20 89f2 | e10b 40f9 

  0x0000000119a03e4c: ; ImmutableOopMap {rfp=Oop [8]=Derived_oop_rfp [0]=Oop [16]=Oop }
                      ;*invokevirtual isDisposed {reexecute=0 rethrow=0 return_oop=0}
                      ; - org.eclipse.swt.widgets.Display::runPopups@64 (line 4504)
                      ; - org.eclipse.swt.widgets.Display::readAndDispatch@83 (line 3996)
                      ;   {optimized virtual_call}
  0x0000000119a03e4c: cd60 d197 

  0x0000000119a03e50: ;   {other}
  0x0000000119a03e50: 1f20 03d5 | 1f88 85f2 | 1f40 89f2 | e003 0034 | ea03 40f9 | 4a89 41b9 | 8b2b 42f9 

  0x0000000119a03e6c: ;   {oop([B{0x000000052d879098})}
  0x0000000119a03e6c: 0d13 92d2 | edb0 a5f2 | ad00 c0f2 

  0x0000000119a03e78: ; ImmutableOopMap {r10=NarrowOop r12=Oop r13=Oop [8]=Derived_oop_r13 [0]=Oop [16]=Oop }
                      ;*ifnonnull {reexecute=1 rethrow=0 return_oop=0}
                      ; - (reexecute) org.eclipse.swt.widgets.Display::runPopups@81 (line 4497)
                      ; - org.eclipse.swt.widgets.Display::readAndDispatch@83 (line 3996)
  0x0000000119a03e78: 4cf1 7dd3 

  0x0000000119a03e7c: ;   {poll}
  0x0000000119a03e7c: 7f01 40b9 | 8cf8 ffb5 | eb03 0032 | eb23 00b9 | 8a03 c139 | 8a49 0035 | ea03 40f9 | 5f89 01b9 
  0x0000000119a03e9c: eaaf 4329 | 6a01 0a2a | ea1f 00b9 | b8f9 ff17 | 6a0e 40b9 | 40f1 7dd3 | 608a ffb4 | 8a17 40f9 
  0x0000000119a03ebc: 4a4f 00b4 | 8b1f 40f9 | 4c21 00d1 | 6a01 0a8b | 4081 1ff8 | 8c17 00f9 | 4bfc ff17 | e10b 40f9 
  0x0000000119a03edc: e203 0032 

  0x0000000119a03ee0: ; ImmutableOopMap {rfp=Oop [8]=Derived_oop_rfp [0]=Oop [16]=Oop }
                      ;*invokevirtual _setVisible {reexecute=0 rethrow=0 return_oop=0}
                      ; - org.eclipse.swt.widgets.Display::runPopups@72 (line 4504)
                      ; - org.eclipse.swt.widgets.Display::readAndDispatch@83 (line 3996)
                      ;   {optimized virtual_call}
  0x0000000119a03ee0: a860 d197 

  0x0000000119a03ee4: ;   {other}
  0x0000000119a03ee4: 1f20 03d5 | 9f9a 85f2 | 1f80 89f2 | dcff ff17 | ec03 1f2a | 07ff ff17 | ec03 1f2a | 8afe ff17 
  0x0000000119a03f04: 6103 8012 

  0x0000000119a03f08: ; ImmutableOopMap {rfp=Oop [0]=Oop }
                      ;*aaload {reexecute=0 rethrow=0 return_oop=0}
                      ; - org.eclipse.swt.widgets.Display::runTimers@21 (line 4610)
                      ; - org.eclipse.swt.widgets.Display::readAndDispatch@69 (line 3994)
                      ;   {runtime_call UncommonTrapBlob}
  0x0000000119a03f08: 1e7c d197 

  0x0000000119a03f0c: ;   {other}
  0x0000000119a03f0c: 1f20 03d5 | 9f9f 85f2 | 1fa0 89f2 

  0x0000000119a03f18: ;   {metadata('org/eclipse/swt/internal/cocoa/NSEvent')}
  0x0000000119a03f18: 0180 97d2 | 0128 a0f2 | 0112 c0f2 

  0x0000000119a03f24: ; ImmutableOopMap {rfp=Oop [8]=Derived_oop_rfp [0]=Oop [16]=Oop }
                      ;*new {reexecute=0 rethrow=0 return_oop=1}
                      ; - org.eclipse.swt.internal.cocoa.NSApplication::nextEventMatchingMask@48 (line 93)
                      ; - org.eclipse.swt.widgets.Display::readAndDispatch@100 (line 3997)
                      ;   {runtime_call _new_instance_Java}
  0x0000000119a03f24: 770a d597 

  0x0000000119a03f28: ;   {other}
  0x0000000119a03f28: 1f20 03d5 | 1fa3 85f2 | 1fc0 89f2 | ec03 00aa | 7dfc ff17 | 6103 8012 

  0x0000000119a03f40: ; ImmutableOopMap {[0]=Oop [16]=Oop }
                      ;*aaload {reexecute=0 rethrow=0 return_oop=0}
                      ; - org.eclipse.swt.widgets.Display::runTimers@30 (line 4610)
                      ; - org.eclipse.swt.widgets.Display::readAndDispatch@69 (line 3994)
                      ;   {runtime_call UncommonTrapBlob}
  0x0000000119a03f40: 107c d197 

  0x0000000119a03f44: ;   {other}
  0x0000000119a03f44: 1f20 03d5 | 9fa6 85f2 | 1fe0 89f2 | ea07 00f9 | 6103 8012 

  0x0000000119a03f58: ; ImmutableOopMap {[0]=Oop [8]=Oop }
                      ;*aaload {reexecute=0 rethrow=0 return_oop=0}
                      ; - org.eclipse.swt.widgets.Display::removePool@10 (line 4355)
                      ; - org.eclipse.swt.widgets.Display::readAndDispatch@31 (line 3986)
                      ;   {runtime_call UncommonTrapBlob}
  0x0000000119a03f58: 0a7c d197 

  0x0000000119a03f5c: ;   {other}
  0x0000000119a03f5c: 1f20 03d5 | 9fa9 85f2 | 1f00 8af2 | 6103 8012 

  0x0000000119a03f6c: ; ImmutableOopMap {rfp=Oop [0]=Oop [16]=Oop }
                      ;*aastore {reexecute=1 rethrow=0 return_oop=0}
                      ; - (reexecute) org.eclipse.swt.widgets.Display::addPool@103 (line 547)
                      ; - org.eclipse.swt.widgets.Display::addPool@17 (line 533)
                      ; - org.eclipse.swt.widgets.Display::readAndDispatch@35 (line 3987)
                      ;   {runtime_call UncommonTrapBlob}
  0x0000000119a03f6c: 057c d197 

  0x0000000119a03f70: ;   {other}
  0x0000000119a03f70: 1f20 03d5 | 1fac 85f2 | 1f20 8af2 | 6103 8012 

  0x0000000119a03f80: ; ImmutableOopMap {rfp=Oop [0]=Oop [40]=Oop }
                      ;*aaload {reexecute=0 rethrow=0 return_oop=0}
                      ; - org.eclipse.swt.widgets.Display::removePool@10 (line 4355)
                      ; - org.eclipse.swt.widgets.Display::readAndDispatch@213 (line 4008)
                      ;   {runtime_call UncommonTrapBlob}
  0x0000000119a03f80: 007c d197 

  0x0000000119a03f84: ;   {other}
  0x0000000119a03f84: 1f20 03d5 | 9fae 85f2 | 1f40 8af2 | ed4f 00a9 | ef13 00b9 | 6103 8012 

  0x0000000119a03f9c: ; ImmutableOopMap {rfp=Oop [0]=Oop [8]=Oop [40]=Oop }
                      ;*aastore {reexecute=1 rethrow=0 return_oop=0}
                      ; - (reexecute) org.eclipse.swt.widgets.Display::addPool@103 (line 547)
                      ; - org.eclipse.swt.widgets.Display::addPool@17 (line 533)
                      ; - org.eclipse.swt.widgets.Display::readAndDispatch@251 (line 4010)
                      ;   {runtime_call UncommonTrapBlob}
  0x0000000119a03f9c: f97b d197 

  0x0000000119a03fa0: ;   {other}
  0x0000000119a03fa0: 1f20 03d5 | 1fb2 85f2 | 1f60 8af2 | 6a7d 4093 | f5f7 ff17 | 4a7d 4093 | c7fa ff17 | 6106 8012 
  0x0000000119a03fc0: ; ImmutableOopMap {[16]=Oop [40]=Oop [48]=Oop [56]=Oop [80]=Oop [88]=Oop }
                      ;*invokestatic arraycopy {reexecute=0 rethrow=0 return_oop=0}
                      ; - java.util.Arrays::copyOfRangeByte@27 (line 3864)
                      ; - java.util.Arrays::copyOfRange@13 (line 3854)
                      ; - java.lang.StringLatin1::newString@16 (line 752)
                      ; - java.lang.String::substring@41 (line 2839)
                      ; - java.lang.String::substring@6 (line 2807)
                      ; - org.eclipse.swt.internal.cocoa.id::objc_getClass@24 (line 47)
                      ; - org.eclipse.swt.internal.cocoa.NSObject::alloc@2 (line 31)
                      ; - org.eclipse.swt.widgets.Display::addPool@8 (line 533)
                      ; - org.eclipse.swt.widgets.Display::readAndDispatch@35 (line 3987)
                      ;   {runtime_call UncommonTrapBlob}
  0x0000000119a03fc0: f07b d197 

  0x0000000119a03fc4: ;   {other}
  0x0000000119a03fc4: 1f20 03d5 | 9fb6 85f2 | 1f80 8af2 | 6106 8012 

  0x0000000119a03fd4: ; ImmutableOopMap {[0]=Oop [16]=Oop [24]=Oop [32]=Oop [40]=Oop [72]=Oop [80]=Oop }
                      ;*invokestatic arraycopy {reexecute=0 rethrow=0 return_oop=0}
                      ; - java.util.Arrays::copyOfRangeByte@27 (line 3864)
                      ; - java.util.Arrays::copyOfRange@13 (line 3854)
                      ; - java.lang.StringLatin1::newString@16 (line 752)
                      ; - java.lang.String::substring@41 (line 2839)
                      ; - java.lang.String::substring@6 (line 2807)
                      ; - org.eclipse.swt.internal.cocoa.id::objc_getClass@24 (line 47)
                      ; - org.eclipse.swt.internal.cocoa.NSObject::alloc@2 (line 31)
                      ; - org.eclipse.swt.widgets.Display::addPool@8 (line 533)
                      ; - org.eclipse.swt.widgets.Display::readAndDispatch@251 (line 4010)
                      ;   {runtime_call UncommonTrapBlob}
  0x0000000119a03fd4: eb7b d197 

  0x0000000119a03fd8: ;   {other}
  0x0000000119a03fd8: 1f20 03d5 | 1fb9 85f2 | 1fa0 8af2 | eb03 0032 | eb1f 00b9 | 2101 8012 

  0x0000000119a03ff0: ; ImmutableOopMap {[0]=Oop }
                      ;*arraylength {reexecute=0 rethrow=0 return_oop=0}
                      ; - org.eclipse.swt.widgets.Display::runTimers@68 (line 4609)
                      ; - org.eclipse.swt.widgets.Display::readAndDispatch@69 (line 3994)
                      ;   {runtime_call UncommonTrapBlob}
  0x0000000119a03ff0: e47b d197 

  0x0000000119a03ff4: ;   {other}
  0x0000000119a03ff4: 1f20 03d5 | 9fbc 85f2 | 1fc0 8af2 | 2101 8012 

  0x0000000119a04004: ; ImmutableOopMap {[0]=Oop [40]=Oop }
                      ;*invokevirtual runAsyncMessages {reexecute=0 rethrow=0 return_oop=0}
                      ; - org.eclipse.swt.widgets.Display::runAsyncMessages@5 (line 4382)
                      ; - org.eclipse.swt.widgets.Display::readAndDispatch@152 (line 4005)
                      ;   {runtime_call UncommonTrapBlob}
  0x0000000119a04004: df7b d197 

  0x0000000119a04008: ;   {other}
  0x0000000119a04008: 1f20 03d5 | 1fbf 85f2 | 1fe0 8af2 | 2101 8012 

  0x0000000119a04018: ; ImmutableOopMap {[0]=Oop [16]=Oop }
                      ;*aastore {reexecute=1 rethrow=0 return_oop=0}
                      ; - (reexecute) org.eclipse.swt.widgets.Display::addPool@103 (line 547)
                      ; - org.eclipse.swt.widgets.Display::addPool@17 (line 533)
                      ; - org.eclipse.swt.widgets.Display::readAndDispatch@35 (line 3987)
                      ;   {runtime_call UncommonTrapBlob}
  0x0000000119a04018: da7b d197 

  0x0000000119a0401c: ;   {other}
  0x0000000119a0401c: 1f20 03d5 | 9fc1 85f2 | 1f00 8bf2 | ef03 00b9 | fd03 0daa | 2101 8012 

  0x0000000119a04034: ; ImmutableOopMap {rfp=Oop [16]=Oop [40]=Oop }
                      ;*aastore {reexecute=1 rethrow=0 return_oop=0}
                      ; - (reexecute) org.eclipse.swt.widgets.Display::addPool@103 (line 547)
                      ; - org.eclipse.swt.widgets.Display::addPool@17 (line 533)
                      ; - org.eclipse.swt.widgets.Display::readAndDispatch@251 (line 4010)
                      ;   {runtime_call UncommonTrapBlob}
  0x0000000119a04034: d37b d197 

  0x0000000119a04038: ;   {other}
  0x0000000119a04038: 1f20 03d5 | 1fc5 85f2 | 1f20 8bf2 | e103 00f9 | 4117 8012 

  0x0000000119a0404c: ; ImmutableOopMap {[0]=Oop }
                      ;*ifne {reexecute=1 rethrow=0 return_oop=0}
                      ; - (reexecute) org.eclipse.swt.widgets.Display::readAndDispatch@8 (line 3986)
                      ;   {runtime_call UncommonTrapBlob}
  0x0000000119a0404c: cd7b d197 

  0x0000000119a04050: ;   {other}
  0x0000000119a04050: 1f20 03d5 | 1fc8 85f2 | 1f40 8bf2 | e003 00b9 | fd03 0daa | 4117 8012 

  0x0000000119a04068: ; ImmutableOopMap {rfp=Oop }
                      ;*ifne {reexecute=1 rethrow=0 return_oop=0}
                      ; - (reexecute) org.eclipse.swt.widgets.Display::readAndDispatch@27 (line 3986)
                      ;   {runtime_call UncommonTrapBlob}
  0x0000000119a04068: c67b d197 

  0x0000000119a0406c: ;   {other}
  0x0000000119a0406c: 1f20 03d5 | 9fcb 85f2 | 1f60 8bf2 | 7f01 0071 | e103 00a9 | e30b 00f9 | e51b 00b9 | fd17 9f1a 
  0x0000000119a0408c: 4117 8012 

  0x0000000119a04090: ; ImmutableOopMap {[0]=Oop [8]=Oop [16]=Oop }
                      ;*ifeq {reexecute=1 rethrow=0 return_oop=0}
                      ; - (reexecute) java.lang.String::lastIndexOf@4 (line 2573)
                      ; - java.lang.String::lastIndexOf@8 (line 2535)
                      ; - org.eclipse.swt.internal.cocoa.id::objc_getClass@11 (line 46)
                      ; - org.eclipse.swt.internal.cocoa.NSObject::alloc@2 (line 31)
                      ; - org.eclipse.swt.widgets.Display::addPool@8 (line 533)
                      ; - org.eclipse.swt.widgets.Display::readAndDispatch@35 (line 3987)
                      ;   {runtime_call UncommonTrapBlob}
  0x0000000119a04090: bc7b d197 

  0x0000000119a04094: ;   {other}
  0x0000000119a04094: 1f20 03d5 | 9fd0 85f2 | 1f80 8bf2 | f403 0daa | e103 1caa | c900 0010 | 89d3 01f9 

  0x0000000119a040b0: ;   {runtime_call G1BarrierSetRuntime::write_ref_field_pre_entry(oopDesc*, JavaThread*)}
  0x0000000119a040b0: 8853 9ed2 | 2809 a1f2 | 2800 c0f2 | 0001 3fd6 

  0x0000000119a040c0: ;   {other}
  0x0000000119a040c0: 1f20 03d5 | 1f00 80f2 | 1f00 80f2 | ed03 14aa | c5f6 ff17 | e103 00a9 | e30b 00f9 | e23b 0329 
  0x0000000119a040e0: 4117 8012 | fd03 102a 

  0x0000000119a040e8: ; ImmutableOopMap {[0]=Oop [8]=Oop [16]=Oop }
                      ;*iflt {reexecute=1 rethrow=0 return_oop=0}
                      ; - (reexecute) jdk.internal.util.Preconditions::checkFromToIndex@1 (line 348)
                      ; - java.lang.String::checkBoundsBeginEnd@6 (line 4865)
                      ; - java.lang.String::substring@8 (line 2834)
                      ; - java.lang.String::substring@6 (line 2807)
                      ; - org.eclipse.swt.internal.cocoa.id::objc_getClass@24 (line 47)
                      ; - org.eclipse.swt.internal.cocoa.NSObject::alloc@2 (line 31)
                      ; - org.eclipse.swt.widgets.Display::addPool@8 (line 533)
                      ; - org.eclipse.swt.widgets.Display::readAndDispatch@35 (line 3987)
                      ;   {runtime_call UncommonTrapBlob}
  0x0000000119a040e8: a67b d197 

  0x0000000119a040ec: ;   {other}
  0x0000000119a040ec: 1f20 03d5 | 9fdb 85f2 | 1fa0 8bf2 | e00b 00f9 | 1f00 0aeb | fd07 9f1a | bda7 9d5a | 4117 8012 
  0x0000000119a0410c: ; ImmutableOopMap {[40]=Oop [48]=Oop }
                      ;*ifne {reexecute=1 rethrow=0 return_oop=0}
                      ; - (reexecute) org.eclipse.swt.internal.cocoa.NSObject::init@17 (line 126)
                      ; - org.eclipse.swt.widgets.Display::addPool@11 (line 533)
                      ; - org.eclipse.swt.widgets.Display::readAndDispatch@35 (line 3987)
                      ;   {runtime_call UncommonTrapBlob}
  0x0000000119a0410c: 9d7b d197 

  0x0000000119a04110: ;   {other}
  0x0000000119a04110: 1f20 03d5 | 1fe0 85f2 | 1fc0 8bf2 | 4117 8012 

  0x0000000119a04120: ; ImmutableOopMap {[0]=Oop }
                      ;*ifne {reexecute=1 rethrow=0 return_oop=0}
                      ; - (reexecute) org.eclipse.swt.widgets.Display::runSettings@4 (line 4512)
                      ; - org.eclipse.swt.widgets.Display::readAndDispatch@62 (line 3993)
                      ;   {runtime_call UncommonTrapBlob}
  0x0000000119a04120: 987b d197 

  0x0000000119a04124: ;   {other}
  0x0000000119a04124: 1f20 03d5 | 9fe2 85f2 | 1fe0 8bf2 | e103 1caa | c900 0010 | 89d3 01f9 

  0x0000000119a0413c: ;   {runtime_call G1BarrierSetRuntime::write_ref_field_pre_entry(oopDesc*, JavaThread*)}
  0x0000000119a0413c: 8853 9ed2 | 2809 a1f2 | 2800 c0f2 | 0001 3fd6 

  0x0000000119a0414c: ;   {other}
  0x0000000119a0414c: 1f20 03d5 | 1f00 80f2 | 1f00 80f2 | 96f8 ff17 | e103 1caa | c900 0010 | 89d3 01f9 

  0x0000000119a04168: ;   {runtime_call G1BarrierSetRuntime::write_ref_field_pre_entry(oopDesc*, JavaThread*)}
  0x0000000119a04168: 8853 9ed2 | 2809 a1f2 | 2800 c0f2 | 0001 3fd6 

  0x0000000119a04178: ;   {other}
  0x0000000119a04178: 1f20 03d5 | 1f00 80f2 | 1f00 80f2 | 2ff9 ff17 | e103 1caa | c900 0010 | 89d3 01f9 

  0x0000000119a04194: ;   {runtime_call G1BarrierSetRuntime::write_ref_field_pre_entry(oopDesc*, JavaThread*)}
  0x0000000119a04194: 8853 9ed2 | 2809 a1f2 | 2800 c0f2 | 0001 3fd6 

  0x0000000119a041a4: ;   {other}
  0x0000000119a041a4: 1f20 03d5 | 1f00 80f2 | 1f00 80f2 | 4bf9 ff17 | 4117 8012 

  0x0000000119a041b8: ; ImmutableOopMap {[0]=Oop [40]=Oop }
                      ;*ifne {reexecute=1 rethrow=0 return_oop=0}
                      ; - (reexecute) org.eclipse.swt.widgets.Display::readAndDispatch@230 (line 4010)
                      ;   {runtime_call UncommonTrapBlob}
  0x0000000119a041b8: 727b d197 

  0x0000000119a041bc: ;   {other}
  0x0000000119a041bc: 1f20 03d5 | 9ff5 85f2 | 1f00 8cf2 | fd03 002a | 4117 8012 

  0x0000000119a041d0: ; ImmutableOopMap {[0]=Oop [40]=Oop }
                      ;*ifne {reexecute=1 rethrow=0 return_oop=0}
                      ; - (reexecute) org.eclipse.swt.widgets.Display::readAndDispatch@247 (line 4010)
                      ;   {runtime_call UncommonTrapBlob}
  0x0000000119a041d0: 6c7b d197 

  0x0000000119a041d4: ;   {other}
  0x0000000119a041d4: 1f20 03d5 | 9ff8 85f2 | 1f20 8cf2 | 7f01 0071 | fd17 9f1a | 4117 8012 

  0x0000000119a041ec: ; ImmutableOopMap {[0]=Oop [16]=Oop [24]=Oop [40]=Oop }
                      ;*ifeq {reexecute=1 rethrow=0 return_oop=0}
                      ; - (reexecute) java.lang.String::lastIndexOf@4 (line 2573)
                      ; - java.lang.String::lastIndexOf@8 (line 2535)
                      ; - org.eclipse.swt.internal.cocoa.id::objc_getClass@11 (line 46)
                      ; - org.eclipse.swt.internal.cocoa.NSObject::alloc@2 (line 31)
                      ; - org.eclipse.swt.widgets.Display::addPool@8 (line 533)
                      ; - org.eclipse.swt.widgets.Display::readAndDispatch@251 (line 4010)
                      ;   {runtime_call UncommonTrapBlob}
  0x0000000119a041ec: 657b d197 

  0x0000000119a041f0: ;   {other}
  0x0000000119a041f0: 1f20 03d5 | 1ffc 85f2 | 1f40 8cf2 | 4117 8012 

  0x0000000119a04200: ; ImmutableOopMap {[0]=Oop [16]=Oop [24]=Oop [40]=Oop }
                      ;*iflt {reexecute=1 rethrow=0 return_oop=0}
                      ; - (reexecute) jdk.internal.util.Preconditions::checkFromToIndex@1 (line 348)
                      ; - java.lang.String::checkBoundsBeginEnd@6 (line 4865)
                      ; - java.lang.String::substring@8 (line 2834)
                      ; - java.lang.String::substring@6 (line 2807)
                      ; - org.eclipse.swt.internal.cocoa.id::objc_getClass@24 (line 47)
                      ; - org.eclipse.swt.internal.cocoa.NSObject::alloc@2 (line 31)
                      ; - org.eclipse.swt.widgets.Display::addPool@8 (line 533)
                      ; - org.eclipse.swt.widgets.Display::readAndDispatch@251 (line 4010)
                      ;   {runtime_call UncommonTrapBlob}
  0x0000000119a04200: 607b d197 

  0x0000000119a04204: ;   {other}
  0x0000000119a04204: 1f20 03d5 | 9ffe 85f2 | 1f60 8cf2 | f383 00a9 | 1f00 0aeb | fd07 9f1a | bda7 9d5a | 4117 8012 
  0x0000000119a04224: ; ImmutableOopMap {[0]=Oop [8]=Oop [40]=Oop }
                      ;*ifne {reexecute=1 rethrow=0 return_oop=0}
                      ; - (reexecute) org.eclipse.swt.internal.cocoa.NSObject::init@17 (line 126)
                      ; - org.eclipse.swt.widgets.Display::addPool@11 (line 533)
                      ; - org.eclipse.swt.widgets.Display::readAndDispatch@251 (line 4010)
                      ;   {runtime_call UncommonTrapBlob}
  0x0000000119a04224: 577b d197 

  0x0000000119a04228: ;   {other}
  0x0000000119a04228: 1f20 03d5 | 1f03 86f2 | 1f80 8cf2 | e103 1caa | c900 0010 | 89d3 01f9 

  0x0000000119a04240: ;   {runtime_call G1BarrierSetRuntime::write_ref_field_pre_entry(oopDesc*, JavaThread*)}
  0x0000000119a04240: 8853 9ed2 | 2809 a1f2 | 2800 c0f2 | 0001 3fd6 

  0x0000000119a04250: ;   {other}
  0x0000000119a04250: 1f20 03d5 | 1f00 80f2 | 1f00 80f2 | 26fb ff17 | f303 0eaa | e103 1caa | c900 0010 | 89d3 01f9 
  0x0000000119a04270: ;   {runtime_call G1BarrierSetRuntime::write_ref_field_pre_entry(oopDesc*, JavaThread*)}
  0x0000000119a04270: 8853 9ed2 | 2809 a1f2 | 2800 c0f2 | 0001 3fd6 

  0x0000000119a04280: ;   {other}
  0x0000000119a04280: 1f20 03d5 | 1f00 80f2 | 1f00 80f2 | ee03 13aa | 7bf7 ff17 | f303 0eaa | e103 1caa | c900 0010 
  0x0000000119a042a0: 89d3 01f9 

  0x0000000119a042a4: ;   {runtime_call G1BarrierSetRuntime::write_ref_field_pre_entry(oopDesc*, JavaThread*)}
  0x0000000119a042a4: 8853 9ed2 | 2809 a1f2 | 2800 c0f2 | 0001 3fd6 

  0x0000000119a042b4: ;   {other}
  0x0000000119a042b4: 1f20 03d5 | 1f00 80f2 | 1f00 80f2 | ee03 13aa | 44fa ff17 | e103 00f9 | 4117 8012 

  0x0000000119a042d0: ; ImmutableOopMap {rfp=Oop [0]=Oop }
                      ;*ifnonnull {reexecute=1 rethrow=0 return_oop=0}
                      ; - (reexecute) org.eclipse.swt.widgets.Display::checkDevice@4 (line 709)
                      ; - org.eclipse.swt.widgets.Display::readAndDispatch@1 (line 3985)
                      ;   {runtime_call UncommonTrapBlob}
  0x0000000119a042d0: 2c7b d197 

  0x0000000119a042d4: ;   {other}
  0x0000000119a042d4: 1f20 03d5 | 9f18 86f2 | 1fa0 8cf2 | e12b 00a9 | 4117 8012 

  0x0000000119a042e8: ; ImmutableOopMap {rfp=Oop [0]=Oop [8]=Oop }
                      ;*if_acmpeq {reexecute=1 rethrow=0 return_oop=0}
                      ; - (reexecute) org.eclipse.swt.widgets.Display::checkDevice@20 (line 710)
                      ; - org.eclipse.swt.widgets.Display::readAndDispatch@1 (line 3985)
                      ;   {runtime_call UncommonTrapBlob}
  0x0000000119a042e8: 267b d197 

  0x0000000119a042ec: ;   {other}
  0x0000000119a042ec: 1f20 03d5 | 9f1b 86f2 | 1fc0 8cf2 | fd03 01aa | ed03 00b9 | 4117 8012 

  0x0000000119a04304: ; ImmutableOopMap {rfp=Oop }
                      ;*ifeq {reexecute=1 rethrow=0 return_oop=0}
                      ; - (reexecute) org.eclipse.swt.widgets.Display::checkDevice@33 (line 711)
                      ; - org.eclipse.swt.widgets.Display::readAndDispatch@1 (line 3985)
                      ;   {runtime_call UncommonTrapBlob}
  0x0000000119a04304: 1f7b d197 

  0x0000000119a04308: ;   {other}
  0x0000000119a04308: 1f20 03d5 | 1f1f 86f2 | 1fe0 8cf2 | e183 00a9 | e30f 00f9 | ea03 102a | ecf6 ff17 | e103 00a9 
  0x0000000119a04328: e30b 00f9 | e23b 0329 | 4117 8012 | fd03 102a 

  0x0000000119a04338: ; ImmutableOopMap {[0]=Oop [8]=Oop [16]=Oop }
                      ;*if_icmpgt {reexecute=1 rethrow=0 return_oop=0}
                      ; - (reexecute) jdk.internal.util.Preconditions::checkFromToIndex@6 (line 348)
                      ; - java.lang.String::checkBoundsBeginEnd@6 (line 4865)
                      ; - java.lang.String::substring@8 (line 2834)
                      ; - java.lang.String::substring@6 (line 2807)
                      ; - org.eclipse.swt.internal.cocoa.id::objc_getClass@24 (line 47)
                      ; - org.eclipse.swt.internal.cocoa.NSObject::alloc@2 (line 31)
                      ; - org.eclipse.swt.widgets.Display::addPool@8 (line 533)
                      ; - org.eclipse.swt.widgets.Display::readAndDispatch@35 (line 3987)
                      ;   {runtime_call UncommonTrapBlob}
  0x0000000119a04338: 127b d197 

  0x0000000119a0433c: ;   {other}
  0x0000000119a0433c: 1f20 03d5 | 9f25 86f2 | 1f00 8df2 | ea3f 0129 | fd03 0caa | 4117 8012 

  0x0000000119a04354: ; ImmutableOopMap {rfp=Oop [48]=Oop }
                      ;*if_icmpne {reexecute=1 rethrow=0 return_oop=0}
                      ; - (reexecute) org.eclipse.swt.widgets.Display::addPool@24 (line 538)
                      ; - org.eclipse.swt.widgets.Display::addPool@17 (line 533)
                      ; - org.eclipse.swt.widgets.Display::readAndDispatch@35 (line 3987)
                      ;   {runtime_call UncommonTrapBlob}
  0x0000000119a04354: 0b7b d197 

  0x0000000119a04358: ;   {other}
  0x0000000119a04358: 1f20 03d5 | 1f29 86f2 | 1f20 8df2 | 4117 8012 

  0x0000000119a04368: ; ImmutableOopMap {rfp=Oop [0]=Oop }
                      ;*ifnull {reexecute=1 rethrow=0 return_oop=0}
                      ; - (reexecute) org.eclipse.swt.widgets.Display::runContexts@4 (line 4395)
                      ; - org.eclipse.swt.widgets.Display::readAndDispatch@76 (line 3995)
                      ;   {runtime_call UncommonTrapBlob}
  0x0000000119a04368: 067b d197 

  0x0000000119a0436c: ;   {other}
  0x0000000119a0436c: 1f20 03d5 | 9f2b 86f2 | 1f40 8df2 | 4117 8012 

  0x0000000119a0437c: ; ImmutableOopMap {[0]=Oop [16]=Oop [24]=Oop [40]=Oop }
                      ;*if_icmpgt {reexecute=1 rethrow=0 return_oop=0}
                      ; - (reexecute) jdk.internal.util.Preconditions::checkFromToIndex@6 (line 348)
                      ; - java.lang.String::checkBoundsBeginEnd@6 (line 4865)
                      ; - java.lang.String::substring@8 (line 2834)
                      ; - java.lang.String::substring@6 (line 2807)
                      ; - org.eclipse.swt.internal.cocoa.id::objc_getClass@24 (line 47)
                      ; - org.eclipse.swt.internal.cocoa.NSObject::alloc@2 (line 31)
                      ; - org.eclipse.swt.widgets.Display::addPool@8 (line 533)
                      ; - org.eclipse.swt.widgets.Display::readAndDispatch@251 (line 4010)
                      ;   {runtime_call UncommonTrapBlob}
  0x0000000119a0437c: 017b d197 

  0x0000000119a04380: ;   {other}
  0x0000000119a04380: 1f20 03d5 | 1f2e 86f2 | 1f60 8df2 | ee3f 0129 | fd03 0daa | 4117 8012 

  0x0000000119a04398: ; ImmutableOopMap {rfp=Oop [16]=Oop [40]=Oop }
                      ;*if_icmpne {reexecute=1 rethrow=0 return_oop=0}
                      ; - (reexecute) org.eclipse.swt.widgets.Display::addPool@24 (line 538)
                      ; - org.eclipse.swt.widgets.Display::addPool@17 (line 533)
                      ; - org.eclipse.swt.widgets.Display::readAndDispatch@251 (line 4010)
                      ;   {runtime_call UncommonTrapBlob}
  0x0000000119a04398: fa7a d197 

  0x0000000119a0439c: ;   {other}
  0x0000000119a0439c: 1f20 03d5 | 9f31 86f2 | 1f80 8df2 | ea0b 40f9 | 4117 8012 | fd03 40b9 | ea07 00f9 

  0x0000000119a043b8: ; ImmutableOopMap {[8]=Oop [16]=Oop [40]=Oop [48]=Oop [56]=Oop [80]=Oop }
                      ;*if_icmpge {reexecute=1 rethrow=0 return_oop=0}
                      ; - (reexecute) java.util.Arrays::checkLength@2 (line 3820)
                      ; - java.util.Arrays::copyOfRangeByte@2 (line 3861)
                      ; - java.util.Arrays::copyOfRange@13 (line 3854)
                      ; - java.lang.StringLatin1::newString@16 (line 752)
                      ; - java.lang.String::substring@41 (line 2839)
                      ; - java.lang.String::substring@6 (line 2807)
                      ; - org.eclipse.swt.internal.cocoa.id::objc_getClass@24 (line 47)
                      ; - org.eclipse.swt.internal.cocoa.NSObject::alloc@2 (line 31)
                      ; - org.eclipse.swt.widgets.Display::addPool@8 (line 533)
                      ; - org.eclipse.swt.widgets.Display::readAndDispatch@35 (line 3987)
                      ;   {runtime_call UncommonTrapBlob}
  0x0000000119a043b8: f27a d197 

  0x0000000119a043bc: ;   {other}
  0x0000000119a043bc: 1f20 03d5 | 9f35 86f2 | 1fa0 8df2 | 4117 8012 

  0x0000000119a043cc: ; ImmutableOopMap {[0]=Oop [16]=Oop [24]=Oop [32]=Oop [40]=Oop [72]=Oop }
                      ;*if_icmpge {reexecute=1 rethrow=0 return_oop=0}
                      ; - (reexecute) java.util.Arrays::checkLength@2 (line 3820)
                      ; - java.util.Arrays::copyOfRangeByte@2 (line 3861)
                      ; - java.util.Arrays::copyOfRange@13 (line 3854)
                      ; - java.lang.StringLatin1::newString@16 (line 752)
                      ; - java.lang.String::substring@41 (line 2839)
                      ; - java.lang.String::substring@6 (line 2807)
                      ; - org.eclipse.swt.internal.cocoa.id::objc_getClass@24 (line 47)
                      ; - org.eclipse.swt.internal.cocoa.NSObject::alloc@2 (line 31)
                      ; - org.eclipse.swt.widgets.Display::addPool@8 (line 533)
                      ; - org.eclipse.swt.widgets.Display::readAndDispatch@251 (line 4010)
                      ;   {runtime_call UncommonTrapBlob}
  0x0000000119a043cc: ed7a d197 

  0x0000000119a043d0: ;   {other}
  0x0000000119a043d0: 1f20 03d5 | 1f38 86f2 | 1fc0 8df2 | 4117 8012 

  0x0000000119a043e0: ; ImmutableOopMap {[0]=Oop [40]=Oop }
                      ;*ifne {reexecute=1 rethrow=0 return_oop=0}
                      ; - (reexecute) org.eclipse.swt.widgets.Display::readAndDispatch@147 (line 4005)
                      ;   {runtime_call UncommonTrapBlob}
  0x0000000119a043e0: e87a d197 

  0x0000000119a043e4: ;   {other}
  0x0000000119a043e4: 1f20 03d5 | 9f3a 86f2 | 1fe0 8df2 | ea03 40f9 | 4b01 42b9 | 60f1 7dd3 | e089 ffb4 | 8a17 40f9 
  0x0000000119a04404: 4a2c 00b4 | 8b1f 40f9 | 4c21 00d1 | 6a01 0a8b | 4081 1ff8 | 8c17 00f9 | 47fc ff17 | 8a2f 40f9 
  0x0000000119a04424: 8b27 40f9 | bf3b 03d5 | 0d00 c039 | 4d8a ff34 | 1f00 0039 | 8b01 00b5 | e103 1caa | c900 0010 
  0x0000000119a04444: 89d3 01f9 

  0x0000000119a04448: ;   {runtime_call G1BarrierSetRuntime::write_ref_field_post_entry(unsigned char volatile*, JavaThread*)}
  0x0000000119a04448: 8858 9ed2 | 2809 a1f2 | 2800 c0f2 | 0001 3fd6 

  0x0000000119a04458: ;   {other}
  0x0000000119a04458: 1f20 03d5 | 1f00 80f2 | 1f00 80f2 | 45fc ff17 | 6c21 00d1 | 4a01 0b8b | 4081 1ff8 | 8c27 00f9 
  0x0000000119a04478: 40fc ff17 | e007 00f9 | 1f00 00f1 | fd07 9f1a | bda7 9d5a | 4117 8012 

  0x0000000119a04490: ; ImmutableOopMap {[0]=Oop [16]=Oop }
                      ;*ifeq {reexecute=1 rethrow=0 return_oop=0}
                      ; - (reexecute) org.eclipse.swt.internal.cocoa.NSThread::currentThread@13 (line 32)
                      ; - org.eclipse.swt.widgets.Display::removePool@36 (line 4358)
                      ; - org.eclipse.swt.widgets.Display::readAndDispatch@31 (line 3986)
                      ;   {runtime_call UncommonTrapBlob}
  0x0000000119a04490: bc7a d197 

  0x0000000119a04494: ;   {other}
  0x0000000119a04494: 1f20 03d5 | 9f50 86f2 | 1f00 8ef2 | e007 00f9 | 1f00 00f1 | fd07 9f1a | bda7 9d5a | 4117 8012 
  0x0000000119a044b4: ; ImmutableOopMap {[0]=Oop [16]=Oop }
                      ;*ifeq {reexecute=1 rethrow=0 return_oop=0}
                      ; - (reexecute) org.eclipse.swt.internal.cocoa.NSThread::threadDictionary@14 (line 41)
                      ; - org.eclipse.swt.widgets.Display::removePool@39 (line 4358)
                      ; - org.eclipse.swt.widgets.Display::readAndDispatch@31 (line 3986)
                      ;   {runtime_call UncommonTrapBlob}
  0x0000000119a044b4: b37a d197 

  0x0000000119a044b8: ;   {other}
  0x0000000119a044b8: 1f20 03d5 | 1f55 86f2 | 1f20 8ef2 | e007 00f9 | 1f00 00f1 | fd07 9f1a | bda7 9d5a | 4117 8012 
  0x0000000119a044d8: ; ImmutableOopMap {[0]=Oop [16]=Oop [32]=Oop }
                      ;*ifeq {reexecute=1 rethrow=0 return_oop=0}
                      ; - (reexecute) org.eclipse.swt.internal.cocoa.NSString::stringWithCharacters@15 (line 143)
                      ; - org.eclipse.swt.internal.cocoa.NSString::stringWith@20 (line 45)
                      ; - org.eclipse.swt.widgets.Display::removePool@47 (line 4359)
                      ; - org.eclipse.swt.widgets.Display::readAndDispatch@31 (line 3986)
                      ;   {runtime_call UncommonTrapBlob}
  0x0000000119a044d8: aa7a d197 

  0x0000000119a044dc: ;   {other}
  0x0000000119a044dc: 1f20 03d5 | 9f59 86f2 | 1f40 8ef2 | e007 00f9 | 1f00 00f1 | fd07 9f1a | bda7 9d5a | 4117 8012 
  0x0000000119a044fc: ; ImmutableOopMap {[0]=Oop [16]=Oop }
                      ;*ifeq {reexecute=1 rethrow=0 return_oop=0}
                      ; - (reexecute) org.eclipse.swt.internal.cocoa.NSThread::currentThread@13 (line 32)
                      ; - org.eclipse.swt.widgets.Display::addPool@63 (line 544)
                      ; - org.eclipse.swt.widgets.Display::addPool@17 (line 533)
                      ; - org.eclipse.swt.widgets.Display::readAndDispatch@35 (line 3987)
                      ;   {runtime_call UncommonTrapBlob}
  0x0000000119a044fc: a17a d197 

  0x0000000119a04500: ;   {other}
  0x0000000119a04500: 1f20 03d5 | 1f5e 86f2 | 1f60 8ef2 | 1f00 00f1 | fd07 9f1a | bda7 9d5a | 4117 8012 

  0x0000000119a0451c: ; ImmutableOopMap {[0]=Oop [24]=Oop [40]=Oop }
                      ;*ifeq {reexecute=1 rethrow=0 return_oop=0}
                      ; - (reexecute) org.eclipse.swt.internal.cocoa.NSThread::currentThread@13 (line 32)
                      ; - org.eclipse.swt.widgets.Display::removePool@36 (line 4358)
                      ; - org.eclipse.swt.widgets.Display::readAndDispatch@213 (line 4008)
                      ;   {runtime_call UncommonTrapBlob}
  0x0000000119a0451c: 997a d197 

  0x0000000119a04520: ;   {other}
  0x0000000119a04520: 1f20 03d5 | 1f62 86f2 | 1f80 8ef2 | e007 00f9 | 1f00 00f1 | fd07 9f1a | bda7 9d5a | 4117 8012 
  0x0000000119a04540: ; ImmutableOopMap {[0]=Oop [16]=Oop }
                      ;*ifeq {reexecute=1 rethrow=0 return_oop=0}
                      ; - (reexecute) org.eclipse.swt.internal.cocoa.NSThread::threadDictionary@14 (line 41)
                      ; - org.eclipse.swt.widgets.Display::addPool@66 (line 544)
                      ; - org.eclipse.swt.widgets.Display::addPool@17 (line 533)
                      ; - org.eclipse.swt.widgets.Display::readAndDispatch@35 (line 3987)
                      ;   {runtime_call UncommonTrapBlob}
  0x0000000119a04540: 907a d197 

  0x0000000119a04544: ;   {other}
  0x0000000119a04544: 1f20 03d5 | 9f66 86f2 | 1fa0 8ef2 | 1f00 00f1 | fd07 9f1a | bda7 9d5a | 4117 8012 

  0x0000000119a04560: ; ImmutableOopMap {[0]=Oop [24]=Oop [40]=Oop }
                      ;*ifeq {reexecute=1 rethrow=0 return_oop=0}
                      ; - (reexecute) org.eclipse.swt.internal.cocoa.NSThread::threadDictionary@14 (line 41)
                      ; - org.eclipse.swt.widgets.Display::removePool@39 (line 4358)
                      ; - org.eclipse.swt.widgets.Display::readAndDispatch@213 (line 4008)
                      ;   {runtime_call UncommonTrapBlob}
  0x0000000119a04560: 887a d197 

  0x0000000119a04564: ;   {other}
  0x0000000119a04564: 1f20 03d5 | 9f6a 86f2 | 1fc0 8ef2 | e007 00f9 | 1f00 00f1 | fd07 9f1a | bda7 9d5a | 4117 8012 
  0x0000000119a04584: ; ImmutableOopMap {[0]=Oop [16]=Oop }
                      ;*ifeq {reexecute=1 rethrow=0 return_oop=0}
                      ; - (reexecute) org.eclipse.swt.internal.cocoa.NSNumber::numberWithInteger@14 (line 67)
                      ; - org.eclipse.swt.widgets.Display::addPool@75 (line 545)
                      ; - org.eclipse.swt.widgets.Display::addPool@17 (line 533)
                      ; - org.eclipse.swt.widgets.Display::readAndDispatch@35 (line 3987)
                      ;   {runtime_call UncommonTrapBlob}
  0x0000000119a04584: 7f7a d197 

  0x0000000119a04588: ;   {other}
  0x0000000119a04588: 1f20 03d5 | 1f6f 86f2 | 1fe0 8ef2 | 1f00 00f1 | fd07 9f1a | bda7 9d5a | 4117 8012 

  0x0000000119a045a4: ; ImmutableOopMap {[0]=Oop [16]=Oop [24]=Oop [40]=Oop }
                      ;*ifeq {reexecute=1 rethrow=0 return_oop=0}
                      ; - (reexecute) org.eclipse.swt.internal.cocoa.NSString::stringWithCharacters@15 (line 143)
                      ; - org.eclipse.swt.internal.cocoa.NSString::stringWith@20 (line 45)
                      ; - org.eclipse.swt.widgets.Display::removePool@47 (line 4359)
                      ; - org.eclipse.swt.widgets.Display::readAndDispatch@213 (line 4008)
                      ;   {runtime_call UncommonTrapBlob}
  0x0000000119a045a4: 777a d197 

  0x0000000119a045a8: ;   {other}
  0x0000000119a045a8: 1f20 03d5 | 1f73 86f2 | 1f00 8ff2 | e007 00f9 | 1f00 00f1 | fd07 9f1a | bda7 9d5a | 4117 8012 
  0x0000000119a045c8: ; ImmutableOopMap {[0]=Oop [16]=Oop [40]=Oop }
                      ;*ifeq {reexecute=1 rethrow=0 return_oop=0}
                      ; - (reexecute) org.eclipse.swt.internal.cocoa.NSString::stringWithCharacters@15 (line 143)
                      ; - org.eclipse.swt.internal.cocoa.NSString::stringWith@20 (line 45)
                      ; - org.eclipse.swt.widgets.Display::addPool@81 (line 545)
                      ; - org.eclipse.swt.widgets.Display::addPool@17 (line 533)
                      ; - org.eclipse.swt.widgets.Display::readAndDispatch@35 (line 3987)
                      ;   {runtime_call UncommonTrapBlob}
  0x0000000119a045c8: 6e7a d197 

  0x0000000119a045cc: ;   {other}
  0x0000000119a045cc: 1f20 03d5 | 9f77 86f2 | 1f20 8ff2 | e007 00f9 | 1f00 00f1 | fd07 9f1a | bda7 9d5a | 4117 8012 
  0x0000000119a045ec: ; ImmutableOopMap {[0]=Oop [16]=Oop [40]=Oop }
                      ;*ifeq {reexecute=1 rethrow=0 return_oop=0}
                      ; - (reexecute) org.eclipse.swt.internal.cocoa.NSThread::currentThread@13 (line 32)
                      ; - org.eclipse.swt.widgets.Display::addPool@63 (line 544)
                      ; - org.eclipse.swt.widgets.Display::addPool@17 (line 533)
                      ; - org.eclipse.swt.widgets.Display::readAndDispatch@251 (line 4010)
                      ;   {runtime_call UncommonTrapBlob}
  0x0000000119a045ec: 657a d197 

  0x0000000119a045f0: ;   {other}
  0x0000000119a045f0: 1f20 03d5 | 1f7c 86f2 | 1f40 8ff2 | e007 00f9 | 1f00 00f1 | fd07 9f1a | bda7 9d5a | 4117 8012 
  0x0000000119a04610: ; ImmutableOopMap {[0]=Oop [16]=Oop [40]=Oop }
                      ;*ifeq {reexecute=1 rethrow=0 return_oop=0}
                      ; - (reexecute) org.eclipse.swt.internal.cocoa.NSThread::threadDictionary@14 (line 41)
                      ; - org.eclipse.swt.widgets.Display::addPool@66 (line 544)
                      ; - org.eclipse.swt.widgets.Display::addPool@17 (line 533)
                      ; - org.eclipse.swt.widgets.Display::readAndDispatch@251 (line 4010)
                      ;   {runtime_call UncommonTrapBlob}
  0x0000000119a04610: 5c7a d197 

  0x0000000119a04614: ;   {other}
  0x0000000119a04614: 1f20 03d5 | 9f80 86f2 | 1f60 8ff2 | e007 00f9 | 1f00 00f1 | fd07 9f1a | bda7 9d5a | 4117 8012 
  0x0000000119a04634: ; ImmutableOopMap {[0]=Oop [16]=Oop [40]=Oop }
                      ;*ifeq {reexecute=1 rethrow=0 return_oop=0}
                      ; - (reexecute) org.eclipse.swt.internal.cocoa.NSNumber::numberWithInteger@14 (line 67)
                      ; - org.eclipse.swt.widgets.Display::addPool@75 (line 545)
                      ; - org.eclipse.swt.widgets.Display::addPool@17 (line 533)
                      ; - org.eclipse.swt.widgets.Display::readAndDispatch@251 (line 4010)
                      ;   {runtime_call UncommonTrapBlob}
  0x0000000119a04634: 537a d197 

  0x0000000119a04638: ;   {other}
  0x0000000119a04638: 1f20 03d5 | 1f85 86f2 | 1f80 8ff2 | e007 00f9 | 1f00 00f1 | fd07 9f1a | bda7 9d5a | 4117 8012 
  0x0000000119a04658: ; ImmutableOopMap {[0]=Oop [16]=Oop [40]=Oop [48]=Oop }
                      ;*ifeq {reexecute=1 rethrow=0 return_oop=0}
                      ; - (reexecute) org.eclipse.swt.internal.cocoa.NSString::stringWithCharacters@15 (line 143)
                      ; - org.eclipse.swt.internal.cocoa.NSString::stringWith@20 (line 45)
                      ; - org.eclipse.swt.widgets.Display::addPool@81 (line 545)
                      ; - org.eclipse.swt.widgets.Display::addPool@17 (line 533)
                      ; - org.eclipse.swt.widgets.Display::readAndDispatch@251 (line 4010)
                      ;   {runtime_call UncommonTrapBlob}
  0x0000000119a04658: 4a7a d197 

  0x0000000119a0465c: ;   {other}
  0x0000000119a0465c: 1f20 03d5 | 9f89 86f2 | 1fa0 8ff2 | f317 40f9 | 6b12 40b9 | 60f1 7dd3 | c080 ffb4 | 8a17 40f9 
  0x0000000119a0467c: 8a1a 00b4 | 8b1f 40f9 | 4c21 00d1 | 6a01 0a8b | 4081 1ff8 | 8c17 00f9 | fefb ff17 | 6a0e 40b9 
  0x0000000119a0469c: 40f1 7dd3 | 20bc ffb4 | 8a17 40f9 | 4a1b 00b4 | 8b1f 40f9 | 4c21 00d1 | 6a01 0a8b | 4081 1ff8 
  0x0000000119a046bc: 8c17 00f9 | d9fd ff17 | ea03 40f9 | 4a2d 41b9 | 40f1 7dd3 | e0a3 ffb4 | 8a17 40f9 | 2a1b 00b4 
  0x0000000119a046dc: 8b1f 40f9 | 4c21 00d1 | 6a01 0a8b | 4081 1ff8 | 8c17 00f9 | 17fd ff17 

  0x0000000119a046f4: ;   {metadata('org/eclipse/swt/internal/cocoa/NSValue')}
  0x0000000119a046f4: 019e 94d2 | 0124 a0f2 | 0112 c0f2 

  0x0000000119a04700: ;   {oop([B{0x000000052d879098})}
  0x0000000119a04700: 1d13 92d2 | fdb0 a5f2 | bd00 c0f2 

  0x0000000119a0470c: ; ImmutableOopMap {rfp=Oop [8]=Derived_oop_rfp [0]=Oop [40]=Oop }
                      ;*new {reexecute=0 rethrow=0 return_oop=1}
                      ; - org.eclipse.swt.widgets.Display::runPaint@98 (line 4485)
                      ; - org.eclipse.swt.widgets.Display::readAndDispatch@127 (line 4002)
                      ;   {runtime_call _new_instance_Java}
  0x0000000119a0470c: 7d08 d597 

  0x0000000119a04710: ;   {other}
  0x0000000119a04710: 1f20 03d5 | 1fa0 86f2 | 1fc0 8ff2 | b4fc ff17 | ea03 40f9 | 4bc1 41b9 | 60f1 7dd3 | 0081 ffb4 
  0x0000000119a04730: 8a17 40f9 | aa19 00b4 | 8b1f 40f9 | 4c21 00d1 | 6a01 0a8b | 4081 1ff8 | 8c17 00f9 | 00fc ff17 
  0x0000000119a04750: ea03 40f9 | 4b29 41b9 | 60f1 7dd3 | 2090 ffb4 | 8a17 40f9 | 8a19 00b4 | 8b1f 40f9 | 4c21 00d1 
  0x0000000119a04770: 6a01 0a8b | 4081 1ff8 | 8c17 00f9 | 79fc ff17 | e103 1caa | c900 0010 | 89d3 01f9 

  0x0000000119a0478c: ;   {runtime_call G1BarrierSetRuntime::write_ref_field_pre_entry(oopDesc*, JavaThread*)}
  0x0000000119a0478c: 8853 9ed2 | 2809 a1f2 | 2800 c0f2 | 0001 3fd6 

  0x0000000119a0479c: ;   {other}
  0x0000000119a0479c: 1f20 03d5 | 1f00 80f2 | 1f00 80f2 | 5bf7 ff17 | 6103 8012 

  0x0000000119a047b0: ; ImmutableOopMap {rfp=Oop [0]=Oop [40]=Oop }
                      ;*aaload {reexecute=0 rethrow=0 return_oop=0}
                      ; - org.eclipse.swt.widgets.Display::runDeferredEvents@10 (line 4415)
                      ; - org.eclipse.swt.widgets.Display::readAndDispatch@134 (line 4003)
                      ;   {runtime_call UncommonTrapBlob}
  0x0000000119a047b0: f479 d197 

  0x0000000119a047b4: ;   {other}
  0x0000000119a047b4: 1f20 03d5 | 9fb4 86f2 | 1fe0 8ff2 | ea03 40f9 | 4b89 41b9 | 60f1 7dd3 | 40b6 ffb4 | 8a17 40f9 
  0x0000000119a047d4: 6a17 00b4 | 8b1f 40f9 | 4c21 00d1 | 6a01 0a8b | 4081 1ff8 | 8c17 00f9 | aafd ff17 | 2101 8012 
  0x0000000119a047f4: ; ImmutableOopMap {[0]=Oop [16]=Oop }
                      ;*invokevirtual lastIndexOf {reexecute=0 rethrow=0 return_oop=0}
                      ; - org.eclipse.swt.internal.cocoa.id::objc_getClass@11 (line 46)
                      ; - org.eclipse.swt.internal.cocoa.NSObject::alloc@2 (line 31)
                      ; - org.eclipse.swt.widgets.Display::addPool@8 (line 533)
                      ; - org.eclipse.swt.widgets.Display::readAndDispatch@35 (line 3987)
                      ;   {runtime_call UncommonTrapBlob}
  0x0000000119a047f4: e379 d197 

  0x0000000119a047f8: ;   {other}
  0x0000000119a047f8: 1f20 03d5 | 1fbd 86f2 | 1f00 90f2 | 2101 8012 

  0x0000000119a04808: ; ImmutableOopMap {[0]=Oop [16]=Oop [40]=Oop }
                      ;*invokevirtual lastIndexOf {reexecute=0 rethrow=0 return_oop=0}
                      ; - org.eclipse.swt.internal.cocoa.id::objc_getClass@11 (line 46)
                      ; - org.eclipse.swt.internal.cocoa.NSObject::alloc@2 (line 31)
                      ; - org.eclipse.swt.widgets.Display::addPool@8 (line 533)
                      ; - org.eclipse.swt.widgets.Display::readAndDispatch@251 (line 4010)
                      ;   {runtime_call UncommonTrapBlob}
  0x0000000119a04808: de79 d197 

  0x0000000119a0480c: ;   {other}
  0x0000000119a0480c: 1f20 03d5 | 9fbf 86f2 | 1f20 90f2 

  0x0000000119a04818: ;   {metadata('org/eclipse/swt/widgets/Widget'[])}
  0x0000000119a04818: 017e 8ad2 | a125 a0f2 | 0112 c0f2 

  0x0000000119a04824: ;   {oop([B{0x000000052d879098})}
  0x0000000119a04824: 1d13 92d2 | fdb0 a5f2 | bd00 c0f2 

  0x0000000119a04830: ; ImmutableOopMap {rfp=Oop [8]=Derived_oop_rfp [0]=Oop [24]=Oop }
                      ;*anewarray {reexecute=0 rethrow=0 return_oop=1}
                      ; - org.eclipse.swt.widgets.Display::runSkin@21 (line 4587)
                      ; - org.eclipse.swt.widgets.Display::readAndDispatch@39 (line 3988)
                      ;   {runtime_call _new_array_Java}
  0x0000000119a04830: f4fc d497 

  0x0000000119a04834: ;   {other}
  0x0000000119a04834: 1f20 03d5 | 9fc4 86f2 | 1f40 90f2 | ec03 00aa | 38fb ff17 

  0x0000000119a04848: ;   {metadata('org/eclipse/swt/widgets/Event')}
  0x0000000119a04848: 018c 9fd2 | 8125 a0f2 | 0112 c0f2 

  0x0000000119a04854: ; ImmutableOopMap {rfp=Oop [8]=Derived_oop_rfp [0]=Oop [24]=Oop [32]=Oop [48]=NarrowOop }
                      ;*new {reexecute=0 rethrow=0 return_oop=1}
                      ; - org.eclipse.swt.widgets.Display::runSkin@91 (line 4595)
                      ; - org.eclipse.swt.widgets.Display::readAndDispatch@39 (line 3988)
                      ;   {runtime_call _new_instance_Java}
  0x0000000119a04854: 2b08 d597 

  0x0000000119a04858: ;   {other}
  0x0000000119a04858: 1f20 03d5 | 1fc9 86f2 | 1f60 90f2 | a8fb ff17 | 6103 8012 

  0x0000000119a0486c: ; ImmutableOopMap {rfp=Oop [0]=Oop [16]=Oop [40]=Oop }
                      ;*aastore {reexecute=1 rethrow=0 return_oop=0}
                      ; - (reexecute) org.eclipse.swt.widgets.Display::runDeferredEvents@48 (line 4419)
                      ; - org.eclipse.swt.widgets.Display::readAndDispatch@134 (line 4003)
                      ;   {runtime_call UncommonTrapBlob}
  0x0000000119a0486c: c579 d197 

  0x0000000119a04870: ;   {other}
  0x0000000119a04870: 1f20 03d5 | 1fcc 86f2 | 1f80 90f2 | 6106 8012 

  0x0000000119a04880: ; ImmutableOopMap {rfp=Oop [0]=Oop [16]=Oop [40]=Oop }
                      ;*invokestatic arraycopy {reexecute=0 rethrow=0 return_oop=0}
                      ; - org.eclipse.swt.widgets.Display::runDeferredEvents@39 (line 4418)
                      ; - org.eclipse.swt.widgets.Display::readAndDispatch@134 (line 4003)
                      ;   {runtime_call UncommonTrapBlob}
  0x0000000119a04880: c079 d197 

  0x0000000119a04884: ;   {other}
  0x0000000119a04884: 1f20 03d5 | 9fce 86f2 | 1fa0 90f2 | 4117 8012 

  0x0000000119a04894: ; ImmutableOopMap {[0]=Oop [16]=Oop [32]=Oop [40]=Oop }
                      ;*ifne {reexecute=1 rethrow=0 return_oop=0}
                      ; - (reexecute) org.eclipse.swt.widgets.Display::runDeferredEvents@65 (line 4423)
                      ; - org.eclipse.swt.widgets.Display::readAndDispatch@134 (line 4003)
                      ;   {runtime_call UncommonTrapBlob}
  0x0000000119a04894: bb79 d197 

  0x0000000119a04898: ;   {other}
  0x0000000119a04898: 1f20 03d5 | 1fd1 86f2 | 1fc0 90f2 | e103 1caa | c900 0010 | 89d3 01f9 

  0x0000000119a048b0: ;   {runtime_call G1BarrierSetRuntime::write_ref_field_pre_entry(oopDesc*, JavaThread*)}
  0x0000000119a048b0: 8853 9ed2 | 2809 a1f2 | 2800 c0f2 | 0001 3fd6 

  0x0000000119a048c0: ;   {other}
  0x0000000119a048c0: 1f20 03d5 | 1f00 80f2 | 1f00 80f2 | cdf9 ff17 | 2101 8012 

  0x0000000119a048d4: ; ImmutableOopMap {[0]=Oop [32]=Oop [40]=Oop }
                      ;*invokevirtual objectAtIndex {reexecute=0 rethrow=0 return_oop=0}
                      ; - org.eclipse.swt.widgets.Display::runPaint@110 (line 4485)
                      ; - org.eclipse.swt.widgets.Display::readAndDispatch@127 (line 4002)
                      ;   {runtime_call UncommonTrapBlob}
  0x0000000119a048d4: ab79 d197 

  0x0000000119a048d8: ;   {other}
  0x0000000119a048d8: 1f20 03d5 | 1fd9 86f2 | 1fe0 90f2 | 2101 8012 

  0x0000000119a048e8: ; ImmutableOopMap {[0]=Oop [32]=Oop [40]=Oop }
                      ;*invokevirtual objectAtIndex {reexecute=0 rethrow=0 return_oop=0}
                      ; - org.eclipse.swt.widgets.Display::runPaint@124 (line 4486)
                      ; - org.eclipse.swt.widgets.Display::readAndDispatch@127 (line 4002)
                      ;   {runtime_call UncommonTrapBlob}
  0x0000000119a048e8: a679 d197 

  0x0000000119a048ec: ;   {other}
  0x0000000119a048ec: 1f20 03d5 | 9fdb 86f2 | 1f00 91f2 | fd03 0d2a | 2101 8012 

  0x0000000119a04900: ; ImmutableOopMap {[0]=Oop [24]=Oop }
                      ;*invokevirtual isDisposed {reexecute=0 rethrow=0 return_oop=0}
                      ; - org.eclipse.swt.widgets.Display::runDeferredLayouts@39 (line 4451)
                      ; - org.eclipse.swt.widgets.Display::readAndDispatch@44 (line 3989)
                      ;   {runtime_call UncommonTrapBlob}
  0x0000000119a04900: a079 d197 

  0x0000000119a04904: ;   {other}
  0x0000000119a04904: 1f20 03d5 | 9fde 86f2 | 1f20 91f2 | 2101 8012 

  0x0000000119a04914: ; ImmutableOopMap {[0]=Oop [40]=Oop }
                      ;*invokevirtual objectAtIndex {reexecute=0 rethrow=0 return_oop=0}
                      ; - org.eclipse.swt.widgets.Display::runPaint@42 (line 4477)
                      ; - org.eclipse.swt.widgets.Display::readAndDispatch@127 (line 4002)
                      ;   {runtime_call UncommonTrapBlob}
  0x0000000119a04914: 9b79 d197 

  0x0000000119a04918: ;   {other}
  0x0000000119a04918: 1f20 03d5 | 1fe1 86f2 | 1f40 91f2 | 2111 8012 

  0x0000000119a04928: ; ImmutableOopMap {[0]=Oop [24]=Oop }
                      ;*if_icmplt {reexecute=1 rethrow=0 return_oop=0}
                      ; - (reexecute) org.eclipse.swt.widgets.Display::runSkin@120 (line 4590)
                      ; - org.eclipse.swt.widgets.Display::readAndDispatch@39 (line 3988)
                      ;   {runtime_call UncommonTrapBlob}
  0x0000000119a04928: 9679 d197 

  0x0000000119a0492c: ;   {other}
  0x0000000119a0492c: 1f20 03d5 | 9fe3 86f2 | 1f60 91f2 | 6103 8012 

  0x0000000119a0493c: ; ImmutableOopMap {rfp=Oop [0]=Oop }
                      ;*aaload {reexecute=0 rethrow=0 return_oop=0}
                      ; - org.eclipse.swt.widgets.Display::runPopups@19 (line 4498)
                      ; - org.eclipse.swt.widgets.Display::readAndDispatch@83 (line 3996)
                      ;   {runtime_call UncommonTrapBlob}
  0x0000000119a0493c: 9179 d197 

  0x0000000119a04940: ;   {other}
  0x0000000119a04940: 1f20 03d5 | 1fe6 86f2 | 1f80 91f2 | 6103 8012 

  0x0000000119a04950: ; ImmutableOopMap {rfp=Oop [0]=Oop [16]=Oop }
                      ;*aastore {reexecute=1 rethrow=0 return_oop=0}
                      ; - (reexecute) org.eclipse.swt.widgets.Display::runPopups@57 (line 4502)
                      ; - org.eclipse.swt.widgets.Display::readAndDispatch@83 (line 3996)
                      ;   {runtime_call UncommonTrapBlob}
  0x0000000119a04950: 8c79 d197 

  0x0000000119a04954: ;   {other}
  0x0000000119a04954: 1f20 03d5 | 9fe8 86f2 | 1fa0 91f2 | 6106 8012 

  0x0000000119a04964: ; ImmutableOopMap {rfp=Oop [0]=Oop [16]=Oop }
                      ;*invokestatic arraycopy {reexecute=0 rethrow=0 return_oop=0}
                      ; - org.eclipse.swt.widgets.Display::runPopups@48 (line 4501)
                      ; - org.eclipse.swt.widgets.Display::readAndDispatch@83 (line 3996)
                      ;   {runtime_call UncommonTrapBlob}
  0x0000000119a04964: 8779 d197 

  0x0000000119a04968: ;   {other}
  0x0000000119a04968: 1f20 03d5 | 1feb 86f2 | 1fc0 91f2 | fd03 0c2a | 2101 8012 

  0x0000000119a0497c: ; ImmutableOopMap {[0]=Oop [40]=Oop }
                      ;*invokevirtual release {reexecute=0 rethrow=0 return_oop=0}
                      ; - org.eclipse.swt.widgets.Display::runPaint@156 (line 4488)
                      ; - org.eclipse.swt.widgets.Display::readAndDispatch@127 (line 4002)
                      ;   {runtime_call UncommonTrapBlob}
  0x0000000119a0497c: 8179 d197 

  0x0000000119a04980: ;   {other}
  0x0000000119a04980: 1f20 03d5 | 1fee 86f2 | 1fe0 91f2 | e103 1caa | c900 0010 | 89d3 01f9 

  0x0000000119a04998: ;   {runtime_call G1BarrierSetRuntime::write_ref_field_pre_entry(oopDesc*, JavaThread*)}
  0x0000000119a04998: 8853 9ed2 | 2809 a1f2 | 2800 c0f2 | 0001 3fd6 

  0x0000000119a049a8: ;   {other}
  0x0000000119a049a8: 1f20 03d5 | 1f00 80f2 | 1f00 80f2 | e1fa ff17 | 2111 8012 

  0x0000000119a049bc: ; ImmutableOopMap {[0]=Oop [24]=Oop }
                      ;*if_icmplt {reexecute=1 rethrow=0 return_oop=0}
                      ; - (reexecute) org.eclipse.swt.widgets.Display::runDeferredLayouts@56 (line 4449)
                      ; - org.eclipse.swt.widgets.Display::readAndDispatch@44 (line 3989)
                      ;   {runtime_call UncommonTrapBlob}
  0x0000000119a049bc: 7179 d197 

  0x0000000119a049c0: ;   {other}
  0x0000000119a049c0: 1f20 03d5 | 1ff6 86f2 | 1f00 92f2 | e103 1caa | c900 0010 | 89d3 01f9 

  0x0000000119a049d8: ;   {runtime_call G1BarrierSetRuntime::write_ref_field_pre_entry(oopDesc*, JavaThread*)}
  0x0000000119a049d8: 8853 9ed2 | 2809 a1f2 | 2800 c0f2 | 0001 3fd6 

  0x0000000119a049e8: ;   {other}
  0x0000000119a049e8: 1f20 03d5 | 1f00 80f2 | 1f00 80f2 | 26fb ff17 | fd03 0c2a | 2101 8012 

  0x0000000119a04a00: ; ImmutableOopMap {[0]=Oop [40]=Oop }
                      ;*invokevirtual release {reexecute=0 rethrow=0 return_oop=0}
                      ; - org.eclipse.swt.widgets.Display::runPaint@70 (line 4479)
                      ; - org.eclipse.swt.widgets.Display::readAndDispatch@127 (line 4002)
                      ;   {runtime_call UncommonTrapBlob}
  0x0000000119a04a00: 6079 d197 

  0x0000000119a04a04: ;   {other}
  0x0000000119a04a04: 1f20 03d5 | 9ffe 86f2 | 1f20 92f2 | e103 1caa | c900 0010 | 89d3 01f9 

  0x0000000119a04a1c: ;   {runtime_call G1BarrierSetRuntime::write_ref_field_pre_entry(oopDesc*, JavaThread*)}
  0x0000000119a04a1c: 8853 9ed2 | 2809 a1f2 | 2800 c0f2 | 0001 3fd6 

  0x0000000119a04a2c: ;   {other}
  0x0000000119a04a2c: 1f20 03d5 | 1f00 80f2 | 1f00 80f2 | fbfc ff17 | e103 1caa | c900 0010 | 89d3 01f9 

  0x0000000119a04a48: ;   {runtime_call G1BarrierSetRuntime::write_ref_field_pre_entry(oopDesc*, JavaThread*)}
  0x0000000119a04a48: 8853 9ed2 | 2809 a1f2 | 2800 c0f2 | 0001 3fd6 

  0x0000000119a04a58: ;   {other}
  0x0000000119a04a58: 1f20 03d5 | 1f00 80f2 | 1f00 80f2 | 3afc ff17 | e103 1caa | c900 0010 | 89d3 01f9 

  0x0000000119a04a74: ;   {runtime_call G1BarrierSetRuntime::write_ref_field_pre_entry(oopDesc*, JavaThread*)}
  0x0000000119a04a74: 8853 9ed2 | 2809 a1f2 | 2800 c0f2 | 0001 3fd6 

  0x0000000119a04a84: ;   {other}
  0x0000000119a04a84: 1f20 03d5 | 1f00 80f2 | 1f00 80f2 | 2ffb ff17 | e103 1caa | c900 0010 | 89d3 01f9 

  0x0000000119a04aa0: ;   {runtime_call G1BarrierSetRuntime::write_ref_field_pre_entry(oopDesc*, JavaThread*)}
  0x0000000119a04aa0: 8853 9ed2 | 2809 a1f2 | 2800 c0f2 | 0001 3fd6 

  0x0000000119a04ab0: ;   {other}
  0x0000000119a04ab0: 1f20 03d5 | 1f00 80f2 | 1f00 80f2 | a9fb ff17 | e103 1caa | c900 0010 | 89d3 01f9 

  0x0000000119a04acc: ;   {runtime_call G1BarrierSetRuntime::write_ref_field_pre_entry(oopDesc*, JavaThread*)}
  0x0000000119a04acc: 8853 9ed2 | 2809 a1f2 | 2800 c0f2 | 0001 3fd6 

  0x0000000119a04adc: ;   {other}
  0x0000000119a04adc: 1f20 03d5 | 1f00 80f2 | 1f00 80f2 | ebfc ff17 | 2101 8012 

  0x0000000119a04af0: ; ImmutableOopMap {[0]=Oop }
                      ;*aaload {reexecute=0 rethrow=0 return_oop=0}
                      ; - org.eclipse.swt.widgets.Display::runTimers@21 (line 4610)
                      ; - org.eclipse.swt.widgets.Display::readAndDispatch@69 (line 3994)
                      ;   {runtime_call UncommonTrapBlob}
  0x0000000119a04af0: 2479 d197 

  0x0000000119a04af4: ;   {other}
  0x0000000119a04af4: 1f20 03d5 | 9f1c 87f2 | 1f40 92f2 | 2101 8012 

  0x0000000119a04b04: ; ImmutableOopMap {[0]=Oop }
                      ;*aaload {reexecute=0 rethrow=0 return_oop=0}
                      ; - org.eclipse.swt.widgets.Display::runTimers@30 (line 4610)
                      ; - org.eclipse.swt.widgets.Display::readAndDispatch@69 (line 3994)
                      ;   {runtime_call UncommonTrapBlob}
  0x0000000119a04b04: 1f79 d197 

  0x0000000119a04b08: ;   {other}
  0x0000000119a04b08: 1f20 03d5 | 1f1f 87f2 | 1f60 92f2 | 2101 8012 

  0x0000000119a04b18: ; ImmutableOopMap {[0]=Oop }
                      ;*aaload {reexecute=0 rethrow=0 return_oop=0}
                      ; - org.eclipse.swt.widgets.Display::removePool@10 (line 4355)
                      ; - org.eclipse.swt.widgets.Display::readAndDispatch@31 (line 3986)
                      ;   {runtime_call UncommonTrapBlob}
  0x0000000119a04b18: 1a79 d197 

  0x0000000119a04b1c: ;   {other}
  0x0000000119a04b1c: 1f20 03d5 | 9f21 87f2 | 1f80 92f2 | fd03 01aa | e00f 00a9 | 2101 8012 

  0x0000000119a04b34: ; ImmutableOopMap {rfp=Oop [0]=Oop [8]=Oop }
                      ;*arraylength {reexecute=0 rethrow=0 return_oop=0}
                      ; - java.lang.String::length@4 (line 1519)
                      ; - java.lang.String::lastIndexOf@3 (line 2535)
                      ; - org.eclipse.swt.internal.cocoa.id::objc_getClass@11 (line 46)
                      ; - org.eclipse.swt.internal.cocoa.NSObject::alloc@2 (line 31)
                      ; - org.eclipse.swt.widgets.Display::addPool@8 (line 533)
                      ; - org.eclipse.swt.widgets.Display::readAndDispatch@35 (line 3987)
                      ;   {runtime_call UncommonTrapBlob}
  0x0000000119a04b34: 1379 d197 

  0x0000000119a04b38: ;   {other}
  0x0000000119a04b38: 1f20 03d5 | 1f25 87f2 | 1fa0 92f2 | fd03 0daa | 2101 8012 

  0x0000000119a04b4c: ; ImmutableOopMap {rfp=Oop }
                      ;*invokevirtual release {reexecute=0 rethrow=0 return_oop=0}
                      ; - org.eclipse.swt.widgets.Display::removePool@54 (line 4361)
                      ; - org.eclipse.swt.widgets.Display::readAndDispatch@31 (line 3986)
                      ;   {runtime_call UncommonTrapBlob}
  0x0000000119a04b4c: 0d79 d197 

  0x0000000119a04b50: ;   {other}
  0x0000000119a04b50: 1f20 03d5 | 1f28 87f2 | 1fc0 92f2 | 2101 8012 

  0x0000000119a04b60: ; ImmutableOopMap {[0]=Oop }
                      ;*invokevirtual nextEventMatchingMask {reexecute=0 rethrow=0 return_oop=0}
                      ; - org.eclipse.swt.widgets.Display::readAndDispatch@100 (line 3997)
                      ;   {runtime_call UncommonTrapBlob}
  0x0000000119a04b60: 0879 d197 

  0x0000000119a04b64: ;   {other}
  0x0000000119a04b64: 1f20 03d5 | 9f2a 87f2 | 1fe0 92f2 | 2101 8012 

  0x0000000119a04b74: ; ImmutableOopMap {[0]=Oop [40]=Oop }
                      ;*aaload {reexecute=0 rethrow=0 return_oop=0}
                      ; - org.eclipse.swt.widgets.Display::removePool@10 (line 4355)
                      ; - org.eclipse.swt.widgets.Display::readAndDispatch@213 (line 4008)
                      ;   {runtime_call UncommonTrapBlob}
  0x0000000119a04b74: 0379 d197 

  0x0000000119a04b78: ;   {other}
  0x0000000119a04b78: 1f20 03d5 | 1f2d 87f2 | 1f00 93f2 | 2101 8012 

  0x0000000119a04b88: ; ImmutableOopMap {[0]=Oop [40]=Oop }
                      ;*invokevirtual release {reexecute=0 rethrow=0 return_oop=0}
                      ; - org.eclipse.swt.widgets.Display::removePool@54 (line 4361)
                      ; - org.eclipse.swt.widgets.Display::readAndDispatch@213 (line 4008)
                      ;   {runtime_call UncommonTrapBlob}
  0x0000000119a04b88: fe78 d197 

  0x0000000119a04b8c: ;   {other}
  0x0000000119a04b8c: 1f20 03d5 | 9f2f 87f2 | 1f20 93f2 | ee07 00f9 | fd03 0caa | 2101 8012 

  0x0000000119a04ba4: ; ImmutableOopMap {rfp=Oop [0]=Oop [8]=Oop [40]=Oop }
                      ;*arraylength {reexecute=0 rethrow=0 return_oop=0}
                      ; - java.lang.String::length@4 (line 1519)
                      ; - java.lang.String::lastIndexOf@3 (line 2535)
                      ; - org.eclipse.swt.internal.cocoa.id::objc_getClass@11 (line 46)
                      ; - org.eclipse.swt.internal.cocoa.NSObject::alloc@2 (line 31)
                      ; - org.eclipse.swt.widgets.Display::addPool@8 (line 533)
                      ; - org.eclipse.swt.widgets.Display::readAndDispatch@251 (line 4010)
                      ;   {runtime_call UncommonTrapBlob}
  0x0000000119a04ba4: f778 d197 

  0x0000000119a04ba8: ;   {other}
  0x0000000119a04ba8: 1f20 03d5 | 1f33 87f2 | 1f40 93f2 | ee07 00f9 | fd03 0caa | 4117 8012 

  0x0000000119a04bc0: ; ImmutableOopMap {rfp=Oop [8]=Oop [48]=Oop }
                      ;*ifnonnull {reexecute=1 rethrow=0 return_oop=0}
                      ; - (reexecute) org.eclipse.swt.widgets.Display::addPool@4 (line 537)
                      ; - org.eclipse.swt.widgets.Display::addPool@17 (line 533)
                      ; - org.eclipse.swt.widgets.Display::readAndDispatch@35 (line 3987)
                      ;   {runtime_call UncommonTrapBlob}
  0x0000000119a04bc0: f078 d197 

  0x0000000119a04bc4: ;   {other}
  0x0000000119a04bc4: 1f20 03d5 | 9f36 87f2 | 1f60 93f2 | 4117 8012 

  0x0000000119a04bd4: ; ImmutableOopMap {[0]=Oop [16]=Oop }
                      ;*ifnonnull {reexecute=1 rethrow=0 return_oop=0}
                      ; - (reexecute) org.eclipse.swt.widgets.Display::runTimers@4 (line 4607)
                      ; - org.eclipse.swt.widgets.Display::readAndDispatch@69 (line 3994)
                      ;   {runtime_call UncommonTrapBlob}
  0x0000000119a04bd4: eb78 d197 

  0x0000000119a04bd8: ;   {other}
  0x0000000119a04bd8: 1f20 03d5 | 1f39 87f2 | 1f80 93f2 | ec07 00f9 | fd03 0daa | 4117 8012 

  0x0000000119a04bf0: ; ImmutableOopMap {rfp=Oop [8]=Oop [16]=Oop [40]=Oop }
                      ;*ifnonnull {reexecute=1 rethrow=0 return_oop=0}
                      ; - (reexecute) org.eclipse.swt.widgets.Display::addPool@4 (line 537)
                      ; - org.eclipse.swt.widgets.Display::addPool@17 (line 533)
                      ; - org.eclipse.swt.widgets.Display::readAndDispatch@251 (line 4010)
                      ;   {runtime_call UncommonTrapBlob}
  0x0000000119a04bf0: e478 d197 

  0x0000000119a04bf4: ;   {other}
  0x0000000119a04bf4: 1f20 03d5 | 9f3c 87f2 | 1fa0 93f2 | 2101 8012 

  0x0000000119a04c04: ; ImmutableOopMap {[0]=Oop [16]=Oop [40]=Oop }
                      ;*aastore {reexecute=1 rethrow=0 return_oop=0}
                      ; - (reexecute) org.eclipse.swt.widgets.Display::runDeferredEvents@48 (line 4419)
                      ; - org.eclipse.swt.widgets.Display::readAndDispatch@134 (line 4003)
                      ;   {runtime_call UncommonTrapBlob}
  0x0000000119a04c04: df78 d197 

  0x0000000119a04c08: ;   {other}
  0x0000000119a04c08: 1f20 03d5 | 1f3f 87f2 | 1fc0 93f2 | 4117 8012 

  0x0000000119a04c18: ; ImmutableOopMap {[0]=Oop [16]=Oop [40]=Oop }
                      ;*ifnull {reexecute=1 rethrow=0 return_oop=0}
                      ; - (reexecute) org.eclipse.swt.widgets.Display::readAndDispatch@112 (line 3998)
                      ;   {runtime_call UncommonTrapBlob}
  0x0000000119a04c18: da78 d197 

  0x0000000119a04c1c: ;   {other}
  0x0000000119a04c1c: 1f20 03d5 | 9f41 87f2 | 1fe0 93f2 | 4117 8012 

  0x0000000119a04c2c: ; ImmutableOopMap {[0]=Oop [16]=Oop [32]=Oop [40]=Oop }
                      ;*ifnull {reexecute=1 rethrow=0 return_oop=0}
                      ; - (reexecute) org.eclipse.swt.widgets.Display::runDeferredEvents@57 (line 4423)
                      ; - org.eclipse.swt.widgets.Display::readAndDispatch@134 (line 4003)
                      ;   {runtime_call UncommonTrapBlob}
  0x0000000119a04c2c: d578 d197 

  0x0000000119a04c30: ;   {other}
  0x0000000119a04c30: 1f20 03d5 | 1f44 87f2 | 1f00 94f2 | 2101 8012 

  0x0000000119a04c40: ; ImmutableOopMap {[0]=Oop [32]=Oop [40]=Oop }
                      ;*getfield id {reexecute=1 rethrow=0 return_oop=0}
                      ; - (reexecute) org.eclipse.swt.widgets.Display::runPaint@127 (line 4486)
                      ; - org.eclipse.swt.widgets.Display::readAndDispatch@127 (line 4002)
                      ;   {runtime_call UncommonTrapBlob}
  0x0000000119a04c40: d078 d197 

  0x0000000119a04c44: ;   {other}
  0x0000000119a04c44: 1f20 03d5 | 9f46 87f2 | 1f20 94f2 | 2101 8012 

  0x0000000119a04c54: ; ImmutableOopMap {[0]=Oop [40]=Oop }
                      ;*getfield id {reexecute=1 rethrow=0 return_oop=0}
                      ; - (reexecute) org.eclipse.swt.widgets.Display::runPaint@45 (line 4477)
                      ; - org.eclipse.swt.widgets.Display::readAndDispatch@127 (line 4002)
                      ;   {runtime_call UncommonTrapBlob}
  0x0000000119a04c54: cb78 d197 

  0x0000000119a04c58: ;   {other}
  0x0000000119a04c58: 1f20 03d5 | 1f49 87f2 | 1f40 94f2 | 4117 8012 

  0x0000000119a04c68: ; ImmutableOopMap {rfp=Oop [0]=Oop [32]=Oop [40]=Oop }
                      ;*ifnull {reexecute=1 rethrow=0 return_oop=0}
                      ; - (reexecute) org.eclipse.swt.internal.cocoa.id::<init>@6 (line 31)
                      ; - org.eclipse.swt.internal.cocoa.NSObject::<init>@2 (line 27)
                      ; - org.eclipse.swt.internal.cocoa.NSValue::<init>@2 (line 27)
                      ; - org.eclipse.swt.widgets.Display::runPaint@113 (line 4485)
                      ; - org.eclipse.swt.widgets.Display::readAndDispatch@127 (line 4002)
                      ;   {runtime_call UncommonTrapBlob}
  0x0000000119a04c68: c678 d197 

  0x0000000119a04c6c: ;   {other}
  0x0000000119a04c6c: 1f20 03d5 | 9f4b 87f2 | 1f60 94f2 | 2101 8012 

  0x0000000119a04c7c: ; ImmutableOopMap {[0]=Oop }
                      ;*aaload {reexecute=0 rethrow=0 return_oop=0}
                      ; - org.eclipse.swt.widgets.Display::runPopups@19 (line 4498)
                      ; - org.eclipse.swt.widgets.Display::readAndDispatch@83 (line 3996)
                      ;   {runtime_call UncommonTrapBlob}
  0x0000000119a04c7c: c178 d197 

  0x0000000119a04c80: ;   {other}
  0x0000000119a04c80: 1f20 03d5 | 1f4e 87f2 | 1f80 94f2 | 2101 8012 

  0x0000000119a04c90: ; ImmutableOopMap {[0]=Oop [16]=Oop }
                      ;*aastore {reexecute=1 rethrow=0 return_oop=0}
                      ; - (reexecute) org.eclipse.swt.widgets.Display::runPopups@57 (line 4502)
                      ; - org.eclipse.swt.widgets.Display::readAndDispatch@83 (line 3996)
                      ;   {runtime_call UncommonTrapBlob}
  0x0000000119a04c90: bc78 d197 

  0x0000000119a04c94: ;   {other}
  0x0000000119a04c94: 1f20 03d5 | 9f50 87f2 | 1fa0 94f2 | e103 00aa | 6f00 0014 | 2700 0014 | 2600 0014 | 2700 0014 
  0x0000000119a04cb4: e103 00aa | 6a00 0014 | 4d00 0014 | e103 00aa | 6700 0014 | 1400 0014 | 6400 0014 | 6100 0014 
  0x0000000119a04cd4: 5c00 0014 | 5d00 0014 | 6000 0014 | 5d00 0014 | 5e00 0014 | 5b00 0014 | 5c00 0014 | 5900 0014 
  0x0000000119a04cf4: 1600 0014 | 1500 0014 | 0d00 0014 | 1300 0014 | 1200 0014 | 0f00 0014 | 1900 0014 | 0d00 0014 
  0x0000000119a04d14: 0100 0014 | fd03 00aa | eb1f 40b9 | 3900 0014 | 1600 0014 | 0900 0014 | 0800 0014 | e103 00aa 
  0x0000000119a04d34: 4b00 0014 | 0500 0014 | 0400 0014 | 0300 0014 | e103 00aa | 4600 0014 | fd03 00aa | eb1f 40b9 
  0x0000000119a04d54: 2c00 0014 | fd03 00aa | eb03 0032 | 2900 0014 | 3e00 0014 | 3b00 0014 | 0100 0014 | fd03 00aa 
  0x0000000119a04d74: eb1f 40b9 | 2300 0014 | fd03 00aa | eb03 1f2a | 2000 0014 | 3500 0014 | 3400 0014 | 3300 0014 
  0x0000000119a04d94: 3200 0014 | 3100 0014 | 2e00 0014 | 2900 0014 | 2c00 0014 | 2700 0014 | 2a00 0014 | 2500 0014 
  0x0000000119a04db4: 2800 0014 | 2300 0014 | 2600 0014 | 2300 0014 | 2200 0014 | 2100 0014 | 2000 0014 | 2300 0014 
  0x0000000119a04dd4: 2200 0014 | e103 00aa | 2100 0014 | 1d00 0014 | 1c00 0014 | e103 00aa | 1d00 0014 | fd03 00aa 
  0x0000000119a04df4: eb1f 40b9 | 0300 0014 | fd03 00aa | eb03 1f2a | eb0b 00b9 | e103 40f9 

  0x0000000119a04e0c: ; ImmutableOopMap {rfp=Oop [0]=Oop }
                      ;*invokevirtual removePool {reexecute=0 rethrow=0 return_oop=0}
                      ; - org.eclipse.swt.widgets.Display::readAndDispatch@169 (line 4008)
                      ;   {optimized virtual_call}
  0x0000000119a04e0c: dd5c d197 

  0x0000000119a04e10: ;   {other}
  0x0000000119a04e10: 1f20 03d5 | 1f80 87f2 | 1fc0 94f2 | ed03 40f9 | aac9 40b9 | 4b05 0051 | aacd 40b9 | abc9 00b9 
  0x0000000119a04e30: ea01 0034 | 8abf 45b9 | ca03 0035 | e103 1daa | 0800 0014 | e103 00aa | 0600 0014 | e103 00aa 
  0x0000000119a04e50: 0400 0014 | e103 00aa | 0200 0014 | e103 00aa | fd7b 47a9 | ff03 0291 

  0x0000000119a04e68: ;   {runtime_call _rethrow_Java}
  0x0000000119a04e68: e60a d517 | acc5 40b9 | 7f01 0c6b | 01fe ff54 

  0x0000000119a04e78: ; ImmutableOopMap {rfp=Oop [0]=Oop }
                      ;*invokestatic getEntryCount {reexecute=0 rethrow=0 return_oop=0}
                      ; - org.eclipse.swt.widgets.Display::readAndDispatch@200 (line 4010)
                      ;   {static_call}
  0x0000000119a04e78: 425e d197 

  0x0000000119a04e7c: ;   {other}
  0x0000000119a04e7c: 1f20 03d5 | 9f8d 87f2 | 1fe0 94f2 | 6000 0034 | ed03 40f9 | e9ff ff17 | e103 40f9 

  0x0000000119a04e98: ; ImmutableOopMap {rfp=Oop [0]=Oop }
                      ;*invokevirtual addPool {reexecute=0 rethrow=0 return_oop=0}
                      ; - org.eclipse.swt.widgets.Display::readAndDispatch@207 (line 4010)
                      ;   {optimized virtual_call}
  0x0000000119a04e98: ba5c d197 

  0x0000000119a04e9c: ;   {other}
  0x0000000119a04e9c: 1f20 03d5 | 9f91 87f2 | 1f00 95f2 | ed03 40f9 | e2ff ff17 | ed03 00f9 | 010d 8012 

  0x0000000119a04eb8: ; ImmutableOopMap {rfp=Oop [0]=Oop }
                      ;*athrow {reexecute=1 rethrow=0 return_oop=0}
                      ; - (reexecute) org.eclipse.swt.widgets.Display::readAndDispatch@211 (line 4011)
                      ;   {runtime_call UncommonTrapBlob}
  0x0000000119a04eb8: 3278 d197 

  0x0000000119a04ebc: ;   {other}
  0x0000000119a04ebc: 1f20 03d5 | 9f95 87f2 | 1f20 95f2 

  0x0000000119a04ec8: ;   {internal_word}
  0x0000000119a04ec8: a803 ff10 | 8833 02f9 

  0x0000000119a04ed0: ;   {runtime_call SafepointBlob}
  0x0000000119a04ed0: 8c76 d117 | 0830 8bd2 | c81c a3f2 | 2800 c0f2 | 0001 3fd6 | 14f3 ff17 

  0x0000000119a04ee8: ;   {other}
  0x0000000119a04ee8: 0e00 0000 | 0000 0000 
[Stub Code]
  0x0000000119a04ef0: ;   {no_reloc}
  0x0000000119a04ef0: 4800 0058 | 0001 1fd6 | 5079 5c19 | 0100 0000 

  0x0000000119a04f00: ;   {trampoline_stub}
  0x0000000119a04f00: 4800 0058 | 0001 1fd6 | d063 5519 | 0100 0000 

  0x0000000119a04f10: ;   {trampoline_stub}
  0x0000000119a04f10: 4800 0058 | 0001 1fd6 | d063 5519 | 0100 0000 

  0x0000000119a04f20: ;   {trampoline_stub}
  0x0000000119a04f20: 4800 0058 | 0001 1fd6 | d0c0 4319 | 0100 0000 

  0x0000000119a04f30: ;   {trampoline_stub}
  0x0000000119a04f30: 4800 0058 | 0001 1fd6 | 50aa 4219 | 0100 0000 

  0x0000000119a04f40: ;   {trampoline_stub}
  0x0000000119a04f40: 4800 0058 | 0001 1fd6 | d063 5519 | 0100 0000 

  0x0000000119a04f50: ;   {trampoline_stub}
  0x0000000119a04f50: 4800 0058 | 0001 1fd6 | 50a8 5319 | 0100 0000 

  0x0000000119a04f60: ;   {trampoline_stub}
  0x0000000119a04f60: 4800 0058 | 0001 1fd6 | d063 5519 | 0100 0000 

  0x0000000119a04f70: ;   {trampoline_stub}
  0x0000000119a04f70: 4800 0058 | 0001 1fd6 | d063 5519 | 0100 0000 

  0x0000000119a04f80: ;   {trampoline_stub}
  0x0000000119a04f80: 4800 0058 | 0001 1fd6 | d063 5519 | 0100 0000 

  0x0000000119a04f90: ;   {trampoline_stub}
  0x0000000119a04f90: 4800 0058 | 0001 1fd6 | d063 5519 | 0100 0000 

  0x0000000119a04fa0: ;   {trampoline_stub}
  0x0000000119a04fa0: 4800 0058 | 0001 1fd6 | 50aa 4219 | 0100 0000 

  0x0000000119a04fb0: ;   {trampoline_stub}
  0x0000000119a04fb0: 4800 0058 | 0001 1fd6 | d0c0 4319 | 0100 0000 

  0x0000000119a04fc0: ;   {trampoline_stub}
  0x0000000119a04fc0: 4800 0058 | 0001 1fd6 | 50a9 4419 | 0100 0000 

  0x0000000119a04fd0: ;   {trampoline_stub}
  0x0000000119a04fd0: 4800 0058 | 0001 1fd6 | 80c1 e518 | 0100 0000 

  0x0000000119a04fe0: ;   {static_stub}
  0x0000000119a04fe0: df3f 03d5 

  0x0000000119a04fe4: ;   {metadata(nullptr)}
  0x0000000119a04fe4: 0c00 80d2 | 0c00 a0f2 | 0c00 c0f2 | 0800 80d2 | 0800 a0f2 | 0800 c0f2 | 0001 1fd6 

  0x0000000119a05000: ;   {trampoline_stub}
  0x0000000119a05000: 4800 0058 | 0001 1fd6 | 50f3 5c19 | 0100 0000 

  0x0000000119a05010: ;   {trampoline_stub}
  0x0000000119a05010: 4800 0058 | 0001 1fd6 | 80c1 e518 | 0100 0000 

  0x0000000119a05020: ;   {static_stub}
  0x0000000119a05020: df3f 03d5 

  0x0000000119a05024: ;   {metadata(nullptr)}
  0x0000000119a05024: 0c00 80d2 | 0c00 a0f2 | 0c00 c0f2 | 0800 80d2 | 0800 a0f2 | 0800 c0f2 | 0001 1fd6 

  0x0000000119a05040: ;   {trampoline_stub}
  0x0000000119a05040: 4800 0058 | 0001 1fd6 | d063 5519 | 0100 0000 

  0x0000000119a05050: ;   {trampoline_stub}
  0x0000000119a05050: 4800 0058 | 0001 1fd6 | d063 5519 | 0100 0000 

  0x0000000119a05060: ;   {trampoline_stub}
  0x0000000119a05060: 4800 0058 | 0001 1fd6 | d0c0 4319 | 0100 0000 

  0x0000000119a05070: ;   {trampoline_stub}
  0x0000000119a05070: 4800 0058 | 0001 1fd6 | 50aa 4219 | 0100 0000 

  0x0000000119a05080: ;   {trampoline_stub}
  0x0000000119a05080: 4800 0058 | 0001 1fd6 | d063 5519 | 0100 0000 

  0x0000000119a05090: ;   {trampoline_stub}
  0x0000000119a05090: 4800 0058 | 0001 1fd6 | 5079 5c19 | 0100 0000 

  0x0000000119a050a0: ;   {trampoline_stub}
  0x0000000119a050a0: 4800 0058 | 0001 1fd6 | 50a8 5319 | 0100 0000 

  0x0000000119a050b0: ;   {trampoline_stub}
  0x0000000119a050b0: 4800 0058 | 0001 1fd6 | d063 5519 | 0100 0000 

  0x0000000119a050c0: ;   {trampoline_stub}
  0x0000000119a050c0: 4800 0058 | 0001 1fd6 | d063 5519 | 0100 0000 

  0x0000000119a050d0: ;   {trampoline_stub}
  0x0000000119a050d0: 4800 0058 | 0001 1fd6 | d063 5519 | 0100 0000 

  0x0000000119a050e0: ;   {trampoline_stub}
  0x0000000119a050e0: 4800 0058 | 0001 1fd6 | d063 5519 | 0100 0000 

  0x0000000119a050f0: ;   {trampoline_stub}
  0x0000000119a050f0: 4800 0058 | 0001 1fd6 | 50aa 4219 | 0100 0000 

  0x0000000119a05100: ;   {trampoline_stub}
  0x0000000119a05100: 4800 0058 | 0001 1fd6 | d0c0 4319 | 0100 0000 

  0x0000000119a05110: ;   {trampoline_stub}
  0x0000000119a05110: 4800 0058 | 0001 1fd6 | 50a9 4419 | 0100 0000 

  0x0000000119a05120: ;   {trampoline_stub}
  0x0000000119a05120: 4800 0058 | 0001 1fd6 | 9099 5c19 | 0100 0000 

  0x0000000119a05130: ;   {static_stub}
  0x0000000119a05130: df3f 03d5 

  0x0000000119a05134: ;   {metadata(nullptr)}
  0x0000000119a05134: 0c00 80d2 | 0c00 a0f2 | 0c00 c0f2 | 0800 80d2 | 0800 a0f2 | 0800 c0f2 | 0001 1fd6 

  0x0000000119a05150: ;   {trampoline_stub}
  0x0000000119a05150: 4800 0058 | 0001 1fd6 | 0039 3412 | 0100 0000 

  0x0000000119a05160: ;   {static_stub}
  0x0000000119a05160: df3f 03d5 

  0x0000000119a05164: ;   {metadata(nullptr)}
  0x0000000119a05164: 0c00 80d2 | 0c00 a0f2 | 0c00 c0f2 | 0800 80d2 | 0800 a0f2 | 0800 c0f2 | 0001 1fd6 

  0x0000000119a05180: ;   {trampoline_stub}
  0x0000000119a05180: 4800 0058 | 0001 1fd6 | 80c1 e518 | 0100 0000 

  0x0000000119a05190: ;   {trampoline_stub}
  0x0000000119a05190: 4800 0058 | 0001 1fd6 | 80c1 e518 | 0100 0000 

  0x0000000119a051a0: ;   {trampoline_stub}
  0x0000000119a051a0: 4800 0058 | 0001 1fd6 | 50aa 4219 | 0100 0000 

  0x0000000119a051b0: ;   {trampoline_stub}
  0x0000000119a051b0: 4800 0058 | 0001 1fd6 | 9887 f418 | 0100 0000 

  0x0000000119a051c0: ;   {trampoline_stub}
  0x0000000119a051c0: 4800 0058 | 0001 1fd6 | 1011 5e19 | 0100 0000 

  0x0000000119a051d0: ;   {static_stub}
  0x0000000119a051d0: df3f 03d5 

  0x0000000119a051d4: ;   {metadata(nullptr)}
  0x0000000119a051d4: 0c00 80d2 | 0c00 a0f2 | 0c00 c0f2 | 0800 80d2 | 0800 a0f2 | 0800 c0f2 | 0001 1fd6 

  0x0000000119a051f0: ;   {trampoline_stub}
  0x0000000119a051f0: 4800 0058 | 0001 1fd6 | 80c1 e518 | 0100 0000 

  0x0000000119a05200: ;   {static_stub}
  0x0000000119a05200: df3f 03d5 

  0x0000000119a05204: ;   {metadata(nullptr)}
  0x0000000119a05204: 0c00 80d2 | 0c00 a0f2 | 0c00 c0f2 | 0800 80d2 | 0800 a0f2 | 0800 c0f2 | 0001 1fd6 

  0x0000000119a05220: ;   {trampoline_stub}
  0x0000000119a05220: 4800 0058 | 0001 1fd6 | 9048 4419 | 0100 0000 

  0x0000000119a05230: ;   {static_stub}
  0x0000000119a05230: df3f 03d5 

  0x0000000119a05234: ;   {metadata(nullptr)}
  0x0000000119a05234: 0c00 80d2 | 0c00 a0f2 | 0c00 c0f2 | 0800 80d2 | 0800 a0f2 | 0800 c0f2 | 0001 1fd6 

  0x0000000119a05250: ;   {trampoline_stub}
  0x0000000119a05250: 4800 0058 | 0001 1fd6 | 805e e812 | 0100 0000 

  0x0000000119a05260: ;   {static_stub}
  0x0000000119a05260: df3f 03d5 

  0x0000000119a05264: ;   {metadata(nullptr)}
  0x0000000119a05264: 0c00 80d2 | 0c00 a0f2 | 0c00 c0f2 | 0800 80d2 | 0800 a0f2 | 0800 c0f2 | 0001 1fd6 

  0x0000000119a05280: ;   {trampoline_stub}
  0x0000000119a05280: 4800 0058 | 0001 1fd6 | 9048 4419 | 0100 0000 

  0x0000000119a05290: ;   {static_stub}
  0x0000000119a05290: df3f 03d5 

  0x0000000119a05294: ;   {metadata(nullptr)}
  0x0000000119a05294: 0c00 80d2 | 0c00 a0f2 | 0c00 c0f2 | 0800 80d2 | 0800 a0f2 | 0800 c0f2 | 0001 1fd6 

  0x0000000119a052b0: ;   {trampoline_stub}
  0x0000000119a052b0: 4800 0058 | 0001 1fd6 | 402e eb12 | 0100 0000 

  0x0000000119a052c0: ;   {static_stub}
  0x0000000119a052c0: df3f 03d5 

  0x0000000119a052c4: ;   {metadata(nullptr)}
  0x0000000119a052c4: 0c00 80d2 | 0c00 a0f2 | 0c00 c0f2 | 0800 80d2 | 0800 a0f2 | 0800 c0f2 | 0001 1fd6 

  0x0000000119a052e0: ;   {trampoline_stub}
  0x0000000119a052e0: 4800 0058 | 0001 1fd6 | 80c1 e518 | 0100 0000 

  0x0000000119a052f0: ;   {static_stub}
  0x0000000119a052f0: df3f 03d5 

  0x0000000119a052f4: ;   {metadata(nullptr)}
  0x0000000119a052f4: 0c00 80d2 | 0c00 a0f2 | 0c00 c0f2 | 0800 80d2 | 0800 a0f2 | 0800 c0f2 | 0001 1fd6 

  0x0000000119a05310: ;   {trampoline_stub}
  0x0000000119a05310: 4800 0058 | 0001 1fd6 | 80c1 e518 | 0100 0000 

  0x0000000119a05320: ;   {static_stub}
  0x0000000119a05320: df3f 03d5 

  0x0000000119a05324: ;   {metadata(nullptr)}
  0x0000000119a05324: 0c00 80d2 | 0c00 a0f2 | 0c00 c0f2 | 0800 80d2 | 0800 a0f2 | 0800 c0f2 | 0001 1fd6 

  0x0000000119a05340: ;   {trampoline_stub}
  0x0000000119a05340: 4800 0058 | 0001 1fd6 | 80c7 e518 | 0100 0000 

  0x0000000119a05350: ;   {trampoline_stub}
  0x0000000119a05350: 4800 0058 | 0001 1fd6 | 80c1 e518 | 0100 0000 

  0x0000000119a05360: ;   {static_stub}
  0x0000000119a05360: df3f 03d5 

  0x0000000119a05364: ;   {metadata(nullptr)}
  0x0000000119a05364: 0c00 80d2 | 0c00 a0f2 | 0c00 c0f2 | 0800 80d2 | 0800 a0f2 | 0800 c0f2 | 0001 1fd6 

  0x0000000119a05380: ;   {trampoline_stub}
  0x0000000119a05380: 4800 0058 | 0001 1fd6 | 50b1 9119 | 0100 0000 

  0x0000000119a05390: ;   {static_stub}
  0x0000000119a05390: df3f 03d5 

  0x0000000119a05394: ;   {metadata(nullptr)}
  0x0000000119a05394: 0c00 80d2 | 0c00 a0f2 | 0c00 c0f2 | 0800 80d2 | 0800 a0f2 | 0800 c0f2 | 0001 1fd6 

  0x0000000119a053b0: ;   {trampoline_stub}
  0x0000000119a053b0: 4800 0058 | 0001 1fd6 | 50bb 5d19 | 0100 0000 

  0x0000000119a053c0: ;   {static_stub}
  0x0000000119a053c0: df3f 03d5 

  0x0000000119a053c4: ;   {metadata(nullptr)}
  0x0000000119a053c4: 0c00 80d2 | 0c00 a0f2 | 0c00 c0f2 | 0800 80d2 | 0800 a0f2 | 0800 c0f2 | 0001 1fd6 

  0x0000000119a053e0: ;   {trampoline_stub}
  0x0000000119a053e0: 4800 0058 | 0001 1fd6 | 50bb 5d19 | 0100 0000 

  0x0000000119a053f0: ;   {static_stub}
  0x0000000119a053f0: df3f 03d5 

  0x0000000119a053f4: ;   {metadata(nullptr)}
  0x0000000119a053f4: 0c00 80d2 | 0c00 a0f2 | 0c00 c0f2 | 0800 80d2 | 0800 a0f2 | 0800 c0f2 | 0001 1fd6 

  0x0000000119a05410: ;   {trampoline_stub}
  0x0000000119a05410: 4800 0058 | 0001 1fd6 | 80c1 e518 | 0100 0000 

  0x0000000119a05420: ;   {static_stub}
  0x0000000119a05420: df3f 03d5 

  0x0000000119a05424: ;   {metadata({method} {0x0000000126437ee8} 'rectValue' '()Lorg/eclipse/swt/internal/cocoa/NSRect;' in 'org/eclipse/swt/internal/cocoa/NSValue')}
  0x0000000119a05424: 0cdd 8fd2 | 6cc8 a4f2 | 2c00 c0f2 | 886a 81d2 | c81c a3f2 | 2800 c0f2 | 0001 1fd6 

  0x0000000119a05440: ;   {trampoline_stub}
  0x0000000119a05440: 4800 0058 | 0001 1fd6 | d095 5c19 | 0100 0000 

  0x0000000119a05450: ;   {trampoline_stub}
  0x0000000119a05450: 4800 0058 | 0001 1fd6 | 504a 5f19 | 0100 0000 

  0x0000000119a05460: ;   {static_stub}
  0x0000000119a05460: df3f 03d5 

  0x0000000119a05464: ;   {metadata(nullptr)}
  0x0000000119a05464: 0c00 80d2 | 0c00 a0f2 | 0c00 c0f2 | 0800 80d2 | 0800 a0f2 | 0800 c0f2 | 0001 1fd6 

  0x0000000119a05480: ;   {trampoline_stub}
  0x0000000119a05480: 4800 0058 | 0001 1fd6 | 80c1 e518 | 0100 0000 

  0x0000000119a05490: ;   {static_stub}
  0x0000000119a05490: df3f 03d5 

  0x0000000119a05494: ;   {metadata(nullptr)}
  0x0000000119a05494: 0c00 80d2 | 0c00 a0f2 | 0c00 c0f2 | 0800 80d2 | 0800 a0f2 | 0800 c0f2 | 0001 1fd6 

  0x0000000119a054b0: ;   {trampoline_stub}
  0x0000000119a054b0: 4800 0058 | 0001 1fd6 | 80c1 e518 | 0100 0000 

  0x0000000119a054c0: ;   {static_stub}
  0x0000000119a054c0: df3f 03d5 

  0x0000000119a054c4: ;   {metadata(nullptr)}
  0x0000000119a054c4: 0c00 80d2 | 0c00 a0f2 | 0c00 c0f2 | 0800 80d2 | 0800 a0f2 | 0800 c0f2 | 0001 1fd6 

  0x0000000119a054e0: ;   {trampoline_stub}
  0x0000000119a054e0: 4800 0058 | 0001 1fd6 | 80c1 e518 | 0100 0000 

  0x0000000119a054f0: ;   {static_stub}
  0x0000000119a054f0: df3f 03d5 

  0x0000000119a054f4: ;   {metadata(nullptr)}
  0x0000000119a054f4: 0c00 80d2 | 0c00 a0f2 | 0c00 c0f2 | 0800 80d2 | 0800 a0f2 | 0800 c0f2 | 0001 1fd6 

  0x0000000119a05510: ;   {trampoline_stub}
  0x0000000119a05510: 4800 0058 | 0001 1fd6 | 80c1 e518 | 0100 0000 

  0x0000000119a05520: ;   {static_stub}
  0x0000000119a05520: df3f 03d5 

  0x0000000119a05524: ;   {metadata(nullptr)}
  0x0000000119a05524: 0c00 80d2 | 0c00 a0f2 | 0c00 c0f2 | 0800 80d2 | 0800 a0f2 | 0800 c0f2 | 0001 1fd6 

  0x0000000119a05540: ;   {trampoline_stub}
  0x0000000119a05540: 4800 0058 | 0001 1fd6 | 80c7 e518 | 0100 0000 

  0x0000000119a05550: ;   {trampoline_stub}
  0x0000000119a05550: 4800 0058 | 0001 1fd6 | 80c1 e518 | 0100 0000 

  0x0000000119a05560: ;   {static_stub}
  0x0000000119a05560: df3f 03d5 

  0x0000000119a05564: ;   {metadata(nullptr)}
  0x0000000119a05564: 0c00 80d2 | 0c00 a0f2 | 0c00 c0f2 | 0800 80d2 | 0800 a0f2 | 0800 c0f2 | 0001 1fd6 

  0x0000000119a05580: ;   {static_stub}
  0x0000000119a05580: df3f 03d5 

  0x0000000119a05584: ;   {metadata(nullptr)}
  0x0000000119a05584: 0c00 80d2 | 0c00 a0f2 | 0c00 c0f2 | 0800 80d2 | 0800 a0f2 | 0800 c0f2 | 0001 1fd6 

  0x0000000119a055a0: ;   {static_stub}
  0x0000000119a055a0: df3f 03d5 

  0x0000000119a055a4: ;   {metadata(nullptr)}
  0x0000000119a055a4: 0c00 80d2 | 0c00 a0f2 | 0c00 c0f2 | 0800 80d2 | 0800 a0f2 | 0800 c0f2 | 0001 1fd6 

  0x0000000119a055c0: ;   {static_stub}
  0x0000000119a055c0: df3f 03d5 

  0x0000000119a055c4: ;   {metadata(nullptr)}
  0x0000000119a055c4: 0c00 80d2 | 0c00 a0f2 | 0c00 c0f2 | 0800 80d2 | 0800 a0f2 | 0800 c0f2 | 0001 1fd6 

  0x0000000119a055e0: ;   {static_stub}
  0x0000000119a055e0: df3f 03d5 

  0x0000000119a055e4: ;   {metadata(nullptr)}
  0x0000000119a055e4: 0c00 80d2 | 0c00 a0f2 | 0c00 c0f2 | 0800 80d2 | 0800 a0f2 | 0800 c0f2 | 0001 1fd6 

  0x0000000119a05600: ;   {static_stub}
  0x0000000119a05600: df3f 03d5 

  0x0000000119a05604: ;   {metadata(nullptr)}
  0x0000000119a05604: 0c00 80d2 | 0c00 a0f2 | 0c00 c0f2 | 0800 80d2 | 0800 a0f2 | 0800 c0f2 | 0001 1fd6 

  0x0000000119a05620: ;   {static_stub}
  0x0000000119a05620: df3f 03d5 

  0x0000000119a05624: ;   {metadata(nullptr)}
  0x0000000119a05624: 0c00 80d2 | 0c00 a0f2 | 0c00 c0f2 | 0800 80d2 | 0800 a0f2 | 0800 c0f2 | 0001 1fd6 

  0x0000000119a05640: ;   {static_stub}
  0x0000000119a05640: df3f 03d5 

  0x0000000119a05644: ;   {metadata(nullptr)}
  0x0000000119a05644: 0c00 80d2 | 0c00 a0f2 | 0c00 c0f2 | 0800 80d2 | 0800 a0f2 | 0800 c0f2 | 0001 1fd6 

  0x0000000119a05660: ;   {static_stub}
  0x0000000119a05660: df3f 03d5 

  0x0000000119a05664: ;   {metadata(nullptr)}
  0x0000000119a05664: 0c00 80d2 | 0c00 a0f2 | 0c00 c0f2 | 0800 80d2 | 0800 a0f2 | 0800 c0f2 | 0001 1fd6 

  0x0000000119a05680: ;   {static_stub}
  0x0000000119a05680: df3f 03d5 

  0x0000000119a05684: ;   {metadata(nullptr)}
  0x0000000119a05684: 0c00 80d2 | 0c00 a0f2 | 0c00 c0f2 | 0800 80d2 | 0800 a0f2 | 0800 c0f2 | 0001 1fd6 

  0x0000000119a056a0: ;   {static_stub}
  0x0000000119a056a0: df3f 03d5 

  0x0000000119a056a4: ;   {metadata(nullptr)}
  0x0000000119a056a4: 0c00 80d2 | 0c00 a0f2 | 0c00 c0f2 | 0800 80d2 | 0800 a0f2 | 0800 c0f2 | 0001 1fd6 
[Exception Handler]
  0x0000000119a056c0: ;   {runtime_call ExceptionBlob}
  0x0000000119a056c0: b0f2 d417 
[Deopt Handler Code]
  0x0000000119a056c4: 1e00 0010 

  0x0000000119a056c8: ;   {runtime_call DeoptimizationBlob}
  0x0000000119a056c8: 5e75 d117 | 0000 0000 
[/MachCode]


Compiled method (c1) 8741070  391       3       java.lang.invoke.DirectMethodHandle$Holder::invokeStatic (15 bytes)
 total in heap  [0x0000000111973390,0x0000000111973b18] = 1928
 relocation     [0x00000001119734e0,0x0000000111973550] = 112
 main code      [0x0000000111973580,0x00000001119739d0] = 1104
 stub code      [0x00000001119739d0,0x0000000111973a20] = 80
 metadata       [0x0000000111973a20,0x0000000111973a50] = 48
 scopes data    [0x0000000111973a50,0x0000000111973a90] = 64
 scopes pcs     [0x0000000111973a90,0x0000000111973b00] = 112
 dependencies   [0x0000000111973b00,0x0000000111973b08] = 8
 nul chk table  [0x0000000111973b08,0x0000000111973b18] = 16

[Constant Pool (empty)]

[MachCode]
[Verified Entry Point]
  # {method} {0x00000090000b50c8} 'invokeStatic' '(Ljava/lang/Object;Ljava/lang/Object;Ljava/lang/Object;)Ljava/lang/Object;' in 'java/lang/invoke/DirectMethodHandle$Holder'
  # parm0:    c_rarg1:c_rarg1 
                        = 'java/lang/Object'
  # parm1:    c_rarg2:c_rarg2 
                        = 'java/lang/Object'
  # parm2:    c_rarg3:c_rarg3 
                        = 'java/lang/Object'
  #           [sp+0x70]  (sp of caller)
  0x0000000111973580: c0a0 d315 | e953 40d1 | 3f01 00f9 | ffc3 01d1 | fd7b 06a9 | 2801 0018 | 8923 40b9 | 1f01 09eb 
  0x00000001119735a0: e000 0054 | 0830 8bd2 | c81c a3f2 | 2800 c0f2 | 0001 3fd6 | 0200 0014 | 0e00 0000 

  0x00000001119735bc: ;   {metadata(method data for {method} {0x00000090000b50c8} 'invokeStatic' '(Ljava/lang/Object;Ljava/lang/Object;Ljava/lang/Object;)Ljava/lang/Object;' in 'java/lang/invoke/DirectMethodHandle$Holder')}
  0x00000001119735bc: 00c5 9ed2 | 20a4 a4f2 | 2000 c0f2 | 0000 0891 | e403 01aa | a400 00b5 | 0900 40f9 | 2901 40b2 
  0x00000001119735dc: 0900 00f9 | 0b00 0014 | 8408 40b9 | 0412 c0f2 | 0900 40f9 | 8400 09ca | 88f4 7e92 | a800 00b4 
  0x00000001119735fc: 8400 0837 | 0900 40f9 | 2901 7fb2 | 0900 00f9 | e403 02aa | a400 00b5 | 0908 40f9 | 2901 40b2 
  0x000000011197361c: 0908 00f9 | 0b00 0014 | 8408 40b9 | 0412 c0f2 | 0908 40f9 | 8400 09ca | 88f4 7e92 | a800 00b4 
  0x000000011197363c: 8400 0837 | 0908 40f9 | 2901 7fb2 | 0908 00f9 

  0x000000011197364c: ;   {metadata(method data for {method} {0x00000090000b50c8} 'invokeStatic' '(Ljava/lang/Object;Ljava/lang/Object;Ljava/lang/Object;)Ljava/lang/Object;' in 'java/lang/invoke/DirectMethodHandle$Holder')}
  0x000000011197364c: 00c5 9ed2 | 20a4 a4f2 | 2000 c0f2 | 04ac 40b9 | 8408 0011 | 04ac 00b9 | 8424 1f12 | 9f00 0071 
  0x000000011197366c: a017 0054 

  0x0000000111973670: ;   {metadata(method data for {method} {0x00000090000b50c8} 'invokeStatic' '(Ljava/lang/Object;Ljava/lang/Object;Ljava/lang/Object;)Ljava/lang/Object;' in 'java/lang/invoke/DirectMethodHandle$Holder')}
  0x0000000111973670: 00c5 9ed2 | 20a4 a4f2 | 2000 c0f2 | 0000 0491 | e403 01aa | a400 00b5 | 0904 40f9 | 2901 40b2 
  0x0000000111973690: 0904 00f9 | 0b00 0014 | 8408 40b9 | 0412 c0f2 | 0904 40f9 | 8400 09ca | 88f4 7e92 | a800 00b4 
  0x00000001119736b0: 8400 0837 | 0904 40f9 | 2901 7fb2 | 0904 00f9 

  0x00000001119736c0: ;   {metadata(method data for {method} {0x00000090000b50c8} 'invokeStatic' '(Ljava/lang/Object;Ljava/lang/Object;Ljava/lang/Object;)Ljava/lang/Object;' in 'java/lang/invoke/DirectMethodHandle$Holder')}
  0x00000001119736c0: 00c5 9ed2 | 20a4 a4f2 | 2000 c0f2 | 0878 40f9 | 0805 0091 | 0878 00f9 

  0x00000001119736d8: ;   {metadata(method data for {method} {0x00000090000a34f0} 'internalMemberName' '(Ljava/lang/Object;)Ljava/lang/Object;' in 'java/lang/invoke/DirectMethodHandle')}
  0x00000001119736d8: 0059 9ed2 | 20a4 a4f2 | 2000 c0f2 | 04ac 40b9 | 8408 0011 | 04ac 00b9 | 844c 1f12 | 9f00 0071 
  0x00000001119736f8: 4014 0054 | 0101 00b5 

  0x0000000111973700: ;   {metadata(method data for {method} {0x00000090000a34f0} 'internalMemberName' '(Ljava/lang/Object;)Ljava/lang/Object;' in 'java/lang/invoke/DirectMethodHandle')}
  0x0000000111973700: 0659 9ed2 | 26a4 a4f2 | 2600 c0f2 | c8a4 4339 | 0801 40b2 | c8a4 0339 | 3700 0014 

  0x000000011197371c: ;   {metadata('java/lang/invoke/DirectMethodHandle')}
  0x000000011197371c: 058d 81d2 | 4501 a0f2 | 0512 c0f2 | 2608 40b9 | 0612 c0f2 | c820 40f9 | bf00 08eb | e104 0054 
  0x000000011197373c: ;   {metadata(method data for {method} {0x00000090000a34f0} 'internalMemberName' '(Ljava/lang/Object;)Ljava/lang/Object;' in 'java/lang/invoke/DirectMethodHandle')}
  0x000000011197373c: 0659 9ed2 | 26a4 a4f2 | 2600 c0f2 | 2508 40b9 | 0512 c0f2 | c900 0491 | 2801 40f9 | bf00 08eb 
  0x000000011197375c: a100 0054 | c884 40f9 | 0805 0091 | c884 00f9 | 2200 0014 | c940 0491 | 2801 40f9 | bf00 08eb 
  0x000000011197377c: a100 0054 | c88c 40f9 | 0805 0091 | c88c 00f9 | 1a00 0014 | c900 0491 | 2801 40f9 | c800 00b5 
  0x000000011197379c: 2501 00f9 | e803 40b2 | c920 0491 | 2801 00f9 | 1200 0014 | c940 0491 | 2801 40f9 | c800 00b5 
  0x00000001119737bc: 2501 00f9 | e803 40b2 | c960 0491 | 2801 00f9 | 0a00 0014 | 0900 0014 

  0x00000001119737d4: ;   {metadata(method data for {method} {0x00000090000a34f0} 'internalMemberName' '(Ljava/lang/Object;)Ljava/lang/Object;' in 'java/lang/invoke/DirectMethodHandle')}
  0x00000001119737d4: 0659 9ed2 | 26a4 a4f2 | 2600 c0f2 | c878 40f9 | 0805 00d1 | c878 00f9 | 6d00 0014 | 0100 0014 
  0x00000001119737f4: e003 01aa 

  0x00000001119737f8: ; implicit exception: dispatches to 0x00000001119739a8
  0x00000001119737f8: 0020 40b9 | 00f0 7dd3 

  0x0000000111973800: ;   {metadata(method data for {method} {0x00000090000b50c8} 'invokeStatic' '(Ljava/lang/Object;Ljava/lang/Object;Ljava/lang/Object;)Ljava/lang/Object;' in 'java/lang/invoke/DirectMethodHandle$Holder')}
  0x0000000111973800: 04c5 9ed2 | 24a4 a4f2 | 2400 c0f2 | 8440 0491 | e503 00aa | 8500 00b5 | 8900 40f9 | 2901 40b2 
  0x0000000111973820: 8900 00f9 

  0x0000000111973824: ;   {metadata(method data for {method} {0x00000090000b50c8} 'invokeStatic' '(Ljava/lang/Object;Ljava/lang/Object;Ljava/lang/Object;)Ljava/lang/Object;' in 'java/lang/invoke/DirectMethodHandle$Holder')}
  0x0000000111973824: 04c5 9ed2 | 24a4 a4f2 | 2400 c0f2 | 84a0 0591 | e503 02aa | a500 00b5 | 8904 40f9 | 2901 40b2 
  0x0000000111973844: 8904 00f9 | 0b00 0014 | a508 40b9 | 0512 c0f2 | 8904 40f9 | a500 09ca | a8f4 7e92 | a800 00b4 
  0x0000000111973864: 8500 0837 | 8904 40f9 | 2901 7fb2 | 8904 00f9 | e503 03aa | a500 00b5 | 890c 40f9 | 2901 40b2 
  0x0000000111973884: 890c 00f9 | 0b00 0014 | a508 40b9 | 0512 c0f2 | 890c 40f9 | a500 09ca | a8f4 7e92 | a800 00b4 
  0x00000001119738a4: 8500 0837 | 890c 40f9 | 2901 7fb2 | 890c 00f9 

  0x00000001119738b4: ;   {metadata(method data for {method} {0x00000090000b50c8} 'invokeStatic' '(Ljava/lang/Object;Ljava/lang/Object;Ljava/lang/Object;)Ljava/lang/Object;' in 'java/lang/invoke/DirectMethodHandle$Holder')}
  0x00000001119738b4: 04c5 9ed2 | 24a4 a4f2 | 2400 c0f2 | 88ac 40f9 | 0805 0091 | 88ac 00f9 | e123 00f9 | e103 02aa 
  0x00000001119738d4: e21f 00f9 | e203 03aa | e31b 00f9 | e303 00aa | e027 00f9 

  0x00000001119738e8: ; ImmutableOopMap {[48]=Oop [56]=Oop [64]=Oop [72]=Oop }
                      ;*invokestatic linkToStatic {reexecute=0 rethrow=0 return_oop=0}
                      ; - java.lang.invoke.DirectMethodHandle$Holder::invokeStatic@11
                      ;   {static_call}
  0x00000001119738e8: 260b e995 

  0x00000001119738ec: ;   {other}
  0x00000001119738ec: 1f20 03d5 | 9fab 80f2 | 1f00 80f2 

  0x00000001119738f8: ;   {metadata(method data for {method} {0x00000090000b50c8} 'invokeStatic' '(Ljava/lang/Object;Ljava/lang/Object;Ljava/lang/Object;)Ljava/lang/Object;' in 'java/lang/invoke/DirectMethodHandle$Holder')}
  0x00000001119738f8: 01c5 9ed2 | 21a4 a4f2 | 2100 c0f2 | 2120 0691 | e203 00aa | a200 00b5 | 2900 40f9 | 2901 40b2 
  0x0000000111973918: 2900 00f9 | 0b00 0014 | 4208 40b9 | 0212 c0f2 | 2900 40f9 | 4200 09ca | 48f4 7e92 | a800 00b4 
  0x0000000111973938: 8200 0837 | 2900 40f9 | 2901 7fb2 | 2900 00f9 | fd7b 46a9 | ffc3 0191 

  0x0000000111973950: ;   {poll_return}
  0x0000000111973950: 8827 42f9 | ff63 28eb | a802 0054 | c003 5fd6 

  0x0000000111973960: ;   {metadata({method} {0x00000090000b50c8} 'invokeStatic' '(Ljava/lang/Object;Ljava/lang/Object;Ljava/lang/Object;)Ljava/lang/Object;' in 'java/lang/invoke/DirectMethodHandle$Holder')}
  0x0000000111973960: 0819 8ad2 | 6801 a0f2 | 0812 c0f2 | e807 00f9 | 0800 8092 | e803 00f9 

  0x0000000111973978: ; ImmutableOopMap {c_rarg1=Oop c_rarg2=Oop c_rarg3=Oop }
                      ;*synchronization entry
                      ; - java.lang.invoke.DirectMethodHandle$Holder::invokeStatic@-1
                      ;   {runtime_call counter_overflow Runtime1 stub}
  0x0000000111973978: 8234 d795 | 3dff ff17 

  0x0000000111973980: ;   {metadata({method} {0x00000090000a34f0} 'internalMemberName' '(Ljava/lang/Object;)Ljava/lang/Object;' in 'java/lang/invoke/DirectMethodHandle')}
  0x0000000111973980: 089e 86d2 | 4801 a0f2 | 0812 c0f2 | e807 00f9 | 0800 8092 | e803 00f9 

  0x0000000111973998: ; ImmutableOopMap {c_rarg1=Oop c_rarg2=Oop c_rarg3=Oop }
                      ;*synchronization entry
                      ; - java.lang.invoke.DirectMethodHandle::internalMemberName@-1 (line 327)
                      ; - java.lang.invoke.DirectMethodHandle$Holder::invokeStatic@1
                      ;   {runtime_call counter_overflow Runtime1 stub}
  0x0000000111973998: 7a34 d795 | 58ff ff17 | e803 01aa 

  0x00000001119739a4: ; ImmutableOopMap {c_rarg1=Oop c_rarg2=Oop c_rarg3=Oop }
                      ;*checkcast {reexecute=0 rethrow=0 return_oop=0}
                      ; - java.lang.invoke.DirectMethodHandle::internalMemberName@1 (line 327)
                      ; - java.lang.invoke.DirectMethodHandle$Holder::invokeStatic@1
                      ;   {runtime_call throw_class_cast_exception Runtime1 stub}
  0x00000001119739a4: d729 d795 

  0x00000001119739a8: ; ImmutableOopMap {c_rarg1=Oop c_rarg2=Oop c_rarg3=Oop }
                      ;*getfield member {reexecute=1 rethrow=0 return_oop=0}
                      ; - (reexecute) java.lang.invoke.DirectMethodHandle::internalMemberName@4 (line 327)
                      ; - java.lang.invoke.DirectMethodHandle$Holder::invokeStatic@1
                      ;   {runtime_call throw_null_pointer_exception Runtime1 stub}
  0x00000001119739a8: d620 d795 

  0x00000001119739ac: ;   {internal_word}
  0x00000001119739ac: 28fd ff10 | 8833 02f9 

  0x00000001119739b4: ;   {runtime_call SafepointBlob}
  0x00000001119739b4: d3bb d315 | 807f 42f9 | 9f7f 02f9 | 9f83 02f9 | fd7b 46a9 | ffc3 0191 

  0x00000001119739cc: ;   {runtime_call unwind_exception Runtime1 stub}
  0x00000001119739cc: 2d1c d715 
[Stub Code]
  0x00000001119739d0: ;   {no_reloc}
  0x00000001119739d0: 4800 0058 | 0001 1fd6 | 8065 3b19 | 0100 0000 

  0x00000001119739e0: ;   {static_stub}
  0x00000001119739e0: df3f 03d5 

  0x00000001119739e4: ;   {metadata(nullptr)}
  0x00000001119739e4: 0c00 80d2 | 0c00 a0f2 | 0c00 c0f2 | 0800 80d2 | 0800 a0f2 | 0800 c0f2 | 0001 1fd6 
[Exception Handler]
  0x0000000111973a00: ;   {runtime_call handle_exception_from_callee Runtime1 stub}
  0x0000000111973a00: 4028 d795 | c1d5 bbd4 | ec16 c808 | 0100 0000 
[Deopt Handler Code]
  0x0000000111973a10: 1e00 0010 

  0x0000000111973a14: ;   {runtime_call DeoptimizationBlob}
  0x0000000111973a14: 8bbc d315 
[Deopt MH Handler Code]
  0x0000000111973a18: 1e00 0010 

  0x0000000111973a1c: ;   {runtime_call DeoptimizationBlob}
  0x0000000111973a1c: 89bc d315 
[/MachCode]


---------------  P R O C E S S  ---------------

Threads class SMR info:
_java_thread_list=0x00000009a2e0cbc0, length=51, elements={
0x0000000102bc9420, 0x0000000102bdffa0, 0x000000099cd30000, 0x000000099cd30700,
0x000000099cd30e00, 0x000000099cd31500, 0x000000099d13c000, 0x000000099d13c800,
0x000000099cd31c00, 0x000000099cd32300, 0x000000099cd32a00, 0x000000099cd33100,
0x000000099cd80700, 0x000000099cd98700, 0x000000099a8dc700, 0x000000099a922a00,
0x000000099a980700, 0x000000099a982a00, 0x000000099abb4e00, 0x000000099a058700,
0x000000099a0eaa00, 0x000000099b4d0700, 0x000000099a3fc700, 0x00000009994a4700,
0x0000000998cd1c00, 0x0000000998cd3100, 0x000000099b573100, 0x0000000998ae8700,
0x0000000998aeaa00, 0x00000009986c4700, 0x0000000998770700, 0x000000099871c700,
0x0000000998798000, 0x0000000998798700, 0x0000000998798e00, 0x0000000998799500,
0x0000000998799c00, 0x000000099879a300, 0x00000009987ec700, 0x0000000997d54e00,
0x0000000997d57100, 0x0000000997dc8000, 0x0000000996df4e00, 0x0000000996df7100,
0x0000000996df7800, 0x0000000996fe0700, 0x0000000996fe2300, 0x000000099b78d500,
0x000000099b78dc00, 0x000000099b78c000, 0x000000099859ce00
}

Java Threads: ( => current thread )
=>0x0000000102bc9420 JavaThread "main"                              [_thread_in_native, id=259, stack(0x000000016d078000,0x000000016d874000) (8176K)]
  0x0000000102bdffa0 JavaThread "Reference Handler"          daemon [_thread_blocked, id=24835, stack(0x000000016e870000,0x000000016ea73000) (2060K)]
  0x000000099cd30000 JavaThread "Finalizer"                  daemon [_thread_blocked, id=30723, stack(0x000000016ea7c000,0x000000016ec7f000) (2060K)]
  0x000000099cd30700 JavaThread "Signal Dispatcher"          daemon [_thread_blocked, id=25347, stack(0x000000016ec88000,0x000000016ee8b000) (2060K)]
  0x000000099cd30e00 JavaThread "Service Thread"             daemon [_thread_blocked, id=25859, stack(0x000000016ee94000,0x000000016f097000) (2060K)]
  0x000000099cd31500 JavaThread "Monitor Deflation Thread"   daemon [_thread_blocked, id=30211, stack(0x000000016f0a0000,0x000000016f2a3000) (2060K)]
  0x000000099d13c000 JavaThread "C2 CompilerThread0"         daemon [_thread_blocked, id=29699, stack(0x000000016f2ac000,0x000000016f4af000) (2060K)]
  0x000000099d13c800 JavaThread "C1 CompilerThread0"         daemon [_thread_blocked, id=26371, stack(0x000000016f4b8000,0x000000016f6bb000) (2060K)]
  0x000000099cd31c00 JavaThread "Common-Cleaner"             daemon [_thread_blocked, id=26883, stack(0x000000016f6c4000,0x000000016f8c7000) (2060K)]
  0x000000099cd32300 JavaThread "JDWP Transport Listener: dt_socket" daemon [_thread_blocked, id=28931, stack(0x000000016f8d0000,0x000000016fad3000) (2060K)]
  0x000000099cd32a00 JavaThread "JDWP Event Helper Thread"   daemon [_thread_blocked, id=28419, stack(0x000000016fadc000,0x000000016fcdf000) (2060K)]
  0x000000099cd33100 JavaThread "JDWP Command Reader"        daemon [_thread_in_native, id=27139, stack(0x000000016fce8000,0x000000016feeb000) (2060K)]
  0x000000099cd80700 JavaThread "IntelliJ Suspend Helper"    daemon [_thread_blocked, id=27907, stack(0x000000016fef4000,0x00000001700f7000) (2060K)]
  0x000000099cd98700 JavaThread "Notification Thread"        daemon [_thread_blocked, id=32771, stack(0x0000000170100000,0x0000000170303000) (2060K)]
  0x000000099a8dc700 JavaThread "Active Thread: Equinox Container: 33edc09f-7ce0-497d-8ce4-ac8b746a3565"        [_thread_blocked, id=35075, stack(0x0000000171784000,0x0000000171987000) (2060K)]
  0x000000099a922a00 JavaThread "Framework Event Dispatcher: Equinox Container: 33edc09f-7ce0-497d-8ce4-ac8b746a3565" daemon [_thread_blocked, id=35587, stack(0x0000000171990000,0x0000000171b93000) (2060K)]
  0x000000099a980700 JavaThread "Start Level: Equinox Container: 33edc09f-7ce0-497d-8ce4-ac8b746a3565" daemon [_thread_blocked, id=35843, stack(0x0000000171b9c000,0x0000000171d9f000) (2060K)]
  0x000000099a982a00 JavaThread "SCR Component Actor"        daemon [_thread_blocked, id=39427, stack(0x0000000171da8000,0x0000000171fab000) (2060K)]
  0x000000099abb4e00 JavaThread "Bundle File Closer"         daemon [_thread_blocked, id=38659, stack(0x00000001721c0000,0x00000001723c3000) (2060K)]
  0x000000099a058700 JavaThread "EMF Reference Cleaner"      daemon [_thread_blocked, id=36355, stack(0x00000001723cc000,0x00000001725cf000) (2060K)]
  0x000000099a0eaa00 JavaThread "Gogo shell"                        [_thread_blocked, id=36867, stack(0x00000001725d8000,0x00000001727db000) (2060K)]
  0x000000099b4d0700 JavaThread "Worker-JM"                         [_thread_blocked, id=38163, stack(0x00000001727e4000,0x00000001729e7000) (2060K)]
  0x000000099a3fc700 JavaThread "Database navigator events processor"        [_thread_blocked, id=33555, stack(0x0000000170518000,0x000000017071b000) (2060K)]
  0x00000009994a4700 JavaThread "Worker-1"                          [_thread_blocked, id=67843, stack(0x000000017030c000,0x000000017050f000) (2060K)]
  0x0000000998cd1c00 JavaThread "Worker-2"                          [_thread_blocked, id=68611, stack(0x0000000172f20000,0x0000000173123000) (2060K)]
  0x0000000998cd3100 JavaThread "Worker-3"                          [_thread_blocked, id=68867, stack(0x000000017312c000,0x000000017332f000) (2060K)]
  0x000000099b573100 JavaThread "SWTResourceTracker"         daemon [_thread_blocked, id=68103, stack(0x0000000172d14000,0x0000000172f17000) (2060K)]
  0x0000000998ae8700 JavaThread "Java2D Queue Flusher"       daemon [_thread_blocked, id=89859, stack(0x0000000173338000,0x000000017353b000) (2060K)]
  0x0000000998aeaa00 JavaThread "Java2D Disposer"            daemon [_thread_blocked, id=129283, stack(0x000000017418c000,0x000000017438f000) (2060K)]
  0x00000009986c4700 JavaThread "TE Desktop WebSocket Thread"        [_thread_blocked, id=84835, stack(0x00000001745c8000,0x00000001747cb000) (2060K)]
  0x0000000998770700 JavaThread "WebSocket@1772216119-70"           [_thread_blocked, id=119827, stack(0x00000001749e0000,0x0000000174be3000) (2060K)]
  0x000000099871c700 JavaThread "WebSocket@1772216119-71"           [_thread_blocked, id=88595, stack(0x0000000174bec000,0x0000000174def000) (2060K)]
  0x0000000998798000 JavaThread "WebSocket@1772216119-72"           [_thread_blocked, id=91155, stack(0x0000000174df8000,0x0000000174ffb000) (2060K)]
  0x0000000998798700 JavaThread "WebSocket@1772216119-73"           [_thread_in_native, id=101147, stack(0x0000000175004000,0x0000000175207000) (2060K)]
  0x0000000998798e00 JavaThread "WebSocket@1772216119-74"           [_thread_blocked, id=118755, stack(0x0000000175210000,0x0000000175413000) (2060K)]
  0x0000000998799500 JavaThread "WebSocket@1772216119-75"           [_thread_blocked, id=100367, stack(0x000000017541c000,0x000000017561f000) (2060K)]
  0x0000000998799c00 JavaThread "WebSocket@1772216119-76"           [_thread_blocked, id=101891, stack(0x0000000175628000,0x000000017582b000) (2060K)]
  0x000000099879a300 JavaThread "WebSocket@1772216119-77"           [_thread_blocked, id=117507, stack(0x0000000175834000,0x0000000175a37000) (2060K)]
  0x00000009987ec700 JavaThread "HttpClient@3aa26901-scheduler-1"        [_thread_blocked, id=116995, stack(0x0000000175a40000,0x0000000175c43000) (2060K)]
  0x0000000997d54e00 JavaThread "Worker-4"                          [_thread_blocked, id=102435, stack(0x0000000175c4c000,0x0000000175e4f000) (2060K)]
  0x0000000997d57100 JavaThread "idle-timeout-task"          daemon [_thread_blocked, id=103683, stack(0x0000000176270000,0x0000000176473000) (2060K)]
  0x0000000997dc8000 JavaThread "HTTP-Dispatcher"                   [_thread_in_native, id=116483, stack(0x000000017647c000,0x000000017667f000) (2060K)]
  0x0000000996df4e00 JavaThread "EventAdmin Async Event Dispatcher Thread" daemon [_thread_blocked, id=106779, stack(0x000000017f490000,0x000000017f693000) (2060K)]
  0x0000000996df7100 JavaThread "pool-2-thread-1"                   [_thread_blocked, id=107011, stack(0x000000017f69c000,0x000000017f89f000) (2060K)]
  0x0000000996df7800 JavaThread "pool-3-thread-1"                   [_thread_blocked, id=111875, stack(0x000000017fd34000,0x000000017ff37000) (2060K)]
  0x0000000996fe0700 JavaThread "Timer-0"                    daemon [_thread_blocked, id=136211, stack(0x000000017f228000,0x000000017f42b000) (2060K)]
  0x0000000996fe2300 JavaThread "Worker-5"                          [_thread_blocked, id=162571, stack(0x000000030e8bc000,0x000000030eabf000) (2060K)]
  0x000000099b78d500 JavaThread "Worker-6"                          [_thread_blocked, id=169279, stack(0x00000001736e8000,0x00000001738eb000) (2060K)]
  0x000000099b78dc00 JavaThread "Worker-7"                          [_thread_blocked, id=103035, stack(0x00000001738f4000,0x0000000173af7000) (2060K)]
  0x000000099b78c000 JavaThread "Worker-8"                          [_thread_blocked, id=141915, stack(0x0000000173b00000,0x0000000173d03000) (2060K)]
  0x000000099859ce00 JavaThread "SCR Component Registry"     daemon [_thread_blocked, id=82771, stack(0x0000000173d98000,0x0000000173f9b000) (2060K)]
Total: 51

Other Threads:
  0x000000099cc9e400 VMThread "VM Thread"                           [id=20227, stack(0x000000016e54c000,0x000000016e74f000) (2060K)]
  0x0000000102bd7550 WatcherThread "VM Periodic Task Thread"        [id=21507, stack(0x000000016e340000,0x000000016e543000) (2060K)]
  0x0000000102bd08c0 WorkerThread "GC Thread#0"                     [id=14851, stack(0x000000016d904000,0x000000016db07000) (2060K)]
  0x000000099b47a800 WorkerThread "GC Thread#1"                     [id=43011, stack(0x0000000170724000,0x0000000170927000) (2060K)]
  0x000000099b47ac00 WorkerThread "GC Thread#2"                     [id=34307, stack(0x0000000170930000,0x0000000170b33000) (2060K)]
  0x000000099b47b000 WorkerThread "GC Thread#3"                     [id=42499, stack(0x0000000170b3c000,0x0000000170d3f000) (2060K)]
  0x000000099b47b400 WorkerThread "GC Thread#4"                     [id=41987, stack(0x0000000170d48000,0x0000000170f4b000) (2060K)]
  0x000000099b47b800 WorkerThread "GC Thread#5"                     [id=34563, stack(0x0000000170f54000,0x0000000171157000) (2060K)]
  0x000000099b47bc00 WorkerThread "GC Thread#6"                     [id=41219, stack(0x0000000171160000,0x0000000171363000) (2060K)]
  0x000000099cfec000 WorkerThread "GC Thread#7"                     [id=40707, stack(0x000000017136c000,0x000000017156f000) (2060K)]
  0x000000099cfec400 WorkerThread "GC Thread#8"                     [id=40451, stack(0x0000000171578000,0x000000017177b000) (2060K)]
  0x0000000102bd1550 ConcurrentGCThread "G1 Main Marker"            [id=12291, stack(0x000000016db10000,0x000000016dd13000) (2060K)]
  0x000000099cc9c000 WorkerThread "G1 Conc#0"                       [id=13315, stack(0x000000016dd1c000,0x000000016df1f000) (2060K)]
  0x000000099a2c0c00 WorkerThread "G1 Conc#1"                       [id=37391, stack(0x00000001729f0000,0x0000000172bf3000) (2060K)]
  0x000000099cc9c800 ConcurrentGCThread "G1 Refine#0"               [id=14083, stack(0x000000016df28000,0x000000016e12b000) (2060K)]
  0x000000099cc9d000 ConcurrentGCThread "G1 Service"                [id=13827, stack(0x000000016e134000,0x000000016e337000) (2060K)]
Total: 16

Threads with active compile tasks:
Total: 0

VM state: not at safepoint (normal execution)

VM Mutex/Monitor currently owned by a thread: None

Heap address: 0x000000052a800000, size: 2048 MB, Compressed Oops mode: Zero based, Oop shift amount: 3

CDS archive(s) mapped at: [0x0000009000000000-0x0000009000c9c000-0x0000009000c9c000), size 13221888, SharedBaseAddress: 0x0000009000000000, ArchiveRelocationMode: 1.
Compressed class space mapped at: 0x0000009001000000-0x0000009041000000, reserved size: 1073741824
Narrow klass base: 0x0000009000000000, Narrow klass shift: 0, Narrow klass range: 0x100000000

GC Precious Log:
 CardTable entry size: 512
 Card Set container configuration: InlinePtr #cards 5 size 8 Array Of Cards #cards 12 size 40 Howl #buckets 4 coarsen threshold 1843 Howl Bitmap #cards 512 size 80 coarsen threshold 460 Card regions per heap region 1 cards per card region 2048
 CPUs: 10 total, 10 available
 Memory: 16384M
 Large Page Support: Disabled
 NUMA Support: Disabled
 Compressed Oops: Enabled (Zero based)
 Heap Region Size: 1M
 Heap Min Capacity: 128M
 Heap Initial Capacity: 128M
 Heap Max Capacity: 2G
 Pre-touch: Disabled
 Parallel Workers: 9
 Concurrent Workers: 2
 Concurrent Refinement Workers: 9
 Periodic GC: Disabled

Heap:
 garbage-first heap   total 163840K, used 104907K [0x000000052a800000, 0x00000005aa800000)
  region size 1024K, 39 young (39936K), 3 survivors (3072K)
 Metaspace       used 98790K, committed 101056K, reserved 1179648K
  class space    used 11482K, committed 12480K, reserved 1048576K

Heap Regions: E=young(eden), S=young(survivor), O=old, HS=humongous(starts), HC=humongous(continues), CS=collection set, F=free, TAMS=top-at-mark-start, PB=parsable bottom
|   0|0x000000052a800000, 0x000000052a900000, 0x000000052a900000|100%| O|  |TAMS 0x000000052a800000| PB 0x000000052a800000| Untracked 
|   1|0x000000052a900000, 0x000000052aa00000, 0x000000052aa00000|100%| O|  |TAMS 0x000000052a900000| PB 0x000000052a900000| Untracked 
|   2|0x000000052aa00000, 0x000000052ab00000, 0x000000052ab00000|100%| O|  |TAMS 0x000000052aa00000| PB 0x000000052aa00000| Untracked 
|   3|0x000000052ab00000, 0x000000052ac00000, 0x000000052ac00000|100%| O|  |TAMS 0x000000052ab00000| PB 0x000000052ab00000| Untracked 
|   4|0x000000052ac00000, 0x000000052ad00000, 0x000000052ad00000|100%| O|  |TAMS 0x000000052ac00000| PB 0x000000052ac00000| Untracked 
|   5|0x000000052ad00000, 0x000000052ae00000, 0x000000052ae00000|100%| O|  |TAMS 0x000000052ad00000| PB 0x000000052ad00000| Untracked 
|   6|0x000000052ae00000, 0x000000052af00000, 0x000000052af00000|100%| O|  |TAMS 0x000000052ae00000| PB 0x000000052ae00000| Untracked 
|   7|0x000000052af00000, 0x000000052b000000, 0x000000052b000000|100%| O|  |TAMS 0x000000052af00000| PB 0x000000052af00000| Untracked 
|   8|0x000000052b000000, 0x000000052b100000, 0x000000052b100000|100%| O|  |TAMS 0x000000052b000000| PB 0x000000052b000000| Untracked 
|   9|0x000000052b100000, 0x000000052b200000, 0x000000052b200000|100%| O|  |TAMS 0x000000052b100000| PB 0x000000052b100000| Untracked 
|  10|0x000000052b200000, 0x000000052b300000, 0x000000052b300000|100%| O|  |TAMS 0x000000052b200000| PB 0x000000052b200000| Untracked 
|  11|0x000000052b300000, 0x000000052b400000, 0x000000052b400000|100%| O|  |TAMS 0x000000052b300000| PB 0x000000052b300000| Untracked 
|  12|0x000000052b400000, 0x000000052b500000, 0x000000052b500000|100%| O|  |TAMS 0x000000052b400000| PB 0x000000052b400000| Untracked 
|  13|0x000000052b500000, 0x000000052b500000, 0x000000052b600000|  0%| F|  |TAMS 0x000000052b500000| PB 0x000000052b500000| Untracked 
|  14|0x000000052b600000, 0x000000052b700000, 0x000000052b700000|100%| O|  |TAMS 0x000000052b600000| PB 0x000000052b600000| Untracked 
|  15|0x000000052b700000, 0x000000052b800000, 0x000000052b800000|100%| O|  |TAMS 0x000000052b700000| PB 0x000000052b700000| Untracked 
|  16|0x000000052b800000, 0x000000052b900000, 0x000000052b900000|100%| O|  |TAMS 0x000000052b800000| PB 0x000000052b800000| Untracked 
|  17|0x000000052b900000, 0x000000052b900000, 0x000000052ba00000|  0%| F|  |TAMS 0x000000052b900000| PB 0x000000052b900000| Untracked 
|  18|0x000000052ba00000, 0x000000052bb00000, 0x000000052bb00000|100%| O|  |TAMS 0x000000052ba00000| PB 0x000000052ba00000| Untracked 
|  19|0x000000052bb00000, 0x000000052bb00000, 0x000000052bc00000|  0%| F|  |TAMS 0x000000052bb00000| PB 0x000000052bb00000| Untracked 
|  20|0x000000052bc00000, 0x000000052bc00000, 0x000000052bd00000|  0%| F|  |TAMS 0x000000052bc00000| PB 0x000000052bc00000| Untracked 
|  21|0x000000052bd00000, 0x000000052bd00000, 0x000000052be00000|  0%| F|  |TAMS 0x000000052bd00000| PB 0x000000052bd00000| Untracked 
|  22|0x000000052be00000, 0x000000052bf00000, 0x000000052bf00000|100%| O|  |TAMS 0x000000052be00000| PB 0x000000052be00000| Untracked 
|  23|0x000000052bf00000, 0x000000052c000000, 0x000000052c000000|100%| O|  |TAMS 0x000000052bf00000| PB 0x000000052bf00000| Untracked 
|  24|0x000000052c000000, 0x000000052c100000, 0x000000052c100000|100%| O|  |TAMS 0x000000052c000000| PB 0x000000052c000000| Untracked 
|  25|0x000000052c100000, 0x000000052c100000, 0x000000052c200000|  0%| F|  |TAMS 0x000000052c100000| PB 0x000000052c100000| Untracked 
|  26|0x000000052c200000, 0x000000052c300000, 0x000000052c300000|100%| O|  |TAMS 0x000000052c200000| PB 0x000000052c200000| Untracked 
|  27|0x000000052c300000, 0x000000052c400000, 0x000000052c400000|100%| O|  |TAMS 0x000000052c300000| PB 0x000000052c300000| Untracked 
|  28|0x000000052c400000, 0x000000052c500000, 0x000000052c500000|100%| O|  |TAMS 0x000000052c400000| PB 0x000000052c400000| Untracked 
|  29|0x000000052c500000, 0x000000052c600000, 0x000000052c600000|100%| O|  |TAMS 0x000000052c500000| PB 0x000000052c500000| Untracked 
|  30|0x000000052c600000, 0x000000052c600000, 0x000000052c700000|  0%| F|  |TAMS 0x000000052c600000| PB 0x000000052c600000| Untracked 
|  31|0x000000052c700000, 0x000000052c800000, 0x000000052c800000|100%| O|  |TAMS 0x000000052c700000| PB 0x000000052c700000| Untracked 
|  32|0x000000052c800000, 0x000000052c900000, 0x000000052c900000|100%| O|  |TAMS 0x000000052c800000| PB 0x000000052c800000| Untracked 
|  33|0x000000052c900000, 0x000000052ca00000, 0x000000052ca00000|100%| O|  |TAMS 0x000000052c900000| PB 0x000000052c900000| Untracked 
|  34|0x000000052ca00000, 0x000000052cb00000, 0x000000052cb00000|100%| O|  |TAMS 0x000000052ca00000| PB 0x000000052ca00000| Untracked 
|  35|0x000000052cb00000, 0x000000052cc00000, 0x000000052cc00000|100%| O|  |TAMS 0x000000052cb00000| PB 0x000000052cb00000| Untracked 
|  36|0x000000052cc00000, 0x000000052cd00000, 0x000000052cd00000|100%| O|  |TAMS 0x000000052cc00000| PB 0x000000052cc00000| Untracked 
|  37|0x000000052cd00000, 0x000000052ce00000, 0x000000052ce00000|100%| O|  |TAMS 0x000000052cd00000| PB 0x000000052cd00000| Untracked 
|  38|0x000000052ce00000, 0x000000052cf00000, 0x000000052cf00000|100%| O|  |TAMS 0x000000052ce00000| PB 0x000000052ce00000| Untracked 
|  39|0x000000052cf00000, 0x000000052cf00000, 0x000000052d000000|  0%| F|  |TAMS 0x000000052cf00000| PB 0x000000052cf00000| Untracked 
|  40|0x000000052d000000, 0x000000052d100000, 0x000000052d100000|100%| O|  |TAMS 0x000000052d000000| PB 0x000000052d000000| Untracked 
|  41|0x000000052d100000, 0x000000052d200000, 0x000000052d200000|100%| O|  |TAMS 0x000000052d100000| PB 0x000000052d100000| Untracked 
|  42|0x000000052d200000, 0x000000052d300000, 0x000000052d300000|100%| O|  |TAMS 0x000000052d200000| PB 0x000000052d200000| Untracked 
|  43|0x000000052d300000, 0x000000052d400000, 0x000000052d400000|100%| O|  |TAMS 0x000000052d300000| PB 0x000000052d300000| Untracked 
|  44|0x000000052d400000, 0x000000052d500000, 0x000000052d500000|100%| O|  |TAMS 0x000000052d400000| PB 0x000000052d400000| Untracked 
|  45|0x000000052d500000, 0x000000052d600000, 0x000000052d600000|100%| O|  |TAMS 0x000000052d500000| PB 0x000000052d500000| Untracked 
|  46|0x000000052d600000, 0x000000052d700000, 0x000000052d700000|100%| O|  |TAMS 0x000000052d600000| PB 0x000000052d600000| Untracked 
|  47|0x000000052d700000, 0x000000052d800000, 0x000000052d800000|100%| O|  |TAMS 0x000000052d700000| PB 0x000000052d700000| Untracked 
|  48|0x000000052d800000, 0x000000052d900000, 0x000000052d900000|100%| O|  |TAMS 0x000000052d800000| PB 0x000000052d800000| Untracked 
|  49|0x000000052d900000, 0x000000052da00000, 0x000000052da00000|100%| O|  |TAMS 0x000000052d900000| PB 0x000000052d900000| Untracked 
|  50|0x000000052da00000, 0x000000052db00000, 0x000000052db00000|100%| O|  |TAMS 0x000000052da00000| PB 0x000000052da00000| Untracked 
|  51|0x000000052db00000, 0x000000052db00000, 0x000000052dc00000|  0%| F|  |TAMS 0x000000052db00000| PB 0x000000052db00000| Untracked 
|  52|0x000000052dc00000, 0x000000052dd00000, 0x000000052dd00000|100%| O|  |TAMS 0x000000052dc00000| PB 0x000000052dc00000| Untracked 
|  53|0x000000052dd00000, 0x000000052de00000, 0x000000052de00000|100%| O|  |TAMS 0x000000052dd00000| PB 0x000000052dd00000| Untracked 
|  54|0x000000052de00000, 0x000000052de00000, 0x000000052df00000|  0%| F|  |TAMS 0x000000052de00000| PB 0x000000052de00000| Untracked 
|  55|0x000000052df00000, 0x000000052e000000, 0x000000052e000000|100%| O|  |TAMS 0x000000052df00000| PB 0x000000052df00000| Untracked 
|  56|0x000000052e000000, 0x000000052e100000, 0x000000052e100000|100%| O|  |TAMS 0x000000052e000000| PB 0x000000052e000000| Untracked 
|  57|0x000000052e100000, 0x000000052e200000, 0x000000052e200000|100%| O|  |TAMS 0x000000052e100000| PB 0x000000052e100000| Untracked 
|  58|0x000000052e200000, 0x000000052e300000, 0x000000052e300000|100%| O|  |TAMS 0x000000052e200000| PB 0x000000052e200000| Untracked 
|  59|0x000000052e300000, 0x000000052e400000, 0x000000052e400000|100%| O|  |TAMS 0x000000052e300000| PB 0x000000052e300000| Untracked 
|  60|0x000000052e400000, 0x000000052e400000, 0x000000052e500000|  0%| F|  |TAMS 0x000000052e400000| PB 0x000000052e400000| Untracked 
|  61|0x000000052e500000, 0x000000052e500000, 0x000000052e600000|  0%| F|  |TAMS 0x000000052e500000| PB 0x000000052e500000| Untracked 
|  62|0x000000052e600000, 0x000000052e700000, 0x000000052e700000|100%| O|  |TAMS 0x000000052e600000| PB 0x000000052e600000| Untracked 
|  63|0x000000052e700000, 0x000000052e800000, 0x000000052e800000|100%| O|  |TAMS 0x000000052e700000| PB 0x000000052e700000| Untracked 
|  64|0x000000052e800000, 0x000000052e900000, 0x000000052e900000|100%| O|  |TAMS 0x000000052e800000| PB 0x000000052e800000| Untracked 
|  65|0x000000052e900000, 0x000000052ea00000, 0x000000052ea00000|100%| O|  |TAMS 0x000000052e900000| PB 0x000000052e900000| Untracked 
|  66|0x000000052ea00000, 0x000000052eb00000, 0x000000052eb00000|100%| O|  |TAMS 0x000000052ea00000| PB 0x000000052ea00000| Untracked 
|  67|0x000000052eb00000, 0x000000052ec00000, 0x000000052ec00000|100%| O|  |TAMS 0x000000052eb00000| PB 0x000000052eb00000| Untracked 
|  68|0x000000052ec00000, 0x000000052ed00000, 0x000000052ed00000|100%| O|  |TAMS 0x000000052ec00000| PB 0x000000052ec00000| Untracked 
|  69|0x000000052ed00000, 0x000000052ee00000, 0x000000052ee00000|100%| O|  |TAMS 0x000000052ed00000| PB 0x000000052ed00000| Untracked 
|  70|0x000000052ee00000, 0x000000052eeece50, 0x000000052ef00000| 92%| O|  |TAMS 0x000000052ee00000| PB 0x000000052ee00000| Untracked 
|  71|0x000000052ef00000, 0x000000052ef860a0, 0x000000052f000000| 52%| S|CS|TAMS 0x000000052ef00000| PB 0x000000052ef00000| Complete 
|  72|0x000000052f000000, 0x000000052f100000, 0x000000052f100000|100%| S|CS|TAMS 0x000000052f000000| PB 0x000000052f000000| Complete 
|  73|0x000000052f100000, 0x000000052f100000, 0x000000052f200000|  0%| F|  |TAMS 0x000000052f100000| PB 0x000000052f100000| Untracked 
|  74|0x000000052f200000, 0x000000052f300000, 0x000000052f300000|100%| O|  |TAMS 0x000000052f200000| PB 0x000000052f200000| Untracked 
|  75|0x000000052f300000, 0x000000052f300000, 0x000000052f400000|  0%| F|  |TAMS 0x000000052f300000| PB 0x000000052f300000| Untracked 
|  76|0x000000052f400000, 0x000000052f400000, 0x000000052f500000|  0%| F|  |TAMS 0x000000052f400000| PB 0x000000052f400000| Untracked 
|  77|0x000000052f500000, 0x000000052f600000, 0x000000052f600000|100%| S|CS|TAMS 0x000000052f500000| PB 0x000000052f500000| Complete 
|  78|0x000000052f600000, 0x000000052f600000, 0x000000052f700000|  0%| F|  |TAMS 0x000000052f600000| PB 0x000000052f600000| Untracked 
|  79|0x000000052f700000, 0x000000052f700000, 0x000000052f800000|  0%| F|  |TAMS 0x000000052f700000| PB 0x000000052f700000| Untracked 
|  80|0x000000052f800000, 0x000000052f800000, 0x000000052f900000|  0%| F|  |TAMS 0x000000052f800000| PB 0x000000052f800000| Untracked 
|  81|0x000000052f900000, 0x000000052f900000, 0x000000052fa00000|  0%| F|  |TAMS 0x000000052f900000| PB 0x000000052f900000| Untracked 
|  82|0x000000052fa00000, 0x000000052fa00000, 0x000000052fb00000|  0%| F|  |TAMS 0x000000052fa00000| PB 0x000000052fa00000| Untracked 
|  83|0x000000052fb00000, 0x000000052fb00000, 0x000000052fc00000|  0%| F|  |TAMS 0x000000052fb00000| PB 0x000000052fb00000| Untracked 
|  84|0x000000052fc00000, 0x000000052fc00000, 0x000000052fd00000|  0%| F|  |TAMS 0x000000052fc00000| PB 0x000000052fc00000| Untracked 
|  85|0x000000052fd00000, 0x000000052fd00000, 0x000000052fe00000|  0%| F|  |TAMS 0x000000052fd00000| PB 0x000000052fd00000| Untracked 
|  86|0x000000052fe00000, 0x000000052fe00000, 0x000000052ff00000|  0%| F|  |TAMS 0x000000052fe00000| PB 0x000000052fe00000| Untracked 
|  87|0x000000052ff00000, 0x000000052ff00000, 0x0000000530000000|  0%| F|  |TAMS 0x000000052ff00000| PB 0x000000052ff00000| Untracked 
|  88|0x0000000530000000, 0x0000000530000000, 0x0000000530100000|  0%| F|  |TAMS 0x0000000530000000| PB 0x0000000530000000| Untracked 
|  89|0x0000000530100000, 0x0000000530100000, 0x0000000530200000|  0%| F|  |TAMS 0x0000000530100000| PB 0x0000000530100000| Untracked 
|  90|0x0000000530200000, 0x0000000530200000, 0x0000000530300000|  0%| F|  |TAMS 0x0000000530200000| PB 0x0000000530200000| Untracked 
|  91|0x0000000530300000, 0x0000000530300000, 0x0000000530400000|  0%| F|  |TAMS 0x0000000530300000| PB 0x0000000530300000| Untracked 
|  92|0x0000000530400000, 0x0000000530400000, 0x0000000530500000|  0%| F|  |TAMS 0x0000000530400000| PB 0x0000000530400000| Untracked 
|  93|0x0000000530500000, 0x0000000530500000, 0x0000000530600000|  0%| F|  |TAMS 0x0000000530500000| PB 0x0000000530500000| Untracked 
|  94|0x0000000530600000, 0x0000000530600000, 0x0000000530700000|  0%| F|  |TAMS 0x0000000530600000| PB 0x0000000530600000| Untracked 
|  95|0x0000000530700000, 0x0000000530700000, 0x0000000530800000|  0%| F|  |TAMS 0x0000000530700000| PB 0x0000000530700000| Untracked 
|  96|0x0000000530800000, 0x0000000530800000, 0x0000000530900000|  0%| F|  |TAMS 0x0000000530800000| PB 0x0000000530800000| Untracked 
|  97|0x0000000530900000, 0x0000000530900000, 0x0000000530a00000|  0%| F|  |TAMS 0x0000000530900000| PB 0x0000000530900000| Untracked 
|  98|0x0000000530a00000, 0x0000000530a00000, 0x0000000530b00000|  0%| F|  |TAMS 0x0000000530a00000| PB 0x0000000530a00000| Untracked 
|  99|0x0000000530b00000, 0x0000000530b00000, 0x0000000530c00000|  0%| F|  |TAMS 0x0000000530b00000| PB 0x0000000530b00000| Untracked 
| 100|0x0000000530c00000, 0x0000000530c00000, 0x0000000530d00000|  0%| F|  |TAMS 0x0000000530c00000| PB 0x0000000530c00000| Untracked 
| 101|0x0000000530d00000, 0x0000000530d00000, 0x0000000530e00000|  0%| F|  |TAMS 0x0000000530d00000| PB 0x0000000530d00000| Untracked 
| 102|0x0000000530e00000, 0x0000000530e00000, 0x0000000530f00000|  0%| F|  |TAMS 0x0000000530e00000| PB 0x0000000530e00000| Untracked 
| 103|0x0000000530f00000, 0x0000000530f00000, 0x0000000531000000|  0%| F|  |TAMS 0x0000000530f00000| PB 0x0000000530f00000| Untracked 
| 104|0x0000000531000000, 0x0000000531000000, 0x0000000531100000|  0%| F|  |TAMS 0x0000000531000000| PB 0x0000000531000000| Untracked 
| 105|0x0000000531100000, 0x0000000531100000, 0x0000000531200000|  0%| F|  |TAMS 0x0000000531100000| PB 0x0000000531100000| Untracked 
| 106|0x0000000531200000, 0x0000000531200000, 0x0000000531300000|  0%| F|  |TAMS 0x0000000531200000| PB 0x0000000531200000| Untracked 
| 107|0x0000000531300000, 0x0000000531300000, 0x0000000531400000|  0%| F|  |TAMS 0x0000000531300000| PB 0x0000000531300000| Untracked 
| 108|0x0000000531400000, 0x0000000531400000, 0x0000000531500000|  0%| F|  |TAMS 0x0000000531400000| PB 0x0000000531400000| Untracked 
| 109|0x0000000531500000, 0x0000000531500000, 0x0000000531600000|  0%| F|  |TAMS 0x0000000531500000| PB 0x0000000531500000| Untracked 
| 110|0x0000000531600000, 0x0000000531600000, 0x0000000531700000|  0%| F|  |TAMS 0x0000000531600000| PB 0x0000000531600000| Untracked 
| 111|0x0000000531700000, 0x0000000531700000, 0x0000000531800000|  0%| F|  |TAMS 0x0000000531700000| PB 0x0000000531700000| Untracked 
| 112|0x0000000531800000, 0x0000000531800000, 0x0000000531900000|  0%| F|  |TAMS 0x0000000531800000| PB 0x0000000531800000| Untracked 
| 113|0x0000000531900000, 0x0000000531900000, 0x0000000531a00000|  0%| F|  |TAMS 0x0000000531900000| PB 0x0000000531900000| Untracked 
| 114|0x0000000531a00000, 0x0000000531a00000, 0x0000000531b00000|  0%| F|  |TAMS 0x0000000531a00000| PB 0x0000000531a00000| Untracked 
| 115|0x0000000531b00000, 0x0000000531b00000, 0x0000000531c00000|  0%| F|  |TAMS 0x0000000531b00000| PB 0x0000000531b00000| Untracked 
| 116|0x0000000531c00000, 0x0000000531c00000, 0x0000000531d00000|  0%| F|  |TAMS 0x0000000531c00000| PB 0x0000000531c00000| Untracked 
| 117|0x0000000531d00000, 0x0000000531d00000, 0x0000000531e00000|  0%| F|  |TAMS 0x0000000531d00000| PB 0x0000000531d00000| Untracked 
| 118|0x0000000531e00000, 0x0000000531e00000, 0x0000000531f00000|  0%| F|  |TAMS 0x0000000531e00000| PB 0x0000000531e00000| Untracked 
| 119|0x0000000531f00000, 0x0000000531f80000, 0x0000000532000000| 50%| E|  |TAMS 0x0000000531f00000| PB 0x0000000531f00000| Complete 
| 120|0x0000000532000000, 0x0000000532100000, 0x0000000532100000|100%| E|CS|TAMS 0x0000000532000000| PB 0x0000000532000000| Complete 
| 121|0x0000000532100000, 0x0000000532200000, 0x0000000532200000|100%| E|CS|TAMS 0x0000000532100000| PB 0x0000000532100000| Complete 
| 122|0x0000000532200000, 0x0000000532300000, 0x0000000532300000|100%| E|CS|TAMS 0x0000000532200000| PB 0x0000000532200000| Complete 
| 123|0x0000000532300000, 0x0000000532400000, 0x0000000532400000|100%| E|CS|TAMS 0x0000000532300000| PB 0x0000000532300000| Complete 
| 124|0x0000000532400000, 0x0000000532500000, 0x0000000532500000|100%| E|CS|TAMS 0x0000000532400000| PB 0x0000000532400000| Complete 
| 125|0x0000000532500000, 0x0000000532600000, 0x0000000532600000|100%| E|CS|TAMS 0x0000000532500000| PB 0x0000000532500000| Complete 
| 126|0x0000000532600000, 0x0000000532700000, 0x0000000532700000|100%| E|CS|TAMS 0x0000000532600000| PB 0x0000000532600000| Complete 
| 127|0x0000000532700000, 0x0000000532800000, 0x0000000532800000|100%| E|CS|TAMS 0x0000000532700000| PB 0x0000000532700000| Complete 
| 128|0x0000000532800000, 0x0000000532900000, 0x0000000532900000|100%| E|CS|TAMS 0x0000000532800000| PB 0x0000000532800000| Complete 
| 129|0x0000000532900000, 0x0000000532a00000, 0x0000000532a00000|100%| E|CS|TAMS 0x0000000532900000| PB 0x0000000532900000| Complete 
| 130|0x0000000532a00000, 0x0000000532b00000, 0x0000000532b00000|100%| E|CS|TAMS 0x0000000532a00000| PB 0x0000000532a00000| Complete 
| 131|0x0000000532b00000, 0x0000000532c00000, 0x0000000532c00000|100%| E|CS|TAMS 0x0000000532b00000| PB 0x0000000532b00000| Complete 
| 132|0x0000000532c00000, 0x0000000532d00000, 0x0000000532d00000|100%| E|CS|TAMS 0x0000000532c00000| PB 0x0000000532c00000| Complete 
| 133|0x0000000532d00000, 0x0000000532e00000, 0x0000000532e00000|100%| E|CS|TAMS 0x0000000532d00000| PB 0x0000000532d00000| Complete 
| 134|0x0000000532e00000, 0x0000000532f00000, 0x0000000532f00000|100%| E|CS|TAMS 0x0000000532e00000| PB 0x0000000532e00000| Complete 
| 135|0x0000000532f00000, 0x0000000533000000, 0x0000000533000000|100%| E|CS|TAMS 0x0000000532f00000| PB 0x0000000532f00000| Complete 
| 136|0x0000000533000000, 0x0000000533100000, 0x0000000533100000|100%| E|CS|TAMS 0x0000000533000000| PB 0x0000000533000000| Complete 
| 137|0x0000000533100000, 0x0000000533200000, 0x0000000533200000|100%| E|CS|TAMS 0x0000000533100000| PB 0x0000000533100000| Complete 
| 138|0x0000000533200000, 0x0000000533300000, 0x0000000533300000|100%| E|CS|TAMS 0x0000000533200000| PB 0x0000000533200000| Complete 
| 139|0x0000000533300000, 0x0000000533400000, 0x0000000533400000|100%| E|CS|TAMS 0x0000000533300000| PB 0x0000000533300000| Complete 
| 140|0x0000000533400000, 0x0000000533500000, 0x0000000533500000|100%| E|CS|TAMS 0x0000000533400000| PB 0x0000000533400000| Complete 
| 141|0x0000000533500000, 0x0000000533600000, 0x0000000533600000|100%| E|CS|TAMS 0x0000000533500000| PB 0x0000000533500000| Complete 
| 142|0x0000000533600000, 0x0000000533700000, 0x0000000533700000|100%| E|CS|TAMS 0x0000000533600000| PB 0x0000000533600000| Complete 
| 143|0x0000000533700000, 0x0000000533800000, 0x0000000533800000|100%| E|CS|TAMS 0x0000000533700000| PB 0x0000000533700000| Complete 
| 144|0x0000000533800000, 0x0000000533900000, 0x0000000533900000|100%| E|CS|TAMS 0x0000000533800000| PB 0x0000000533800000| Complete 
| 145|0x0000000533900000, 0x0000000533a00000, 0x0000000533a00000|100%| E|CS|TAMS 0x0000000533900000| PB 0x0000000533900000| Complete 
| 146|0x0000000533a00000, 0x0000000533b00000, 0x0000000533b00000|100%| E|CS|TAMS 0x0000000533a00000| PB 0x0000000533a00000| Complete 
| 147|0x0000000533b00000, 0x0000000533c00000, 0x0000000533c00000|100%| E|CS|TAMS 0x0000000533b00000| PB 0x0000000533b00000| Complete 
| 148|0x0000000533c00000, 0x0000000533d00000, 0x0000000533d00000|100%| E|CS|TAMS 0x0000000533c00000| PB 0x0000000533c00000| Complete 
| 149|0x0000000533d00000, 0x0000000533e00000, 0x0000000533e00000|100%| E|CS|TAMS 0x0000000533d00000| PB 0x0000000533d00000| Complete 
| 150|0x0000000533e00000, 0x0000000533f00000, 0x0000000533f00000|100%| E|CS|TAMS 0x0000000533e00000| PB 0x0000000533e00000| Complete 
| 151|0x0000000533f00000, 0x0000000534000000, 0x0000000534000000|100%| E|CS|TAMS 0x0000000533f00000| PB 0x0000000533f00000| Complete 
| 152|0x0000000534000000, 0x0000000534100000, 0x0000000534100000|100%| E|CS|TAMS 0x0000000534000000| PB 0x0000000534000000| Complete 
| 153|0x0000000534100000, 0x0000000534200000, 0x0000000534200000|100%| E|CS|TAMS 0x0000000534100000| PB 0x0000000534100000| Complete 
|2042|0x00000005aa200000, 0x00000005aa300000, 0x00000005aa300000|100%| O|  |TAMS 0x00000005aa200000| PB 0x00000005aa200000| Untracked 
|2043|0x00000005aa300000, 0x00000005aa400000, 0x00000005aa400000|100%| O|  |TAMS 0x00000005aa300000| PB 0x00000005aa300000| Untracked 
|2044|0x00000005aa400000, 0x00000005aa500000, 0x00000005aa500000|100%| O|  |TAMS 0x00000005aa400000| PB 0x00000005aa400000| Untracked 
|2045|0x00000005aa500000, 0x00000005aa600000, 0x00000005aa600000|100%| O|  |TAMS 0x00000005aa500000| PB 0x00000005aa500000| Untracked 
|2046|0x00000005aa600000, 0x00000005aa700000, 0x00000005aa700000|100%| O|  |TAMS 0x00000005aa600000| PB 0x00000005aa600000| Untracked 
|2047|0x00000005aa700000, 0x00000005aa800000, 0x00000005aa800000|100%| E|CS|TAMS 0x00000005aa700000| PB 0x00000005aa700000| Complete 

Card table byte_map: [0x0000000107630000,0x0000000107a30000] _byte_map_base: 0x0000000104cdc000

Marking Bits: (CMBitMap*) 0x0000000102bd0d70
 Bits: [0x00000001208ec000, 0x00000001228ec000)

Polling page: 0x00000001025c0000

Metaspace:

Usage:
  Non-class:     85.26 MB used.
      Class:     11.21 MB used.
       Both:     96.48 MB used.

Virtual space:
  Non-class space:      128.00 MB reserved,      86.50 MB ( 68%) committed,  2 nodes.
      Class space:        1.00 GB reserved,      12.19 MB (  1%) committed,  1 nodes.
             Both:        1.12 GB reserved,      98.69 MB (  9%) committed. 

Chunk freelists:
   Non-Class:  8.83 MB
       Class:  3.78 MB
        Both:  12.61 MB

MaxMetaspaceSize: unlimited
CompressedClassSpaceSize: 1.00 GB
Initial GC threshold: 21.00 MB
Current GC threshold: 164.19 MB
CDS: on
 - commit_granule_bytes: 65536.
 - commit_granule_words: 8192.
 - virtual_space_node_default_size: 8388608.
 - enlarge_chunks_in_place: 1.
 - use_allocation_guard: 0.


Internal statistics:

num_allocs_failed_limit: 18.
num_arena_births: 1522.
num_arena_deaths: 354.
num_vsnodes_births: 3.
num_vsnodes_deaths: 0.
num_space_committed: 1573.
num_space_uncommitted: 0.
num_chunks_returned_to_freelist: 428.
num_chunks_taken_from_freelist: 5740.
num_chunk_merges: 120.
num_chunk_splits: 3529.
num_chunks_enlarged: 2083.
num_inconsistent_stats: 0.

CodeHeap 'non-profiled nmethods': size=120032Kb used=8273Kb max_used=8640Kb free=111759Kb
 bounds [0x00000001193b4000, 0x0000000119c34000, 0x00000001208ec000]
CodeHeap 'profiled nmethods': size=120016Kb used=25113Kb max_used=28157Kb free=94902Kb
 bounds [0x00000001118ec000, 0x00000001134fc000, 0x0000000118e20000]
CodeHeap 'non-nmethods': size=5712Kb used=1920Kb max_used=1982Kb free=3791Kb
 bounds [0x0000000118e20000, 0x0000000119090000, 0x00000001193b4000]
CodeCache: size=245760Kb, used=35306Kb, max_used=38779Kb, free=210452Kb
 total_blobs=11876, nmethods=10789, adapters=993, full_count=0
Compilation: enabled, stopped_count=0, restarted_count=0

Compilation events (20 events):
Event: 8740.977 Thread 0x000000099d13c800 16227       3       org.eclipse.e4.ui.css.swt.engine.CSSSWTEngineImpl::lambda$0 (9 bytes)
Event: 8740.977 Thread 0x000000099d13c800 nmethod 16227 0x00000001127e2510 code [0x00000001127e26c0, 0x00000001127e2a08]
Event: 8740.977 Thread 0x000000099d13c800 16228       3       org.eclipse.swt.widgets.Control::releaseWidget (175 bytes)
Event: 8740.978 Thread 0x000000099d13c800 nmethod 16228 0x0000000111d49910 code [0x0000000111d49c80, 0x0000000111d4b130]
Event: 8740.978 Thread 0x000000099d13c800 16229       3       org.eclipse.swt.widgets.Control::deregister (17 bytes)
Event: 8740.979 Thread 0x000000099d13c800 nmethod 16229 0x0000000112314f10 code [0x00000001123150c0, 0x00000001123152c8]
Event: 8740.979 Thread 0x000000099d13c800 16230       3       org.eclipse.swt.widgets.Control::releaseHandle (29 bytes)
Event: 8740.979 Thread 0x000000099d13c800 nmethod 16230 0x0000000111e8e610 code [0x0000000111e8e800, 0x0000000111e8ed18]
Event: 8740.980 Thread 0x000000099d13c800 16232       3       java.util.HashMap::remove (26 bytes)
Event: 8740.980 Thread 0x000000099d13c000 nmethod 16218 0x00000001197f8a90 code [0x00000001197f8c40, 0x00000001197f90b0]
Event: 8740.980 Thread 0x000000099d13c000 16231   !   4       org.eclipse.swt.widgets.EventTable::sendEvent (619 bytes)
Event: 8740.980 Thread 0x000000099d13c800 nmethod 16232 0x000000011290c990 code [0x000000011290cb80, 0x000000011290cf50]
Event: 8740.993 Thread 0x000000099d13c800 16233       3       java.util.HashMap::get (19 bytes)
Event: 8740.993 Thread 0x000000099d13c800 nmethod 16233 0x0000000112a8ab90 code [0x0000000112a8ad40, 0x0000000112a8af48]
Event: 8740.997 Thread 0x000000099d13c800 16234       3       java.util.HashMap::getNode (150 bytes)
Event: 8740.997 Thread 0x000000099d13c800 nmethod 16234 0x0000000112ff3f90 code [0x0000000112ff4280, 0x0000000112ff4fe8]
Event: 8741.008 Thread 0x000000099d13c000 nmethod 16231 0x0000000119a71810 code [0x0000000119a71b00, 0x0000000119a73548]
Event: 8741.008 Thread 0x000000099d13c000 16219       4       org.eclipse.e4.core.internal.contexts.WeakGroupedListenerList$$Lambda/0x0000009001936648::test (8 bytes)
Event: 8741.008 Thread 0x000000099d13c000 nmethod 16219 0x0000000119756210 code [0x00000001197563c0, 0x00000001197564e8]
Event: 8741.008 Thread 0x000000099d13c000 16220       4       java.util.WeakHashMap::isEmpty (13 bytes)

GC Heap History (20 events):
Event: 63.538 GC heap before
{Heap before GC invocations=18 (full 0):
 garbage-first heap   total 157696K, used 141186K [0x000000052a800000, 0x00000005aa800000)
  region size 1024K, 78 young (79872K), 2 survivors (2048K)
 Metaspace       used 81435K, committed 83392K, reserved 1179648K
  class space    used 9390K, committed 10240K, reserved 1048576K
}
Event: 63.540 GC heap after
{Heap after GC invocations=19 (full 0):
 garbage-first heap   total 157696K, used 63776K [0x000000052a800000, 0x00000005aa800000)
  region size 1024K, 4 young (4096K), 4 survivors (4096K)
 Metaspace       used 81435K, committed 83392K, reserved 1179648K
  class space    used 9390K, committed 10240K, reserved 1048576K
}
Event: 71.157 GC heap before
{Heap before GC invocations=19 (full 0):
 garbage-first heap   total 157696K, used 140576K [0x000000052a800000, 0x00000005aa800000)
  region size 1024K, 79 young (80896K), 4 survivors (4096K)
 Metaspace       used 84025K, committed 86144K, reserved 1179648K
  class space    used 9779K, committed 10688K, reserved 1048576K
}
Event: 71.159 GC heap after
{Heap after GC invocations=20 (full 0):
 garbage-first heap   total 157696K, used 68869K [0x000000052a800000, 0x00000005aa800000)
  region size 1024K, 9 young (9216K), 9 survivors (9216K)
 Metaspace       used 84025K, committed 86144K, reserved 1179648K
  class space    used 9779K, committed 10688K, reserved 1048576K
}
Event: 97.083 GC heap before
{Heap before GC invocations=21 (full 0):
 garbage-first heap   total 157696K, used 152837K [0x000000052a800000, 0x00000005aa800000)
  region size 1024K, 77 young (78848K), 9 survivors (9216K)
 Metaspace       used 85975K, committed 88192K, reserved 1179648K
  class space    used 9960K, committed 10944K, reserved 1048576K
}
Event: 97.085 GC heap after
{Heap after GC invocations=22 (full 0):
 garbage-first heap   total 163840K, used 68841K [0x000000052a800000, 0x00000005aa800000)
  region size 1024K, 4 young (4096K), 4 survivors (4096K)
 Metaspace       used 85975K, committed 88192K, reserved 1179648K
  class space    used 9960K, committed 10944K, reserved 1048576K
}
Event: 98.167 GC heap before
{Heap before GC invocations=22 (full 0):
 garbage-first heap   total 163840K, used 145641K [0x000000052a800000, 0x00000005aa800000)
  region size 1024K, 80 young (81920K), 4 survivors (4096K)
 Metaspace       used 96021K, committed 98304K, reserved 1179648K
  class space    used 11227K, committed 12224K, reserved 1048576K
}
Event: 98.170 GC heap after
{Heap after GC invocations=23 (full 0):
 garbage-first heap   total 163840K, used 73165K [0x000000052a800000, 0x00000005aa800000)
  region size 1024K, 10 young (10240K), 10 survivors (10240K)
 Metaspace       used 96021K, committed 98304K, reserved 1179648K
  class space    used 11227K, committed 12224K, reserved 1048576K
}
Event: 995.122 GC heap before
{Heap before GC invocations=23 (full 0):
 garbage-first heap   total 163840K, used 142797K [0x000000052a800000, 0x00000005aa800000)
  region size 1024K, 79 young (80896K), 10 survivors (10240K)
 Metaspace       used 97623K, committed 99840K, reserved 1179648K
  class space    used 11472K, committed 12416K, reserved 1048576K
}
Event: 995.148 GC heap after
{Heap after GC invocations=24 (full 0):
 garbage-first heap   total 163840K, used 75562K [0x000000052a800000, 0x00000005aa800000)
  region size 1024K, 3 young (3072K), 3 survivors (3072K)
 Metaspace       used 97623K, committed 99840K, reserved 1179648K
  class space    used 11472K, committed 12416K, reserved 1048576K
}
Event: 2338.634 GC heap before
{Heap before GC invocations=25 (full 0):
 garbage-first heap   total 163840K, used 148266K [0x000000052a800000, 0x00000005aa800000)
  region size 1024K, 75 young (76800K), 3 survivors (3072K)
 Metaspace       used 97933K, committed 100160K, reserved 1179648K
  class space    used 11504K, committed 12480K, reserved 1048576K
}
Event: 2338.646 GC heap after
{Heap after GC invocations=26 (full 0):
 garbage-first heap   total 163840K, used 74994K [0x000000052a800000, 0x00000005aa800000)
  region size 1024K, 3 young (3072K), 3 survivors (3072K)
 Metaspace       used 97933K, committed 100160K, reserved 1179648K
  class space    used 11504K, committed 12480K, reserved 1048576K
}
Event: 3822.690 GC heap before
{Heap before GC invocations=26 (full 0):
 garbage-first heap   total 163840K, used 150770K [0x000000052a800000, 0x00000005aa800000)
  region size 1024K, 77 young (78848K), 3 survivors (3072K)
 Metaspace       used 98374K, committed 100608K, reserved 1179648K
  class space    used 11544K, committed 12480K, reserved 1048576K
}
Event: 3822.712 GC heap after
{Heap after GC invocations=27 (full 0):
 garbage-first heap   total 163840K, used 73957K [0x000000052a800000, 0x00000005aa800000)
  region size 1024K, 3 young (3072K), 3 survivors (3072K)
 Metaspace       used 98374K, committed 100608K, reserved 1179648K
  class space    used 11544K, committed 12480K, reserved 1048576K
}
Event: 5104.073 GC heap before
{Heap before GC invocations=27 (full 0):
 garbage-first heap   total 163840K, used 151781K [0x000000052a800000, 0x00000005aa800000)
  region size 1024K, 79 young (80896K), 3 survivors (3072K)
 Metaspace       used 98700K, committed 100864K, reserved 1179648K
  class space    used 11544K, committed 12480K, reserved 1048576K
}
Event: 5104.087 GC heap after
{Heap after GC invocations=28 (full 0):
 garbage-first heap   total 163840K, used 73928K [0x000000052a800000, 0x00000005aa800000)
  region size 1024K, 3 young (3072K), 3 survivors (3072K)
 Metaspace       used 98700K, committed 100864K, reserved 1179648K
  class space    used 11544K, committed 12480K, reserved 1048576K
}
Event: 6425.462 GC heap before
{Heap before GC invocations=29 (full 0):
 garbage-first heap   total 163840K, used 151752K [0x000000052a800000, 0x00000005aa800000)
  region size 1024K, 79 young (80896K), 3 survivors (3072K)
 Metaspace       used 98590K, committed 100992K, reserved 1179648K
  class space    used 11466K, committed 12480K, reserved 1048576K
}
Event: 6425.480 GC heap after
{Heap after GC invocations=30 (full 0):
 garbage-first heap   total 163840K, used 74041K [0x000000052a800000, 0x00000005aa800000)
  region size 1024K, 3 young (3072K), 3 survivors (3072K)
 Metaspace       used 98590K, committed 100992K, reserved 1179648K
  class space    used 11466K, committed 12480K, reserved 1048576K
}
Event: 8068.826 GC heap before
{Heap before GC invocations=30 (full 0):
 garbage-first heap   total 163840K, used 151865K [0x000000052a800000, 0x00000005aa800000)
  region size 1024K, 79 young (80896K), 3 survivors (3072K)
 Metaspace       used 98685K, committed 101056K, reserved 1179648K
  class space    used 11467K, committed 12480K, reserved 1048576K
}
Event: 8068.863 GC heap after
{Heap after GC invocations=31 (full 0):
 garbage-first heap   total 163840K, used 69067K [0x000000052a800000, 0x00000005aa800000)
  region size 1024K, 3 young (3072K), 3 survivors (3072K)
 Metaspace       used 98685K, committed 101056K, reserved 1179648K
  class space    used 11467K, committed 12480K, reserved 1048576K
}

Dll operation events (19 events):
Event: 0.005 Loaded shared library /Library/Java/JavaVirtualMachines/temurin-21.jdk/Contents/Home/lib/libjava.dylib
Event: 0.006 Loaded shared library /Library/Java/JavaVirtualMachines/temurin-21.jdk/Contents/Home/lib/libzip.dylib
Event: 0.046 Loaded shared library /Library/Java/JavaVirtualMachines/temurin-21.jdk/Contents/Home/lib/libinstrument.dylib
Event: 0.065 Loaded shared library /Library/Java/JavaVirtualMachines/temurin-21.jdk/Contents/Home/lib/libnio.dylib
Event: 0.069 Loaded shared library /Library/Java/JavaVirtualMachines/temurin-21.jdk/Contents/Home/lib/libzip.dylib
Event: 0.071 Loaded shared library /Library/Java/JavaVirtualMachines/temurin-21.jdk/Contents/Home/lib/libverify.dylib
Event: 0.076 Loaded shared library /Library/Java/JavaVirtualMachines/temurin-21.jdk/Contents/Home/lib/libawt.dylib
Event: 0.078 Loaded shared library /Library/Java/JavaVirtualMachines/temurin-21.jdk/Contents/Home/lib/libawt_lwawt.dylib
Event: 0.135 Loaded shared library /Library/Java/JavaVirtualMachines/temurin-21.jdk/Contents/Home/lib/libjimage.dylib
Event: 0.201 Loaded shared library /Library/Java/JavaVirtualMachines/temurin-21.jdk/Contents/Home/lib/libnet.dylib
Event: 0.686 Loaded shared library /Users/labanovichttps/Documents/projects/dbeaver-workspace/products/DBeaverTeam.product/org.eclipse.osgi/96/0/.cp/libswt-cocoa-4970r5.jnilib
Event: 0.724 Loaded shared library /Users/labanovichttps/Documents/projects/dbeaver-workspace/products/DBeaverTeam.product/org.eclipse.osgi/96/0/.cp/libswt-pi-cocoa-4970r5.jnilib
Event: 1.562 Loaded shared library /Library/Java/JavaVirtualMachines/temurin-21.jdk/Contents/Home/lib/libextnet.dylib
Event: 2.364 Loaded shared library /Library/Java/JavaVirtualMachines/temurin-21.jdk/Contents/Home/lib/libfontmanager.dylib
Event: 40.385 Loaded shared library /Library/Java/JavaVirtualMachines/temurin-21.jdk/Contents/Home/lib/libmanagement.dylib
Event: 40.387 Loaded shared library /Library/Java/JavaVirtualMachines/temurin-21.jdk/Contents/Home/lib/libmanagement_ext.dylib
Event: 41.178 Loaded shared library /Users/labanovichttps/Documents/projects/dbeaver-workspace/products/DBeaverTeam.product/org.eclipse.osgi/125/0/.cp/os/macosx/libunixfile_1_0_0.jnilib
Event: 42.891 Loaded shared library /Library/Java/JavaVirtualMachines/temurin-21.jdk/Contents/Home/lib/libmlib_image.dylib
Event: 43.836 Loaded shared library /Library/Java/JavaVirtualMachines/temurin-21.jdk/Contents/Home/lib/libprefs.dylib

Deoptimization events (20 events):
Event: 8740.977 Thread 0x0000000102bc9420 Uncommon trap: trap_request=0xffffffd6 fr.pc=0x0000000119a092fc relative=0x0000000000000d7c
Event: 8740.977 Thread 0x0000000102bc9420 Uncommon trap: reason=array_check action=maybe_recompile pc=0x0000000119a092fc method=org.eclipse.swt.widgets.EventTable.sendEvent(Lorg/eclipse/swt/widgets/Event;)V @ 158 c2
Event: 8740.977 Thread 0x0000000102bc9420 DEOPT PACKING pc=0x0000000119a092fc sp=0x000000016d869d60
Event: 8740.977 Thread 0x0000000102bc9420 DEOPT UNPACKING pc=0x0000000118e6301c sp=0x000000016d869cc0 mode 2
Event: 8740.977 Thread 0x0000000102bc9420 Uncommon trap: trap_request=0xffffff45 fr.pc=0x0000000119705e2c relative=0x00000000000002ac
Event: 8740.977 Thread 0x0000000102bc9420 Uncommon trap: reason=unstable_if action=reinterpret pc=0x0000000119705e2c method=java.util.HashMap.getNode(Ljava/lang/Object;)Ljava/util/HashMap$Node; @ 85 c2
Event: 8740.977 Thread 0x0000000102bc9420 DEOPT PACKING pc=0x0000000119705e2c sp=0x000000016d86a000
Event: 8740.977 Thread 0x0000000102bc9420 DEOPT UNPACKING pc=0x0000000118e6301c sp=0x000000016d869f10 mode 2
Event: 8740.977 Thread 0x0000000102bc9420 Uncommon trap: trap_request=0xffffff45 fr.pc=0x00000001199b1a50 relative=0x0000000000000650
Event: 8740.977 Thread 0x0000000102bc9420 Uncommon trap: reason=unstable_if action=reinterpret pc=0x00000001199b1a50 method=java.util.HashMap.removeNode(ILjava/lang/Object;Ljava/lang/Object;ZZ)Ljava/util/HashMap$Node; @ 97 c2
Event: 8740.977 Thread 0x0000000102bc9420 DEOPT PACKING pc=0x00000001199b1a50 sp=0x000000016d869ff0
Event: 8740.977 Thread 0x0000000102bc9420 DEOPT UNPACKING pc=0x0000000118e6301c sp=0x000000016d869ee0 mode 2
Event: 8740.977 Thread 0x0000000102bc9420 Uncommon trap: trap_request=0xffffff45 fr.pc=0x0000000119706720 relative=0x00000000000002a0
Event: 8740.977 Thread 0x0000000102bc9420 Uncommon trap: reason=unstable_if action=reinterpret pc=0x0000000119706720 method=java.util.HashMap.getNode(Ljava/lang/Object;)Ljava/util/HashMap$Node; @ 85 c2
Event: 8740.977 Thread 0x0000000102bc9420 DEOPT PACKING pc=0x0000000119706720 sp=0x000000016d869f60
Event: 8740.977 Thread 0x0000000102bc9420 DEOPT UNPACKING pc=0x0000000118e6301c sp=0x000000016d869ef0 mode 2
Event: 8740.977 Thread 0x0000000102bc9420 Uncommon trap: trap_request=0xffffff45 fr.pc=0x000000011947d1bc relative=0x000000000000063c
Event: 8740.977 Thread 0x0000000102bc9420 Uncommon trap: reason=unstable_if action=reinterpret pc=0x000000011947d1bc method=java.util.HashMap.removeNode(ILjava/lang/Object;Ljava/lang/Object;ZZ)Ljava/util/HashMap$Node; @ 97 c2
Event: 8740.977 Thread 0x0000000102bc9420 DEOPT PACKING pc=0x000000011947d1bc sp=0x000000016d869f20
Event: 8740.977 Thread 0x0000000102bc9420 DEOPT UNPACKING pc=0x0000000118e6301c sp=0x000000016d869ec0 mode 2

Classes loaded (20 events):
Event: 6076.786 Loading class org/eclipse/jetty/client/transport/HttpReceiver
Event: 6076.786 Loading class org/eclipse/jetty/client/transport/HttpReceiver done
Event: 6076.786 Loading class org/eclipse/jetty/util/Promise
Event: 6076.786 Loading class org/eclipse/jetty/util/Promise done
Event: 6268.094 Loading class org/eclipse/jetty/util/Promise
Event: 6268.094 Loading class org/eclipse/jetty/util/Promise done
Event: 8739.558 Loading class org/eclipse/e4/core/internal/contexts/Computation
Event: 8739.558 Loading class org/eclipse/e4/core/internal/contexts/Computation done
Event: 8739.558 Loading class org/eclipse/e4/core/internal/contexts/Computation
Event: 8739.558 Loading class org/eclipse/e4/core/internal/contexts/Computation done
Event: 8739.570 Loading class org/eclipse/e4/core/di/internal/extensions/ServiceSupplier$1
Event: 8739.570 Loading class org/eclipse/e4/core/di/internal/extensions/ServiceSupplier$1 done
Event: 8739.571 Loading class org/eclipse/e4/core/di/internal/extensions/ServiceSupplier$ServiceSupplierContext
Event: 8739.571 Loading class org/eclipse/e4/core/di/internal/extensions/ServiceSupplier$ServiceSupplierContext done
Event: 8739.571 Loading class org/eclipse/e4/core/di/internal/extensions/ServiceSupplier$ServiceSupplierContext
Event: 8739.571 Loading class org/eclipse/e4/core/di/internal/extensions/ServiceSupplier$ServiceSupplierContext done
Event: 8739.572 Loading class org/eclipse/e4/core/di/internal/extensions/ServiceSupplier$ServiceSupplierTracker
Event: 8739.572 Loading class org/eclipse/e4/core/di/internal/extensions/ServiceSupplier$ServiceSupplierTracker done
Event: 8739.572 Loading class java/util/concurrent/ConcurrentHashMap$ValueSpliterator
Event: 8739.572 Loading class java/util/concurrent/ConcurrentHashMap$ValueSpliterator done

Classes unloaded (20 events):
Event: 5104.126 Thread 0x000000099cc9e400 Unloading class 0x000000900119c000 'java/lang/invoke/LambdaForm$MH+0x000000900119c000'
Event: 5104.126 Thread 0x000000099cc9e400 Unloading class 0x0000009001111800 'java/lang/invoke/LambdaForm$MH+0x0000009001111800'
Event: 5104.126 Thread 0x000000099cc9e400 Unloading class 0x0000009001101000 'java/lang/invoke/LambdaForm$MH+0x0000009001101000'
Event: 5104.126 Thread 0x000000099cc9e400 Unloading class 0x00000090010ed000 'java/lang/invoke/LambdaForm$MH+0x00000090010ed000'
Event: 5104.126 Thread 0x000000099cc9e400 Unloading class 0x00000090010ecc00 'java/lang/invoke/LambdaForm$MH+0x00000090010ecc00'
Event: 5104.126 Thread 0x000000099cc9e400 Unloading class 0x00000090010c9800 'java/lang/invoke/LambdaForm$MH+0x00000090010c9800'
Event: 5104.126 Thread 0x000000099cc9e400 Unloading class 0x00000090010c9400 'java/lang/invoke/LambdaForm$MH+0x00000090010c9400'
Event: 5104.126 Thread 0x000000099cc9e400 Unloading class 0x00000090010c3400 'java/lang/invoke/LambdaForm$MH+0x00000090010c3400'
Event: 5104.126 Thread 0x000000099cc9e400 Unloading class 0x00000090010c3000 'java/lang/invoke/LambdaForm$MH+0x00000090010c3000'
Event: 5104.126 Thread 0x000000099cc9e400 Unloading class 0x0000009001008800 'java/lang/invoke/LambdaForm$MH+0x0000009001008800'
Event: 5104.126 Thread 0x000000099cc9e400 Unloading class 0x0000009001006c00 'java/lang/invoke/LambdaForm$MH+0x0000009001006c00'
Event: 5104.126 Thread 0x000000099cc9e400 Unloading class 0x0000009001006000 'java/lang/invoke/LambdaForm$MH+0x0000009001006000'
Event: 5104.126 Thread 0x000000099cc9e400 Unloading class 0x0000009001005c00 'java/lang/invoke/LambdaForm$MH+0x0000009001005c00'
Event: 5104.126 Thread 0x000000099cc9e400 Unloading class 0x0000009001005800 'java/lang/invoke/LambdaForm$MH+0x0000009001005800'
Event: 5104.126 Thread 0x000000099cc9e400 Unloading class 0x0000009001005000 'java/lang/invoke/LambdaForm$MH+0x0000009001005000'
Event: 5104.126 Thread 0x000000099cc9e400 Unloading class 0x0000009001004000 'java/lang/invoke/LambdaForm$MH+0x0000009001004000'
Event: 5104.126 Thread 0x000000099cc9e400 Unloading class 0x0000009001002000 'java/lang/invoke/LambdaForm$MH+0x0000009001002000'
Event: 5104.126 Thread 0x000000099cc9e400 Unloading class 0x0000009001001c00 'java/lang/invoke/LambdaForm$MH+0x0000009001001c00'
Event: 5104.126 Thread 0x000000099cc9e400 Unloading class 0x0000009001001800 'java/lang/invoke/LambdaForm$MH+0x0000009001001800'
Event: 5104.126 Thread 0x000000099cc9e400 Unloading class 0x0000009001001000 'java/lang/invoke/LambdaForm$MH+0x0000009001001000'

Classes redefined (1 events):
Event: 0.058 Thread 0x000000099cc9e400 redefined class name=java.lang.Throwable, count=1

Internal exceptions (20 events):
Event: 98.108 Thread 0x0000000998cd1c00 Exception <a 'java/lang/ClassNotFoundException'{0x00000005304f64d0}: org/eclipse/jetty/alpn/ALPN> (0x00000005304f64d0) 
thrown [src/hotspot/share/classfile/systemDictionary.cpp, line 312]
Event: 98.108 Thread 0x0000000998cd1c00 Exception <a 'java/lang/ClassNotFoundException'{0x00000005304f6ac8}: org/eclipse/jetty/npn/NextProtoNego> (0x00000005304f6ac8) 
thrown [src/hotspot/share/classfile/systemDictionary.cpp, line 312]
Event: 98.190 Thread 0x0000000998cd1c00 Exception <a 'java/lang/NoSuchMethodError'{0x0000000533e1a8c8}: 'void java.lang.invoke.DirectMethodHandle$Holder.invokeInterface(java.lang.Object, java.lang.Object, java.lang.Object, int)'> (0x0000000533e1a8c8) 
thrown [src/hotspot/share/interpreter/linkResolver.cpp, line 773]
Event: 98.190 Thread 0x0000000998cd1c00 Exception <a 'java/lang/NoSuchMethodError'{0x0000000533e1e2d0}: 'void java.lang.invoke.DelegatingMethodHandle$Holder.reinvoke_L(java.lang.Object, java.lang.Object, java.lang.Object, int)'> (0x0000000533e1e2d0) 
thrown [src/hotspot/share/interpreter/linkResolver.cpp, line 773]
Event: 396.982 Thread 0x0000000996f8b100 Exception <a 'java/io/IOException'{0x0000000531b97848}> (0x0000000531b97848) 
thrown [src/hotspot/share/prims/jni.cpp, line 520]
Event: 1906.433 Thread 0x0000000998cd3100 Exception <a 'sun/nio/fs/UnixException'{0x00000005315c9080}> (0x00000005315c9080) 
thrown [src/hotspot/share/prims/jni.cpp, line 520]
Event: 3437.732 Thread 0x00000009987ec700 Exception <a 'java/net/BindException'{0x00000005310bb810}> (0x00000005310bb810) 
thrown [src/hotspot/share/prims/jni.cpp, line 520]
Event: 3437.732 Thread 0x0000000998798700 Exception <a 'java/io/IOException'{0x0000000531d0e058}> (0x0000000531d0e058) 
thrown [src/hotspot/share/prims/jni.cpp, line 520]
Event: 3447.916 Thread 0x0000000998798000 Implicit null exception at 0x0000000119a37ee8 to 0x0000000119a39540
Event: 3464.268 Thread 0x0000000998798000 Implicit null exception at 0x00000001193dc958 to 0x00000001193dce20
Event: 3535.355 Thread 0x0000000998798000 Implicit null exception at 0x000000011991056c to 0x00000001199120f8
Event: 6076.738 Thread 0x00000009986c4700 Implicit null exception at 0x00000001195fa770 to 0x00000001195faae8
Event: 6076.743 Thread 0x00000009986c4700 Exception <a 'java/lang/NoSuchMethodError'{0x00000005308da408}: 'java.lang.Object java.lang.invoke.DirectMethodHandle$Holder.invokeSpecial(java.lang.Object, java.lang.Object, long, java.lang.Object)'> (0x00000005308da408) 
thrown [src/hotspot/share/interpreter/linkResolver.cpp, line 773]
Event: 6076.780 Thread 0x0000000998798000 Exception <a 'java/io/IOException'{0x00000005309ade70}> (0x00000005309ade70) 
thrown [src/hotspot/share/prims/jni.cpp, line 520]
Event: 6076.782 Thread 0x0000000998798000 Implicit null exception at 0x0000000119722bac to 0x0000000119722cd0
Event: 6076.788 Thread 0x0000000998798000 Exception <a 'java/io/IOException'{0x00000005308ff2a8}> (0x00000005308ff2a8) 
thrown [src/hotspot/share/prims/jni.cpp, line 520]
Event: 6147.066 Thread 0x000000099871c700 Implicit null exception at 0x0000000119a24f2c to 0x0000000119a25190
Event: 6268.095 Thread 0x00000009987ec700 Exception <a 'java/net/BindException'{0x000000052fef33b0}> (0x000000052fef33b0) 
thrown [src/hotspot/share/prims/jni.cpp, line 520]
Event: 8739.551 Thread 0x0000000102bc9420 Implicit null exception at 0x0000000119610890 to 0x0000000119610db4
Event: 8739.566 Thread 0x0000000102bc9420 Implicit null exception at 0x0000000119ad3450 to 0x0000000119ad5be0

ZGC Phase Switch (0 events):
No events

VM Operations (20 events):
Event: 8541.348 Executing VM operation: RendezvousGCThreads
Event: 8541.348 Executing VM operation: RendezvousGCThreads done
Event: 8601.479 Executing VM operation: HandshakeAllThreads (HandshakeForDeflation)
Event: 8601.479 Executing VM operation: HandshakeAllThreads (HandshakeForDeflation) done
Event: 8601.479 Executing VM operation: RendezvousGCThreads
Event: 8601.479 Executing VM operation: RendezvousGCThreads done
Event: 8661.682 Executing VM operation: HandshakeAllThreads (HandshakeForDeflation)
Event: 8661.682 Executing VM operation: HandshakeAllThreads (HandshakeForDeflation) done
Event: 8661.682 Executing VM operation: RendezvousGCThreads
Event: 8661.682 Executing VM operation: RendezvousGCThreads done
Event: 8721.688 Executing VM operation: HandshakeAllThreads (HandshakeForDeflation)
Event: 8721.688 Executing VM operation: HandshakeAllThreads (HandshakeForDeflation) done
Event: 8721.688 Executing VM operation: RendezvousGCThreads
Event: 8721.688 Executing VM operation: RendezvousGCThreads done
Event: 8738.749 Executing VM operation: Cleanup
Event: 8738.749 Executing VM operation: Cleanup done
Event: 8739.753 Executing VM operation: Cleanup
Event: 8739.753 Executing VM operation: Cleanup done
Event: 8740.753 Executing VM operation: Cleanup
Event: 8740.753 Executing VM operation: Cleanup done

Memory protections (20 events):
Event: 8383.480 Protecting memory [0x0000000173f18000,0x0000000173f24000] with protection modes 0
Event: 8384.485 Protecting memory [0x0000000173d0c000,0x0000000173d18000] with protection modes 3
Event: 8384.486 Protecting memory [0x0000000173f18000,0x0000000173f24000] with protection modes 3
Event: 8533.012 Protecting memory [0x0000000173d0c000,0x0000000173d18000] with protection modes 0
Event: 8533.012 Protecting memory [0x0000000173f18000,0x0000000173f24000] with protection modes 0
Event: 8534.023 Protecting memory [0x0000000173d0c000,0x0000000173d18000] with protection modes 3
Event: 8534.023 Protecting memory [0x0000000173f18000,0x0000000173f24000] with protection modes 3
Event: 8541.233 Protecting memory [0x0000000173d0c000,0x0000000173d18000] with protection modes 0
Event: 8541.233 Protecting memory [0x0000000173f18000,0x0000000173f24000] with protection modes 0
Event: 8542.239 Protecting memory [0x0000000173d0c000,0x0000000173d18000] with protection modes 3
Event: 8542.239 Protecting memory [0x0000000173f18000,0x0000000173f24000] with protection modes 3
Event: 8706.250 Protecting memory [0x0000000173d0c000,0x0000000173d18000] with protection modes 0
Event: 8706.251 Protecting memory [0x0000000173f18000,0x0000000173f24000] with protection modes 0
Event: 8707.278 Protecting memory [0x0000000173d0c000,0x0000000173d18000] with protection modes 3
Event: 8707.278 Protecting memory [0x0000000173f18000,0x0000000173f24000] with protection modes 3
Event: 8712.430 Protecting memory [0x0000000173d0c000,0x0000000173d18000] with protection modes 0
Event: 8712.431 Protecting memory [0x0000000173f18000,0x0000000173f24000] with protection modes 0
Event: 8713.436 Protecting memory [0x0000000173d0c000,0x0000000173d18000] with protection modes 3
Event: 8713.436 Protecting memory [0x0000000173f18000,0x0000000173f24000] with protection modes 3
Event: 8739.564 Protecting memory [0x0000000173d98000,0x0000000173da4000] with protection modes 0

Nmethod flushes (20 events):
Event: 5104.147 Thread 0x000000099cc9e400 flushing  nmethod 0x0000000112d33210
Event: 5104.147 Thread 0x000000099cc9e400 flushing  nmethod 0x0000000112d99510
Event: 5104.147 Thread 0x000000099cc9e400 flushing  nmethod 0x0000000112d99d90
Event: 5104.147 Thread 0x000000099cc9e400 flushing  nmethod 0x0000000112d9b210
Event: 5104.147 Thread 0x000000099cc9e400 flushing  nmethod 0x0000000112db8510
Event: 5104.147 Thread 0x000000099cc9e400 flushing  nmethod 0x0000000112dba190
Event: 5104.147 Thread 0x000000099cc9e400 flushing  nmethod 0x0000000112dbcb90
Event: 5104.147 Thread 0x000000099cc9e400 flushing  nmethod 0x0000000112e4b690
Event: 5104.147 Thread 0x000000099cc9e400 flushing  nmethod 0x0000000112e4ce10
Event: 5104.147 Thread 0x000000099cc9e400 flushing osr nmethod 0x0000000112e51790
Event: 5104.147 Thread 0x000000099cc9e400 flushing  nmethod 0x0000000112fc0d90
Event: 5104.147 Thread 0x000000099cc9e400 flushing  nmethod 0x0000000112fc1c10
Event: 5104.147 Thread 0x000000099cc9e400 flushing  nmethod 0x0000000112fc8810
Event: 5104.147 Thread 0x000000099cc9e400 flushing  nmethod 0x00000001130c2a90
Event: 5104.147 Thread 0x000000099cc9e400 flushing  nmethod 0x000000011318f610
Event: 5104.147 Thread 0x000000099cc9e400 flushing  nmethod 0x00000001133b0b90
Event: 5104.147 Thread 0x000000099cc9e400 flushing  nmethod 0x00000001133b1a10
Event: 5104.147 Thread 0x000000099cc9e400 flushing  nmethod 0x00000001133b1f90
Event: 5104.147 Thread 0x000000099cc9e400 flushing  nmethod 0x00000001133b2590
Event: 5104.147 Thread 0x000000099cc9e400 flushing  nmethod 0x00000001133b4d90

Events (20 events):
Event: 8383.480 Thread 0x0000000102bc9420 Thread added: 0x000000099b571500
Event: 8384.485 Thread 0x000000099b573800 Thread exited: 0x000000099b573800
Event: 8384.486 Thread 0x000000099b571500 Thread exited: 0x000000099b571500
Event: 8533.012 Thread 0x0000000102bc9420 Thread added: 0x000000099b571500
Event: 8533.012 Thread 0x0000000102bc9420 Thread added: 0x000000099b573800
Event: 8534.023 Thread 0x000000099b571500 Thread exited: 0x000000099b571500
Event: 8534.023 Thread 0x000000099b573800 Thread exited: 0x000000099b573800
Event: 8541.233 Thread 0x0000000102bc9420 Thread added: 0x000000099b573800
Event: 8541.233 Thread 0x0000000102bc9420 Thread added: 0x000000099b571500
Event: 8542.239 Thread 0x000000099b573800 Thread exited: 0x000000099b573800
Event: 8542.239 Thread 0x000000099b571500 Thread exited: 0x000000099b571500
Event: 8706.250 Thread 0x0000000102bc9420 Thread added: 0x000000099b573800
Event: 8706.250 Thread 0x0000000102bc9420 Thread added: 0x000000099b571500
Event: 8707.278 Thread 0x000000099b573800 Thread exited: 0x000000099b573800
Event: 8707.278 Thread 0x000000099b571500 Thread exited: 0x000000099b571500
Event: 8712.429 Thread 0x0000000102bc9420 Thread added: 0x000000099b571500
Event: 8712.431 Thread 0x0000000102bc9420 Thread added: 0x000000099b573800
Event: 8713.436 Thread 0x000000099b571500 Thread exited: 0x000000099b571500
Event: 8713.436 Thread 0x000000099b573800 Thread exited: 0x000000099b573800
Event: 8739.564 Thread 0x0000000102bc9420 Thread added: 0x000000099859ce00


Dynamic libraries:
0x00000001025cc000 	/Library/Java/JavaVirtualMachines/temurin-21.jdk/Contents/Home/lib/libjli.dylib
0x00000001b51cb000 	/System/Library/Frameworks/Cocoa.framework/Versions/A/Cocoa
0x000000019aa85000 	/System/Library/Frameworks/AppKit.framework/Versions/C/AppKit
0x000000019e08b000 	/System/Library/Frameworks/CoreData.framework/Versions/A/CoreData
0x0000000197e9e000 	/System/Library/Frameworks/Foundation.framework/Versions/C/Foundation
0x00000001a5f21000 	/usr/lib/libSystem.B.dylib
0x000000019c181000 	/System/Library/PrivateFrameworks/UIFoundation.framework/Versions/A/UIFoundation
0x000000024b0e9000 	/System/Library/PrivateFrameworks/CollectionViewCore.framework/Versions/A/CollectionViewCore
0x00000001a330a000 	/System/Library/PrivateFrameworks/XCTTargetBootstrap.framework/Versions/A/XCTTargetBootstrap
0x00000001a8856000 	/System/Library/PrivateFrameworks/InternationalSupport.framework/Versions/A/InternationalSupport
0x00000001a8bb0000 	/System/Library/PrivateFrameworks/UserActivity.framework/Versions/A/UserActivity
0x000000019e717000 	/System/Library/PrivateFrameworks/BaseBoard.framework/Versions/A/BaseBoard
0x00000002535c3000 	/System/Library/PrivateFrameworks/FrontBoard.framework/Versions/A/FrontBoard
0x00000001b012e000 	/System/Library/PrivateFrameworks/FrontBoardServices.framework/Versions/A/FrontBoardServices
0x000000028d984000 	/usr/lib/libRosetta.dylib
0x000000028162e000 	/System/Library/PrivateFrameworks/UIIntelligenceSupport.framework/Versions/A/UIIntelligenceSupport
0x0000000240449000 	/System/Library/Frameworks/SwiftUICore.framework/Versions/A/SwiftUICore
0x00000002878ad000 	/System/Library/PrivateFrameworks/WritingTools.framework/Versions/A/WritingTools
0x000000028675b000 	/System/Library/PrivateFrameworks/WindowManagement.framework/Versions/A/WindowManagement
0x0000000197afe000 	/System/Library/Frameworks/SystemConfiguration.framework/Versions/A/SystemConfiguration
0x00000001a7ba7000 	/usr/lib/libspindump.dylib
0x000000019c33b000 	/System/Library/Frameworks/UniformTypeIdentifiers.framework/Versions/A/UniformTypeIdentifiers
0x00000001a51e5000 	/usr/lib/libbsm.0.dylib
0x00000001a0a58000 	/usr/lib/libapp_launch_measurement.dylib
0x000000019fd67000 	/System/Library/PrivateFrameworks/CoreAnalytics.framework/Versions/A/CoreAnalytics
0x00000001a0a5c000 	/System/Library/PrivateFrameworks/CoreAutoLayout.framework/Versions/A/CoreAutoLayout
0x00000001a2866000 	/System/Library/Frameworks/Metal.framework/Versions/A/Metal
0x00000001a3c4d000 	/usr/lib/liblangid.dylib
0x00000001a3310000 	/System/Library/PrivateFrameworks/CoreSVG.framework/Versions/A/CoreSVG
0x000000019cd8e000 	/System/Library/PrivateFrameworks/SkyLight.framework/Versions/A/SkyLight
0x000000025330a000 	/System/Library/PrivateFrameworks/FocusEngine.framework/Versions/A/FocusEngine
0x000000019d31b000 	/System/Library/Frameworks/CoreGraphics.framework/Versions/A/CoreGraphics
0x0000000251095000 	/System/Library/PrivateFrameworks/DesignLibrary.framework/Versions/A/DesignLibrary
0x00000001ae467000 	/System/Library/Frameworks/Accelerate.framework/Versions/A/Accelerate
0x00000001a79ad000 	/System/Library/PrivateFrameworks/IconServices.framework/Versions/A/IconServices
0x00000001a283f000 	/System/Library/Frameworks/IOSurface.framework/Versions/A/IOSurface
0x000000019fd97000 	/usr/lib/libDiagnosticMessagesClient.dylib
0x00000001a5e6a000 	/usr/lib/libz.1.dylib
0x00000001b2656000 	/System/Library/Frameworks/ApplicationServices.framework/Versions/A/ApplicationServices
0x00000001a32f5000 	/System/Library/PrivateFrameworks/DFRFoundation.framework/Versions/A/DFRFoundation
0x000000019a2d5000 	/usr/lib/libicucore.A.dylib
0x00000001a9dd0000 	/System/Library/Frameworks/AudioToolbox.framework/Versions/A/AudioToolbox
0x00000001a8b5e000 	/System/Library/PrivateFrameworks/DataDetectorsCore.framework/Versions/A/DataDetectorsCore
0x00000002820e4000 	/System/Library/PrivateFrameworks/UpdateCycle.framework/Versions/A/UpdateCycle
0x00000001c6320000 	/System/Library/PrivateFrameworks/TextInput.framework/Versions/A/TextInput
0x000000019ccd2000 	/usr/lib/libMobileGestalt.dylib
0x00000001a2ff2000 	/System/Library/Frameworks/Carbon.framework/Versions/A/Frameworks/HIToolbox.framework/Versions/A/HIToolbox
0x00000001a02cc000 	/System/Library/Frameworks/QuartzCore.framework/Versions/A/QuartzCore
0x0000000199eae000 	/System/Library/Frameworks/Security.framework/Versions/A/Security
0x00000001addec000 	/System/Library/Frameworks/Carbon.framework/Versions/A/Frameworks/SpeechRecognition.framework/Versions/A/SpeechRecognition
0x00000001a0728000 	/System/Library/PrivateFrameworks/CoreUI.framework/Versions/A/CoreUI
0x0000000199701000 	/System/Library/Frameworks/CoreAudio.framework/Versions/A/CoreAudio
0x000000019fe8b000 	/System/Library/Frameworks/DiskArbitration.framework/Versions/A/DiskArbitration
0x00000001a805d000 	/System/Library/PrivateFrameworks/MultitouchSupport.framework/Versions/A/MultitouchSupport
0x000000019ccd0000 	/usr/lib/libenergytrace.dylib
0x00000001b9c9a000 	/System/Library/PrivateFrameworks/RenderBox.framework/Versions/A/RenderBox
0x000000019a92c000 	/System/Library/Frameworks/IOKit.framework/Versions/A/IOKit
0x00000001ae1f2000 	/System/Library/Frameworks/CoreServices.framework/Versions/A/CoreServices
0x00000001a09e9000 	/System/Library/PrivateFrameworks/PerformanceAnalysis.framework/Versions/A/PerformanceAnalysis
0x00000001fb326000 	/System/Library/Frameworks/OpenGL.framework/Versions/A/OpenGL
0x00000001a0aa6000 	/usr/lib/libxml2.2.dylib
0x00000001a50c1000 	/System/Library/PrivateFrameworks/MobileKeyBag.framework/Versions/A/MobileKeyBag
0x00000001961cc000 	/usr/lib/libobjc.A.dylib
0x0000000196527000 	/usr/lib/libc++.1.dylib
0x00000001ae170000 	/System/Library/Frameworks/Accessibility.framework/Versions/A/Accessibility
0x000000019da72000 	/System/Library/Frameworks/ColorSync.framework/Versions/A/ColorSync
0x0000000196658000 	/System/Library/Frameworks/CoreFoundation.framework/Versions/A/CoreFoundation
0x00000001a368f000 	/System/Library/Frameworks/CoreImage.framework/Versions/A/CoreImage
0x00000001994d5000 	/System/Library/Frameworks/CoreText.framework/Versions/A/CoreText
0x000000023ab84000 	/System/Library/Frameworks/CoreTransferable.framework/Versions/A/CoreTransferable
0x000000023b0b3000 	/System/Library/Frameworks/DataDetection.framework/Versions/A/DataDetection
0x000000023b0c7000 	/System/Library/Frameworks/DeveloperToolsSupport.framework/Versions/A/DeveloperToolsSupport
0x00000001a334e000 	/System/Library/Frameworks/ImageIO.framework/Versions/A/ImageIO
0x000000024136e000 	/System/Library/Frameworks/Symbols.framework/Versions/A/Symbols
0x00000001cb43f000 	/System/Library/PrivateFrameworks/AttributeGraph.framework/Versions/A/AttributeGraph
0x00000001b020d000 	/System/Library/PrivateFrameworks/BoardServices.framework/Versions/A/BoardServices
0x00000001ef009000 	/System/Library/PrivateFrameworks/FeatureFlags.framework/Versions/A/FeatureFlags
0x000000025c21c000 	/System/Library/PrivateFrameworks/Gestures.framework/Versions/A/Gestures
0x00000001a5f26000 	/System/Library/PrivateFrameworks/SoftLinking.framework/Versions/A/SoftLinking
0x00000001d9994000 	/usr/lib/swift/libswiftAccelerate.dylib
0x00000001a973b000 	/usr/lib/swift/libswiftCore.dylib
0x00000001c267e000 	/usr/lib/swift/libswiftCoreFoundation.dylib
0x00000001c26d7000 	/usr/lib/swift/libswiftCoreImage.dylib
0x00000001afeab000 	/usr/lib/swift/libswiftDispatch.dylib
0x00000001c26d8000 	/usr/lib/swift/libswiftIOKit.dylib
0x00000001d0017000 	/usr/lib/swift/libswiftMetal.dylib
0x00000001df01b000 	/usr/lib/swift/libswiftOSLog.dylib
0x00000001b2c9f000 	/usr/lib/swift/libswiftObjectiveC.dylib
0x000000028eb35000 	/usr/lib/swift/libswiftObservation.dylib
0x00000001d51a4000 	/usr/lib/swift/libswiftQuartzCore.dylib
0x000000028ec73000 	/usr/lib/swift/libswiftSynchronization.dylib
0x00000001d9985000 	/usr/lib/swift/libswiftUniformTypeIdentifiers.dylib
0x00000001c2690000 	/usr/lib/swift/libswiftXPC.dylib
0x000000028ecad000 	/usr/lib/swift/libswift_Builtin_float.dylib
0x000000028ecb0000 	/usr/lib/swift/libswift_Concurrency.dylib
0x00000001b2ca3000 	/usr/lib/swift/libswiftos.dylib
0x00000001c60bb000 	/usr/lib/swift/libswiftsimd.dylib
0x00000001a614c000 	/usr/lib/libcompression.dylib
0x00000001a87b6000 	/System/Library/PrivateFrameworks/TextureIO.framework/Versions/A/TextureIO
0x000000019dc2d000 	/System/Library/Frameworks/ApplicationServices.framework/Versions/A/Frameworks/HIServices.framework/Versions/A/HIServices
0x00000001a7636000 	/usr/lib/libate.dylib
0x00000001a5f1b000 	/usr/lib/system/libcache.dylib
0x00000001a5ed6000 	/usr/lib/system/libcommonCrypto.dylib
0x00000001a5f01000 	/usr/lib/system/libcompiler_rt.dylib
0x00000001a5ef6000 	/usr/lib/system/libcopyfile.dylib
0x0000000196362000 	/usr/lib/system/libcorecrypto.dylib
0x000000019645b000 	/usr/lib/system/libdispatch.dylib
0x0000000196220000 	/usr/lib/system/libdyld.dylib
0x00000001a5f11000 	/usr/lib/system/libkeymgr.dylib
0x00000001a5eb9000 	/usr/lib/system/libmacho.dylib
0x00000001a51bd000 	/usr/lib/system/libquarantine.dylib
0x00000001a5f0e000 	/usr/lib/system/libremovefile.dylib
0x000000019cd52000 	/usr/lib/system/libsystem_asl.dylib
0x00000001962f0000 	/usr/lib/system/libsystem_blocks.dylib
0x00000001964a5000 	/usr/lib/system/libsystem_c.dylib
0x00000001a5f05000 	/usr/lib/system/libsystem_collections.dylib
0x00000001a3c3a000 	/usr/lib/system/libsystem_configuration.dylib
0x00000001a2808000 	/usr/lib/system/libsystem_containermanager.dylib
0x00000001a593e000 	/usr/lib/system/libsystem_coreservices.dylib
0x000000019a5a7000 	/usr/lib/system/libsystem_darwin.dylib
0x000000028f002000 	/usr/lib/system/libsystem_darwindirectory.dylib
0x00000001a5f12000 	/usr/lib/system/libsystem_dnssd.dylib
0x000000028f006000 	/usr/lib/system/libsystem_eligibility.dylib
0x00000001964a2000 	/usr/lib/system/libsystem_featureflags.dylib
0x0000000196628000 	/usr/lib/system/libsystem_info.dylib
0x00000001a5e7a000 	/usr/lib/system/libsystem_m.dylib
0x000000019640f000 	/usr/lib/system/libsystem_malloc.dylib
0x000000019ccb5000 	/usr/lib/system/libsystem_networkextension.dylib
0x000000019aa17000 	/usr/lib/system/libsystem_notify.dylib
0x00000001a3c3f000 	/usr/lib/system/libsystem_sandbox.dylib
0x000000028f00e000 	/usr/lib/system/libsystem_sanitizers.dylib
0x00000001a5f0a000 	/usr/lib/system/libsystem_secinit.dylib
0x00000001965d5000 	/usr/lib/system/libsystem_kernel.dylib
0x000000019661f000 	/usr/lib/system/libsystem_platform.dylib
0x0000000196612000 	/usr/lib/system/libsystem_pthread.dylib
0x000000019e8fa000 	/usr/lib/system/libsystem_symptoms.dylib
0x0000000196341000 	/usr/lib/system/libsystem_trace.dylib
0x000000028f016000 	/usr/lib/system/libsystem_trial.dylib
0x00000001a5ee4000 	/usr/lib/system/libunwind.dylib
0x00000001962f4000 	/usr/lib/system/libxpc.dylib
0x00000001965ba000 	/usr/lib/libc++abi.dylib
0x000000028e8b7000 	/usr/lib/libswiftPrespecialized.dylib
0x00000001a5f23000 	/usr/lib/libfakelink.dylib
0x000000019c8fb000 	/System/Library/Frameworks/CFNetwork.framework/Versions/A/CFNetwork
0x00000001a5f77000 	/usr/lib/libarchive.2.dylib
0x00000001abf0b000 	/System/Library/Frameworks/Combine.framework/Versions/A/Combine
0x000000024b10e000 	/System/Library/PrivateFrameworks/CollectionsInternal.framework/Versions/A/CollectionsInternal
0x0000000270e3f000 	/System/Library/PrivateFrameworks/ReflectionInternal.framework/Versions/A/ReflectionInternal
0x0000000271c8c000 	/System/Library/PrivateFrameworks/RuntimeInternal.framework/Versions/A/RuntimeInternal
0x00000001bf676000 	/usr/lib/swift/libswiftDarwin.dylib
0x000000028ec7b000 	/usr/lib/swift/libswiftSystem.dylib
0x000000028ed3b000 	/usr/lib/swift/libswift_DarwinFoundation1.dylib
0x000000028ee1c000 	/usr/lib/swift/libswift_StringProcessing.dylib
0x000000019a8ac000 	/System/Library/PrivateFrameworks/CoreServicesInternal.framework/Versions/A/CoreServicesInternal
0x00000001a5eee000 	/usr/lib/liboah.dylib
0x00000001b20fc000 	/System/Library/PrivateFrameworks/DiskImages.framework/Versions/A/DiskImages
0x00000001bf13e000 	/System/Library/Frameworks/NetFS.framework/Versions/A/NetFS
0x00000001a0a20000 	/System/Library/Frameworks/CoreServices.framework/Versions/A/Frameworks/FSEvents.framework/Versions/A/FSEvents
0x000000019a5b2000 	/System/Library/Frameworks/CoreServices.framework/Versions/A/Frameworks/CarbonCore.framework/Versions/A/CarbonCore
0x000000019fdff000 	/System/Library/Frameworks/CoreServices.framework/Versions/A/Frameworks/Metadata.framework/Versions/A/Metadata
0x00000001a5946000 	/System/Library/Frameworks/CoreServices.framework/Versions/A/Frameworks/OSServices.framework/Versions/A/OSServices
0x00000001a606f000 	/System/Library/Frameworks/CoreServices.framework/Versions/A/Frameworks/SearchKit.framework/Versions/A/SearchKit
0x000000019e874000 	/System/Library/Frameworks/CoreServices.framework/Versions/A/Frameworks/AE.framework/Versions/A/AE
0x0000000196ba5000 	/System/Library/Frameworks/CoreServices.framework/Versions/A/Frameworks/LaunchServices.framework/Versions/A/LaunchServices
0x00000001a748c000 	/System/Library/Frameworks/CoreServices.framework/Versions/A/Frameworks/DictionaryServices.framework/Versions/A/DictionaryServices
0x00000001a0a2e000 	/System/Library/Frameworks/CoreServices.framework/Versions/A/Frameworks/SharedFileList.framework/Versions/A/SharedFileList
0x00000001a6104000 	/usr/lib/libapple_nghttp2.dylib
0x000000019e48e000 	/usr/lib/libsqlite3.dylib
0x000000019e676000 	/System/Library/Frameworks/Accounts.framework/Versions/A/Accounts
0x00000001b2343000 	/System/Library/PrivateFrameworks/AppSupport.framework/Versions/A/AppSupport
0x00000001aa462000 	/System/Library/Frameworks/GSS.framework/Versions/A/GSS
0x000000019e808000 	/System/Library/PrivateFrameworks/RunningBoardServices.framework/Versions/A/RunningBoardServices
0x00000001b2c2d000 	/System/Library/PrivateFrameworks/StreamingZip.framework/Versions/A/StreamingZip
0x000000019e903000 	/System/Library/Frameworks/Network.framework/Versions/A/Network
0x00000001a5ebd000 	/usr/lib/system/libkxld.dylib
0x0000000246b34000 	/System/Library/PrivateFrameworks/AppleKeyStore.framework/Versions/A/AppleKeyStore
0x000000028d688000 	/usr/lib/libCoreEntitlements.dylib
0x0000000267199000 	/System/Library/PrivateFrameworks/MessageSecurity.framework/Versions/A/MessageSecurity
0x000000019e472000 	/System/Library/PrivateFrameworks/ProtocolBuffer.framework/Versions/A/ProtocolBuffer
0x00000001ba973000 	/System/Library/PrivateFrameworks/CloudServices.framework/Versions/A/CloudServices
0x00000001af2e7000 	/System/Library/PrivateFrameworks/SymptomDiagnosticReporter.framework/Versions/A/SymptomDiagnosticReporter
0x00000001a76d0000 	/System/Library/PrivateFrameworks/CrashReporterSupport.framework/Versions/A/CrashReporterSupport
0x00000001a5925000 	/System/Library/PrivateFrameworks/AppleFSCompression.framework/Versions/A/AppleFSCompression
0x00000001a51cd000 	/usr/lib/libcoretls.dylib
0x00000001a7503000 	/usr/lib/libcoretls_cfhelpers.dylib
0x00000001a6145000 	/usr/lib/libpam.2.dylib
0x00000001a7575000 	/usr/lib/libxar.1.dylib
0x00000001a7505000 	/System/Library/PrivateFrameworks/APFS.framework/Versions/A/APFS
0x000000027c207000 	/System/Library/PrivateFrameworks/SwiftASN1Internal.framework/Versions/A/SwiftASN1Internal
0x00000001a7584000 	/usr/lib/libutil.dylib
0x00000001a3c48000 	/System/Library/PrivateFrameworks/AppleSystemInfo.framework/Versions/A/AppleSystemInfo
0x00000001a4eb1000 	/System/Library/PrivateFrameworks/IOMobileFramebuffer.framework/Versions/A/IOMobileFramebuffer
0x00000001c2545000 	/System/Library/PrivateFrameworks/LoggingSupport.framework/Versions/A/LoggingSupport
0x00000001aa4c5000 	/System/Library/PrivateFrameworks/MobileAsset.framework/Versions/A/MobileAsset
0x00000001af2f7000 	/System/Library/PrivateFrameworks/PowerLog.framework/Versions/A/PowerLog
0x00000002402ed000 	/System/Library/Frameworks/SwiftData.framework/Versions/A/SwiftData
0x00000001a0c50000 	/System/Library/PrivateFrameworks/UserManagement.framework/Versions/A/UserManagement
0x000000019c828000 	/usr/lib/libboringssl.dylib
0x000000019e8e8000 	/usr/lib/libdns_services.dylib
0x00000001c1583000 	/usr/lib/libquic.dylib
0x00000001a96cc000 	/usr/lib/libusrtcp.dylib
0x0000000247883000 	/System/Library/PrivateFrameworks/AtomicsInternal.framework/Versions/A/AtomicsInternal
0x00000001e7442000 	/System/Library/PrivateFrameworks/InternalSwiftProtobuf.framework/Versions/A/InternalSwiftProtobuf
0x000000028eb0c000 	/usr/lib/swift/libswiftDistributed.dylib
0x00000001a3c46000 	/System/Library/PrivateFrameworks/AggregateDictionary.framework/Versions/A/AggregateDictionary
0x0000000247ffb000 	/System/Library/PrivateFrameworks/BiomeLibrary.framework/Versions/A/BiomeLibrary
0x00000001d0f64000 	/System/Library/PrivateFrameworks/BiomeStreams.framework/Versions/A/BiomeStreams
0x00000001cd2ff000 	/System/Library/PrivateFrameworks/BiomeFoundation.framework/Versions/A/BiomeFoundation
0x00000001d6f2c000 	/System/Library/PrivateFrameworks/BiomePubSub.framework/Versions/A/BiomePubSub
0x00000001b3c4a000 	/System/Library/PrivateFrameworks/ProactiveSupport.framework/Versions/A/ProactiveSupport
0x00000001a74e4000 	/usr/lib/liblzma.5.dylib
0x00000001b2657000 	/System/Library/PrivateFrameworks/InternationalTextSearch.framework/Versions/A/InternationalTextSearch
0x00000001c9844000 	/System/Library/PrivateFrameworks/SoftwareUpdateCoreSupport.framework/Versions/A/SoftwareUpdateCoreSupport
0x00000001d19a8000 	/System/Library/PrivateFrameworks/SoftwareUpdateCoreConnect.framework/Versions/A/SoftwareUpdateCoreConnect
0x00000001b21fa000 	/System/Library/PrivateFrameworks/RemoteServiceDiscovery.framework/Versions/A/RemoteServiceDiscovery
0x00000001c9442000 	/System/Library/PrivateFrameworks/MSUDataAccessor.framework/Versions/A/MSUDataAccessor
0x00000001c4678000 	/usr/lib/libbootpolicy.dylib
0x00000001b2210000 	/System/Library/PrivateFrameworks/RemoteXPC.framework/Versions/A/RemoteXPC
0x00000001d0e31000 	/usr/lib/libFDR.dylib
0x00000001d6b5c000 	/usr/lib/libamsupport.dylib
0x000000028d97c000 	/usr/lib/libReverseProxyDevice.dylib
0x00000002464cb000 	/System/Library/PrivateFrameworks/AppleDeviceQuerySupport.framework/Versions/A/AppleDeviceQuerySupport
0x00000001d9b95000 	/usr/lib/libpartition2_dynamic.dylib
0x00000001a60e0000 	/System/Library/PrivateFrameworks/AppleSauce.framework/Versions/A/AppleSauce
0x000000028d52b000 	/usr/lib/libAppleArchive.dylib
0x00000001a5931000 	/usr/lib/libbz2.1.0.dylib
0x000000019fe95000 	/System/Library/Frameworks/Accelerate.framework/Versions/A/Frameworks/vImage.framework/Versions/A/vImage
0x00000001ae1cc000 	/System/Library/Frameworks/Accelerate.framework/Versions/A/Frameworks/vecLib.framework/Versions/A/vecLib
0x00000001a75bb000 	/System/Library/Frameworks/Accelerate.framework/Versions/A/Frameworks/vecLib.framework/Versions/A/libvMisc.dylib
0x0000000197097000 	/System/Library/Frameworks/Accelerate.framework/Versions/A/Frameworks/vecLib.framework/Versions/A/libBLAS.dylib
0x00000001a0b8d000 	/System/Library/Frameworks/CoreVideo.framework/Versions/A/CoreVideo
0x00000001aa06d000 	/System/Library/Frameworks/ApplicationServices.framework/Versions/A/Frameworks/ATS.framework/Versions/A/ATS
0x00000001a873f000 	/System/Library/Frameworks/ApplicationServices.framework/Versions/A/Frameworks/PrintCore.framework/Versions/A/PrintCore
0x00000001aa42b000 	/System/Library/Frameworks/ApplicationServices.framework/Versions/A/Frameworks/QD.framework/Versions/A/QD
0x00000001aa426000 	/System/Library/Frameworks/ApplicationServices.framework/Versions/A/Frameworks/ColorSyncLegacy.framework/Versions/A/ColorSyncLegacy
0x00000001aa03f000 	/System/Library/Frameworks/ApplicationServices.framework/Versions/A/Frameworks/SpeechSynthesis.framework/Versions/A/SpeechSynthesis
0x00000001a2d2d000 	/System/Library/PrivateFrameworks/FontServices.framework/libFontParser.dylib
0x00000001b1f20000 	/System/Library/PrivateFrameworks/BackBoardServices.framework/Versions/A/BackBoardServices
0x0000000247f1a000 	/System/Library/PrivateFrameworks/BackBoardHIDEventFoundation.framework/Versions/A/BackBoardHIDEventFoundation
0x0000000198fe8000 	/System/Library/Frameworks/CoreDisplay.framework/Versions/A/CoreDisplay
0x00000001a80a3000 	/System/Library/Frameworks/VideoToolbox.framework/Versions/A/VideoToolbox
0x00000001a6143000 	/System/Library/Frameworks/MetalPerformanceShaders.framework/Versions/A/MetalPerformanceShaders
0x00000002700ca000 	/System/Library/PrivateFrameworks/ProDisplayLibrary.framework/Versions/A/ProDisplayLibrary
0x00000001b5c0b000 	/System/Library/PrivateFrameworks/IOSurfaceAccelerator.framework/Versions/A/IOSurfaceAccelerator
0x00000001a285c000 	/System/Library/PrivateFrameworks/IOAccelerator.framework/Versions/A/IOAccelerator
0x00000001a2b73000 	/System/Library/Frameworks/CoreMedia.framework/Versions/A/CoreMedia
0x000000019cd6a000 	/System/Library/PrivateFrameworks/TCC.framework/Versions/A/TCC
0x00000001a805b000 	/System/Library/PrivateFrameworks/WatchdogClient.framework/Versions/A/WatchdogClient
0x00000001d6f8a000 	/System/Library/PrivateFrameworks/BiomeStorage.framework/Versions/A/BiomeStorage
0x0000000261ef5000 	/System/Library/PrivateFrameworks/IntelligencePlatformLibrary.framework/Versions/A/IntelligencePlatformLibrary
0x000000026f440000 	/System/Library/PrivateFrameworks/PoirotSchematizer.framework/Versions/A/PoirotSchematizer
0x0000000248826000 	/System/Library/PrivateFrameworks/BiomeSync.framework/Versions/A/BiomeSync
0x0000000247fe1000 	/System/Library/PrivateFrameworks/BiomeDSL.framework/Versions/A/BiomeDSL
0x000000026f4aa000 	/System/Library/PrivateFrameworks/PoirotUDFs.framework/Versions/A/PoirotUDFs
0x000000026f40f000 	/System/Library/PrivateFrameworks/PoirotSQLite.framework/Versions/A/PoirotSQLite
0x00000001b072a000 	/System/Library/PrivateFrameworks/CoreTime.framework/Versions/A/CoreTime
0x00000001a5f5c000 	/usr/lib/libiconv.2.dylib
0x00000001a5eb8000 	/usr/lib/libcharset.1.dylib
0x000000028ed7c000 	/usr/lib/swift/libswift_RegexParser.dylib
0x0000000249dfd000 	/System/Library/PrivateFrameworks/CascadeSets.framework/Versions/A/CascadeSets
0x00000001aa62a000 	/System/Library/PrivateFrameworks/CorePhoneNumbers.framework/Versions/A/CorePhoneNumbers
0x00000001a7f25000 	/System/Library/PrivateFrameworks/AppleJPEG.framework/Versions/A/AppleJPEG
0x00000001a7928000 	/usr/lib/libexpat.1.dylib
0x00000001a8612000 	/System/Library/Frameworks/ImageIO.framework/Versions/A/Resources/libPng.dylib
0x00000001a863e000 	/System/Library/Frameworks/ImageIO.framework/Versions/A/Resources/libTIFF.dylib
0x00000001a8728000 	/System/Library/Frameworks/ImageIO.framework/Versions/A/Resources/libGIF.dylib
0x00000001a7f6a000 	/System/Library/Frameworks/ImageIO.framework/Versions/A/Resources/libJP2.dylib
0x00000001a86ce000 	/System/Library/Frameworks/ImageIO.framework/Versions/A/Resources/libJPEG.dylib
0x00000001a86c5000 	/System/Library/Frameworks/ImageIO.framework/Versions/A/Resources/libRadiance.dylib
0x0000000258cbb000 	/System/Library/PrivateFrameworks/GPUCompiler.framework/Versions/32023/Libraries/libllvm-flatbuffers.dylib
0x00000002535b6000 	/System/Library/PrivateFrameworks/FramePacing.framework/Versions/A/FramePacing
0x00000001fb318000 	/System/Library/Frameworks/OpenGL.framework/Versions/A/Libraries/libCoreFSCache.dylib
0x00000002546ef000 	/System/Library/PrivateFrameworks/GPUCompiler.framework/Versions/32023/Libraries/libGPUCompilerUtils.dylib
0x00000001b02da000 	/System/Library/PrivateFrameworks/GraphicsServices.framework/Versions/A/GraphicsServices
0x00000001b3dd0000 	/System/Library/PrivateFrameworks/ASEProcessing.framework/Versions/A/ASEProcessing
0x00000001e2dd5000 	/System/Library/PrivateFrameworks/Symbolication.framework/Versions/A/Symbolication
0x000000026f039000 	/System/Library/PrivateFrameworks/PhotosensitivityProcessing.framework/Versions/A/PhotosensitivityProcessing
0x00000001a7b49000 	/System/Library/PrivateFrameworks/GraphVisualizer.framework/Versions/A/GraphVisualizer
0x00000001fb377000 	/System/Library/Frameworks/OpenGL.framework/Versions/A/Libraries/libGLU.dylib
0x00000001fb33a000 	/System/Library/Frameworks/OpenGL.framework/Versions/A/Libraries/libGFXShared.dylib
0x00000001fb506000 	/System/Library/Frameworks/OpenGL.framework/Versions/A/Libraries/libGL.dylib
0x00000001fb343000 	/System/Library/Frameworks/OpenGL.framework/Versions/A/Libraries/libGLImage.dylib
0x00000001fb337000 	/System/Library/Frameworks/OpenGL.framework/Versions/A/Libraries/libCVMSPluginSupport.dylib
0x00000001fb320000 	/System/Library/Frameworks/OpenGL.framework/Versions/A/Libraries/libCoreVMClient.dylib
0x00000002534c4000 	/System/Library/PrivateFrameworks/FontServices.framework/Versions/A/FontServices
0x00000001a7b59000 	/System/Library/PrivateFrameworks/OTSVG.framework/Versions/A/OTSVG
0x00000001a06d5000 	/System/Library/Frameworks/ApplicationServices.framework/Versions/A/Frameworks/ATS.framework/Versions/A/Resources/libFontRegistry.dylib
0x000000028de74000 	/usr/lib/libhvf.dylib
0x000000026bfc4000 	/System/Library/PrivateFrameworks/ParsingInternal.framework/Versions/A/ParsingInternal
0x000000028eb55000 	/usr/lib/swift/libswiftRegexBuilder.dylib
0x00000002534c5000 	/System/Library/PrivateFrameworks/FontServices.framework/libXTFontStaticRegistryData.dylib
0x00000001a3b87000 	/System/Library/Frameworks/MetalPerformanceShaders.framework/Versions/A/Frameworks/MPSCore.framework/Versions/A/MPSCore
0x00000001a5890000 	/System/Library/Frameworks/MetalPerformanceShaders.framework/Versions/A/Frameworks/MPSImage.framework/Versions/A/MPSImage
0x00000001a5270000 	/System/Library/Frameworks/MetalPerformanceShaders.framework/Versions/A/Frameworks/MPSNeuralNetwork.framework/Versions/A/MPSNeuralNetwork
0x00000001a56a8000 	/System/Library/Frameworks/MetalPerformanceShaders.framework/Versions/A/Frameworks/MPSMatrix.framework/Versions/A/MPSMatrix
0x00000001a54bd000 	/System/Library/Frameworks/MetalPerformanceShaders.framework/Versions/A/Frameworks/MPSRayIntersector.framework/Versions/A/MPSRayIntersector
0x00000001a56da000 	/System/Library/Frameworks/MetalPerformanceShaders.framework/Versions/A/Frameworks/MPSNDArray.framework/Versions/A/MPSNDArray
0x000000023d3b1000 	/System/Library/Frameworks/MetalPerformanceShaders.framework/Versions/A/Frameworks/MPSFunctions.framework/Versions/A/MPSFunctions
0x000000023d392000 	/System/Library/Frameworks/MetalPerformanceShaders.framework/Versions/A/Frameworks/MPSBenchmarkLoop.framework/Versions/A/MPSBenchmarkLoop
0x0000000196eb3000 	/System/Library/PrivateFrameworks/MetalTools.framework/Versions/A/MetalTools
0x00000001c7729000 	/System/Library/PrivateFrameworks/IOAccelMemoryInfo.framework/Versions/A/IOAccelMemoryInfo
0x00000001d5598000 	/System/Library/PrivateFrameworks/kperf.framework/Versions/A/kperf
0x00000001c265a000 	/System/Library/PrivateFrameworks/GPURawCounter.framework/Versions/A/GPURawCounter
0x00000001b0613000 	/System/Library/PrivateFrameworks/CoreSymbolication.framework/Versions/A/CoreSymbolication
0x00000001c25d1000 	/System/Library/PrivateFrameworks/MallocStackLogging.framework/Versions/A/MallocStackLogging
0x00000001b05f0000 	/System/Library/PrivateFrameworks/DebugSymbols.framework/Versions/A/DebugSymbols
0x00000001d3e2a000 	/System/Library/PrivateFrameworks/OSAnalytics.framework/Versions/A/OSAnalytics
0x00000002514d6000 	/System/Library/PrivateFrameworks/DeviceRecovery.framework/Versions/A/DeviceRecovery
0x000000023b204000 	/System/Library/Frameworks/ExtensionFoundation.framework/Versions/A/ExtensionFoundation
0x00000001a7b9a000 	/System/Library/PrivateFrameworks/AppServerSupport.framework/Versions/A/AppServerSupport
0x00000001a7827000 	/System/Library/PrivateFrameworks/PlugInKit.framework/Versions/A/PlugInKit
0x00000001a50df000 	/System/Library/PrivateFrameworks/AssertionServices.framework/Versions/A/AssertionServices
0x00000001a794d000 	/System/Library/PrivateFrameworks/IconFoundation.framework/Versions/A/IconFoundation
0x000000025ef6f000 	/System/Library/PrivateFrameworks/IconRendering.framework/Versions/A/IconRendering
0x0000000271e37000 	/System/Library/PrivateFrameworks/SFSymbols.framework/Versions/A/SFSymbols
0x000000019910c000 	/System/Library/PrivateFrameworks/AudioToolboxCore.framework/Versions/A/AudioToolboxCore
0x00000001a9fa8000 	/System/Library/PrivateFrameworks/AudioSession.framework/Versions/A/AudioSession
0x00000001b4fde000 	/System/Library/Frameworks/CoreMIDI.framework/Versions/A/CoreMIDI
0x00000001aa026000 	/usr/lib/libAudioStatistics.dylib
0x00000001a2b4a000 	/System/Library/PrivateFrameworks/caulk.framework/Versions/A/caulk
0x00000001a85ec000 	/usr/lib/libAudioToolboxUtility.dylib
0x00000001c265e000 	/usr/lib/swift/libswiftCoreAudio.dylib
0x00000001c8cb3000 	/usr/lib/swift/libswiftCoreMIDI.dylib
0x00000001aa434000 	/System/Library/PrivateFrameworks/perfdata.framework/Versions/A/perfdata
0x00000001c167d000 	/System/Library/PrivateFrameworks/SystemPolicy.framework/Versions/A/SystemPolicy
0x00000001aa2d9000 	/usr/lib/libSMC.dylib
0x00000001aa442000 	/usr/lib/libperfcheck.dylib
0x0000000247942000 	/System/Library/PrivateFrameworks/AudioAnalytics.framework/Versions/A/AudioAnalytics
0x000000028ed3f000 	/usr/lib/swift/libswift_DarwinFoundation2.dylib
0x000000028ed40000 	/usr/lib/swift/libswift_DarwinFoundation3.dylib
0x00000001e7167000 	/System/Library/Frameworks/OSLog.framework/Versions/A/OSLog
0x00000001c2603000 	/usr/lib/libmis.dylib
0x00000001a7a67000 	/System/Library/PrivateFrameworks/MediaExperience.framework/Versions/A/MediaExperience
0x00000001a9d79000 	/System/Library/PrivateFrameworks/AudioSession.framework/libSessionUtility.dylib
0x00000001a872e000 	/System/Library/PrivateFrameworks/CMCaptureCore.framework/Versions/A/CMCaptureCore
0x00000001af1d6000 	/System/Library/Frameworks/CoreBluetooth.framework/Versions/A/CoreBluetooth
0x00000001a4f46000 	/System/Library/PrivateFrameworks/CoreUtils.framework/Versions/A/CoreUtils
0x00000001ba9b1000 	/System/Library/PrivateFrameworks/HID.framework/Versions/A/HID
0x0000000250954000 	/System/Library/PrivateFrameworks/CoreUtilsExtras.framework/Versions/A/CoreUtilsExtras
0x000000025eed1000 	/System/Library/PrivateFrameworks/IO80211.framework/Versions/A/IO80211
0x00000001a5979000 	/System/Library/PrivateFrameworks/AuthKit.framework/Versions/A/AuthKit
0x00000001abc5f000 	/System/Library/Frameworks/IOBluetooth.framework/Versions/A/IOBluetooth
0x00000001a76c7000 	/usr/lib/libIOReport.dylib
0x00000001a50ee000 	/System/Library/Frameworks/SecurityFoundation.framework/Versions/A/SecurityFoundation
0x0000000197879000 	/System/Library/PrivateFrameworks/Lexicon.framework/Versions/A/Lexicon
0x00000001a5258000 	/usr/lib/libgermantok.dylib
0x00000001a3d71000 	/System/Library/PrivateFrameworks/LinguisticData.framework/Versions/A/LinguisticData
0x00000001aa0e5000 	/System/Library/PrivateFrameworks/MultiverseSupport.framework/Versions/A/MultiverseSupport
0x00000001af41b000 	/System/Library/PrivateFrameworks/DiskManagement.framework/Versions/A/DiskManagement
0x00000001af327000 	/System/Library/PrivateFrameworks/AppleIDAuthSupport.framework/Versions/A/AppleIDAuthSupport
0x0000000242b32000 	/System/Library/PrivateFrameworks/AAAFoundation.framework/Versions/A/AAAFoundation
0x00000001aa5e8000 	/System/Library/PrivateFrameworks/KeychainCircle.framework/Versions/A/KeychainCircle
0x00000001bb848000 	/System/Library/PrivateFrameworks/URLFormatting.framework/Versions/A/URLFormatting
0x00000001b22af000 	/usr/lib/libcsfde.dylib
0x00000001a7871000 	/usr/lib/libCoreStorage.dylib
0x00000001af3e9000 	/System/Library/PrivateFrameworks/MediaKit.framework/Versions/A/MediaKit
0x00000001af334000 	/System/Library/Frameworks/DiscRecording.framework/Versions/A/DiscRecording
0x00000001abd36000 	/System/Library/PrivateFrameworks/ProtectedCloudStorage.framework/Versions/A/ProtectedCloudStorage
0x00000001b22aa000 	/System/Library/PrivateFrameworks/EFILogin.framework/Versions/A/EFILogin
0x00000001a7943000 	/usr/lib/libheimdal-asn1.dylib
0x00000001af73e000 	/System/Library/PrivateFrameworks/OctagonTrust.framework/Versions/A/OctagonTrust
0x00000001b2c03000 	/System/Library/Frameworks/AudioUnit.framework/Versions/A/AudioUnit
0x00000001a09f3000 	/System/Library/Frameworks/OpenDirectory.framework/Versions/A/OpenDirectory
0x00000001a0a01000 	/System/Library/Frameworks/OpenDirectory.framework/Versions/A/Frameworks/CFOpenDirectory.framework/Versions/A/CFOpenDirectory
0x00000001fb887000 	/System/Library/Frameworks/AVFAudio.framework/Versions/A/AVFAudio
0x00000001bb950000 	/usr/lib/libAccessibility.dylib
0x0000000262a37000 	/System/Library/PrivateFrameworks/IsolatedCoreAudioClient.framework/Versions/A/IsolatedCoreAudioClient
0x00000001dd852000 	/usr/lib/swift/libswiftCoreMedia.dylib
0x000000027f7c0000 	/System/Library/PrivateFrameworks/Tightbeam.framework/Versions/A/Tightbeam
0x000000024c889000 	/System/Library/PrivateFrameworks/CoreAudioOrchestration.framework/Versions/A/CoreAudioOrchestration
0x00000001da0da000 	/System/Library/PrivateFrameworks/AFKUser.framework/Versions/A/AFKUser
0x00000001ae4b7000 	/System/Library/Frameworks/MediaAccessibility.framework/Versions/A/MediaAccessibility
0x000000028375f000 	/System/Library/PrivateFrameworks/VideoToolboxParavirtualizationSupport.framework/Versions/A/VideoToolboxParavirtualizationSupport
0x00000001a78df000 	/System/Library/PrivateFrameworks/AppleVA.framework/Versions/A/AppleVA
0x00000001a86c0000 	/System/Library/PrivateFrameworks/GPUWrangler.framework/Versions/A/GPUWrangler
0x00000001a86a0000 	/System/Library/PrivateFrameworks/IOPresentment.framework/Versions/A/IOPresentment
0x00000001a86c8000 	/System/Library/PrivateFrameworks/DSExternalDisplay.framework/Versions/A/DSExternalDisplay
0x0000000247592000 	/System/Library/PrivateFrameworks/ArgumentParserInternal.framework/Versions/A/ArgumentParserInternal
0x00000002473ea000 	/System/Library/PrivateFrameworks/AppleMobileFileIntegrity.framework/Versions/A/AppleMobileFileIntegrity
0x000000028d9f2000 	/usr/lib/libTLE.dylib
0x00000001f80c0000 	/System/Library/PrivateFrameworks/ConfigProfileHelper.framework/Versions/A/ConfigProfileHelper
0x00000001ecfb9000 	/usr/lib/libedit.3.dylib
0x0000000263e79000 	/System/Library/PrivateFrameworks/MIL.framework/Versions/A/MIL
0x00000001c76ec000 	/usr/lib/libncurses.5.4.dylib
0x00000001a4e7b000 	/System/Library/PrivateFrameworks/CoreEmoji.framework/Versions/A/CoreEmoji
0x0000000197b92000 	/usr/lib/libCRFSuite.dylib
0x00000001a3c4f000 	/System/Library/PrivateFrameworks/CoreNLP.framework/Versions/A/CoreNLP
0x00000001a51f7000 	/usr/lib/libmecab.dylib
0x00000001a60d7000 	/usr/lib/libThaiTokenizer.dylib
0x00000001e7601000 	/System/Library/PrivateFrameworks/HIDDisplay.framework/Versions/A/HIDDisplay
0x00000001a86fa000 	/System/Library/Frameworks/ApplicationServices.framework/Versions/A/Frameworks/ATSUI.framework/Versions/A/ATSUI
0x00000001aa3ba000 	/usr/lib/libcups.2.dylib
0x00000001aa450000 	/System/Library/Frameworks/Kerberos.framework/Versions/A/Kerberos
0x00000001aa0b5000 	/usr/lib/libresolv.9.dylib
0x00000001a7bae000 	/System/Library/PrivateFrameworks/Heimdal.framework/Versions/A/Heimdal
0x00000001b2c02000 	/System/Library/Frameworks/Kerberos.framework/Versions/A/Libraries/libHeimdalProxy.dylib
0x00000001aa4b4000 	/System/Library/PrivateFrameworks/CommonAuth.framework/Versions/A/CommonAuth
0x00000001bb852000 	/System/Library/PrivateFrameworks/AXCoreUtilities.framework/Versions/A/AXCoreUtilities
0x000000028d445000 	/usr/lib/libAXSafeCategoryBundle.dylib
0x00000001a4d60000 	/System/Library/Frameworks/Accelerate.framework/Versions/A/Frameworks/vecLib.framework/Versions/A/libvDSP.dylib
0x00000001a6223000 	/System/Library/Frameworks/Accelerate.framework/Versions/A/Frameworks/vecLib.framework/Versions/A/libLAPACK.dylib
0x00000001a525b000 	/System/Library/Frameworks/Accelerate.framework/Versions/A/Frameworks/vecLib.framework/Versions/A/libLinearAlgebra.dylib
0x00000001a611c000 	/System/Library/Frameworks/Accelerate.framework/Versions/A/Frameworks/vecLib.framework/Versions/A/libSparseBLAS.dylib
0x00000001a621e000 	/System/Library/Frameworks/Accelerate.framework/Versions/A/Frameworks/vecLib.framework/Versions/A/libQuadrature.dylib
0x00000001a3d78000 	/System/Library/Frameworks/Accelerate.framework/Versions/A/Frameworks/vecLib.framework/Versions/A/libBNNS.dylib
0x000000019798b000 	/System/Library/Frameworks/Accelerate.framework/Versions/A/Frameworks/vecLib.framework/Versions/A/libSparse.dylib
0x00000001aa419000 	/System/Library/PrivateFrameworks/NetAuth.framework/Versions/A/NetAuth
0x00000001a0c11000 	/System/Library/PrivateFrameworks/login.framework/Versions/A/Frameworks/loginsupport.framework/Versions/A/loginsupport
0x00000001a51c1000 	/usr/lib/libCheckFix.dylib
0x000000019fd99000 	/System/Library/PrivateFrameworks/MetadataUtilities.framework/Versions/A/MetadataUtilities
0x000000025f8d4000 	/System/Library/PrivateFrameworks/InstalledContentLibrary.framework/Versions/A/InstalledContentLibrary
0x000000019a8ec000 	/System/Library/PrivateFrameworks/CoreServicesStore.framework/Versions/A/CoreServicesStore
0x00000001d569e000 	/System/Library/PrivateFrameworks/MobileSystemServices.framework/Versions/A/MobileSystemServices
0x00000001a7588000 	/usr/lib/libxslt.1.dylib
0x00000001a5181000 	/System/Library/PrivateFrameworks/BackgroundTaskManagement.framework/Versions/A/BackgroundTaskManagement
0x00000001b22bb000 	/usr/lib/libcurl.4.dylib
0x000000028dc2a000 	/usr/lib/libcrypto.46.dylib
0x000000028e844000 	/usr/lib/libssl.48.dylib
0x00000001b1f92000 	/System/Library/Frameworks/LDAP.framework/Versions/A/LDAP
0x00000001b1fce000 	/System/Library/PrivateFrameworks/TrustEvaluationAgent.framework/Versions/A/TrustEvaluationAgent
0x00000001aa0d2000 	/usr/lib/libsasl2.2.dylib
0x00000001bf675000 	/usr/lib/swift/libswiftCoreGraphics.dylib
0x00000001aeba8000 	/usr/lib/swift/libswiftFoundation.dylib
0x00000001f7a8f000 	/usr/lib/swift/libswiftSwiftOnoneSupport.dylib
0x000000028eeb0000 	/usr/lib/swift/libswiftsys_time.dylib
0x00000001e3574000 	/System/Library/PrivateFrameworks/CoreMaterial.framework/Versions/A/CoreMaterial
0x000000028ebf6000 	/usr/lib/swift/libswiftSpatial.dylib
0x000000028d9ef000 	/usr/lib/libSpatial.dylib
0x000000028d363000 	/System/Library/SubFrameworks/UIUtilities.framework/Versions/A/UIUtilities
0x0000000108104000 	/Library/Java/JavaVirtualMachines/temurin-21.jdk/Contents/Home/lib/server/libjvm.dylib
0x0000000102608000 	/Library/Java/JavaVirtualMachines/temurin-21.jdk/Contents/Home/lib/libjimage.dylib
0x0000000106fa4000 	/Library/Java/JavaVirtualMachines/temurin-21.jdk/Contents/Home/lib/libjdwp.dylib
0x000000010264c000 	/Library/Java/JavaVirtualMachines/temurin-21.jdk/Contents/Home/lib/libjava.dylib
0x0000000102634000 	/Library/Java/JavaVirtualMachines/temurin-21.jdk/Contents/Home/lib/libinstrument.dylib
0x0000000107030000 	/Library/Java/JavaVirtualMachines/temurin-21.jdk/Contents/Home/lib/libzip.dylib
0x000000028d437000 	/usr/lib/i18n/libiconv_std.dylib
0x000000028d42d000 	/usr/lib/i18n/libUTF8.dylib
0x000000028d43c000 	/usr/lib/i18n/libmapper_none.dylib
0x0000000107ab8000 	/Library/Java/JavaVirtualMachines/temurin-21.jdk/Contents/Home/lib/libdt_socket.dylib
0x0000000107aec000 	/Library/Java/JavaVirtualMachines/temurin-21.jdk/Contents/Home/lib/libnio.dylib
0x0000000107acc000 	/Library/Java/JavaVirtualMachines/temurin-21.jdk/Contents/Home/lib/libnet.dylib
0x0000000107b0c000 	/Library/Java/JavaVirtualMachines/temurin-21.jdk/Contents/Home/lib/libverify.dylib
0x0000000107bb0000 	/Library/Java/JavaVirtualMachines/temurin-21.jdk/Contents/Home/lib/libawt.dylib
0x0000000107c58000 	/Library/Java/JavaVirtualMachines/temurin-21.jdk/Contents/Home/lib/libmlib_image.dylib
0x000000023c4ec000 	/System/Library/Frameworks/JavaRuntimeSupport.framework/Versions/A/JavaRuntimeSupport
0x00000001c1053000 	/System/Library/Frameworks/Carbon.framework/Versions/A/Carbon
0x00000001b76e4000 	/System/Library/Frameworks/Carbon.framework/Versions/A/Frameworks/CommonPanels.framework/Versions/A/CommonPanels
0x00000001b22a6000 	/System/Library/Frameworks/Carbon.framework/Versions/A/Frameworks/Help.framework/Versions/A/Help
0x00000001b76e8000 	/System/Library/Frameworks/Carbon.framework/Versions/A/Frameworks/ImageCapture.framework/Versions/A/ImageCapture
0x00000001b76c3000 	/System/Library/Frameworks/Carbon.framework/Versions/A/Frameworks/OpenScripting.framework/Versions/A/OpenScripting
0x00000001b76e3000 	/System/Library/Frameworks/Carbon.framework/Versions/A/Frameworks/Ink.framework/Versions/A/Ink
0x00000001b76e0000 	/System/Library/Frameworks/Carbon.framework/Versions/A/Frameworks/SecurityHI.framework/Versions/A/SecurityHI
0x0000000107e04000 	/Library/Java/JavaVirtualMachines/temurin-21.jdk/Contents/Home/lib/libawt_lwawt.dylib
0x0000000107b58000 	/Library/Java/JavaVirtualMachines/temurin-21.jdk/Contents/Home/lib/libosxapp.dylib
0x00000001bf6dc000 	/System/Library/Frameworks/ExceptionHandling.framework/Versions/A/ExceptionHandling
0x0000000107d64000 	/Users/labanovichttps/Documents/projects/dbeaver-workspace/products/DBeaverTeam.product/org.eclipse.osgi/96/0/.cp/libswt-cocoa-4970r5.jnilib
0x00000001bf753000 	/System/Library/Frameworks/WebKit.framework/Versions/A/WebKit
0x00000001b4bca000 	/System/Library/Frameworks/WebKit.framework/Versions/A/Frameworks/WebKitLegacy.framework/Versions/A/WebKitLegacy
0x00000001b29e6000 	/System/Library/PrivateFrameworks/CorePrediction.framework/Versions/A/CorePrediction
0x00000001a1995000 	/System/Library/Frameworks/WebKit.framework/Versions/A/Frameworks/WebCore.framework/Versions/A/Frameworks/libwebrtc.dylib
0x00000001bf6df000 	/System/Library/PrivateFrameworks/SafariSafeBrowsing.framework/Versions/A/SafariSafeBrowsing
0x00000001aa15b000 	/System/Library/Frameworks/SecurityInterface.framework/Versions/A/SecurityInterface
0x00000001c2f5a000 	/System/Library/PrivateFrameworks/WebInspectorUI.framework/Versions/A/WebInspectorUI
0x00000001b76eb000 	/System/Library/Frameworks/JavaScriptCore.framework/Versions/A/JavaScriptCore
0x00000001bb984000 	/System/Library/Frameworks/WebKit.framework/Versions/A/Frameworks/WebCore.framework/Versions/A/WebCore
0x00000001c9cf5000 	/System/Library/Frameworks/SwiftUI.framework/Versions/A/SwiftUI
0x00000001fc594000 	/System/Library/Frameworks/BrowserEngineCore.framework/Versions/A/BrowserEngineCore
0x0000000241d5a000 	/System/Library/Frameworks/WebKit.framework/Versions/A/Frameworks/WebCore.framework/Versions/A/Frameworks/libANGLE-shared.dylib
0x00000002861fb000 	/System/Library/PrivateFrameworks/WebGPU.framework/Versions/A/WebGPU
0x00000001c4e1a000 	/System/Library/Frameworks/SceneKit.framework/Versions/A/SceneKit
0x00000001d5ee0000 	/System/Library/Frameworks/ModelIO.framework/Versions/A/ModelIO
0x00000001abe2b000 	/System/Library/Frameworks/MetalKit.framework/Versions/A/MetalKit
0x00000001ae0f3000 	/System/Library/Frameworks/GLKit.framework/Versions/A/GLKit
0x000000028f185000 	/usr/lib/usd/libusd_ms.dylib
0x00000002818e3000 	/System/Library/PrivateFrameworks/USDLib_FormatLoaderProxy.framework/Versions/A/USDLib_FormatLoaderProxy
0x000000028eeab000 	/usr/lib/swift/libswift_errno.dylib
0x00000001c20db000 	/System/Library/PrivateFrameworks/CoreOptimization.framework/Versions/A/CoreOptimization
0x000000027d647000 	/System/Library/PrivateFrameworks/TextAnimationSupport.framework/Versions/A/TextAnimationSupport
0x0000000270db3000 	/System/Library/PrivateFrameworks/RecapPerformanceTesting.framework/Versions/A/RecapPerformanceTesting
0x00000001c2f4b000 	/System/Library/PrivateFrameworks/SignpostCollection.framework/Versions/A/SignpostCollection
0x00000001c145c000 	/System/Library/Frameworks/AVFoundation.framework/Versions/A/AVFoundation
0x00000001ae12d000 	/usr/lib/libnetworkextension.dylib
0x00000001b1b8a000 	/System/Library/PrivateFrameworks/CoreWiFi.framework/Versions/A/CoreWiFi
0x00000001b0735000 	/System/Library/PrivateFrameworks/Rapport.framework/Versions/A/Rapport
0x00000001aafa0000 	/System/Library/Frameworks/NetworkExtension.framework/Versions/A/NetworkExtension
0x0000000242286000 	/System/Library/Frameworks/_LocationEssentials.framework/Versions/A/_LocationEssentials
0x00000001a5ccc000 	/System/Library/Frameworks/UserNotifications.framework/Versions/A/UserNotifications
0x00000001ef08c000 	/System/Library/PrivateFrameworks/WiFiPeerToPeer.framework/Versions/A/WiFiPeerToPeer
0x000000028e364000 	/usr/lib/libmrc.dylib
0x000000025ef3b000 	/System/Library/PrivateFrameworks/IPConfiguration.framework/Versions/A/IPConfiguration
0x00000001e3536000 	/System/Library/PrivateFrameworks/Netrb.framework/Versions/A/Netrb
0x00000001ac001000 	/System/Library/PrivateFrameworks/GeoServices.framework/Versions/A/GeoServices
0x00000001a9d40000 	/System/Library/PrivateFrameworks/LocationSupport.framework/Versions/A/LocationSupport
0x000000025c077000 	/System/Library/PrivateFrameworks/GeoServicesCore.framework/Versions/A/GeoServicesCore
0x00000001bb846000 	/System/Library/PrivateFrameworks/PhoneNumbers.framework/Versions/A/PhoneNumbers
0x0000000263d6d000 	/System/Library/PrivateFrameworks/LocationLogEncryption.framework/Versions/A/LocationLogEncryption
0x00000001fb9c7000 	/System/Library/Frameworks/AVRouting.framework/Versions/A/AVRouting
0x00000001a8c1e000 	/System/Library/Frameworks/MediaToolbox.framework/Versions/A/MediaToolbox
0x00000001af511000 	/System/Library/PrivateFrameworks/CoreAVCHD.framework/Versions/A/CoreAVCHD
0x00000001af50d000 	/System/Library/PrivateFrameworks/Mangrove.framework/Versions/A/Mangrove
0x000000024953f000 	/System/Library/PrivateFrameworks/CMPhoto.framework/Versions/A/CMPhoto
0x00000001afcc3000 	/System/Library/Frameworks/CoreTelephony.framework/Versions/A/CoreTelephony
0x00000001af500000 	/System/Library/PrivateFrameworks/CoreAUC.framework/Versions/A/CoreAUC
0x000000024695f000 	/System/Library/PrivateFrameworks/AppleJPEGXL.framework/Versions/A/AppleJPEGXL
0x00000001aa639000 	/usr/lib/libTelephonyUtilDynamic.dylib
0x00000001e9d9e000 	/System/Library/Frameworks/CryptoKit.framework/Versions/A/CryptoKit
0x00000001b2bfe000 	/System/Library/PrivateFrameworks/CryptoKitCBridging.framework/Versions/A/CryptoKitCBridging
0x00000001b02ec000 	/System/Library/Frameworks/CryptoTokenKit.framework/Versions/A/CryptoTokenKit
0x00000001b036c000 	/System/Library/Frameworks/LocalAuthentication.framework/Versions/A/LocalAuthentication
0x0000000263b9b000 	/System/Library/PrivateFrameworks/LocalAuthenticationCore.framework/Versions/A/LocalAuthenticationCore
0x0000000263d1b000 	/System/Library/PrivateFrameworks/LocalAuthenticationCredentialServices.framework/Versions/A/LocalAuthenticationCredentialServices
0x00000001b03d9000 	/System/Library/Frameworks/LocalAuthentication.framework/Support/SharedUtils.framework/Versions/A/SharedUtils
0x000000019e700000 	/System/Library/PrivateFrameworks/CommonUtilities.framework/Versions/A/CommonUtilities
0x00000001a7eaf000 	/System/Library/PrivateFrameworks/Bom.framework/Versions/A/Bom
0x00000001aa0f3000 	/usr/lib/libParallelCompression.dylib
0x00000001d5e54000 	/System/Library/PrivateFrameworks/SignpostSupport.framework/Versions/A/SignpostSupport
0x00000001d559e000 	/System/Library/PrivateFrameworks/ktrace.framework/Versions/A/ktrace
0x00000001deb55000 	/System/Library/PrivateFrameworks/kperfdata.framework/Versions/A/kperfdata
0x00000001abf04000 	/usr/lib/libdscsym.dylib
0x00000001b2d83000 	/System/Library/PrivateFrameworks/Espresso.framework/Versions/A/Espresso
0x00000001f86b5000 	/System/Library/PrivateFrameworks/ANECompiler.framework/Versions/A/ANECompiler
0x00000001b4e3e000 	/System/Library/PrivateFrameworks/AppleNeuralEngine.framework/Versions/A/AppleNeuralEngine
0x000000023d3c6000 	/System/Library/Frameworks/MetalPerformanceShadersGraph.framework/Versions/A/MetalPerformanceShadersGraph
0x0000000264613000 	/System/Library/PrivateFrameworks/MLCompilerServices.framework/Versions/A/MLCompilerServices
0x00000001b3c17000 	/System/Library/PrivateFrameworks/ANEServices.framework/Versions/A/ANEServices
0x000000019aa29000 	/usr/lib/libsandbox.1.dylib
0x00000001a7869000 	/usr/lib/libMatch.1.dylib
0x000000026b375000 	/System/Library/PrivateFrameworks/ODIE.framework/Versions/A/ODIE
0x00000002645b7000 	/System/Library/PrivateFrameworks/MLCompilerRuntime.framework/Versions/A/MLCompilerRuntime
0x00000001afec2000 	/System/Library/PrivateFrameworks/AVFCore.framework/Versions/A/AVFCore
0x00000001b92e9000 	/System/Library/PrivateFrameworks/AVFCapture.framework/Versions/A/AVFCapture
0x0000000249328000 	/System/Library/PrivateFrameworks/CMImaging.framework/Versions/A/CMImaging
0x00000001b9529000 	/System/Library/PrivateFrameworks/Quagga.framework/Versions/A/Quagga
0x00000001b965d000 	/System/Library/PrivateFrameworks/CMCapture.framework/Versions/A/CMCapture
0x00000001aa1c9000 	/System/Library/Frameworks/CoreMediaIO.framework/Versions/A/CoreMediaIO
0x0000000249264000 	/System/Library/PrivateFrameworks/CMCaptureDevice.framework/Versions/A/CMCaptureDevice
0x00000001a7c93000 	/System/Library/PrivateFrameworks/CoreBrightness.framework/Versions/A/CoreBrightness
0x000000024a2e4000 	/System/Library/PrivateFrameworks/CinematicFraming.framework/Versions/A/CinematicFraming
0x00000001dc3cc000 	/System/Library/PrivateFrameworks/CPMS.framework/Versions/A/CPMS
0x000000027ce19000 	/System/Library/PrivateFrameworks/SystemStatus.framework/Versions/A/SystemStatus
0x00000001c1054000 	/System/Library/Frameworks/CoreMotion.framework/Versions/A/CoreMotion
0x00000001d0edd000 	/System/Library/PrivateFrameworks/TimeSync.framework/Versions/A/TimeSync
0x00000002518e5000 	/System/Library/PrivateFrameworks/DistributedSensing.framework/Versions/A/DistributedSensing
0x00000001cc638000 	/System/Library/PrivateFrameworks/MobileBluetooth.framework/Versions/A/MobileBluetooth
0x00000001d2b7f000 	/System/Library/PrivateFrameworks/IOKitten.framework/Versions/A/IOKitten
0x00000001a0c14000 	/System/Library/PrivateFrameworks/ApplePushService.framework/Versions/A/ApplePushService
0x00000001d8617000 	/System/Library/PrivateFrameworks/DeviceIdentity.framework/Versions/A/DeviceIdentity
0x00000001c7266000 	/System/Library/PrivateFrameworks/CaptiveNetwork.framework/Versions/A/CaptiveNetwork
0x00000001b21ba000 	/System/Library/PrivateFrameworks/EAP8021X.framework/Versions/A/EAP8021X
0x0000000250a82000 	/System/Library/PrivateFrameworks/CryptoKitPrivate.framework/Versions/A/CryptoKitPrivate
0x0000000107f38000 	/Users/labanovichttps/Documents/projects/dbeaver-workspace/products/DBeaverTeam.product/org.eclipse.osgi/96/0/.cp/libswt-pi-cocoa-4970r5.jnilib
0x00000001fbb43000 	/System/Library/Frameworks/AppIntents.framework/Versions/A/AppIntents
0x000000023fb82000 	/System/Library/Frameworks/RelevanceKit.framework/Versions/A/RelevanceKit
0x00000001a5d1d000 	/System/Library/Frameworks/CoreSpotlight.framework/Versions/A/CoreSpotlight
0x00000002639a1000 	/System/Library/PrivateFrameworks/LinkServices.framework/Versions/A/LinkServices
0x00000002519d0000 	/System/Library/PrivateFrameworks/DoNotDisturb.framework/Versions/A/DoNotDisturb
0x0000000263800000 	/System/Library/PrivateFrameworks/LinkMetadata.framework/Versions/A/LinkMetadata
0x00000001c2685000 	/usr/lib/swift/libswiftIntents.dylib
0x00000001c7847000 	/System/Library/PrivateFrameworks/IntentsCore.framework/Versions/A/IntentsCore
0x0000000247e08000 	/System/Library/PrivateFrameworks/AvailabilityKit.framework/Versions/A/AvailabilityKit
0x00000002452a0000 	/System/Library/PrivateFrameworks/AppIntentSchemas.framework/Versions/A/AppIntentSchemas
0x00000002591f5000 	/System/Library/PrivateFrameworks/GRDBInternal.framework/Versions/A/GRDBInternal
0x000000027b9d6000 	/System/Library/PrivateFrameworks/StatusKit.framework/Versions/A/StatusKit
0x00000001af717000 	/System/Library/PrivateFrameworks/GenerationalStorage.framework/Versions/A/GenerationalStorage
0x00000001af540000 	/System/Library/Frameworks/FileProvider.framework/Versions/A/FileProvider
0x000000019c352000 	/System/Library/PrivateFrameworks/DesktopServicesPriv.framework/Versions/A/DesktopServicesPriv
0x00000001c20fa000 	/System/Library/PrivateFrameworks/FTServices.framework/Versions/A/FTServices
0x00000001a2594000 	/System/Library/Frameworks/CoreLocation.framework/Versions/A/CoreLocation
0x00000001b1522000 	/System/Library/Frameworks/Intents.framework/Versions/A/Intents
0x00000001ab8a1000 	/System/Library/PrivateFrameworks/Sharing.framework/Versions/A/Sharing
0x00000001b1b89000 	/System/Library/PrivateFrameworks/Apple80211.framework/Versions/A/Apple80211
0x00000001a4ec3000 	/System/Library/Frameworks/CoreWLAN.framework/Versions/A/CoreWLAN
0x00000001c8c94000 	/usr/lib/swift/libswiftCoreLocation.dylib
0x00000001ab262000 	/System/Library/PrivateFrameworks/IDS.framework/Versions/A/IDS
0x00000001a9cc7000 	/System/Library/PrivateFrameworks/IMFoundation.framework/Versions/A/IMFoundation
0x00000001bacbe000 	/System/Library/PrivateFrameworks/Marco.framework/Versions/A/Marco
0x00000001ab43f000 	/System/Library/PrivateFrameworks/IDSFoundation.framework/Versions/A/IDSFoundation
0x00000001b76ab000 	/System/Library/PrivateFrameworks/Engram.framework/Versions/A/Engram
0x00000001d0024000 	/usr/lib/swift/libswiftCompression.dylib
0x00000001b7649000 	/usr/lib/libtidy.A.dylib
0x00000001d09ac000 	/System/Library/PrivateFrameworks/FTAWD.framework/Versions/A/FTAWD
0x00000001b2cc1000 	/System/Library/PrivateFrameworks/IntentsFoundation.framework/Versions/A/IntentsFoundation
0x00000001a08b0000 	/System/Library/PrivateFrameworks/ViewBridge.framework/Versions/A/ViewBridge
0x0000000242196000 	/System/Library/Frameworks/_AppIntents_AppKit.framework/Versions/A/_AppIntents_AppKit
0x00000001c8c79000 	/System/Library/Frameworks/Accelerate.framework/Versions/A/Frameworks/vImage.framework/Versions/A/Libraries/libCGInterfaces.dylib
0x0000000108068000 	/usr/lib/libobjc-trampolines.dylib
0x000000028d449000 	/usr/lib/libAccessibilityBaseImplementations.dylib
0x00000002878b2000 	/System/Library/PrivateFrameworks/WritingToolsUI.framework/Versions/A/WritingToolsUI
0x000000025ba71000 	/System/Library/PrivateFrameworks/GenerativeAssistantSettings.framework/Versions/A/GenerativeAssistantSettings
0x000000027d76a000 	/System/Library/PrivateFrameworks/TextComposer.framework/Versions/A/TextComposer
0x000000025ba49000 	/System/Library/PrivateFrameworks/GenerativeAssistantCommon.framework/Versions/A/GenerativeAssistantCommon
0x00000002421d4000 	/System/Library/Frameworks/_AuthenticationServices_SwiftUI.framework/Versions/A/_AuthenticationServices_SwiftUI
0x000000024500b000 	/System/Library/PrivateFrameworks/Anvil.framework/Versions/A/Anvil
0x00000001c92b5000 	/System/Library/PrivateFrameworks/AppStoreDaemon.framework/Versions/A/AppStoreDaemon
0x00000001b5219000 	/System/Library/PrivateFrameworks/AppleMediaServices.framework/Versions/A/AppleMediaServices
0x000000025bf0e000 	/System/Library/PrivateFrameworks/GenerativePartnerServiceUI.framework/Versions/A/GenerativePartnerServiceUI
0x00000001f7056000 	/System/Library/PrivateFrameworks/JetEngine.framework/Versions/A/JetEngine
0x0000000247ccd000 	/System/Library/PrivateFrameworks/AuthenticationServicesCore.framework/Versions/A/AuthenticationServicesCore
0x00000001cc67a000 	/System/Library/Frameworks/AuthenticationServices.framework/Versions/A/AuthenticationServices
0x00000001a7803000 	/System/Library/PrivateFrameworks/SharedWebCredentials.framework/Versions/A/SharedWebCredentials
0x00000001c3e02000 	/System/Library/PrivateFrameworks/SafariCore.framework/Versions/A/SafariCore
0x00000001cc1c1000 	/System/Library/PrivateFrameworks/SafariFoundation.framework/Versions/A/SafariFoundation
0x00000001aee64000 	/System/Library/Frameworks/Contacts.framework/Versions/A/Contacts
0x0000000248ee4000 	/System/Library/PrivateFrameworks/CBORLibrary.framework/Versions/A/CBORLibrary
0x0000000249e93000 	/System/Library/PrivateFrameworks/Chirp.framework/Versions/A/Chirp
0x000000024aa42000 	/System/Library/PrivateFrameworks/CloudSubscriptionFeatures.framework/Versions/A/CloudSubscriptionFeatures
0x00000001aeba9000 	/System/Library/PrivateFrameworks/ContactsFoundation.framework/Versions/A/ContactsFoundation
0x00000001f83ed000 	/System/Library/PrivateFrameworks/RemoteManagement.framework/Versions/A/RemoteManagement
0x0000000271133000 	/System/Library/PrivateFrameworks/RemoteManagementModel.framework/Versions/A/RemoteManagementModel
0x00000002711c4000 	/System/Library/PrivateFrameworks/RemoteManagementStore.framework/Versions/A/RemoteManagementStore
0x00000001abe49000 	/usr/lib/libxcselect.dylib
0x00000001cc131000 	/System/Library/PrivateFrameworks/DifferentialPrivacy.framework/Versions/A/DifferentialPrivacy
0x000000026606d000 	/System/Library/PrivateFrameworks/ManagedSettingsObjC.framework/Versions/A/ManagedSettingsObjC
0x0000000263d72000 	/System/Library/PrivateFrameworks/LockdownMode.framework/Versions/A/LockdownMode
0x00000002823cf000 	/System/Library/PrivateFrameworks/VDAF.framework/Versions/A/VDAF
0x00000001aec7e000 	/System/Library/PrivateFrameworks/ContactsPersistence.framework/Versions/A/ContactsPersistence
0x00000001addf0000 	/System/Library/PrivateFrameworks/AppleLDAP.framework/Versions/A/AppleLDAP
0x00000001b265a000 	/System/Library/Frameworks/ClassKit.framework/Versions/A/ClassKit
0x00000001b48cb000 	/System/Library/PrivateFrameworks/CoreSuggestions.framework/Versions/A/CoreSuggestions
0x00000001b029a000 	/System/Library/PrivateFrameworks/vCard.framework/Versions/A/vCard
0x000000024b5ff000 	/System/Library/PrivateFrameworks/ContactsMetrics.framework/Versions/A/ContactsMetrics
0x00000001a7c6f000 	/System/Library/PrivateFrameworks/login.framework/Versions/A/login
0x0000000266067000 	/System/Library/PrivateFrameworks/ManagedOrganizationContacts.framework/Versions/A/ManagedOrganizationContacts
0x00000001a108e000 	/System/Library/PrivateFrameworks/CloudDocs.framework/Versions/A/CloudDocs
0x00000001bb20e000 	/System/Library/PrivateFrameworks/ProactiveEventTracker.framework/Versions/A/ProactiveEventTracker
0x00000001aa195000 	/System/Library/PrivateFrameworks/CoreFollowUp.framework/Versions/A/CoreFollowUp
0x00000001b3e0b000 	/System/Library/PrivateFrameworks/ConfigurationProfiles.framework/Versions/A/ConfigurationProfiles
0x0000000250bd1000 	/System/Library/PrivateFrameworks/DMCUtilities.framework/Versions/A/DMCUtilities
0x0000000263df0000 	/System/Library/PrivateFrameworks/MDMClientLibrary.framework/Versions/A/MDMClientLibrary
0x00000002711b8000 	/System/Library/PrivateFrameworks/RemoteManagementProtocol.framework/Versions/A/RemoteManagementProtocol
0x000000028d7e4000 	/usr/lib/libEndpointSecuritySystem.dylib
0x00000001ae4cf000 	/System/Library/PrivateFrameworks/SystemAdministration.framework/Versions/A/SystemAdministration
0x00000001b91ed000 	/System/Library/PrivateFrameworks/PowerlogControl.framework/Versions/A/PowerlogControl
0x00000001a51b2000 	/System/Library/Frameworks/ServiceManagement.framework/Versions/A/ServiceManagement
0x00000001b91ef000 	/usr/lib/libUniversalAccess.dylib
0x00000001b5c16000 	/System/Library/PrivateFrameworks/FamilyControls.framework/Versions/A/FamilyControls
0x00000001addc6000 	/System/Library/Frameworks/DirectoryService.framework/Versions/A/DirectoryService
0x00000001b233d000 	/System/Library/PrivateFrameworks/LoginUIKit.framework/Versions/A/Frameworks/LoginUICore.framework/Versions/A/LoginUICore
0x00000001a7ead000 	/usr/lib/libodfde.dylib
0x00000001b5c10000 	/System/Library/PrivateFrameworks/UniversalAccess.framework/Versions/A/Libraries/libUAPreferences.dylib
0x00000001b5c3a000 	/System/Library/PrivateFrameworks/CommerceKit.framework/Versions/A/Frameworks/CommerceCore.framework/Versions/A/CommerceCore
0x0000000250b3e000 	/System/Library/PrivateFrameworks/DEPClientLibrary.framework/Versions/A/DEPClientLibrary
0x0000000250b67000 	/System/Library/PrivateFrameworks/DMCEnrollmentLibrary.framework/Versions/A/DMCEnrollmentLibrary
0x00000001b92d8000 	/System/Library/PrivateFrameworks/SetupAssistantFramework.framework/Versions/A/SetupAssistantFramework
0x00000001b2a3e000 	/System/Library/PrivateFrameworks/AuthKitUI.framework/Versions/A/AuthKitUI
0x00000001b2387000 	/System/Library/PrivateFrameworks/AppSSO.framework/Versions/A/AppSSO
0x00000001c9012000 	/System/Library/PrivateFrameworks/LocalAuthenticationUI.framework/Versions/A/LocalAuthenticationUI
0x000000026f094000 	/System/Library/PrivateFrameworks/PlatformSSO.framework/Versions/A/PlatformSSO
0x00000001c9aba000 	/System/Library/PrivateFrameworks/AOSUI.framework/Versions/A/AOSUI
0x00000001bafdb000 	/System/Library/Frameworks/ContactsUI.framework/Versions/A/ContactsUI
0x00000001af0ea000 	/System/Library/PrivateFrameworks/FamilyCircle.framework/Versions/A/FamilyCircle
0x00000001d7673000 	/System/Library/Frameworks/LinkPresentation.framework/Versions/A/LinkPresentation
0x000000023c579000 	/System/Library/Frameworks/LocalAuthenticationEmbeddedUI.framework/Versions/A/LocalAuthenticationEmbeddedUI
0x000000026f180000 	/System/Library/PrivateFrameworks/PlatformSSOCore.framework/Versions/A/PlatformSSOCore
0x00000001babab000 	/System/Library/PrivateFrameworks/IASUtilities.framework/Versions/A/IASUtilities
0x000000025ee04000 	/System/Library/PrivateFrameworks/IASUtilitiesCore.framework/Versions/A/IASUtilitiesCore
0x00000001c2f5b000 	/System/Library/PrivateFrameworks/OnBoardingKit.framework/Versions/A/OnBoardingKit
0x000000027122d000 	/System/Library/PrivateFrameworks/RemoteUI.framework/Versions/A/RemoteUI
0x00000002631c2000 	/System/Library/PrivateFrameworks/LiftUI.framework/Versions/A/LiftUI
0x00000002736eb000 	/System/Library/PrivateFrameworks/Settings.framework/Versions/A/Settings
0x0000000287ebb000 	/System/Library/PrivateFrameworks/_IconServices_SwiftUI.framework/Versions/A/_IconServices_SwiftUI
0x000000023b32a000 	/System/Library/Frameworks/ExtensionKit.framework/Versions/A/ExtensionKit
0x000000024a990000 	/System/Library/PrivateFrameworks/CloudSettings.framework/Versions/A/CloudSettings
0x00000001b499c000 	/System/Library/Frameworks/EventKit.framework/Versions/A/EventKit
0x00000001c316c000 	/System/Library/PrivateFrameworks/SearchFoundation.framework/Versions/A/SearchFoundation
0x00000001d9707000 	/System/Library/PrivateFrameworks/Email.framework/Versions/A/Email
0x00000001c1cac000 	/System/Library/PrivateFrameworks/CoreRoutine.framework/Versions/A/CoreRoutine
0x00000001f7d6f000 	/System/Library/PrivateFrameworks/VoiceShortcutClient.framework/Versions/A/VoiceShortcutClient
0x00000001d1506000 	/System/Library/PrivateFrameworks/Categories.framework/Versions/A/Categories
0x00000001c9970000 	/System/Library/PrivateFrameworks/ChronoServices.framework/Versions/A/ChronoServices
0x000000024996e000 	/System/Library/PrivateFrameworks/CalendarDatabase.framework/Versions/A/CalendarDatabase
0x00000002498ba000 	/System/Library/PrivateFrameworks/CalendarDaemon.framework/Versions/A/CalendarDaemon
0x00000001b3d35000 	/System/Library/PrivateFrameworks/CalendarFoundation.framework/Versions/A/CalendarFoundation
0x00000001b3cf1000 	/System/Library/PrivateFrameworks/iCalendar.framework/Versions/A/iCalendar
0x0000000250dcf000 	/System/Library/PrivateFrameworks/DataAccessExpress.framework/Versions/A/DataAccessExpress
0x00000001bb138000 	/System/Library/PrivateFrameworks/ContactsAutocomplete.framework/Versions/A/ContactsAutocomplete
0x000000028ec95000 	/usr/lib/swift/libswiftVideoToolbox.dylib
0x00000001c98c0000 	/System/Library/PrivateFrameworks/FTClientServices.framework/Versions/A/FTClientServices
0x000000028eb07000 	/usr/lib/swift/libswiftCoreMediaIO.dylib
0x00000001baa35000 	/System/Library/PrivateFrameworks/CoreDAV.framework/Versions/A/CoreDAV
0x00000001b486c000 	/System/Library/PrivateFrameworks/CalDAV.framework/Versions/A/CalDAV
0x00000001bf3df000 	/System/Library/PrivateFrameworks/TelephonyUtilities.framework/Versions/A/TelephonyUtilities
0x000000023c536000 	/System/Library/Frameworks/LiveCommunicationKit.framework/Versions/A/LiveCommunicationKit
0x000000024b263000 	/System/Library/PrivateFrameworks/CommunicationTrust.framework/Versions/A/CommunicationTrust
0x00000001c3c15000 	/System/Library/Frameworks/CallKit.framework/Versions/A/CallKit
0x00000001af0e3000 	/System/Library/PrivateFrameworks/CommunicationsFilter.framework/Versions/A/CommunicationsFilter
0x00000001ed0f4000 	/System/Library/PrivateFrameworks/IMTransferServices.framework/Versions/A/IMTransferServices
0x00000001c20f4000 	/System/Library/PrivateFrameworks/IncomingCallFilter.framework/Versions/A/IncomingCallFilter
0x0000000269d8c000 	/System/Library/PrivateFrameworks/NeighborhoodActivityConduit.framework/Versions/A/NeighborhoodActivityConduit
0x00000001c60d3000 	/System/Library/PrivateFrameworks/CallHistory.framework/Versions/A/CallHistory
0x000000028d674000 	/usr/lib/libBASupport.dylib
0x0000000249d76000 	/System/Library/PrivateFrameworks/CallsUtilities.framework/Versions/A/CallsUtilities
0x0000000249d81000 	/System/Library/PrivateFrameworks/CallsXPC.framework/Versions/A/CallsXPC
0x00000001f854b000 	/usr/lib/swift/libswiftCallKit.dylib
0x0000000249d69000 	/System/Library/PrivateFrameworks/CallsPersistence.framework/Versions/A/CallsPersistence
0x000000023fe58000 	/System/Library/Frameworks/SensitiveContentAnalysis.framework/Versions/A/SensitiveContentAnalysis
0x00000001c70d6000 	/System/Library/PrivateFrameworks/PeopleSuggester.framework/Versions/A/PeopleSuggester
0x00000001d039f000 	/System/Library/PrivateFrameworks/SpotlightReceiver.framework/Versions/A/SpotlightReceiver
0x0000000287e83000 	/System/Library/PrivateFrameworks/_AppIntentsServices_AppIntents.framework/Versions/A/_AppIntentsServices_AppIntents
0x0000000245307000 	/System/Library/PrivateFrameworks/AppIntentsServices.framework/Versions/A/AppIntentsServices
0x00000001b3cd9000 	/System/Library/PrivateFrameworks/CoreRecents.framework/Versions/A/CoreRecents
0x000000023ba2c000 	/System/Library/Frameworks/GeoToolbox.framework/Versions/A/GeoToolbox
0x0000000242253000 	/System/Library/Frameworks/_GeoToolbox_AppIntents.framework/Versions/A/_GeoToolbox_AppIntents
0x00000001e2f86000 	/System/Library/PrivateFrameworks/DiagnosticRequest.framework/Versions/A/DiagnosticRequest
0x0000000287dc8000 	/System/Library/PrivateFrameworks/XPCDistributed.framework/Versions/A/XPCDistributed
0x0000000270e48000 	/System/Library/PrivateFrameworks/RegulatoryDomain.framework/Versions/A/RegulatoryDomain
0x00000001ae1ca000 	/usr/lib/libCTGreenTeaLogger.dylib
0x0000000263d45000 	/System/Library/PrivateFrameworks/LocalStatusKit.framework/Versions/A/LocalStatusKit
0x00000001bf2cd000 	/System/Library/PrivateFrameworks/CoreParsec.framework/Versions/A/CoreParsec
0x00000001d96fb000 	/System/Library/PrivateFrameworks/EmailAddressing.framework/Versions/A/EmailAddressing
0x00000001d5764000 	/System/Library/PrivateFrameworks/EmailCore.framework/Versions/A/EmailCore
0x00000001d6770000 	/System/Library/PrivateFrameworks/EmailFoundation.framework/Versions/A/EmailFoundation
0x000000026ccc5000 	/System/Library/PrivateFrameworks/PegasusAPI.framework/Versions/A/PegasusAPI
0x000000026d7c0000 	/System/Library/PrivateFrameworks/PegasusConfiguration.framework/Versions/A/PegasusConfiguration
0x0000000280195000 	/System/Library/PrivateFrameworks/ToolKit.framework/Versions/A/ToolKit
0x00000002715a6000 	/System/Library/PrivateFrameworks/ReplicatorEngine.framework/Versions/A/ReplicatorEngine
0x000000027173d000 	/System/Library/PrivateFrameworks/ReplicatorServices.framework/Versions/A/ReplicatorServices
0x000000027ce90000 	/System/Library/PrivateFrameworks/SystemWake.framework/Versions/A/SystemWake
0x00000001c3de8000 	/System/Library/PrivateFrameworks/ContextKit.framework/Versions/A/ContextKit
0x000000024b743000 	/System/Library/PrivateFrameworks/ContextKitCore.framework/Versions/A/ContextKitCore
0x00000001c2378000 	/System/Library/Frameworks/LocalAuthentication.framework/Support/DaemonUtils.framework/Versions/A/DaemonUtils
0x0000000263cda000 	/System/Library/PrivateFrameworks/LocalAuthenticationCoreUI.framework/Versions/A/LocalAuthenticationCoreUI
0x00000001c5768000 	/System/Library/PrivateFrameworks/BridgeXPC.framework/Versions/A/BridgeXPC
0x00000001c3035000 	/System/Library/PrivateFrameworks/CoreKDL.framework/Versions/A/CoreKDL
0x00000001c1676000 	/System/Library/PrivateFrameworks/EmbeddedOSSupportHost.framework/Versions/A/EmbeddedOSSupportHost
0x00000001b66d2000 	/System/Library/PrivateFrameworks/LoginUIKit.framework/Versions/A/LoginUIKit
0x00000001d19d5000 	/System/Library/PrivateFrameworks/StorageKit.framework/Versions/A/StorageKit
0x00000001f9cfa000 	/System/Library/Frameworks/DeviceCheck.framework/Versions/A/DeviceCheck
0x00000001d1a4e000 	/System/Library/PrivateFrameworks/CoreWLANKit.framework/Versions/A/CoreWLANKit
0x00000002855c8000 	/System/Library/PrivateFrameworks/Wallpaper.framework/Versions/A/Wallpaper
0x000000028eb22000 	/usr/lib/swift/libswiftGLKit.dylib
0x000000028eb2d000 	/usr/lib/swift/libswiftMetalKit.dylib
0x000000028eb31000 	/usr/lib/swift/libswiftModelIO.dylib
0x000000028ebf3000 	/usr/lib/swift/libswiftSceneKit.dylib
0x000000023b36d000 	/System/Library/Frameworks/FSKit.framework/Versions/A/FSKit
0x00000002516a4000 	/System/Library/PrivateFrameworks/DiskImages2.framework/Versions/A/DiskImages2
0x0000000263b25000 	/System/Library/PrivateFrameworks/LiveFS.framework/Versions/A/LiveFS
0x00000001da62a000 	/System/Library/PrivateFrameworks/DynamicDesktop.framework/Versions/A/DynamicDesktop
0x0000000285751000 	/System/Library/PrivateFrameworks/WallpaperFoundation.framework/Versions/A/WallpaperFoundation
0x00000002857ad000 	/System/Library/PrivateFrameworks/WallpaperTypes.framework/Versions/A/WallpaperTypes
0x00000001eee16000 	/System/Library/PrivateFrameworks/SystemDesktopAppearance.framework/Versions/A/SystemDesktopAppearance
0x000000028aedf000 	/System/Library/PrivateFrameworks/icloudMCCKit.framework/Versions/A/icloudMCCKit
0x0000000246236000 	/System/Library/PrivateFrameworks/AppleAccountUI.framework/Versions/A/AppleAccountUI
0x00000001e3540000 	/System/Library/PrivateFrameworks/PreferencePanesSupport.framework/Versions/A/PreferencePanesSupport
0x00000001c9c6c000 	/System/Library/PrivateFrameworks/FindMyDeviceUI.framework/Versions/A/FindMyDeviceUI
0x0000000288b34000 	/System/Library/PrivateFrameworks/iCloudQuotaUI.framework/Versions/A/iCloudQuotaUI
0x00000001e36f4000 	/System/Library/PrivateFrameworks/CoreCDPUI.framework/Versions/A/CoreCDPUI
0x00000001c3b44000 	/System/Library/PrivateFrameworks/CoreFollowUpUI.framework/Versions/A/CoreFollowUpUI
0x00000001d061e000 	/System/Library/PrivateFrameworks/IMCore.framework/Versions/A/IMCore
0x00000001b9256000 	/System/Library/PrivateFrameworks/CoreCDP.framework/Versions/A/CoreCDP
0x00000001b520a000 	/System/Library/PrivateFrameworks/AskPermission.framework/Versions/A/AskPermission
0x00000001c77b7000 	/System/Library/Frameworks/Quartz.framework/Versions/A/Quartz
0x00000001d3f5b000 	/System/Library/PrivateFrameworks/CloudPhotoServicesConfiguration.framework/Versions/A/CloudPhotoServicesConfiguration
0x00000001c5eeb000 	/System/Library/PrivateFrameworks/CommerceKit.framework/Versions/A/CommerceKit
0x00000001d5833000 	/System/Library/PrivateFrameworks/FindMyMac.framework/Versions/A/FindMyMac
0x00000001d5707000 	/System/Library/Frameworks/PreferencePanes.framework/Versions/A/PreferencePanes
0x00000001c90fd000 	/System/Library/Frameworks/AddressBook.framework/Versions/A/AddressBook
0x00000001b4122000 	/System/Library/PrivateFrameworks/AOSAccounts.framework/Versions/A/AOSAccounts
0x00000001ae4c9000 	/System/Library/PrivateFrameworks/AppleSRP.framework/Versions/A/AppleSRP
0x00000001c228f000 	/System/Library/Frameworks/SafariServices.framework/Versions/A/SafariServices
0x00000001b2c12000 	/System/Library/PrivateFrameworks/NetFSServer.framework/Versions/A/NetFSServer
0x00000001c4cf5000 	/System/Library/Frameworks/PDFKit.framework/Versions/A/PDFKit
0x0000000241388000 	/System/Library/Frameworks/TabularData.framework/Versions/A/TabularData
0x000000028eb47000 	/usr/lib/swift/libswiftPassKit.dylib
0x00000001e753d000 	/System/Library/Frameworks/PassKit.framework/Versions/A/PassKit
0x00000001b67dc000 	/System/Library/PrivateFrameworks/PassKitCore.framework/Versions/A/PassKitCore
0x000000026c664000 	/System/Library/PrivateFrameworks/PassKitMacHelperTemp.framework/Versions/A/PassKitMacHelperTemp
0x000000026b59c000 	/System/Library/PrivateFrameworks/OSEligibility.framework/Versions/A/OSEligibility
0x000000028d5c6000 	/usr/lib/libAppleSSE.dylib
0x00000001c23c4000 	/System/Library/PrivateFrameworks/BiometricKit.framework/Versions/A/BiometricKit
0x0000000271d33000 	/System/Library/PrivateFrameworks/SEService.framework/Versions/A/SEService
0x000000023b431000 	/System/Library/Frameworks/FinanceKit.framework/Versions/A/FinanceKit
0x00000001c7867000 	/System/Library/PrivateFrameworks/NearField.framework/Versions/A/NearField
0x000000028d9a3000 	/usr/lib/libSESShared.dylib
0x0000000271f2d000 	/System/Library/PrivateFrameworks/STSXPCHelperClient.framework/Versions/A/STSXPCHelperClient
0x00000001c9504000 	/usr/lib/libnfshared.dylib
0x000000027cc1e000 	/System/Library/PrivateFrameworks/Symptoms.framework/Versions/A/Frameworks/SymptomPresentationFeed.framework/Versions/A/SymptomPresentationFeed
0x0000000246bdb000 	/System/Library/PrivateFrameworks/AppleMediaServicesKitInternal.framework/Versions/A/AppleMediaServicesKitInternal
0x000000027c961000 	/System/Library/PrivateFrameworks/SymptomShared.framework/Versions/A/SymptomShared
0x00000001ea00a000 	/System/Library/PrivateFrameworks/PassKitUIFoundation.framework/Versions/A/PassKitUIFoundation
0x00000001ade02000 	/System/Library/Frameworks/MapKit.framework/Versions/A/MapKit
0x000000025bfae000 	/System/Library/PrivateFrameworks/GeoAnalytics.framework/Versions/A/GeoAnalytics
0x00000001c9532000 	/System/Library/PrivateFrameworks/Navigation.framework/Versions/A/Navigation
0x00000001d2fb1000 	/System/Library/PrivateFrameworks/VectorKit.framework/Versions/A/VectorKit
0x00000001bac70000 	/System/Library/PrivateFrameworks/VirtualGarage.framework/Versions/A/VirtualGarage
0x00000001c970e000 	/System/Library/Frameworks/ExternalAccessory.framework/ExternalAccessory
0x00000001c9729000 	/System/Library/PrivateFrameworks/IAP.framework/Versions/A/IAP
0x00000001ae0bb000 	/System/Library/PrivateFrameworks/IOPlatformPluginFamily.framework/Versions/A/IOPlatformPluginFamily
0x0000000247e0b000 	/System/Library/PrivateFrameworks/AvatarKit.framework/Versions/A/AvatarKit
0x0000000247eca000 	/System/Library/PrivateFrameworks/AvatarPersistence.framework/Versions/A/AvatarPersistence
0x0000000241702000 	/System/Library/Frameworks/TipKit.framework/Versions/A/TipKit
0x00000001b62fb000 	/System/Library/PrivateFrameworks/IMSharedUtilities.framework/Versions/A/IMSharedUtilities
0x000000028eae7000 	/usr/lib/swift/libswiftAppleArchive.dylib
0x00000002824bb000 	/System/Library/PrivateFrameworks/VFX.framework/Versions/A/VFX
0x00000001e52f0000 	/System/Library/PrivateFrameworks/AppleCVA.framework/Versions/A/AppleCVA
0x0000000247ec9000 	/System/Library/PrivateFrameworks/AvatarKitContent.framework/Versions/A/AvatarKitContent
0x000000023d321000 	/System/Library/Frameworks/MetalFX.framework/Versions/A/MetalFX
0x000000024b2cf000 	/System/Library/PrivateFrameworks/CompositorNonUI.framework/Versions/A/CompositorNonUI
0x00000001fb886000 	/System/Library/Frameworks/ARKit.framework/Versions/A/ARKit
0x0000000243d24000 	/System/Library/PrivateFrameworks/ARKitCore.framework/Versions/A/ARKitCore
0x000000028d6a1000 	/usr/lib/libDisplayWarpSupport.dylib
0x000000024c9b6000 	/System/Library/PrivateFrameworks/CoreComposite.framework/Versions/A/CoreComposite
0x000000028dac0000 	/usr/lib/libchannel.dylib
0x000000028e7b6000 	/usr/lib/librealtime_safety.dylib
0x0000000243db1000 	/System/Library/PrivateFrameworks/ARKitFoundation.framework/Versions/A/ARKitFoundation
0x00000002462d1000 	/System/Library/PrivateFrameworks/AppleDepth.framework/Versions/A/AppleDepth
0x0000000246447000 	/System/Library/PrivateFrameworks/AppleDepthCore.framework/Versions/A/AppleDepthCore
0x00000001ae1f3000 	/System/Library/PrivateFrameworks/CoreAppleCVA.framework/Versions/A/CoreAppleCVA
0x00000001bad9e000 	/System/Library/PrivateFrameworks/ContactsUICore.framework/Versions/A/ContactsUICore
0x00000001c21fc000 	/System/Library/PrivateFrameworks/ContactsDonation.framework/Versions/A/ContactsDonation
0x00000001c1a85000 	/System/Library/PrivateFrameworks/DataDetectors.framework/Versions/A/DataDetectors
0x00000001b4858000 	/System/Library/Frameworks/MediaLibrary.framework/Versions/A/MediaLibrary
0x00000001af0d2000 	/System/Library/PrivateFrameworks/PersonaKit.framework/Versions/A/PersonaKit
0x00000001bad8c000 	/System/Library/PrivateFrameworks/PersonaUI.framework/Versions/A/PersonaUI
0x00000001d5130000 	/System/Library/PrivateFrameworks/Transparency.framework/Versions/A/Transparency
0x0000000253011000 	/System/Library/PrivateFrameworks/FindMyLocate.framework/Versions/A/FindMyLocate
0x00000001c3ac4000 	/System/Library/PrivateFrameworks/IntlPreferences.framework/Versions/A/IntlPreferences
0x0000000252ef1000 	/System/Library/PrivateFrameworks/FindMyCommon.framework/Versions/A/FindMyCommon
0x0000000252ced000 	/System/Library/PrivateFrameworks/FindMyBase.framework/Versions/A/FindMyBase
0x000000023eb43000 	/System/Library/Frameworks/NearbyInteraction.framework/Versions/A/NearbyInteraction
0x00000001aecfb000 	/System/Library/PrivateFrameworks/AddressBookCore.framework/Versions/A/AddressBookCore
0x00000001c9293000 	/System/Library/PrivateFrameworks/ToneKit.framework/Versions/A/ToneKit
0x00000001c3b0a000 	/System/Library/PrivateFrameworks/ToneLibrary.framework/Versions/A/ToneLibrary
0x000000024b5cd000 	/System/Library/PrivateFrameworks/ContactsAccounts.framework/Versions/A/ContactsAccounts
0x00000001c76d2000 	/System/Library/PrivateFrameworks/Lookup.framework/Versions/A/Lookup
0x000000023f3d9000 	/System/Library/Frameworks/QuickLookUI.framework/Versions/A/QuickLookUI
0x000000023fdd3000 	/System/Library/Frameworks/ScreenCaptureKit.framework/Versions/A/ScreenCaptureKit
0x00000001c4809000 	/System/Library/Frameworks/Quartz.framework/Versions/A/Frameworks/QuartzComposer.framework/Versions/A/QuartzComposer
0x00000001c3a9b000 	/System/Library/Frameworks/Quartz.framework/Versions/A/Frameworks/QuartzFilters.framework/Versions/A/QuartzFilters
0x00000001c2b2e000 	/System/Library/Frameworks/Quartz.framework/Versions/A/Frameworks/ImageKit.framework/Versions/A/ImageKit
0x00000001fb696000 	/System/Library/Frameworks/OpenCL.framework/Versions/A/OpenCL
0x00000001c1052000 	/System/Library/PrivateFrameworks/CorePDF.framework/Versions/A/CorePDF
0x00000001abdc2000 	/System/Library/Frameworks/QuickLook.framework/Versions/A/QuickLook
0x00000001b66cd000 	/System/Library/PrivateFrameworks/DisplayServices.framework/Versions/A/DisplayServices
0x00000001c3a06000 	/System/Library/Frameworks/ImageCaptureCore.framework/Versions/A/ImageCaptureCore
0x0000000284441000 	/System/Library/PrivateFrameworks/VisionKitCore.framework/Versions/A/VisionKitCore
0x00000001bf29d000 	/System/Library/PrivateFrameworks/QuickLookSupport.framework/Versions/A/QuickLookSupport
0x0000000266946000 	/System/Library/PrivateFrameworks/MediaAnalysisServices.framework/Versions/A/MediaAnalysisServices
0x00000001c66eb000 	/System/Library/PrivateFrameworks/PhotoLibraryServices.framework/Versions/A/PhotoLibraryServices
0x00000001c361a000 	/System/Library/Frameworks/Photos.framework/Versions/A/Photos
0x00000001d7a60000 	/System/Library/PrivateFrameworks/PhotosFormats.framework/Versions/A/PhotosFormats
0x00000001d3f86000 	/System/Library/PrivateFrameworks/CloudPhotoLibrary.framework/Versions/A/CloudPhotoLibrary
0x00000001dd1c9000 	/System/Library/PrivateFrameworks/CloudPhotoServices.framework/Versions/A/CloudPhotoServices
0x00000001d9867000 	/System/Library/PrivateFrameworks/CoreMediaStream.framework/Versions/A/CoreMediaStream
0x00000001af76e000 	/System/Library/PrivateFrameworks/CPAnalytics.framework/Versions/A/CPAnalytics
0x00000001d5e19000 	/System/Library/PrivateFrameworks/MediaConversionService.framework/Versions/A/MediaConversionService
0x00000001b62e7000 	/System/Library/PrivateFrameworks/PhotoFoundation.framework/Versions/A/PhotoFoundation
0x000000026dd98000 	/System/Library/PrivateFrameworks/PhotoLibraryServicesCore.framework/Versions/A/PhotoLibraryServicesCore
0x00000001cfd34000 	/System/Library/PrivateFrameworks/MMCS.framework/Versions/A/MMCS
0x00000001b46b2000 	/System/Library/PrivateFrameworks/ChunkingLibrary.framework/Versions/A/ChunkingLibrary
0x00000001ae496000 	/System/Library/PrivateFrameworks/AssetCacheServices.framework/Versions/A/AssetCacheServices
0x00000001b03eb000 	/System/Library/PrivateFrameworks/AVFoundationCF.framework/Versions/A/AVFoundationCF
0x00000001ecfef000 	/usr/lib/swift/libswiftDemangle.dylib
0x00000001c1d3e000 	/System/Library/PrivateFrameworks/MediaStream.framework/Versions/A/MediaStream
0x00000001d62b5000 	/System/Library/PrivateFrameworks/NeutrinoCore.framework/Versions/A/NeutrinoCore
0x000000019df93000 	/System/Library/PrivateFrameworks/NLP.framework/Versions/A/NLP
0x00000001dbf84000 	/System/Library/PrivateFrameworks/PhotoImaging.framework/Versions/A/PhotoImaging
0x00000001dd18a000 	/System/Library/PrivateFrameworks/PhotosImagingFoundation.framework/Versions/A/PhotosImagingFoundation
0x000000026e92b000 	/System/Library/PrivateFrameworks/PhotosIntelligenceCore.framework/Versions/A/PhotosIntelligenceCore
0x00000001b081a000 	/System/Library/PrivateFrameworks/EmbeddedAcousticRecognition.framework/Versions/A/EmbeddedAcousticRecognition
0x00000001cb487000 	/System/Library/PrivateFrameworks/EmojiFoundation.framework/Versions/A/EmojiFoundation
0x00000001d41ff000 	/System/Library/PrivateFrameworks/SDAPI.framework/Versions/A/SDAPI
0x00000001dd1d8000 	/System/Library/PrivateFrameworks/AutoLoop.framework/Versions/A/AutoLoop
0x000000026f4d6000 	/System/Library/PrivateFrameworks/Portrait.framework/Versions/A/Portrait
0x000000025368d000 	/System/Library/PrivateFrameworks/FusionTracker.framework/Versions/A/FusionTracker
0x00000001c42a7000 	/System/Library/PrivateFrameworks/iTunesCloud.framework/Versions/A/iTunesCloud
0x00000001cd356000 	/System/Library/PrivateFrameworks/DAAPKit.framework/Versions/A/DAAPKit
0x00000001bf614000 	/System/Library/PrivateFrameworks/DeviceManagement.framework/Versions/A/DeviceManagement
0x00000001e2ed8000 	/System/Library/PrivateFrameworks/ScreenTimeUI.framework/Versions/A/ScreenTimeUI
0x00000001c1a7f000 	/System/Library/PrivateFrameworks/QuickLookNonBaseSystem.framework/Versions/A/QuickLookNonBaseSystem
0x00000001c22d0000 	/System/Library/PrivateFrameworks/Catalyst.framework/Versions/A/Catalyst
0x00000001c3cbc000 	/System/Library/PrivateFrameworks/ScreenTimeCore.framework/Versions/A/ScreenTimeCore
0x00000001d6f25000 	/System/Library/PrivateFrameworks/ScreenTimeServiceUI.framework/Versions/A/ScreenTimeServiceUI
0x00000001cfec4000 	/System/Library/PrivateFrameworks/ConfigurationEngineModel.framework/Versions/A/ConfigurationEngineModel
0x00000001d2f6a000 	/System/Library/PrivateFrameworks/UsageTracking.framework/Versions/A/UsageTracking
0x000000023b0dd000 	/System/Library/Frameworks/DeviceActivity.framework/Versions/A/DeviceActivity
0x00000001d2f3a000 	/System/Library/PrivateFrameworks/KnowledgeMonitor.framework/Versions/A/KnowledgeMonitor
0x00000001e9fb0000 	/System/Library/PrivateFrameworks/BluetoothManager.framework/Versions/A/BluetoothManager
0x000000023c65d000 	/System/Library/Frameworks/ManagedSettings.framework/Versions/A/ManagedSettings
0x00000002660ad000 	/System/Library/PrivateFrameworks/ManagedSettingsSupport.framework/Versions/A/ManagedSettingsSupport
0x00000001e760d000 	/System/Library/Frameworks/ReplayKit.framework/Versions/A/ReplayKit
0x00000001b767d000 	/System/Library/PrivateFrameworks/MarkupUI.framework/Versions/A/MarkupUI
0x00000001c1a57000 	/System/Library/PrivateFrameworks/SidecarCore.framework/Versions/A/SidecarCore
0x00000001c46be000 	/System/Library/PrivateFrameworks/AnnotationKit.framework/Versions/A/AnnotationKit
0x00000001c2d71000 	/System/Library/Frameworks/PencilKit.framework/Versions/A/PencilKit
0x00000001c2f36000 	/System/Library/PrivateFrameworks/SidecarUI.framework/Versions/A/SidecarUI
0x00000001c26d9000 	/System/Library/PrivateFrameworks/CoreHandwriting.framework/Versions/A/CoreHandwriting
0x0000000197bc7000 	/usr/lib/libmecabra.dylib
0x00000001bb346000 	/System/Library/PrivateFrameworks/Calculate.framework/Versions/A/Calculate
0x00000001a75b3000 	/usr/lib/libChineseTokenizer.dylib
0x00000001f8315000 	/System/Library/PrivateFrameworks/ScreenReaderCore.framework/Versions/A/ScreenReaderCore
0x000000027bf34000 	/System/Library/PrivateFrameworks/StocksKit.framework/Versions/A/StocksKit
0x00000001ba364000 	/System/Library/PrivateFrameworks/OAuth.framework/Versions/A/OAuth
0x000000027bc26000 	/System/Library/PrivateFrameworks/StocksCore.framework/Versions/A/StocksCore
0x000000027d2d1000 	/System/Library/PrivateFrameworks/TeaFoundation.framework/Versions/A/TeaFoundation
0x000000027d4b3000 	/System/Library/PrivateFrameworks/TeaSettings.framework/Versions/A/TeaSettings
0x00000001ee68b000 	/System/Library/PrivateFrameworks/NewsCore.framework/Versions/A/NewsCore
0x000000027d26d000 	/System/Library/PrivateFrameworks/TeaDB.framework/Versions/A/TeaDB
0x00000001eb091000 	/System/Library/PrivateFrameworks/RemoteConfiguration.framework/Versions/A/RemoteConfiguration
0x00000001ee296000 	/System/Library/PrivateFrameworks/NewsTransport.framework/Versions/A/NewsTransport
0x00000001ee67b000 	/System/Library/PrivateFrameworks/NewsFoundation.framework/Versions/A/NewsFoundation
0x000000026a36a000 	/System/Library/PrivateFrameworks/NewsURLBucket.framework/Versions/A/NewsURLBucket
0x00000002477db000 	/System/Library/PrivateFrameworks/AsyncAlgorithmsInternal.framework/Versions/A/AsyncAlgorithmsInternal
0x00000001c62e8000 	/System/Library/PrivateFrameworks/MobileInstallation.framework/Versions/A/MobileInstallation
0x000000024186c000 	/System/Library/Frameworks/Translation.framework/Versions/A/Translation
0x00000001deb87000 	/System/Library/PrivateFrameworks/RevealCore.framework/Versions/A/RevealCore
0x00000001deb7b000 	/System/Library/PrivateFrameworks/Reveal.framework/Versions/A/Reveal
0x00000001d6bfe000 	/System/Library/Frameworks/Speech.framework/Versions/A/Speech
0x0000000242c60000 	/System/Library/PrivateFrameworks/AIMLExperimentationAnalytics.framework/Versions/A/AIMLExperimentationAnalytics
0x0000000244ef4000 	/System/Library/PrivateFrameworks/AlgorithmsInternal.framework/Versions/A/AlgorithmsInternal
0x0000000280949000 	/System/Library/PrivateFrameworks/TranslationUIServices.framework/Versions/A/TranslationUIServices
0x000000027f923000 	/System/Library/PrivateFrameworks/TipKitCore.framework/Versions/A/TipKitCore
0x00000001cb50b000 	/System/Library/PrivateFrameworks/CoreCDPInternal.framework/Versions/A/CoreCDPInternal
0x000000025f72b000 	/System/Library/PrivateFrameworks/InputAnalytics.framework/Versions/A/InputAnalytics
0x00000001d0e20000 	/System/Library/Frameworks/InstantMessage.framework/Versions/A/InstantMessage
0x00000001c900b000 	/System/Library/PrivateFrameworks/IDSKVStore.framework/Versions/A/IDSKVStore
0x00000001c8cf6000 	/System/Library/PrivateFrameworks/IMDPersistence.framework/Versions/A/IMDPersistence
0x00000002823c1000 	/System/Library/PrivateFrameworks/UserSafety.framework/Versions/A/UserSafety
0x00000001e9316000 	/System/Library/PrivateFrameworks/BlastDoor.framework/Versions/A/BlastDoor
0x0000000263971000 	/System/Library/PrivateFrameworks/LinkPresentationStyleSheetParsing.framework/Versions/A/LinkPresentationStyleSheetParsing
0x000000026f67e000 	/System/Library/PrivateFrameworks/PosterFoundation.framework/Versions/A/PosterFoundation
0x000000026f70a000 	/System/Library/PrivateFrameworks/PosterModel.framework/Versions/A/PosterModel
0x000000026f6e5000 	/System/Library/PrivateFrameworks/PosterFuturesKit.framework/Versions/A/PosterFuturesKit
0x0000000252afa000 	/System/Library/PrivateFrameworks/FeedbackService.framework/Versions/A/FeedbackService
0x00000001c2153000 	/System/Library/PrivateFrameworks/CoreSDB.framework/Versions/A/CoreSDB
0x000000024761f000 	/System/Library/PrivateFrameworks/AskToCore.framework/Versions/A/AskToCore
0x00000001e36f1000 	/System/Library/PrivateFrameworks/MachineSettings.framework/Versions/A/MachineSettings
0x00000001d568b000 	/System/Library/PrivateFrameworks/BezelServices.framework/Versions/A/BezelServices
0x00000001cd3e2000 	/System/Library/PrivateFrameworks/SPOwner.framework/Versions/A/SPOwner
0x00000001c5f50000 	/System/Library/PrivateFrameworks/FMCore.framework/Versions/A/FMCore
0x00000001c57a1000 	/System/Library/PrivateFrameworks/AppleMediaServicesUI.framework/Versions/A/AppleMediaServicesUI
0x0000000288a8d000 	/System/Library/PrivateFrameworks/iCloudQuota.framework/Versions/A/iCloudQuota
0x00000001bad09000 	/System/Library/PrivateFrameworks/CoreRecognition.framework/Versions/A/CoreRecognition
0x00000001d573f000 	/System/Library/PrivateFrameworks/InAppMessages.framework/Versions/A/InAppMessages
0x00000001f6f70000 	/System/Library/PrivateFrameworks/JetUI.framework/Versions/A/JetUI
0x0000000262d58000 	/System/Library/PrivateFrameworks/JetPack.framework/Versions/A/JetPack
0x00000001d5736000 	/System/Library/PrivateFrameworks/InAppMessagesCore.framework/Versions/A/InAppMessagesCore
0x0000000287eca000 	/System/Library/PrivateFrameworks/_JetEngine_SwiftUI.framework/Versions/A/_JetEngine_SwiftUI
0x000000027cc47000 	/System/Library/PrivateFrameworks/Synapse.framework/Versions/A/Synapse
0x0000000249721000 	/System/Library/PrivateFrameworks/CSExattrCrypto.framework/Versions/A/CSExattrCrypto
0x00000001c73bb000 	/System/Library/PrivateFrameworks/StoreFoundation.framework/Versions/A/StoreFoundation
0x00000001c5f4a000 	/System/Library/PrivateFrameworks/ServerInformation.framework/Versions/A/ServerInformation
0x00000001c599e000 	/System/Library/PrivateFrameworks/Install.framework/Frameworks/DistributionKit.framework/Versions/A/DistributionKit
0x00000001bf072000 	/System/Library/PrivateFrameworks/PackageKit.framework/Versions/A/PackageKit
0x00000001c59c1000 	/System/Library/PrivateFrameworks/OSPersonalization.framework/Versions/A/OSPersonalization
0x00000001c7945000 	/System/Library/PrivateFrameworks/BridgeOSSoftwareUpdate.framework/Versions/A/BridgeOSSoftwareUpdate
0x00000001c25e1000 	/System/Library/PrivateFrameworks/StorageManagement.framework/Versions/A/StorageManagement
0x00000001d6a84000 	/usr/lib/libauthinstall.dylib
0x00000001c794e000 	/System/Library/PrivateFrameworks/InstallerDiagnostics.framework/Versions/A/InstallerDiagnostics
0x00000001d70ee000 	/usr/lib/libcrypto.42.dylib
0x000000028f16c000 	/usr/lib/updaters/libT200Updater.dylib
0x00000001c7933000 	/System/Library/PrivateFrameworks/GPUInfo.framework/Versions/A/GPUInfo
0x00000001d5839000 	/System/Library/PrivateFrameworks/MobileActivationMacOS.framework/Versions/A/MobileActivationMacOS
0x00000001ba2ab000 	/System/Library/PrivateFrameworks/AccountsDaemon.framework/Versions/A/AccountsDaemon
0x00000001aa599000 	/System/Library/PrivateFrameworks/CacheDelete.framework/Versions/A/CacheDelete
0x00000001b2d36000 	/System/Library/Frameworks/QuickLookThumbnailing.framework/Versions/A/QuickLookThumbnailing
0x00000001c7992000 	/System/Library/PrivateFrameworks/AOSKit.framework/Versions/A/AOSKit
0x00000001a76e4000 	/System/Library/PrivateFrameworks/AppSSOCore.framework/Versions/A/AppSSOCore
0x0000000247f63000 	/System/Library/PrivateFrameworks/BackgroundSystemTasks.framework/Versions/A/BackgroundSystemTasks
0x00000001b2c4c000 	/System/Library/PrivateFrameworks/DuetActivityScheduler.framework/Versions/A/DuetActivityScheduler
0x00000001d3eba000 	/System/Library/PrivateFrameworks/NetworkServiceProxy.framework/Versions/A/NetworkServiceProxy
0x000000027c971000 	/System/Library/PrivateFrameworks/Symptoms.framework/Versions/A/Frameworks/SymptomAnalytics.framework/Versions/A/SymptomAnalytics
0x00000001b14cc000 	/System/Library/PrivateFrameworks/CoreDuetContext.framework/Versions/A/CoreDuetContext
0x000000019c5f6000 	/System/Library/PrivateFrameworks/CoreDuet.framework/Versions/A/CoreDuet
0x00000001b6043000 	/System/Library/PrivateFrameworks/AssistantServices.framework/Versions/A/AssistantServices
0x00000001b052f000 	/System/Library/PrivateFrameworks/SAObjects.framework/Versions/A/SAObjects
0x00000001b5c47000 	/System/Library/PrivateFrameworks/MediaRemote.framework/Versions/A/MediaRemote
0x00000001c7e4c000 	/System/Library/PrivateFrameworks/SiriInstrumentation.framework/Versions/A/SiriInstrumentation
0x0000000273ccc000 	/System/Library/PrivateFrameworks/SiriAnalytics.framework/Versions/A/SiriAnalytics
0x000000027995f000 	/System/Library/PrivateFrameworks/SiriTTSService.framework/Versions/A/SiriTTSService
0x00000002745e2000 	/System/Library/PrivateFrameworks/SiriCrossDeviceArbitration.framework/Versions/A/SiriCrossDeviceArbitration
0x00000001c5773000 	/System/Library/PrivateFrameworks/FeedbackLogger.framework/Versions/A/FeedbackLogger
0x000000025271f000 	/System/Library/PrivateFrameworks/FaceTimeNameUtility.framework/Versions/A/FaceTimeNameUtility
0x0000000274636000 	/System/Library/PrivateFrameworks/SiriCrossDeviceArbitrationFeedback.framework/Versions/A/SiriCrossDeviceArbitrationFeedback
0x000000025bdbf000 	/System/Library/PrivateFrameworks/GenerativeModels.framework/Versions/A/GenerativeModels
0x00000001bab22000 	/System/Library/PrivateFrameworks/MediaServices.framework/Versions/A/MediaServices
0x00000001a7b1d000 	/System/Library/PrivateFrameworks/PersistentConnection.framework/Versions/A/PersistentConnection
0x000000027b0e7000 	/System/Library/PrivateFrameworks/SonicFoundation.framework/Versions/A/SonicFoundation
0x0000000251057000 	/System/Library/PrivateFrameworks/Dendrite.framework/Versions/A/Dendrite
0x00000001c9cbf000 	/usr/lib/libtailspin.dylib
0x00000001dd2e7000 	/System/Library/PrivateFrameworks/Osprey.framework/Versions/A/Osprey
0x0000000278fbd000 	/System/Library/PrivateFrameworks/SiriTTS.framework/Versions/A/SiriTTS
0x00000001c2218000 	/System/Library/Frameworks/NaturalLanguage.framework/Versions/A/NaturalLanguage
0x0000000277de2000 	/System/Library/PrivateFrameworks/SiriPowerInstrumentation.framework/Versions/A/SiriPowerInstrumentation
0x00000001c30c3000 	/System/Library/PrivateFrameworks/Trial.framework/Versions/A/Trial
0x00000001c3046000 	/System/Library/PrivateFrameworks/TrialProto.framework/Versions/A/TrialProto
0x0000000281bd2000 	/System/Library/PrivateFrameworks/UnifiedAssetFramework.framework/Versions/A/UnifiedAssetFramework
0x00000001df2b3000 	/usr/lib/swift/libswiftAVFoundation.dylib
0x00000001ef016000 	/usr/lib/swift/libswiftNaturalLanguage.dylib
0x000000027d26b000 	/System/Library/PrivateFrameworks/TailspinSymbolication.framework/Versions/A/TailspinSymbolication
0x0000000250c99000 	/System/Library/PrivateFrameworks/Darwinup.framework/Versions/A/Darwinup
0x00000001c20e0000 	/System/Library/PrivateFrameworks/FeatureFlagsSupport.framework/Versions/A/FeatureFlagsSupport
0x00000001d6082000 	/System/Library/PrivateFrameworks/SampleAnalysis.framework/Versions/A/SampleAnalysis
0x00000001df009000 	/System/Library/PrivateFrameworks/BulkSymbolication.framework/Versions/A/BulkSymbolication
0x00000001a116e000 	/System/Library/Frameworks/CoreML.framework/Versions/A/CoreML
0x00000001a5512000 	/System/Library/Frameworks/MLCompute.framework/Versions/A/MLCompute
0x0000000264539000 	/System/Library/PrivateFrameworks/MLAssetIO.framework/Versions/A/MLAssetIO
0x000000028eb26000 	/usr/lib/swift/libswiftMLCompute.dylib
0x0000000198e2b000 	/System/Library/PrivateFrameworks/LanguageModeling.framework/Versions/A/LanguageModeling
0x000000019dd9a000 	/System/Library/PrivateFrameworks/Montreal.framework/Versions/A/Montreal
0x00000001a5f64000 	/usr/lib/libcmph.dylib
0x000000025be86000 	/System/Library/PrivateFrameworks/GenerativeModelsFoundation.framework/Versions/A/GenerativeModelsFoundation
0x000000027fc7a000 	/System/Library/PrivateFrameworks/TokenGeneration.framework/Versions/A/TokenGeneration
0x000000025bc57000 	/System/Library/PrivateFrameworks/GenerativeFunctions.framework/Versions/A/GenerativeFunctions
0x000000025bca2000 	/System/Library/PrivateFrameworks/GenerativeFunctionsFoundation.framework/Versions/A/GenerativeFunctionsFoundation
0x0000000267d13000 	/System/Library/PrivateFrameworks/ModelCatalog.framework/Versions/A/ModelCatalog
0x00000002731a9000 	/System/Library/PrivateFrameworks/SensitiveContentAnalysisML.framework/Versions/A/SensitiveContentAnalysisML
0x000000025bd5e000 	/System/Library/PrivateFrameworks/GenerativeFunctionsInstrumentation.framework/Versions/A/GenerativeFunctionsInstrumentation
0x00000002706d6000 	/System/Library/PrivateFrameworks/PromptKit.framework/Versions/A/PromptKit
0x0000000270204000 	/System/Library/PrivateFrameworks/ProactiveDaemonSupport.framework/Versions/A/ProactiveDaemonSupport
0x00000002680be000 	/System/Library/PrivateFrameworks/ModelManagerServices.framework/Versions/A/ModelManagerServices
0x000000027fe43000 	/System/Library/PrivateFrameworks/TokenGenerationCore.framework/Versions/A/TokenGenerationCore
0x00000002468b6000 	/System/Library/PrivateFrameworks/AppleIntelligenceReporting.framework/Versions/A/AppleIntelligenceReporting
0x0000000246530000 	/System/Library/PrivateFrameworks/AppleFlatBuffers.framework/Versions/A/AppleFlatBuffers
0x00000002733ed000 	/System/Library/PrivateFrameworks/SentencePieceInternal.framework/Versions/A/SentencePieceInternal
0x00000001ae50e000 	/System/Library/Frameworks/Vision.framework/Versions/A/Vision
0x0000000250680000 	/System/Library/PrivateFrameworks/CoreSceneUnderstanding.framework/Versions/A/CoreSceneUnderstanding
0x00000002843f5000 	/System/Library/PrivateFrameworks/VisionCore.framework/Versions/A/VisionCore
0x00000001cb5f9000 	/System/Library/Frameworks/Vision.framework/libfaceCore.dylib
0x00000001cc119000 	/System/Library/PrivateFrameworks/Futhark.framework/Versions/A/Futhark
0x00000001cfde0000 	/System/Library/PrivateFrameworks/InertiaCam.framework/Versions/A/InertiaCam
0x00000001cbea4000 	/System/Library/PrivateFrameworks/TextRecognition.framework/Versions/A/TextRecognition
0x00000001a7705000 	/System/Library/PrivateFrameworks/CVNLP.framework/Versions/A/CVNLP
0x00000001a0c7d000 	/System/Library/Frameworks/CloudKit.framework/Versions/A/CloudKit
0x00000001b3dcf000 	/System/Library/PrivateFrameworks/CoreDuetDaemonProtocol.framework/Versions/A/CoreDuetDaemonProtocol
0x000000023ffc5000 	/System/Library/Frameworks/SharedWithYouCore.framework/Versions/A/SharedWithYouCore
0x000000024ab5d000 	/System/Library/PrivateFrameworks/CloudTelemetry.framework/Versions/A/CloudTelemetry
0x00000001b2721000 	/System/Library/PrivateFrameworks/AppleAccount.framework/Versions/A/AppleAccount
0x00000001b2cdb000 	/System/Library/PrivateFrameworks/C2.framework/Versions/A/C2
0x000000024a7e7000 	/System/Library/PrivateFrameworks/CloudCoreInternal.framework/Versions/A/CloudCoreInternal
0x000000024a595000 	/System/Library/PrivateFrameworks/CloudAsset.framework/Versions/A/CloudAsset
0x00000001b2cd2000 	/System/Library/Frameworks/PushKit.framework/Versions/A/PushKit
0x000000024ab7d000 	/System/Library/PrivateFrameworks/CloudTelemetryTools.framework/Versions/A/CloudTelemetryTools
0x00000001b4b9d000 	/System/Library/PrivateFrameworks/RTCReporting.framework/Versions/A/RTCReporting
0x0000000242b4f000 	/System/Library/PrivateFrameworks/AAAFoundationSwift.framework/Versions/A/AAAFoundationSwift
0x00000001b29a9000 	/System/Library/PrivateFrameworks/AppleIDSSOAuthentication.framework/Versions/A/AppleIDSSOAuthentication
0x00000001c16a3000 	/System/Library/PrivateFrameworks/FindMyDevice.framework/Versions/A/FindMyDevice
0x00000001b67bc000 	/System/Library/PrivateFrameworks/FMCoreLite.framework/Versions/A/FMCoreLite
0x00000001cc212000 	/System/Library/CoreServices/RawCamera.bundle/Contents/MacOS/RawCamera
0x0000000124cc0000 	/Library/Java/JavaVirtualMachines/temurin-21.jdk/Contents/Home/lib/libextnet.dylib
0x00000001d604b000 	/System/Library/PrivateFrameworks/UIKitServices.framework/Versions/A/UIKitServices
0x000000013a5e0000 	/System/Library/Extensions/AGXMetalG16G_B0.bundle/Contents/MacOS/AGXMetalG16G_B0
0x00000001ba9c4000 	/System/Library/PrivateFrameworks/IOGPU.framework/Versions/A/IOGPU
0x00000001392c4000 	/Library/Java/JavaVirtualMachines/temurin-21.jdk/Contents/Home/lib/libfontmanager.dylib
0x000000013921c000 	/Library/Java/JavaVirtualMachines/temurin-21.jdk/Contents/Home/lib/libfreetype.dylib
0x000000027b6de000 	/System/Library/PrivateFrameworks/SpotlightKnowledge.framework/Versions/A/SpotlightKnowledge
0x0000000251d8a000 	/System/Library/PrivateFrameworks/DocumentUnderstandingClient.framework/Versions/A/DocumentUnderstandingClient
0x000000027b6c5000 	/System/Library/PrivateFrameworks/SpotlightEmbedding.framework/Versions/A/SpotlightEmbedding
0x000000019c599000 	/System/Library/PrivateFrameworks/SpotlightLinguistics.framework/Versions/A/SpotlightLinguistics
0x000000027b857000 	/System/Library/PrivateFrameworks/SpotlightResources.framework/Versions/A/SpotlightResources
0x00000001b417c000 	/System/Library/PrivateFrameworks/SpotlightIndex.framework/Versions/A/SpotlightIndex
0x00000001c722a000 	/System/Library/PrivateFrameworks/DataDeliveryServices.framework/Versions/A/DataDeliveryServices
0x000000024a31c000 	/System/Library/PrivateFrameworks/CipherML.framework/Versions/A/CipherML
0x000000026d81a000 	/System/Library/PrivateFrameworks/PegasusKit.framework/Versions/A/PegasusKit
0x000000027c574000 	/System/Library/PrivateFrameworks/SwiftSQLite.framework/Versions/A/SwiftSQLite
0x000000027d9de000 	/System/Library/PrivateFrameworks/TextInputUI.framework/Versions/A/TextInputUI
0x000000027da13000 	/System/Library/PrivateFrameworks/TextInputUIMacHelper.framework/Versions/A/TextInputUIMacHelper
0x00000001cc203000 	/System/Library/PrivateFrameworks/SafariPlatformSupport.framework/Versions/A/SafariPlatformSupport
0x00000001391e8000 	/Library/Java/JavaVirtualMachines/temurin-21.jdk/Contents/Home/lib/libmanagement.dylib
0x00000001391fc000 	/Library/Java/JavaVirtualMachines/temurin-21.jdk/Contents/Home/lib/libmanagement_ext.dylib
0x0000000139438000 	/Users/labanovichttps/Documents/projects/dbeaver-workspace/products/DBeaverTeam.product/org.eclipse.osgi/125/0/.cp/os/macosx/libunixfile_1_0_0.jnilib
0x0000000146cf4000 	/Library/Java/JavaVirtualMachines/temurin-21.jdk/Contents/Home/lib/libprefs.dylib
0x00000002455e2000 	/System/Library/PrivateFrameworks/AppPredictionClient.framework/Versions/A/AppPredictionClient
0x000000027a595000 	/System/Library/PrivateFrameworks/Sleep.framework/Versions/A/Sleep
0x000000027b6d0000 	/System/Library/PrivateFrameworks/SpotlightFoundation.framework/Versions/A/SpotlightFoundation
0x00000002702a4000 	/System/Library/PrivateFrameworks/ProactivePredictionClient.framework/Versions/A/ProactivePredictionClient
0x000000024b765000 	/System/Library/PrivateFrameworks/ContextualSuggestionClient.framework/Versions/A/ContextualSuggestionClient
0x000000023bbff000 	/System/Library/Frameworks/HealthKit.framework/Versions/A/HealthKit
0x0000000245840000 	/System/Library/PrivateFrameworks/AppPredictionFoundation.framework/Versions/A/AppPredictionFoundation
0x000000025d94d000 	/System/Library/PrivateFrameworks/HeroDataClient.framework/Versions/A/HeroDataClient
0x00000002702dc000 	/System/Library/PrivateFrameworks/ProactiveSuggestionClientModel.framework/Versions/A/ProactiveSuggestionClientModel
0x00000002823af000 	/System/Library/PrivateFrameworks/UserNotificationsSettings.framework/Versions/A/UserNotificationsSettings
0x00000002701c2000 	/System/Library/PrivateFrameworks/ProactiveContextClient.framework/Versions/A/ProactiveContextClient
0x00000001d3f30000 	/System/Library/PrivateFrameworks/NetAppsUtilities.framework/Versions/A/NetAppsUtilities
0x000000027a629000 	/System/Library/PrivateFrameworks/SleepHealth.framework/Versions/A/SleepHealth
0x000000024ac19000 	/System/Library/PrivateFrameworks/Coherence.framework/Versions/A/Coherence
0x00000001cc57f000 	/System/Library/PrivateFrameworks/ShareKit.framework/Versions/A/ShareKit
0x000000024225e000 	/System/Library/Frameworks/_GroupActivities_AppKit.framework/Versions/A/_GroupActivities_AppKit
0x000000023ba33000 	/System/Library/Frameworks/GroupActivities.framework/Versions/A/GroupActivities
0x000000024b940000 	/System/Library/PrivateFrameworks/CopresenceCore.framework/Versions/A/CopresenceCore
0x00000001e9c93000 	/System/Library/PrivateFrameworks/CloudKitCode.framework/Versions/A/CloudKitCode

JVMTI agents:
jdwp path:none, loaded, initialized, options:transport=dt_socket,address=127.0.0.1:64931,suspend=y,server=n
/Users/labanovichttps/Library/Caches/JetBrains/IdeaIC2025.2/captureAgent/debugger-agent.jar path:none, loaded, initialized, instrumentlib options:file:///var/folders/q_/q6y34kl90gx7745snprlxr2h0000gn/T/capture17330371515370973870.props
/Users/labanovichttps/Library/Caches/JetBrains/IdeaIC2025.2/groovyHotSwap/gragent.jar path:none, loaded, initialized, instrumentlib options:none


VM Arguments:
jvm_args: -agentlib:jdwp=transport=dt_socket,address=127.0.0.1:64931,suspend=y,server=n -javaagent:/Users/labanovichttps/Library/Caches/JetBrains/IdeaIC2025.2/captureAgent/debugger-agent.jar=file:///var/folders/q_/q6y34kl90gx7745snprlxr2h0000gn/T/capture17330371515370973870.props -XX:+IgnoreUnrecognizedVMOptions -Dosgi.requiredJavaVersion=21 -Dfile.encoding=UTF-8 --add-modules=ALL-DEFAULT --add-opens=java.base/java.io=ALL-UNNAMED --add-opens=java.base/java.lang=ALL-UNNAMED --add-opens=java.base/java.lang.reflect=ALL-UNNAMED --add-opens=java.base/java.net=ALL-UNNAMED --add-opens=java.base/java.nio=ALL-UNNAMED --add-opens=java.base/java.nio.charset=ALL-UNNAMED --add-opens=java.base/java.text=ALL-UNNAMED --add-opens=java.base/java.time=ALL-UNNAMED --add-opens=java.base/java.util=ALL-UNNAMED --add-opens=java.base/java.util.concurrent=ALL-UNNAMED --add-opens=java.base/java.util.concurrent.atomic=ALL-UNNAMED --add-opens=java.base/jdk.internal.vm=ALL-UNNAMED --add-opens=java.base/jdk.internal.misc=ALL-UNNAMED --add-opens=java.base/sun.nio.ch=ALL-UNNAMED --add-opens=java.base/sun.nio.fs=ALL-UNNAMED --add-opens=java.base/sun.security.ssl=ALL-UNNAMED --add-opens=java.base/sun.security.action=ALL-UNNAMED --add-opens=java.base/sun.security.util=ALL-UNNAMED --add-opens=java.security.jgss/sun.security.jgss=ALL-UNNAMED --add-opens=java.security.jgss/sun.security.krb5=ALL-UNNAMED --add-opens=java.base/java.util.concurrent.atomic=ALL-UNNAMED --add-opens=java.desktop/java.awt=ALL-UNNAMED --add-opens=java.desktop/java.awt.peer=ALL-UNNAMED --add-opens=java.sql/java.sql=ALL-UNNAMED -Xms128m -Xmx2048m -Dorg.eclipse.swt.internal.cocoa.useNativeItemHeight=false -javaagent:/Users/labanovichttps/Library/Caches/JetBrains/IdeaIC2025.2/groovyHotSwap/gragent.jar -Dkotlinx.coroutines.debug.enable.creation.stack.trace=false -Ddebugger.agent.enable.coroutines=true -Dkotlinx.coroutines.debug.enable.flows.stack.trace=true -Dkotlinx.coroutines.debug.enable.mutable.state.flows.stack.trace=true -Dsun.stdout.encoding=UTF-8 -Dsun.stderr.encoding=UTF-8 
java_command: org.jkiss.dbeaver.launcher.DBeaverLauncher -name DBeaverTeamEdition -product com.dbeaver.app.team.product -configuration file:/Users/labanovichttps/Documents/projects/dbeaver-workspace/products/DBeaverTeam.product -dev file:/Users/labanovichttps/Documents/projects/dbeaver-workspace/products/DBeaverTeam.product/dev.properties -nl en -consoleLog -showsplash -launcher /Library/Java/JavaVirtualMachines/temurin-21.jdk/Contents/Home/bin/java -vm ../Eclipse/jre/Contents/Home/lib/libjli.dylib -vmargs -Xmx4096M
java_class_path (initial): /Users/labanovichttps/Documents/projects/dbeaver/plugins/org.jkiss.dbeaver.launcher/target/classes:/Applications/IntelliJ IDEA CE.app/Contents/lib/idea_rt.jar
Launcher Type: SUN_STANDARD

[Global flags]
     intx CICompilerCount                          = 4                                         {product} {ergonomic}
     uint ConcGCThreads                            = 2                                         {product} {ergonomic}
     uint G1ConcRefinementThreads                  = 9                                         {product} {ergonomic}
   size_t G1HeapRegionSize                         = 1048576                                   {product} {ergonomic}
    uintx GCDrainStackTargetSize                   = 64                                        {product} {ergonomic}
     bool IgnoreUnrecognizedVMOptions              = true                                      {product} {command line}
   size_t InitialHeapSize                          = 134217728                                 {product} {command line}
   size_t MarkStackSize                            = 4194304                                   {product} {ergonomic}
   size_t MaxHeapSize                              = 2147483648                                {product} {command line}
   size_t MaxNewSize                               = 1287651328                                {product} {ergonomic}
   size_t MinHeapDeltaBytes                        = 1048576                                   {product} {ergonomic}
   size_t MinHeapSize                              = 134217728                                 {product} {command line}
    uintx NonNMethodCodeHeapSize                   = 5839564                                {pd product} {ergonomic}
    uintx NonProfiledCodeHeapSize                  = 122909338                              {pd product} {ergonomic}
    uintx ProfiledCodeHeapSize                     = 122909338                              {pd product} {ergonomic}
    uintx ReservedCodeCacheSize                    = 251658240                              {pd product} {ergonomic}
     bool SegmentedCodeCache                       = true                                      {product} {ergonomic}
   size_t SoftMaxHeapSize                          = 2147483648                             {manageable} {ergonomic}
     bool UseCompressedOops                        = true                           {product lp64_product} {ergonomic}
     bool UseG1GC                                  = true                                      {product} {ergonomic}
     bool UseNUMA                                  = false                                     {product} {ergonomic}
     bool UseNUMAInterleaving                      = false                                     {product} {ergonomic}

Logging:
Log output configuration:
 #0: stdout all=warning uptime,level,tags foldmultilines=false
 #1: stderr all=off uptime,level,tags foldmultilines=false

Environment Variables:
JAVA_HOME=/Library/Java/JavaVirtualMachines/temurin-21.jdk/Contents/Home
PATH=/Library/Java/JavaVirtualMachines/temurin-21.jdk/Contents/Home/bin:/opt/homebrew/bin:/opt/homebrew/sbin:/usr/local/bin:/System/Cryptexes/App/usr/bin:/usr/bin:/bin:/usr/sbin:/sbin:/var/run/com.apple.security.cryptexd/codex.system/bootstrap/usr/local/bin:/var/run/com.apple.security.cryptexd/codex.system/bootstrap/usr/bin:/var/run/com.apple.security.cryptexd/codex.system/bootstrap/usr/appleinternal/bin
SHELL=/bin/zsh
LANG=C.UTF-8
TMPDIR=/var/folders/q_/q6y34kl90gx7745snprlxr2h0000gn/T/

Active Locale:
LC_ALL=C.UTF-8
LC_COLLATE=C.UTF-8
LC_CTYPE=C.UTF-8
LC_MESSAGES=C.UTF-8
LC_MONETARY=C.UTF-8
LC_NUMERIC=C.UTF-8
LC_TIME=C.UTF-8

Signal Handlers:
   SIGSEGV: crash_handler in libjvm.dylib, mask=11100110000111110111111111111111, flags=SA_ONSTACK|SA_RESTART|SA_SIGINFO, unblocked
    SIGBUS: crash_handler in libjvm.dylib, mask=11100110000111110111111111111111, flags=SA_RESTART|SA_SIGINFO, unblocked
    SIGFPE: crash_handler in libjvm.dylib, mask=11100110000111110111111111111111, flags=SA_RESTART|SA_SIGINFO, unblocked
   SIGPIPE: javaSignalHandler in libjvm.dylib, mask=11100110000111110111111111111111, flags=SA_RESTART|SA_SIGINFO, blocked
   SIGXFSZ: javaSignalHandler in libjvm.dylib, mask=11100110000111110111111111111111, flags=SA_RESTART|SA_SIGINFO, blocked
    SIGILL: crash_handler in libjvm.dylib, mask=11100110000111110111111111111111, flags=SA_RESTART|SA_SIGINFO, unblocked
   SIGUSR2: SR_handler in libjvm.dylib, mask=00000000000000000000000000000000, flags=SA_RESTART|SA_SIGINFO, blocked
    SIGHUP: UserHandler in libjvm.dylib, mask=11100110000111110111111111111111, flags=SA_RESTART|SA_SIGINFO, blocked
    SIGINT: UserHandler in libjvm.dylib, mask=11100110000111110111111111111111, flags=SA_RESTART|SA_SIGINFO, blocked
   SIGTERM: UserHandler in libjvm.dylib, mask=11100110000111110111111111111111, flags=SA_RESTART|SA_SIGINFO, blocked
   SIGQUIT: UserHandler in libjvm.dylib, mask=11100110000111110111111111111111, flags=SA_RESTART|SA_SIGINFO, blocked
   SIGTRAP: crash_handler in libjvm.dylib, mask=11100110000111110111111111111111, flags=SA_RESTART|SA_SIGINFO, unblocked


Periodic native trim disabled

---------------  S Y S T E M  ---------------

OS:
uname: Darwin 25.0.0 Darwin Kernel Version 25.0.0: Wed Sep 17 21:42:08 PDT 2025; root:xnu-12377.1.9~141/RELEASE_ARM64_T8132 arm64
OS uptime: 1 days 23:50 hours
rlimit (soft/hard): STACK 8176k/65520k , CORE 0k/infinity , NPROC 2666/4000 , NOFILE 1048576/infinity , AS infinity/infinity , CPU infinity/infinity , DATA infinity/infinity , FSIZE infinity/infinity , MEMLOCK infinity/infinity , RSS infinity/infinity
load average: 1.28 1.03 1.19

CPU: total 10 (initial active 10) 0x61:0x0:0x6f5129ac:0, fp, asimd, aes, pmull, sha1, sha256, crc32, lse, sha3, sha512
machdep.cpu.brand_string:Apple M4
hw.cachelinesize:128
hw.l1icachesize:131072
hw.l1dcachesize:65536
hw.l2cachesize:4194304

Memory: 16k page, physical 16777216k(362416k free), swap 1048576k(660608k free)

vm_info: OpenJDK 64-Bit Server VM (21.0.8+9-LTS) for bsd-aarch64 JRE (21.0.8+9-LTS), built on 2025-07-15T00:00:00Z by "admin" with clang Apple LLVM 15.0.0 (clang-1500.1.0.2.5)

END.
