#
# A fatal error has been detected by the Java Runtime Environment:
#
#  SIGSEGV (0xb) at pc=0x000000019782fa0c, pid=27239, tid=259
#
# JRE version: OpenJDK Runtime Environment Temurin-21.0.8+9 (21.0.8+9) (build 21.0.8+9-LTS)
# Java VM: OpenJDK 64-Bit Server VM Temurin-21.0.8+9 (21.0.8+9-LTS, mixed mode, sharing, tiered, compressed oops, compressed class ptrs, g1 gc, bsd-aarch64)
# Problematic frame:
# C  [libobjc.A.dylib+0x7a0c]  objc_retain+0x10
#
# No core dump will be written. Core dumps have been disabled. To enable core dumping, try "ulimit -c unlimited" before starting Java again
#
# If you would like to submit a bug report, please visit:
#   https://github.com/adoptium/adoptium-support/issues
# The crash happened outside the Java Virtual Machine in native code.
# See problematic frame for where to report the bug.
#

---------------  S U M M A R Y ------------

Command Line: -agentlib:jdwp=transport=dt_socket,address=127.0.0.1:59679,suspend=y,server=n -javaagent:/Users/labanovichttps/Library/Caches/JetBrains/IdeaIC2025.2/captureAgent/debugger-agent.jar=file:///var/folders/q_/q6y34kl90gx7745snprlxr2h0000gn/T/capture9814458282336644452.props -XX:+IgnoreUnrecognizedVMOptions -Dosgi.requiredJavaVersion=21 -Dfile.encoding=UTF-8 --add-modules=ALL-DEFAULT --add-opens=java.base/java.io=ALL-UNNAMED --add-opens=java.base/java.lang=ALL-UNNAMED --add-opens=java.base/java.lang.reflect=ALL-UNNAMED --add-opens=java.base/java.net=ALL-UNNAMED --add-opens=java.base/java.nio=ALL-UNNAMED --add-opens=java.base/java.nio.charset=ALL-UNNAMED --add-opens=java.base/java.text=ALL-UNNAMED --add-opens=java.base/java.time=ALL-UNNAMED --add-opens=java.base/java.util=ALL-UNNAMED --add-opens=java.base/java.util.concurrent=ALL-UNNAMED --add-opens=java.base/java.util.concurrent.atomic=ALL-UNNAMED --add-opens=java.base/jdk.internal.vm=ALL-UNNAMED --add-opens=java.base/jdk.internal.misc=ALL-UNNAMED --add-opens=java.base/sun.nio.ch=ALL-UNNAMED --add-opens=java.base/sun.nio.fs=ALL-UNNAMED --add-opens=java.base/sun.security.ssl=ALL-UNNAMED --add-opens=java.base/sun.security.action=ALL-UNNAMED --add-opens=java.base/sun.security.util=ALL-UNNAMED --add-opens=java.security.jgss/sun.security.jgss=ALL-UNNAMED --add-opens=java.security.jgss/sun.security.krb5=ALL-UNNAMED --add-opens=java.base/java.util.concurrent.atomic=ALL-UNNAMED --add-opens=java.desktop/java.awt=ALL-UNNAMED --add-opens=java.desktop/java.awt.peer=ALL-UNNAMED --add-opens=java.sql/java.sql=ALL-UNNAMED -Xms128m -Xmx2048m -Dorg.eclipse.swt.internal.cocoa.useNativeItemHeight=false -javaagent:/Users/labanovichttps/Library/Caches/JetBrains/IdeaIC2025.2/groovyHotSwap/gragent.jar -Dkotlinx.coroutines.debug.enable.creation.stack.trace=false -Ddebugger.agent.enable.coroutines=true -Dkotlinx.coroutines.debug.enable.flows.stack.trace=true -Dkotlinx.coroutines.debug.enable.mutable.state.flows.stack.trace=true -Dsun.stdout.encoding=UTF-8 -Dsun.stderr.encoding=UTF-8 org.jkiss.dbeaver.launcher.DBeaverLauncher -name DBeaverUltimate -product com.dbeaver.app.ultimate.product -configuration file:/Users/labanovichttps/Documents/projects/dbeaver-workspace/products/DBeaverUltimate.product -dev file:/Users/labanovichttps/Documents/projects/dbeaver-workspace/products/DBeaverUltimate.product/dev.properties -nl en -consoleLog -showsplash -launcher /Library/Java/JavaVirtualMachines/temurin-21.jdk/Contents/Home/bin/java -vm ../Eclipse/jre/Contents/Home/lib/libjli.dylib -nosplash -vmargs -Xmx4096M

Host: "Mac16,1" arm64, 10 cores, 16G, Darwin 25.0.0, macOS 26.0.1 (25A362)
Time: Thu Nov 20 01:01:02 2025 CET elapsed time: 315.440302 seconds (0d 0h 5m 15s)

---------------  T H R E A D  ---------------

Current thread (0x0000000100a18310):  JavaThread "main"             [_thread_in_native, id=259, stack(0x000000016f34c000,0x000000016fb48000) (8176K)]

Stack: [0x000000016f34c000,0x000000016fb48000],  sp=0x000000016fb41650,  free space=8149k
Native frames: (J=compiled Java code, j=interpreted, Vv=VM code, C=native code)
C  [libobjc.A.dylib+0x7a0c]  objc_retain+0x10
C  [AppKit+0x37058]  NSDP_setPropertyValue+0x314
C  [AppKit+0xf8f5c4]  __cons_NSDP_NSDPTypeBool_block_invoke.269+0x28
C  [AppKit+0x403d8]  -[NSView _removeFromKeyViewLoop]+0x20
C  [AppKit+0x3ffd0]  -[NSView _finalize]+0x240
C  [AppKit+0x3fc78]  -[NSView dealloc]+0x80
C  [AppKit+0x13c414]  -[NSFrameView dealloc]+0xa4
C  [AppKit+0x13c360]  -[NSTitledFrame dealloc]+0x48
C  [AppKit+0x13c2dc]  -[NSThemeFrame dealloc]+0x2bc
C  [Foundation+0x9dcaac]  _NSKVOPerformWithDeallocatingObservable+0xb4
C  [Foundation+0x3209c]  NSKVODeallocate+0xb8
C  [libobjc.A.dylib+0xfc74]  AutoreleasePoolPage::releaseUntil(objc_object**)+0xcc
C  [libobjc.A.dylib+0xc140]  objc_autoreleasePoolPop+0xf4
C  [CoreFoundation+0x31774]  _CFAutoreleasePoolPop+0x20
C  [Foundation+0xee4c]  -[NSAutoreleasePool release]+0x8c
C  [libswt-pi-cocoa-4970r5.jnilib+0xe858]  Java_org_eclipse_swt_internal_cocoa_OS_objc_1msgSend__JJ+0x2c
J 4055  org.eclipse.swt.internal.cocoa.OS.objc_msgSend(JJ)J (0 bytes) @ 0x00000001173aae68 [0x00000001173aadc0+0x00000000000000a8]
J 11574 c2 org.eclipse.swt.internal.cocoa.NSObject.release()V (12 bytes) @ 0x000000011786930c [0x00000001178692c0+0x000000000000004c]
j  org.eclipse.swt.widgets.Display.removePool()V+54
J 15883 c1 org.eclipse.swt.widgets.Display.readAndDispatch()Z (256 bytes) @ 0x000000010fc84c48 [0x000000010fc840c0+0x0000000000000b88]
j  org.eclipse.jface.window.Window.runEventLoop(Lorg/eclipse/swt/widgets/Shell;)V+23
j  org.eclipse.jface.window.Window.open()I+49
j  org.jkiss.dbeaver.tools.transfer.ui.wizard.DataTransferWizard.openWizard(Lorg/eclipse/ui/IWorkbenchWindow;Ljava/util/Collection;Ljava/util/Collection;Lorg/eclipse/jface/viewers/IStructuredSelection;)V+63
j  org.jkiss.dbeaver.tools.transfer.ui.wizard.DataTransferWizard.openWizard(Lorg/eclipse/ui/IWorkbenchWindow;Ljava/util/Collection;Ljava/util/Collection;)V+4
j  org.jkiss.dbeaver.tools.transfer.ui.handlers.DataTransferHandler.execute(Lorg/eclipse/core/commands/ExecutionEvent;)Ljava/lang/Object;+152
j  org.jkiss.dbeaver.tools.transfer.ui.handlers.DataExportHandler.execute(Lorg/eclipse/core/commands/ExecutionEvent;)Ljava/lang/Object;+30
j  org.eclipse.ui.internal.handlers.HandlerProxy.execute(Lorg/eclipse/core/commands/ExecutionEvent;)Ljava/lang/Object;+33
j  org.eclipse.ui.internal.handlers.E4HandlerProxy.execute(Lorg/eclipse/e4/core/contexts/IEclipseContext;Ljava/util/Map;Lorg/eclipse/swt/widgets/Event;Lorg/eclipse/core/expressions/IEvaluationContext;)Ljava/lang/Object;+106
j  java.lang.invoke.LambdaForm$DMH+0x0000007801d21800.invokeVirtual(Ljava/lang/Object;Ljava/lang/Object;Ljava/lang/Object;Ljava/lang/Object;Ljava/lang/Object;Ljava/lang/Object;)Ljava/lang/Object;+18 java.base@21.0.8
j  java.lang.invoke.LambdaForm$MH+0x0000007801d23000.invoke(Ljava/lang/Object;Ljava/lang/Object;Ljava/lang/Object;)Ljava/lang/Object;+143 java.base@21.0.8
J 12293 c2 org.eclipse.e4.core.internal.di.MethodRequestor.execute()Ljava/lang/Object; (176 bytes) @ 0x00000001178bed2c [0x00000001178bd740+0x00000000000015ec]
J 13732 c2 org.eclipse.e4.core.internal.di.InjectorImpl.invokeUsingClass(Ljava/lang/Object;Ljava/lang/Class;Ljava/lang/Class;Ljava/lang/Object;Lorg/eclipse/e4/core/di/suppliers/PrimaryObjectSupplier;Lorg/eclipse/e4/core/di/suppliers/PrimaryObjectSupplier;ZZZ)Ljava/lang/Object; (164 bytes) @ 0x00000001179f2e24 [0x00000001179f1c80+0x00000000000011a4]
J 11712 c1 org.eclipse.e4.core.internal.di.InjectorImpl.invoke(Ljava/lang/Object;Ljava/lang/Class;Ljava/lang/Object;Lorg/eclipse/e4/core/di/suppliers/PrimaryObjectSupplier;Lorg/eclipse/e4/core/di/suppliers/PrimaryObjectSupplier;)Ljava/lang/Object; (19 bytes) @ 0x0000000110f12f80 [0x0000000110f12e40+0x0000000000000140]
J 11715 c1 org.eclipse.e4.core.contexts.ContextInjectionFactory.invoke(Ljava/lang/Object;Ljava/lang/Class;Lorg/eclipse/e4/core/contexts/IEclipseContext;Lorg/eclipse/e4/core/contexts/IEclipseContext;Ljava/lang/Object;)Ljava/lang/Object; (35 bytes) @ 0x0000000110f12a18 [0x0000000110f12900+0x0000000000000118]
j  org.eclipse.e4.core.commands.internal.HandlerServiceHandler.execute(Lorg/eclipse/core/commands/ExecutionEvent;)Ljava/lang/Object;+99
j  org.eclipse.core.commands.Command.executeWithChecks(Lorg/eclipse/core/commands/ExecutionEvent;)Ljava/lang/Object;+116
j  org.eclipse.core.commands.ParameterizedCommand.executeWithChecks(Ljava/lang/Object;Ljava/lang/Object;)Ljava/lang/Object;+21
j  org.eclipse.e4.core.commands.internal.HandlerServiceImpl.executeHandler(Lorg/eclipse/core/commands/ParameterizedCommand;Lorg/eclipse/e4/core/contexts/IEclipseContext;)Ljava/lang/Object;+38
j  org.eclipse.e4.ui.workbench.renderers.swt.HandledContributionItem.executeItem(Lorg/eclipse/swt/widgets/Event;)V+50
j  org.eclipse.e4.ui.workbench.renderers.swt.AbstractContributionItem.handleWidgetSelection(Lorg/eclipse/swt/widgets/Event;)V+123
j  org.eclipse.e4.ui.workbench.renderers.swt.AbstractContributionItem.lambda$2(Lorg/eclipse/swt/widgets/Event;)V+65
j  org.eclipse.e4.ui.workbench.renderers.swt.AbstractContributionItem$$Lambda+0x0000007801793500.handleEvent(Lorg/eclipse/swt/widgets/Event;)V+5
J 12144 c2 org.eclipse.swt.widgets.EventTable.sendEvent(Lorg/eclipse/swt/widgets/Event;)V (619 bytes) @ 0x00000001178a5f14 [0x00000001178a5e40+0x00000000000000d4]
J 14411 c2 org.eclipse.swt.widgets.Display.sendEvent(Lorg/eclipse/swt/widgets/EventTable;Lorg/eclipse/swt/widgets/Event;)V (84 bytes) @ 0x00000001175e8d14 [0x00000001175e89c0+0x0000000000000354]
J 10476 c1 org.eclipse.swt.widgets.Widget.sendEvent(ILorg/eclipse/swt/widgets/Event;Z)V (88 bytes) @ 0x0000000110de1ff0 [0x0000000110de1a80+0x0000000000000570]
J 12088 c1 org.eclipse.swt.widgets.Widget.sendEvent(ILorg/eclipse/swt/widgets/Event;)V (8 bytes) @ 0x0000000110fe4eac [0x0000000110fe4d40+0x000000000000016c]
J 14556 c2 org.eclipse.swt.widgets.Display.runDeferredEvents()Z (113 bytes) @ 0x0000000117591a4c [0x0000000117591900+0x000000000000014c]
j  org.eclipse.swt.widgets.Display.readAndDispatch()Z+134
j  org.eclipse.e4.ui.internal.workbench.swt.PartRenderingEngine$5.run()V+564
j  org.eclipse.core.databinding.observable.Realm.runWithDefault(Lorg/eclipse/core/databinding/observable/Realm;Ljava/lang/Runnable;)V+12
j  org.eclipse.e4.ui.internal.workbench.swt.PartRenderingEngine.run(Lorg/eclipse/e4/ui/model/application/MApplicationElement;Lorg/eclipse/e4/core/contexts/IEclipseContext;)Ljava/lang/Object;+57
j  org.eclipse.e4.ui.internal.workbench.E4Workbench.createAndRunUI(Lorg/eclipse/e4/ui/model/application/MApplicationElement;)V+20
j  org.eclipse.ui.internal.Workbench.lambda$3(Lorg/eclipse/swt/widgets/Display;Lorg/eclipse/ui/application/WorkbenchAdvisor;[I)V+334
j  org.eclipse.ui.internal.Workbench$$Lambda+0x000000780144b4b0.run()V+12
j  org.eclipse.core.databinding.observable.Realm.runWithDefault(Lorg/eclipse/core/databinding/observable/Realm;Ljava/lang/Runnable;)V+12
j  org.eclipse.ui.internal.Workbench.createAndRunWorkbench(Lorg/eclipse/swt/widgets/Display;Lorg/eclipse/ui/application/WorkbenchAdvisor;)I+16
j  org.eclipse.ui.PlatformUI.createAndRunWorkbench(Lorg/eclipse/swt/widgets/Display;Lorg/eclipse/ui/application/WorkbenchAdvisor;)I+2
j  org.jkiss.dbeaver.ui.app.standalone.DBeaverApplication.start(Lorg/eclipse/equinox/app/IApplicationContext;)Ljava/lang/Object;+609
j  org.eclipse.equinox.internal.app.EclipseAppHandle.run(Ljava/lang/Object;)Ljava/lang/Object;+138
j  org.eclipse.core.runtime.internal.adaptor.EclipseAppLauncher.runApplication(Ljava/lang/Object;)Ljava/lang/Object;+85
j  org.eclipse.core.runtime.internal.adaptor.EclipseAppLauncher.start(Ljava/lang/Object;)Ljava/lang/Object;+79
j  org.eclipse.core.runtime.adaptor.EclipseStarter.run(Ljava/lang/Object;)Ljava/lang/Object;+99
j  org.eclipse.core.runtime.adaptor.EclipseStarter.run([Ljava/lang/String;Ljava/lang/Runnable;)Ljava/lang/Object;+132
J 997 c1 java.lang.invoke.DirectMethodHandle$Holder.invokeStatic(Ljava/lang/Object;Ljava/lang/Object;Ljava/lang/Object;)Ljava/lang/Object; java.base@21.0.8 (15 bytes) @ 0x000000010f8d4dec [0x000000010f8d4a80+0x000000000000036c]
j  java.lang.invoke.LambdaForm$MH+0x0000007801122800.invoke(Ljava/lang/Object;Ljava/lang/Object;Ljava/lang/Object;Ljava/lang/Object;)Ljava/lang/Object;+54 java.base@21.0.8
j  java.lang.invoke.LambdaForm$MH+0x0000007801002400.invokeExact_MT(Ljava/lang/Object;Ljava/lang/Object;Ljava/lang/Object;Ljava/lang/Object;Ljava/lang/Object;)Ljava/lang/Object;+22 java.base@21.0.8
j  jdk.internal.reflect.DirectMethodHandleAccessor.invokeImpl(Ljava/lang/Object;[Ljava/lang/Object;)Ljava/lang/Object;+72 java.base@21.0.8
j  jdk.internal.reflect.DirectMethodHandleAccessor.invoke(Ljava/lang/Object;[Ljava/lang/Object;)Ljava/lang/Object;+23 java.base@21.0.8
j  java.lang.reflect.Method.invoke(Ljava/lang/Object;[Ljava/lang/Object;)Ljava/lang/Object;+102 java.base@21.0.8
j  org.jkiss.dbeaver.launcher.DBeaverLauncher.invokeFramework([Ljava/lang/String;[Ljava/net/URL;)V+205
j  org.jkiss.dbeaver.launcher.DBeaverLauncher.basicRun([Ljava/lang/String;)V+338
j  org.jkiss.dbeaver.launcher.DBeaverLauncher.run([Ljava/lang/String;)I+2
j  org.jkiss.dbeaver.launcher.DBeaverLauncher.main([Ljava/lang/String;)V+10
v  ~StubRoutines::call_stub 0x0000000116c70154
V  [libjvm.dylib+0x4afbdc]  JavaCalls::call_helper(JavaValue*, methodHandle const&, JavaCallArguments*, JavaThread*)+0x3d8
V  [libjvm.dylib+0x525044]  jni_invoke_static(JNIEnv_*, JavaValue*, _jobject*, JNICallType, _jmethodID*, JNI_ArgumentPusher*, JavaThread*)+0x170
V  [libjvm.dylib+0x5288b4]  jni_CallStaticVoidMethod+0x108
C  [libjli.dylib+0xaa70]  JavaMain+0x910
C  [libjli.dylib+0xd834]  __JVMInit_block_invoke+0x48
C  [Foundation+0x1d828]  __NSBLOCKOPERATION_IS_CALLING_OUT_TO_A_BLOCK__+0x18
C  [Foundation+0x1d6f0]  -[NSBlockOperation main]+0x60
C  [Foundation+0x1d688]  __NSOPERATION_IS_INVOKING_MAIN__+0x10
C  [Foundation+0x1d2b8]  -[NSOperation start]+0x280
C  [Foundation+0x380c4]  __NSThreadPerformPerform+0x108
C  [CoreFoundation+0x5fad8]  __CFRUNLOOP_IS_CALLING_OUT_TO_A_SOURCE0_PERFORM_FUNCTION__+0x1c
C  [CoreFoundation+0x5fa6c]  __CFRunLoopDoSource0+0xac
C  [CoreFoundation+0x5f7d8]  __CFRunLoopDoSources0+0xe8
C  [CoreFoundation+0x5e468]  __CFRunLoopRun+0x334
C  [CoreFoundation+0x11c898]  _CFRunLoopRunSpecificWithOptions+0x214
C  [libjli.dylib+0xced4]  CreateExecutionEnvironment+0x194
C  [libjli.dylib+0x8be0]  JLI_Launch+0x480
C  [java+0x3ba4]  main+0x194
C  [dyld+0x8d54]  start+0x1c10
Java frames: (J=compiled Java code, j=interpreted, Vv=VM code)
J 4055  org.eclipse.swt.internal.cocoa.OS.objc_msgSend(JJ)J (0 bytes) @ 0x00000001173aae68 [0x00000001173aadc0+0x00000000000000a8]
J 11574 c2 org.eclipse.swt.internal.cocoa.NSObject.release()V (12 bytes) @ 0x000000011786930c [0x00000001178692c0+0x000000000000004c]
j  org.eclipse.swt.widgets.Display.removePool()V+54
J 15883 c1 org.eclipse.swt.widgets.Display.readAndDispatch()Z (256 bytes) @ 0x000000010fc84c48 [0x000000010fc840c0+0x0000000000000b88]
j  org.eclipse.jface.window.Window.runEventLoop(Lorg/eclipse/swt/widgets/Shell;)V+23
j  org.eclipse.jface.window.Window.open()I+49
j  org.jkiss.dbeaver.tools.transfer.ui.wizard.DataTransferWizard.openWizard(Lorg/eclipse/ui/IWorkbenchWindow;Ljava/util/Collection;Ljava/util/Collection;Lorg/eclipse/jface/viewers/IStructuredSelection;)V+63
j  org.jkiss.dbeaver.tools.transfer.ui.wizard.DataTransferWizard.openWizard(Lorg/eclipse/ui/IWorkbenchWindow;Ljava/util/Collection;Ljava/util/Collection;)V+4
j  org.jkiss.dbeaver.tools.transfer.ui.handlers.DataTransferHandler.execute(Lorg/eclipse/core/commands/ExecutionEvent;)Ljava/lang/Object;+152
j  org.jkiss.dbeaver.tools.transfer.ui.handlers.DataExportHandler.execute(Lorg/eclipse/core/commands/ExecutionEvent;)Ljava/lang/Object;+30
j  org.eclipse.ui.internal.handlers.HandlerProxy.execute(Lorg/eclipse/core/commands/ExecutionEvent;)Ljava/lang/Object;+33
j  org.eclipse.ui.internal.handlers.E4HandlerProxy.execute(Lorg/eclipse/e4/core/contexts/IEclipseContext;Ljava/util/Map;Lorg/eclipse/swt/widgets/Event;Lorg/eclipse/core/expressions/IEvaluationContext;)Ljava/lang/Object;+106
j  java.lang.invoke.LambdaForm$DMH+0x0000007801d21800.invokeVirtual(Ljava/lang/Object;Ljava/lang/Object;Ljava/lang/Object;Ljava/lang/Object;Ljava/lang/Object;Ljava/lang/Object;)Ljava/lang/Object;+18 java.base@21.0.8
j  java.lang.invoke.LambdaForm$MH+0x0000007801d23000.invoke(Ljava/lang/Object;Ljava/lang/Object;Ljava/lang/Object;)Ljava/lang/Object;+143 java.base@21.0.8
J 12293 c2 org.eclipse.e4.core.internal.di.MethodRequestor.execute()Ljava/lang/Object; (176 bytes) @ 0x00000001178bed2c [0x00000001178bd740+0x00000000000015ec]
J 13732 c2 org.eclipse.e4.core.internal.di.InjectorImpl.invokeUsingClass(Ljava/lang/Object;Ljava/lang/Class;Ljava/lang/Class;Ljava/lang/Object;Lorg/eclipse/e4/core/di/suppliers/PrimaryObjectSupplier;Lorg/eclipse/e4/core/di/suppliers/PrimaryObjectSupplier;ZZZ)Ljava/lang/Object; (164 bytes) @ 0x00000001179f2e24 [0x00000001179f1c80+0x00000000000011a4]
J 11712 c1 org.eclipse.e4.core.internal.di.InjectorImpl.invoke(Ljava/lang/Object;Ljava/lang/Class;Ljava/lang/Object;Lorg/eclipse/e4/core/di/suppliers/PrimaryObjectSupplier;Lorg/eclipse/e4/core/di/suppliers/PrimaryObjectSupplier;)Ljava/lang/Object; (19 bytes) @ 0x0000000110f12f80 [0x0000000110f12e40+0x0000000000000140]
J 11715 c1 org.eclipse.e4.core.contexts.ContextInjectionFactory.invoke(Ljava/lang/Object;Ljava/lang/Class;Lorg/eclipse/e4/core/contexts/IEclipseContext;Lorg/eclipse/e4/core/contexts/IEclipseContext;Ljava/lang/Object;)Ljava/lang/Object; (35 bytes) @ 0x0000000110f12a18 [0x0000000110f12900+0x0000000000000118]
j  org.eclipse.e4.core.commands.internal.HandlerServiceHandler.execute(Lorg/eclipse/core/commands/ExecutionEvent;)Ljava/lang/Object;+99
j  org.eclipse.core.commands.Command.executeWithChecks(Lorg/eclipse/core/commands/ExecutionEvent;)Ljava/lang/Object;+116
j  org.eclipse.core.commands.ParameterizedCommand.executeWithChecks(Ljava/lang/Object;Ljava/lang/Object;)Ljava/lang/Object;+21
j  org.eclipse.e4.core.commands.internal.HandlerServiceImpl.executeHandler(Lorg/eclipse/core/commands/ParameterizedCommand;Lorg/eclipse/e4/core/contexts/IEclipseContext;)Ljava/lang/Object;+38
j  org.eclipse.e4.ui.workbench.renderers.swt.HandledContributionItem.executeItem(Lorg/eclipse/swt/widgets/Event;)V+50
j  org.eclipse.e4.ui.workbench.renderers.swt.AbstractContributionItem.handleWidgetSelection(Lorg/eclipse/swt/widgets/Event;)V+123
j  org.eclipse.e4.ui.workbench.renderers.swt.AbstractContributionItem.lambda$2(Lorg/eclipse/swt/widgets/Event;)V+65
j  org.eclipse.e4.ui.workbench.renderers.swt.AbstractContributionItem$$Lambda+0x0000007801793500.handleEvent(Lorg/eclipse/swt/widgets/Event;)V+5
J 12144 c2 org.eclipse.swt.widgets.EventTable.sendEvent(Lorg/eclipse/swt/widgets/Event;)V (619 bytes) @ 0x00000001178a5f14 [0x00000001178a5e40+0x00000000000000d4]
J 14411 c2 org.eclipse.swt.widgets.Display.sendEvent(Lorg/eclipse/swt/widgets/EventTable;Lorg/eclipse/swt/widgets/Event;)V (84 bytes) @ 0x00000001175e8d14 [0x00000001175e89c0+0x0000000000000354]
J 10476 c1 org.eclipse.swt.widgets.Widget.sendEvent(ILorg/eclipse/swt/widgets/Event;Z)V (88 bytes) @ 0x0000000110de1ff0 [0x0000000110de1a80+0x0000000000000570]
J 12088 c1 org.eclipse.swt.widgets.Widget.sendEvent(ILorg/eclipse/swt/widgets/Event;)V (8 bytes) @ 0x0000000110fe4eac [0x0000000110fe4d40+0x000000000000016c]
J 14556 c2 org.eclipse.swt.widgets.Display.runDeferredEvents()Z (113 bytes) @ 0x0000000117591a4c [0x0000000117591900+0x000000000000014c]
j  org.eclipse.swt.widgets.Display.readAndDispatch()Z+134
j  org.eclipse.e4.ui.internal.workbench.swt.PartRenderingEngine$5.run()V+564
j  org.eclipse.core.databinding.observable.Realm.runWithDefault(Lorg/eclipse/core/databinding/observable/Realm;Ljava/lang/Runnable;)V+12
j  org.eclipse.e4.ui.internal.workbench.swt.PartRenderingEngine.run(Lorg/eclipse/e4/ui/model/application/MApplicationElement;Lorg/eclipse/e4/core/contexts/IEclipseContext;)Ljava/lang/Object;+57
j  org.eclipse.e4.ui.internal.workbench.E4Workbench.createAndRunUI(Lorg/eclipse/e4/ui/model/application/MApplicationElement;)V+20
j  org.eclipse.ui.internal.Workbench.lambda$3(Lorg/eclipse/swt/widgets/Display;Lorg/eclipse/ui/application/WorkbenchAdvisor;[I)V+334
j  org.eclipse.ui.internal.Workbench$$Lambda+0x000000780144b4b0.run()V+12
j  org.eclipse.core.databinding.observable.Realm.runWithDefault(Lorg/eclipse/core/databinding/observable/Realm;Ljava/lang/Runnable;)V+12
j  org.eclipse.ui.internal.Workbench.createAndRunWorkbench(Lorg/eclipse/swt/widgets/Display;Lorg/eclipse/ui/application/WorkbenchAdvisor;)I+16
j  org.eclipse.ui.PlatformUI.createAndRunWorkbench(Lorg/eclipse/swt/widgets/Display;Lorg/eclipse/ui/application/WorkbenchAdvisor;)I+2
j  org.jkiss.dbeaver.ui.app.standalone.DBeaverApplication.start(Lorg/eclipse/equinox/app/IApplicationContext;)Ljava/lang/Object;+609
j  org.eclipse.equinox.internal.app.EclipseAppHandle.run(Ljava/lang/Object;)Ljava/lang/Object;+138
j  org.eclipse.core.runtime.internal.adaptor.EclipseAppLauncher.runApplication(Ljava/lang/Object;)Ljava/lang/Object;+85
j  org.eclipse.core.runtime.internal.adaptor.EclipseAppLauncher.start(Ljava/lang/Object;)Ljava/lang/Object;+79
j  org.eclipse.core.runtime.adaptor.EclipseStarter.run(Ljava/lang/Object;)Ljava/lang/Object;+99
j  org.eclipse.core.runtime.adaptor.EclipseStarter.run([Ljava/lang/String;Ljava/lang/Runnable;)Ljava/lang/Object;+132
J 997 c1 java.lang.invoke.DirectMethodHandle$Holder.invokeStatic(Ljava/lang/Object;Ljava/lang/Object;Ljava/lang/Object;)Ljava/lang/Object; java.base@21.0.8 (15 bytes) @ 0x000000010f8d4dec [0x000000010f8d4a80+0x000000000000036c]
j  java.lang.invoke.LambdaForm$MH+0x0000007801122800.invoke(Ljava/lang/Object;Ljava/lang/Object;Ljava/lang/Object;Ljava/lang/Object;)Ljava/lang/Object;+54 java.base@21.0.8
j  java.lang.invoke.LambdaForm$MH+0x0000007801002400.invokeExact_MT(Ljava/lang/Object;Ljava/lang/Object;Ljava/lang/Object;Ljava/lang/Object;Ljava/lang/Object;)Ljava/lang/Object;+22 java.base@21.0.8
j  jdk.internal.reflect.DirectMethodHandleAccessor.invokeImpl(Ljava/lang/Object;[Ljava/lang/Object;)Ljava/lang/Object;+72 java.base@21.0.8
j  jdk.internal.reflect.DirectMethodHandleAccessor.invoke(Ljava/lang/Object;[Ljava/lang/Object;)Ljava/lang/Object;+23 java.base@21.0.8
j  java.lang.reflect.Method.invoke(Ljava/lang/Object;[Ljava/lang/Object;)Ljava/lang/Object;+102 java.base@21.0.8
j  org.jkiss.dbeaver.launcher.DBeaverLauncher.invokeFramework([Ljava/lang/String;[Ljava/net/URL;)V+205
j  org.jkiss.dbeaver.launcher.DBeaverLauncher.basicRun([Ljava/lang/String;)V+338
j  org.jkiss.dbeaver.launcher.DBeaverLauncher.run([Ljava/lang/String;)I+2
j  org.jkiss.dbeaver.launcher.DBeaverLauncher.main([Ljava/lang/String;)V+10
v  ~StubRoutines::call_stub 0x0000000116c70154

siginfo: si_signo: 11 (SIGSEGV), si_code: 2 (SEGV_ACCERR), si_addr: 0x0000084460376640

Registers:
 x0=0x000000077acb0800  x1=0x0000000786cf2250  x2=0x0000000000000000  x3=0x000000077948cca0
 x4=0x000000016fb415a0  x5=0x7fffffffffffffff  x6=0x0000000000000000  x7=0x0000000000000001
 x8=0x0000000789116520  x9=0x0000000000000038 x10=0x020000020465039d x11=0x030000020465039d
x12=0x00000000000000c3 x13=0x0000000000000028 x14=0x00000000000000c3 x15=0xfffffff87930ddb0
x16=0xacc0884460376623 x17=0x0000084460376620 x18=0x0000000000000000 x19=0x000000077948fde0
x20=0x000000016fb41658 x21=0x0000000000000001 x22=0x000000016fb41650 x23=0x0000000000000002
x24=0x0000000779462c00 x25=0x0000000000000002 x26=0x0000000000000000 x27=0x0000000000000000
x28=0x0000000000000000  fp=0x000000016fb41700  lr=0x0000000199ed3bc8  sp=0x000000016fb41650
pc=0x000000019782fa0c cpsr=0x0000000000000000

Register to memory mapping:

x0 =0x000000077acb0800 points into unknown readable memory: 0xacc0884460376623 | 23 66 37 60 44 88 c0 ac
x1 =0x0000000786cf2250 points into unknown readable memory: 0x030000020465039d | 9d 03 65 04 02 00 00 03
x2 =0x0 is null
x3 =0x000000077948cca0 points into unknown readable memory: 0x0100000204678c71 | 71 8c 67 04 02 00 00 01
x4 =0x000000016fb415a0 is pointing into the stack for thread: 0x0000000100a18310
x5 =0x7fffffffffffffff: _dyld_private+0xffd3ffaf in /Library/Java/JavaVirtualMachines/temurin-21.jdk/Contents/Home/bin/java at 0x00000001002b8000
x6 =0x0 is null
x7 =0x0000000000000001 is an unknown value
x8 =0x0000000789116520 points into unknown readable memory: 0x0100000204650399 | 99 03 65 04 02 00 00 01
x9 =0x0000000000000038 is an unknown value
x10=0x020000020465039d: OBJC_CLASS_$_NSKeyValueObservance+0x5 in /System/Library/Frameworks/Foundation.framework/Versions/C/Foundation at 0x00000001994fa000
x11=0x030000020465039d: OBJC_CLASS_$_NSKeyValueObservance+0x5 in /System/Library/Frameworks/Foundation.framework/Versions/C/Foundation at 0x00000001994fa000
x12=0x00000000000000c3 is an unknown value
x13=0x0000000000000028 is an unknown value
x14=0x00000000000000c3 is an unknown value
x15=0xfffffff87930ddb0 is an unknown value
x16=0xacc0884460376623 is an unknown value
x17=0x0000084460376620 is an unknown value
x18=0x0 is null
x19=0x000000077948fde0 points into unknown readable memory: 0x0200000204650371 | 71 03 65 04 02 00 00 02
x20=0x000000016fb41658 is pointing into the stack for thread: 0x0000000100a18310
x21=0x0000000000000001 is an unknown value
x22=0x000000016fb41650 is pointing into the stack for thread: 0x0000000100a18310
x23=0x0000000000000002 is an unknown value
x24=0x0000000779462c00 points into unknown readable memory: 0x000000078515a167 | 67 a1 15 85 07 00 00 00
x25=0x0000000000000002 is an unknown value
x26=0x0 is null
x27=0x0 is null
x28=0x0 is null
 fp=0x000000016fb41700 is pointing into the stack for thread: 0x0000000100a18310
 lr=0x0000000199ed3bc8: NSKeyValueWillChangeWithPerThreadPendingNotifications+0x14c in /System/Library/Frameworks/Foundation.framework/Versions/C/Foundation at 0x00000001994fa000
 sp=0x000000016fb41650 is pointing into the stack for thread: 0x0000000100a18310

Top of Stack: (sp=0x000000016fb41650)
0x000000016fb41650:   000000078909a4f0 0000000789116520
0x000000016fb41660:   000000016fb41690 000000016fb41660
0x000000016fb41670:   000000077faa13b0 00000000046208e0
0x000000016fb41680:   0000000199566124 0000000000000000
0x000000016fb41690:   000000016fb416c0 00000001978362a8
0x000000016fb416a0:   0000000000000001 dafe7f4f4f01005d
0x000000016fb416b0:   0000000100a18310 0000000309a9c088
0x000000016fb416c0:   0000000000000001 0000000000000001
0x000000016fb416d0:   00000001fe723000 00000007862ec6d8
0x000000016fb416e0:   0000000789092000 000000016fb4178f
0x000000016fb416f0:   000000077faa13b0 0000000779462c00
0x000000016fb41700:   000000016fb41770 000000019c118058
0x000000016fb41710:   0000000000000000 0000000000000000
0x000000016fb41720:   0000000000000000 dafe7f4f4f01005d
0x000000016fb41730:   000000003f400000 0000000040100000
0x000000016fb41740:   00000001fe723000 0000000000000118
0x000000016fb41750:   000000019c110b28 0000000000000110
0x000000016fb41760:   00000007890981b0 0000000779462c00
0x000000016fb41770:   000000016fb41790 000000019d0705c4
0x000000016fb41780:   00000000000120a8 0100000000000000
0x000000016fb41790:   000000016fb417c0 000000019c1213d8
0x000000016fb417a0:   000000019c110b28 0000000000000110
0x000000016fb417b0:   00000007890981b0 0000000779462c00
0x000000016fb417c0:   000000016fb418e0 000000019c120fd0
0x000000016fb417d0:   0000000000000378 0000000000000000
0x000000016fb417e0:   000000020267aef8 00000000000000a0
0x000000016fb417f0:   00000002124e1e80 0000000779462c00
0x000000016fb41800:   000000016fb418e0 0000000197831b84
0x000000016fb41810:   0000000000000000 0000000000000000
0x000000016fb41820:   0000000000000002 0000000000000000
0x000000016fb41830:   0000000000000000 0000000000000000
0x000000016fb41840:   0000000000000000 0000000000000000 

Instructions: (pc=0x000000019782fa0c)
0x000000019782f90c:   f1 03 13 aa 11 0a c1 da 28 ce 7d 92 08 00 00 f9
0x000000019782f91c:   d5 03 08 37 fd 7b 43 a9 f4 4f 42 a9 f6 57 41 a9
0x000000019782f92c:   ff 03 01 91 ff 0f 5f d6 70 12 40 f9 71 82 00 91
0x000000019782f93c:   51 27 f9 f2 30 1e c1 da f1 03 10 aa f1 47 c1 da
0x000000019782f94c:   1f 02 11 eb 40 00 00 54 60 8e 38 d4 08 e2 7d 92
0x000000019782f95c:   00 d9 48 92 cd 6e 00 94 08 08 40 b9 08 1d 00 11
0x000000019782f96c:   08 71 1d 12 08 01 14 8b 09 02 80 52 1f 41 00 f1
0x000000019782f97c:   01 81 89 9a d0 ff ff 17 f3 03 00 f9 40 02 00 90
0x000000019782f98c:   00 44 23 91 a8 e6 00 94 e1 03 13 aa 22 00 80 52
0x000000019782f99c:   fd 7b 43 a9 f4 4f 42 a9 f6 57 41 a9 ff 03 01 91
0x000000019782f9ac:   ff 23 03 d5 d0 07 1e ca 50 00 f0 b6 20 8e 38 d4
0x000000019782f9bc:   cc 2f 00 14 31 01 08 36 11 ae 7d 92 31 2a 40 b9
0x000000019782f9cc:   d1 00 08 36 51 6f 36 b0 31 e2 38 91 30 02 40 f9
0x000000019782f9dc:   71 7d e4 f2 11 0a 1f d7 01 7d 3d d0 21 00 06 91
0x000000019782f9ec:   85 07 00 14 62 e3 00 14 2f 0e 00 14 c0 03 5f d6
0x000000019782f9fc:   00 00 00 ea cd ff ff 54 10 00 40 f9 11 ae 7d 92
0x000000019782fa0c:   31 12 40 f9 91 fd 17 36 f0 fe 07 36 11 fe 77 d3
0x000000019782fa1c:   f1 fe ff b4 11 20 e0 d2 11 02 11 ab 62 fe ff 54
0x000000019782fa2c:   e1 03 10 aa 11 7c b0 c8 3f 00 10 eb 81 fe ff 54
0x000000019782fa3c:   c0 03 5f d6 20 00 01 ea ad fd ff 54 30 00 40 f9
0x000000019782fa4c:   11 ae 7d 92 31 12 40 f9 71 fb 17 36 d0 fc 07 36
0x000000019782fa5c:   11 fe 77 d3 d1 fc ff b4 11 20 e0 d2 11 02 11 ab
0x000000019782fa6c:   42 fc ff 54 e2 03 10 aa 31 7c b0 c8 5f 00 10 eb
0x000000019782fa7c:   81 fe ff 54 c0 03 5f d6 40 00 02 ea 8d fb ff 54
0x000000019782fa8c:   50 00 40 f9 11 ae 7d 92 31 12 40 f9 51 f9 17 36
0x000000019782fa9c:   b0 fa 07 36 11 fe 77 d3 b1 fa ff b4 11 20 e0 d2
0x000000019782faac:   11 02 11 ab 22 fa ff 54 e1 03 10 aa 51 7c b0 c8
0x000000019782fabc:   3f 00 10 eb 81 fe ff 54 c0 03 5f d6 60 00 03 ea
0x000000019782facc:   6d f9 ff 54 70 00 40 f9 11 ae 7d 92 31 12 40 f9
0x000000019782fadc:   31 f7 17 36 90 f8 07 36 11 fe 77 d3 91 f8 ff b4
0x000000019782faec:   11 20 e0 d2 11 02 11 ab 02 f8 ff 54 e1 03 10 aa
0x000000019782fafc:   71 7c b0 c8 3f 00 10 eb 81 fe ff 54 c0 03 5f d6 


Stack slot to memory mapping:

stack at sp + 0 slots: 0x000000078909a4f0 points into unknown readable memory: 0x010000020465039d | 9d 03 65 04 02 00 00 01
stack at sp + 1 slots: 0x0000000789116520 points into unknown readable memory: 0x0100000204650399 | 99 03 65 04 02 00 00 01
stack at sp + 2 slots: 0x000000016fb41690 is pointing into the stack for thread: 0x0000000100a18310
stack at sp + 3 slots: 0x000000016fb41660 is pointing into the stack for thread: 0x0000000100a18310
stack at sp + 4 slots: 0x000000077faa13b0 points into unknown readable memory: 0x0100000204642739 | 39 27 64 04 02 00 00 01
stack at sp + 5 slots: 0x00000000046208e0 is an unknown value
stack at sp + 6 slots: 0x0000000199566124: NSKeyValueWillChangeBySetting+0 in /System/Library/Frameworks/Foundation.framework/Versions/C/Foundation at 0x00000001994fa000
stack at sp + 7 slots: 0x0 is null


Compiled method (n/a) 315453 4055     n 0       org.eclipse.swt.internal.cocoa.OS::objc_msgSend (native)
 total in heap  [0x00000001173aac10,0x00000001173aafa0] = 912
 relocation     [0x00000001173aad60,0x00000001173aad90] = 48
 main code      [0x00000001173aadc0,0x00000001173aaf84] = 452
 stub code      [0x00000001173aaf84,0x00000001173aaf88] = 4
 oops           [0x00000001173aaf88,0x00000001173aaf98] = 16
 metadata       [0x00000001173aaf98,0x00000001173aafa0] = 8

[Constant Pool (empty)]

[MachCode]
[Entry Point]
  # {method} {0x0000000124a87298} 'objc_msgSend' '(JJ)J' in 'org/eclipse/swt/internal/cocoa/OS'
  # parm0:    c_rarg1:c_rarg1 
                        = long
  # parm1:    c_rarg2:c_rarg2 
                        = long
  #           [sp+0x60]  (sp of caller)
  0x00000001173aadc0: 2808 40b9 | 3f01 086b | 4000 0054 

  0x00000001173aadcc: ;   {runtime_call ic_miss_stub}
  0x00000001173aadcc: 2d04 e417 
[Verified Entry Point]
  0x00000001173aadd0: 1f20 03d5 | e953 40d1 | 3f01 00f9 | fd7b bfa9 | fd03 0091 | ff43 01d1 | 2801 0018 | 8923 40b9 
  0x00000001173aadf0: 1f01 09eb | e000 0054 | 0830 8bd2 | 68d9 a2f2 | 2800 c0f2 | 0001 3fd6 | 0200 0014 | 2d00 0000 
  0x00000001173aae10: e303 02aa | e203 01aa 

  0x00000001173aae18: ;   {oop(a 'java/lang/Class'{0x0000000302001af0} = 'org/eclipse/swt/internal/cocoa/OS')}
  0x00000001173aae18: 015e 83d2 | 0140 a0f2 | 6100 c0f2 | e123 00f9 | e103 0191 | e801 0010 | 88d3 01f9 | e803 0091 
  0x00000001173aae38: 88cf 01f9 

  0x00000001173aae3c: ;   {external_word}
  0x00000001173aae3c: 28c7 f7d0 | 0845 7939 | 8806 0035 | 80e3 0e91 | e803 7eb2 | 8913 1191 | 28fd 9f88 

  0x00000001173aae58: ;   {runtime_call Java_org_eclipse_swt_internal_cocoa_OS_objc_1msgSend__JJ}
  0x00000001173aae58: 8805 8dd2 | 08b8 a0f2 | 2800 c0f2 | 0001 3fd6 | a800 80d2 | 8847 04b9 | bf3b 03d5 | 8823 1191 
  0x00000001173aae78: 08fd dfc8 | bf03 08eb | a803 0054 | 8843 44b9 | 6803 0035 | e803 7db2 | 8913 1191 | 28fd 9f88 
  0x00000001173aae98: 8803 5339 | 1f09 0071 | c001 0054 

  0x00000001173aaea4: ;   {external_word}
  0x00000001173aaea4: 28c7 f7d0 | 0845 7939 | 2805 0035 | 9fcf 01f9 | 9fd3 01f9 | 8217 42f9 | 5f80 00f9 | bf03 0091 
  0x00000001173aaec4: fd7b c1a8 | 8807 40f9 | 4800 00b5 | c003 5fd6 

  0x00000001173aaed4: ;   {runtime_call StubRoutines (initial stubs)}
  0x00000001173aaed4: 6b14 e317 | a083 1ff8 

  0x00000001173aaedc: ;   {runtime_call SharedRuntime::reguard_yellow_pages()}
  0x00000001173aaedc: 086c 9cd2 | 08d0 a0f2 | 2800 c0f2 | 0001 3fd6 | a083 5ff8 | edff ff17 | a083 1ff8 | e003 1caa 
  0x00000001173aaefc: ;   {runtime_call JavaThread::check_special_condition_for_native_trans(JavaThread*)}
  0x00000001173aaefc: 8863 92d2 | 28c8 a0f2 | 2800 c0f2 | 0001 3fd6 | a083 5ff8 | dfff ff17 | e10b bea9 | e37f 01a9 
  0x00000001173aaf1c: ;   {metadata({method} {0x0000000124a87298} 'objc_msgSend' '(JJ)J' in 'org/eclipse/swt/internal/cocoa/OS')}
  0x00000001173aaf1c: 0153 8ed2 | 0195 a4f2 | 2100 c0f2 | e003 1caa | e833 bfa9 | 881f 98d2 | 08d0 a0f2 | 2800 c0f2 
  0x00000001173aaf3c: 0001 3fd6 | e833 c1a8 | e37f 41a9 | e10b c2a8 | bfff ff17 | a083 1ff8 

  0x00000001173aaf54: ;   {metadata({method} {0x0000000124a87298} 'objc_msgSend' '(JJ)J' in 'org/eclipse/swt/internal/cocoa/OS')}
  0x00000001173aaf54: 0153 8ed2 | 0195 a4f2 | 2100 c0f2 | e003 1caa | e833 bfa9 | 083d 98d2 | 08d0 a0f2 | 2800 c0f2 
  0x00000001173aaf74: 0001 3fd6 | e833 c1a8 | a083 5ff8 | ccff ff17 
[Stub Code]
  0x00000001173aaf84: 0000 0000 
[/MachCode]


Compiled method (c2) 315454 11574       4       org.eclipse.swt.internal.cocoa.NSObject::release (12 bytes)
 total in heap  [0x0000000117869110,0x0000000117869420] = 784
 relocation     [0x0000000117869260,0x0000000117869288] = 40
 main code      [0x00000001178692c0,0x0000000117869368] = 168
 stub code      [0x0000000117869368,0x00000001178693a8] = 64
 oops           [0x00000001178693a8,0x00000001178693b0] = 8
 metadata       [0x00000001178693b0,0x00000001178693c0] = 16
 scopes data    [0x00000001178693c0,0x00000001178693d0] = 16
 scopes pcs     [0x00000001178693d0,0x0000000117869400] = 48
 dependencies   [0x0000000117869400,0x0000000117869408] = 8
 handler table  [0x0000000117869408,0x0000000117869420] = 24

[Constant Pool (empty)]

[MachCode]
[Entry Point]
  # {method} {0x0000000124a2aa50} 'release' '()V' in 'org/eclipse/swt/internal/cocoa/NSObject'
  #           [sp+0x20]  (sp of caller)
  0x00000001178692c0: 2808 40b9 | 3f01 086b | 4000 0054 

  0x00000001178692cc: ;   {runtime_call ic_miss_stub}
  0x00000001178692cc: ed0a d117 
[Verified Entry Point]
  0x00000001178692d0: 1f20 03d5 | e953 40d1 | 3f01 00f9 | ff83 00d1 | fd7b 01a9 | e803 0018 | 8923 40b9 | 1f01 09eb 
  0x00000001178692f0: e102 0054 | fd03 01aa | 2108 40f9 | 0260 96d2 | 625d a2f2 | 4200 c0f2 

  0x0000000117869308: ; ImmutableOopMap {rfp=Oop }
                      ;*invokestatic objc_msgSend {reexecute=0 rethrow=0 return_oop=0}
                      ; - org.eclipse.swt.internal.cocoa.NSObject::release@7 (line 151)
                      ;   {static_call}
  0x0000000117869308: b206 ed97 

  0x000000011786930c: ;   {other}
  0x000000011786930c: 1f20 03d5 | 9f3f 80f2 | 1f00 80f2 | fd7b 41a9 | ff83 0091 

  0x0000000117869320: ;   {poll_return}
  0x0000000117869320: 8827 42f9 | ff63 28eb | c800 0054 | c003 5fd6 | e103 00aa | fd7b 41a9 | ff83 0091 

  0x000000011786933c: ;   {runtime_call _rethrow_Java}
  0x000000011786933c: 91ad d417 

  0x0000000117869340: ;   {internal_word}
  0x0000000117869340: 08ff ff10 | 8833 02f9 

  0x0000000117869348: ;   {runtime_call SafepointBlob}
  0x0000000117869348: 6e25 d117 | 0830 8bd2 | 68d9 a2f2 | 2800 c0f2 | 0001 3fd6 | e6ff ff17 

  0x0000000117869360: ;   {other}
  0x0000000117869360: 2d00 0000 | 0000 0000 
[Stub Code]
  0x0000000117869368: ;   {no_reloc}
  0x0000000117869368: 4800 0058 | 0001 1fd6 | d0ad 3a17 | 0100 0000 

  0x0000000117869378: ;   {static_stub}
  0x0000000117869378: df3f 03d5 

  0x000000011786937c: ;   {metadata(nullptr)}
  0x000000011786937c: 0c00 80d2 | 0c00 a0f2 | 0c00 c0f2 | 0800 80d2 | 0800 a0f2 | 0800 c0f2 | 0001 1fd6 
[Exception Handler]
  0x0000000117869398: ;   {runtime_call ExceptionBlob}
  0x0000000117869398: baa1 d417 
[Deopt Handler Code]
  0x000000011786939c: 1e00 0010 

  0x00000001178693a0: ;   {runtime_call DeoptimizationBlob}
  0x00000001178693a0: 2826 d117 | 0000 0000 
[/MachCode]


Compiled method (c1) 315455 15883   !   3       org.eclipse.swt.widgets.Display::readAndDispatch (256 bytes)
 total in heap  [0x000000010fc83b10,0x000000010fc868b8] = 11688
 relocation     [0x000000010fc83c60,0x000000010fc84088] = 1064
 main code      [0x000000010fc840c0,0x000000010fc85a08] = 6472
 stub code      [0x000000010fc85a08,0x000000010fc85ef0] = 1256
 oops           [0x000000010fc85ef0,0x000000010fc85f00] = 16
 metadata       [0x000000010fc85f00,0x000000010fc86078] = 376
 scopes data    [0x000000010fc86078,0x000000010fc86390] = 792
 scopes pcs     [0x000000010fc86390,0x000000010fc86740] = 944
 dependencies   [0x000000010fc86740,0x000000010fc86760] = 32
 handler table  [0x000000010fc86760,0x000000010fc86880] = 288
 nul chk table  [0x000000010fc86880,0x000000010fc868b8] = 56

[Constant Pool (empty)]

[MachCode]
[Entry Point]
  # {method} {0x000000012467ba90} 'readAndDispatch' '()Z' in 'org/eclipse/swt/widgets/Display'
  #           [sp+0xf0]  (sp of caller)
  0x000000010fc840c0: 2808 40b9 | 3f01 086b | c001 0054 

  0x000000010fc840cc: ;   {runtime_call ic_miss_stub}
  0x000000010fc840cc: 6d9f c015 | 1f20 03d5 | 1f20 03d5 | 1f20 03d5 | 1f20 03d5 | 1f20 03d5 | 1f20 03d5 | 1f20 03d5 
  0x000000010fc840ec: 1f20 03d5 | 1f20 03d5 | 1f20 03d5 | 1f20 03d5 | 1f20 03d5 
[Verified Entry Point]
  0x000000010fc84100: e09d c015 | e953 40d1 | 3f01 00f9 | ffc3 03d1 | fd7b 0ea9 | 2801 0018 | 8923 40b9 | 1f01 09eb 
  0x000000010fc84120: e000 0054 | 0830 8bd2 | 68d9 a2f2 | 2800 c0f2 | 0001 3fd6 | 0200 0014 | 2c00 0000 | e14b 00f9 
  0x000000010fc84140: ;   {metadata(method data for {method} {0x000000012467ba90} 'readAndDispatch' '()Z' in 'org/eclipse/swt/widgets/Display')}
  0x000000010fc84140: 009a 9dd2 | 207a a7f2 | 2000 c0f2 | 02ac 40b9 | 4208 0011 | 02ac 00b9 | 4224 1f12 | 5f00 0071 
  0x000000010fc84160: a0ac 0054 | e003 01aa 

  0x000000010fc84168: ;   {metadata(method data for {method} {0x000000012467ba90} 'readAndDispatch' '()Z' in 'org/eclipse/swt/widgets/Display')}
  0x000000010fc84168: 029a 9dd2 | 227a a7f2 | 2200 c0f2 | 4884 40f9 | 0805 0091 | 4884 00f9 | e003 01aa | e103 00aa 
  0x000000010fc84188: ; ImmutableOopMap {[144]=Oop }
                      ;*invokevirtual checkDevice {reexecute=0 rethrow=0 return_oop=0}
                      ; - org.eclipse.swt.widgets.Display::readAndDispatch@1 (line 3985)
                      ;   {optimized virtual_call}
  0x000000010fc84188: a219 f095 

  0x000000010fc8418c: ;   {other}
  0x000000010fc8418c: 1f20 03d5 | 9fcf 80f2 | 1f00 80f2 | e14b 40f9 | 20cc 40b9 | 1f00 0071 

  0x000000010fc841a4: ;   {metadata(method data for {method} {0x000000012467ba90} 'readAndDispatch' '()Z' in 'org/eclipse/swt/widgets/Display')}
  0x000000010fc841a4: 009a 9dd2 | 207a a7f2 | 2000 c0f2 | 0825 80d2 | 0927 80d2 | 0211 899a | 0368 62f8 | 6304 0091 
  0x000000010fc841c4: 0368 22f8 | 0106 0054 | 2280 5829 | 4204 0051 | 1f00 026b 

  0x000000010fc841d8: ;   {metadata(method data for {method} {0x000000012467ba90} 'readAndDispatch' '()Z' in 'org/eclipse/swt/widgets/Display')}
  0x000000010fc841d8: 009a 9dd2 | 207a a7f2 | 2000 c0f2 | 0829 80d2 | 092b 80d2 | 0211 899a | 0368 62f8 | 6304 0091 
  0x000000010fc841f8: 0368 22f8 | 6104 0054 

  0x000000010fc84200: ;   {metadata(method data for {method} {0x000000012467ba90} 'readAndDispatch' '()Z' in 'org/eclipse/swt/widgets/Display')}
  0x000000010fc84200: 009a 9dd2 | 207a a7f2 | 2000 c0f2 | 08b4 40f9 | 0805 0091 | 08b4 00f9 

  0x000000010fc84218: ; ImmutableOopMap {[144]=Oop }
                      ;*invokestatic getEntryCount {reexecute=0 rethrow=0 return_oop=0}
                      ; - org.eclipse.swt.widgets.Display::readAndDispatch@24 (line 3986)
                      ;   {static_call}
  0x000000010fc84218: 5aa1 c095 

  0x000000010fc8421c: ;   {other}
  0x000000010fc8421c: 1f20 03d5 | 9fe1 80f2 | 1f20 80f2 | 1f00 0071 

  0x000000010fc8422c: ;   {metadata(method data for {method} {0x000000012467ba90} 'readAndDispatch' '()Z' in 'org/eclipse/swt/widgets/Display')}
  0x000000010fc8422c: 019a 9dd2 | 217a a7f2 | 2100 c0f2 | 082f 80d2 | 0931 80d2 | 0011 899a | 2268 60f8 | 4204 0091 
  0x000000010fc8424c: 2268 20f8 | e14b 40f9 | a101 0054 

  0x000000010fc84258: ;   {metadata(method data for {method} {0x000000012467ba90} 'readAndDispatch' '()Z' in 'org/eclipse/swt/widgets/Display')}
  0x000000010fc84258: 009a 9dd2 | 207a a7f2 | 2000 c0f2 | 08d8 40f9 | 0805 0091 | 08d8 00f9 | e14b 40f9 

  0x000000010fc84274: ; ImmutableOopMap {[144]=Oop }
                      ;*invokevirtual removePool {reexecute=0 rethrow=0 return_oop=0}
                      ; - org.eclipse.swt.widgets.Display::readAndDispatch@31 (line 3986)
                      ;   {optimized virtual_call}
  0x000000010fc84274: c39f c095 

  0x000000010fc84278: ;   {other}
  0x000000010fc84278: 1f20 03d5 | 1fed 80f2 | 1f40 80f2 | e14b 40f9 | e303 01aa 

  0x000000010fc8428c: ;   {metadata(method data for {method} {0x000000012467ba90} 'readAndDispatch' '()Z' in 'org/eclipse/swt/widgets/Display')}
  0x000000010fc8428c: 009a 9dd2 | 207a a7f2 | 2000 c0f2 | 08f4 40f9 | 0805 0091 | 08f4 00f9 

  0x000000010fc842a4: ;   {metadata(method data for {method} {0x0000000124672350} 'addPool' '()V' in 'org/eclipse/swt/widgets/Display')}
  0x000000010fc842a4: 0379 8fd2 | 8379 a7f2 | 2300 c0f2 | 60ac 40b9 | 0008 0011 | 60ac 00b9 | 004c 1f12 | 1f00 0071 
  0x000000010fc842c4: 80a2 0054 

  0x000000010fc842c8: ;   {metadata('org/eclipse/swt/internal/cocoa/NSAutoreleasePool')}
  0x000000010fc842c8: 03e9 9dd2 | 8326 a0f2 | 030f c0f2 | 80df 40f9 | 0b60 0091 | 88e7 40f9 | 7f01 08eb | 88a2 0054 
  0x000000010fc842e8: 8bdf 00f9 | ea03 40b2 | 0a00 00f9 | 6a0c 5dd2 | 0a7c 0129 | 0a40 0091 | 5f01 00f9 | bf3a 03d5 
  0x000000010fc84308: e203 00aa 

  0x000000010fc8430c: ;   {metadata(method data for {method} {0x0000000124672350} 'addPool' '()V' in 'org/eclipse/swt/widgets/Display')}
  0x000000010fc8430c: 0379 8fd2 | 8379 a7f2 | 2300 c0f2 | 6878 40f9 | 0805 0091 | 6878 00f9 

  0x000000010fc84324: ;   {metadata(method data for {method} {0x0000000124a9f8c0} '<init>' '()V' in 'org/eclipse/swt/internal/cocoa/NSAutoreleasePool')}
  0x000000010fc84324: 02d5 89d2 | 0277 a7f2 | 2200 c0f2 | 43ac 40b9 | 6308 0011 | 43ac 00b9 | 634c 1f12 | 7f00 0071 
  0x000000010fc84344: c09f 0054 | e203 00aa 

  0x000000010fc8434c: ;   {metadata(method data for {method} {0x0000000124a9f8c0} '<init>' '()V' in 'org/eclipse/swt/internal/cocoa/NSAutoreleasePool')}
  0x000000010fc8434c: 03d5 89d2 | 0377 a7f2 | 2300 c0f2 | 6878 40f9 | 0805 0091 | 6878 00f9 

  0x000000010fc84364: ;   {metadata(method data for {method} {0x0000000124a28b98} '<init>' '()V' in 'org/eclipse/swt/internal/cocoa/NSObject')}
  0x000000010fc84364: 02f4 8ad2 | 42cf a4f2 | 2200 c0f2 | 43ac 40b9 | 6308 0011 | 43ac 00b9 | 634c 1f12 | 7f00 0071 
  0x000000010fc84384: c09e 0054 | e203 00aa 

  0x000000010fc8438c: ;   {metadata(method data for {method} {0x0000000124a28b98} '<init>' '()V' in 'org/eclipse/swt/internal/cocoa/NSObject')}
  0x000000010fc8438c: 03f4 8ad2 | 43cf a4f2 | 2300 c0f2 | 6878 40f9 | 0805 0091 | 6878 00f9 

  0x000000010fc843a4: ;   {metadata(method data for {method} {0x0000000124655b60} '<init>' '()V' in 'org/eclipse/swt/internal/cocoa/id')}
  0x000000010fc843a4: 0218 8bd2 | 42cf a4f2 | 2200 c0f2 | 43ac 40b9 | 6308 0011 | 43ac 00b9 | 634c 1f12 | 7f00 0071 
  0x000000010fc843c4: c09d 0054 | e203 00aa 

  0x000000010fc843cc: ;   {metadata(method data for {method} {0x0000000124655b60} '<init>' '()V' in 'org/eclipse/swt/internal/cocoa/id')}
  0x000000010fc843cc: 0318 8bd2 | 43cf a4f2 | 2300 c0f2 | 6878 40f9 | 0805 0091 | 6878 00f9 

  0x000000010fc843e4: ;   {metadata(method data for {method} {0x0000007800475638} '<init>' '()V' in 'java/lang/Object')}
  0x000000010fc843e4: 02af 8fd2 | 0260 a4f2 | 2200 c0f2 | 43ac 40b9 | 6308 0011 | 43ac 00b9 | 634c 1f12 | 7f00 0071 
  0x000000010fc84404: c09c 0054 | e203 00aa 

  0x000000010fc8440c: ;   {metadata(method data for {method} {0x0000000124672350} 'addPool' '()V' in 'org/eclipse/swt/widgets/Display')}
  0x000000010fc8440c: 0379 8fd2 | 8379 a7f2 | 2300 c0f2 | 4208 40b9 | 420c 5dd2 | 6940 0491 | 2801 40f9 | 5f00 08eb 
  0x000000010fc8442c: a100 0054 | 688c 40f9 | 0805 0091 | 688c 00f9 | 1c00 0014 | 6980 0491 | 2801 40f9 | 5f00 08eb 
  0x000000010fc8444c: a100 0054 | 6894 40f9 | 0805 0091 | 6894 00f9 | 1400 0014 | 6940 0491 | 2801 40f9 | c800 00b5 
  0x000000010fc8446c: 2201 00f9 | e803 40b2 | 6960 0491 | 2801 00f9 | 0c00 0014 | 6980 0491 | 2801 40f9 | c800 00b5 
  0x000000010fc8448c: 2201 00f9 | e803 40b2 | 69a0 0491 | 2801 00f9 | 0400 0014 | 6880 40f9 | 0805 0091 | 6880 00f9 
  0x000000010fc844ac: e103 00aa 

  0x000000010fc844b0: ; ImmutableOopMap {[144]=Oop }
                      ;*invokevirtual alloc {reexecute=0 rethrow=0 return_oop=0}
                      ; - org.eclipse.swt.widgets.Display::addPool@8 (line 533)
                      ; - org.eclipse.swt.widgets.Display::readAndDispatch@35 (line 3987)
                      ;   {optimized virtual_call}
  0x000000010fc844b0: f8fa ee95 

  0x000000010fc844b4: ;   {other}
  0x000000010fc844b4: 1f20 03d5 | 9f34 81f2 | 1f60 80f2 

  0x000000010fc844c0: ; implicit exception: dispatches to 0x000000010fc857bc
  0x000000010fc844c0: 1f00 40f9 | e103 00aa 

  0x000000010fc844c8: ;   {metadata(method data for {method} {0x0000000124672350} 'addPool' '()V' in 'org/eclipse/swt/widgets/Display')}
  0x000000010fc844c8: 0279 8fd2 | 8279 a7f2 | 2200 c0f2 | 2108 40b9 | 210c 5dd2 | 4920 0591 | 2801 40f9 | 3f00 08eb 
  0x000000010fc844e8: a100 0054 | 48a8 40f9 | 0805 0091 | 48a8 00f9 | 1c00 0014 | 4960 0591 | 2801 40f9 | 3f00 08eb 
  0x000000010fc84508: a100 0054 | 48b0 40f9 | 0805 0091 | 48b0 00f9 | 1400 0014 | 4920 0591 | 2801 40f9 | c800 00b5 
  0x000000010fc84528: 2101 00f9 | e803 40b2 | 4940 0591 | 2801 00f9 | 0c00 0014 | 4960 0591 | 2801 40f9 | c800 00b5 
  0x000000010fc84548: 2101 00f9 | e803 40b2 | 4980 0591 | 2801 00f9 | 0400 0014 | 489c 40f9 | 0805 0091 | 489c 00f9 
  0x000000010fc84568: e103 00aa 

  0x000000010fc8456c: ; ImmutableOopMap {[144]=Oop }
                      ;*invokevirtual init {reexecute=0 rethrow=0 return_oop=0}
                      ; - org.eclipse.swt.widgets.Display::addPool@11 (line 533)
                      ; - org.eclipse.swt.widgets.Display::readAndDispatch@35 (line 3987)
                      ;   {optimized virtual_call}
  0x000000010fc8456c: f906 f095 

  0x000000010fc84570: ;   {other}
  0x000000010fc84570: 1f20 03d5 | 1f4c 81f2 | 1f80 80f2 | 0001 00b5 

  0x000000010fc84580: ;   {metadata(method data for {method} {0x0000000124672350} 'addPool' '()V' in 'org/eclipse/swt/widgets/Display')}
  0x000000010fc84580: 0379 8fd2 | 8379 a7f2 | 2300 c0f2 | 68a4 4539 | 0801 40b2 | 68a4 0539 | 3600 0014 

  0x000000010fc8459c: ;   {metadata('org/eclipse/swt/internal/cocoa/NSAutoreleasePool')}
  0x000000010fc8459c: 02e9 9dd2 | 8226 a0f2 | 020f c0f2 | 0808 40b9 | 080d 5dd2 | 1f01 02eb | e104 0054 

  0x000000010fc845b8: ;   {metadata(method data for {method} {0x0000000124672350} 'addPool' '()V' in 'org/eclipse/swt/widgets/Display')}
  0x000000010fc845b8: 0379 8fd2 | 8379 a7f2 | 2300 c0f2 | 0208 40b9 | 420c 5dd2 | 6900 0691 | 2801 40f9 | 5f00 08eb 
  0x000000010fc845d8: a100 0054 | 68c4 40f9 | 0805 0091 | 68c4 00f9 | 2200 0014 | 6940 0691 | 2801 40f9 | 5f00 08eb 
  0x000000010fc845f8: a100 0054 | 68cc 40f9 | 0805 0091 | 68cc 00f9 | 1a00 0014 | 6900 0691 | 2801 40f9 | c800 00b5 
  0x000000010fc84618: 2201 00f9 | e803 40b2 | 6920 0691 | 2801 00f9 | 1200 0014 | 6940 0691 | 2801 40f9 | c800 00b5 
  0x000000010fc84638: 2201 00f9 | e803 40b2 | 6960 0691 | 2801 00f9 | 0a00 0014 | 0900 0014 

  0x000000010fc84650: ;   {metadata(method data for {method} {0x0000000124672350} 'addPool' '()V' in 'org/eclipse/swt/widgets/Display')}
  0x000000010fc84650: 0379 8fd2 | 8379 a7f2 | 2300 c0f2 | 68b8 40f9 | 0805 00d1 | 68b8 00f9 | 5604 0014 | 0100 0014 
  0x000000010fc84670: e203 00aa | e14b 40f9 

  0x000000010fc84678: ;   {metadata(method data for {method} {0x0000000124672350} 'addPool' '()V' in 'org/eclipse/swt/widgets/Display')}
  0x000000010fc84678: 0079 8fd2 | 8079 a7f2 | 2000 c0f2 | 08e0 40f9 | 0805 0091 | 08e0 00f9 | e14b 40f9 

  0x000000010fc84694: ; ImmutableOopMap {[144]=Oop }
                      ;*invokevirtual addPool {reexecute=0 rethrow=0 return_oop=0}
                      ; - org.eclipse.swt.widgets.Display::addPool@17 (line 533)
                      ; - org.eclipse.swt.widgets.Display::readAndDispatch@35 (line 3987)
                      ;   {optimized virtual_call}
  0x000000010fc84694: bb9e c095 

  0x000000010fc84698: ;   {other}
  0x000000010fc84698: 1f20 03d5 | 1f71 81f2 | 1fa0 80f2 | e14b 40f9 

  0x000000010fc846a8: ;   {metadata(method data for {method} {0x000000012467ba90} 'readAndDispatch' '()Z' in 'org/eclipse/swt/widgets/Display')}
  0x000000010fc846a8: 009a 9dd2 | 207a a7f2 | 2000 c0f2 | 0810 41f9 | 0805 0091 | 0810 01f9 | e14b 40f9 

  0x000000010fc846c4: ; ImmutableOopMap {[144]=Oop }
                      ;*invokevirtual runSkin {reexecute=0 rethrow=0 return_oop=0}
                      ; - org.eclipse.swt.widgets.Display::readAndDispatch@39 (line 3988)
                      ;   {optimized virtual_call}
  0x000000010fc846c4: 43a6 d795 

  0x000000010fc846c8: ;   {other}
  0x000000010fc846c8: 1f20 03d5 | 1f77 81f2 | 1fc0 80f2 | e14b 40f9 

  0x000000010fc846d8: ;   {metadata(method data for {method} {0x000000012467ba90} 'readAndDispatch' '()Z' in 'org/eclipse/swt/widgets/Display')}
  0x000000010fc846d8: 009a 9dd2 | 207a a7f2 | 2000 c0f2 | 082c 41f9 | 0805 0091 | 082c 01f9 | e14b 40f9 

  0x000000010fc846f4: ; ImmutableOopMap {[144]=Oop }
                      ;*invokevirtual runDeferredLayouts {reexecute=0 rethrow=0 return_oop=0}
                      ; - org.eclipse.swt.widgets.Display::readAndDispatch@44 (line 3989)
                      ;   {optimized virtual_call}
  0x000000010fc846f4: a39e c095 

  0x000000010fc846f8: ;   {other}
  0x000000010fc846f8: 1f20 03d5 | 1f7d 81f2 | 1fe0 80f2 | e14b 40f9 | 20c8 40b9 | 0004 0011 | 20c8 00b9 | e003 01aa 
  0x000000010fc84718: ;   {metadata(method data for {method} {0x000000012467ba90} 'readAndDispatch' '()Z' in 'org/eclipse/swt/widgets/Display')}
  0x000000010fc84718: 029a 9dd2 | 227a a7f2 | 2200 c0f2 | 4848 41f9 | 0805 0091 | 4848 01f9 | e003 01aa | e103 00aa 
  0x000000010fc84738: ; ImmutableOopMap {[144]=Oop }
                      ;*invokevirtual runSettings {reexecute=0 rethrow=0 return_oop=0}
                      ; - org.eclipse.swt.widgets.Display::readAndDispatch@62 (line 3993)
                      ;   {optimized virtual_call}
  0x000000010fc84738: 929e c095 

  0x000000010fc8473c: ;   {other}
  0x000000010fc8473c: 1f20 03d5 | 9f85 81f2 | 1f00 81f2 | e14b 40f9 

  0x000000010fc8474c: ;   {metadata(method data for {method} {0x000000012467ba90} 'readAndDispatch' '()Z' in 'org/eclipse/swt/widgets/Display')}
  0x000000010fc8474c: 029a 9dd2 | 227a a7f2 | 2200 c0f2 | 4864 41f9 | 0805 0091 | 4864 01f9 | e14b 40f9 | e09b 00b9 
  0x000000010fc8476c: ; ImmutableOopMap {[144]=Oop }
                      ;*invokevirtual runTimers {reexecute=0 rethrow=0 return_oop=0}
                      ; - org.eclipse.swt.widgets.Display::readAndDispatch@69 (line 3994)
                      ;   {optimized virtual_call}
  0x000000010fc8476c: 859e c095 

  0x000000010fc84770: ;   {other}
  0x000000010fc84770: 1f20 03d5 | 1f8c 81f2 | 1f20 81f2 | e14b 40f9 

  0x000000010fc84780: ;   {metadata(method data for {method} {0x000000012467ba90} 'readAndDispatch' '()Z' in 'org/eclipse/swt/widgets/Display')}
  0x000000010fc84780: 029a 9dd2 | 227a a7f2 | 2200 c0f2 | 4880 41f9 | 0805 0091 | 4880 01f9 | e19b 40b9 | 2000 002a 
  0x000000010fc847a0: e14b 40f9 | e09f 00b9 

  0x000000010fc847a8: ; ImmutableOopMap {[144]=Oop }
                      ;*invokevirtual runContexts {reexecute=0 rethrow=0 return_oop=0}
                      ; - org.eclipse.swt.widgets.Display::readAndDispatch@76 (line 3995)
                      ;   {optimized virtual_call}
  0x000000010fc847a8: 769e c095 

  0x000000010fc847ac: ;   {other}
  0x000000010fc847ac: 1f20 03d5 | 9f93 81f2 | 1f40 81f2 | e14b 40f9 

  0x000000010fc847bc: ;   {metadata(method data for {method} {0x000000012467ba90} 'readAndDispatch' '()Z' in 'org/eclipse/swt/widgets/Display')}
  0x000000010fc847bc: 029a 9dd2 | 227a a7f2 | 2200 c0f2 | 489c 41f9 | 0805 0091 | 489c 01f9 | e19f 40b9 | 2000 002a 
  0x000000010fc847dc: e14b 40f9 | e0a3 00b9 

  0x000000010fc847e4: ; ImmutableOopMap {[144]=Oop }
                      ;*invokevirtual runPopups {reexecute=0 rethrow=0 return_oop=0}
                      ; - org.eclipse.swt.widgets.Display::readAndDispatch@83 (line 3996)
                      ;   {optimized virtual_call}
  0x000000010fc847e4: 679e c095 

  0x000000010fc847e8: ;   {other}
  0x000000010fc847e8: 1f20 03d5 | 1f9b 81f2 | 1f60 81f2 | e2a3 40b9 | 4000 002a | e14b 40f9 | 268c 41b9 | c6f0 7dd3 
  0x000000010fc84808: ; implicit exception: dispatches to 0x000000010fc857c8
  0x000000010fc84808: df00 40f9 | e203 06aa 

  0x000000010fc84810: ;   {metadata(method data for {method} {0x000000012467ba90} 'readAndDispatch' '()Z' in 'org/eclipse/swt/widgets/Display')}
  0x000000010fc84810: 039a 9dd2 | 237a a7f2 | 2300 c0f2 | 68b8 41f9 | 0805 0091 | 68b8 01f9 | 0200 8092 | e303 1faa 
  0x000000010fc84830: ;   {oop(a 'org/eclipse/swt/internal/cocoa/NSString'{0x00000003020052e8})}
  0x000000010fc84830: 045d 8ad2 | 0440 a0f2 | 6400 c0f2 | e503 0032 | e103 06aa | e0a7 00b9 

  0x000000010fc84848: ; ImmutableOopMap {[144]=Oop }
                      ;*invokevirtual nextEventMatchingMask {reexecute=0 rethrow=0 return_oop=0}
                      ; - org.eclipse.swt.widgets.Display::readAndDispatch@100 (line 3997)
                      ;   {optimized virtual_call}
  0x000000010fc84848: 4e9e c095 

  0x000000010fc8484c: ;   {other}
  0x000000010fc8484c: 1f20 03d5 | 9fa7 81f2 | 1f80 81f2 | e057 00f9 | e203 1faa | 1f00 02eb 

  0x000000010fc84864: ;   {metadata(method data for {method} {0x000000012467ba90} 'readAndDispatch' '()Z' in 'org/eclipse/swt/widgets/Display')}
  0x000000010fc84864: 029a 9dd2 | 227a a7f2 | 2200 c0f2 | 0874 80d2 | 0972 80d2 | 0111 899a | 4368 61f8 | 6304 0091 
  0x000000010fc84884: 4368 21f8 | 6100 0054 | e2a7 40b9 | 2100 0014 | e14b 40f9 | 238c 41b9 | 63f0 7dd3 | e203 1faa 
  0x000000010fc848a4: 7f00 02eb 

  0x000000010fc848a8: ;   {metadata(method data for {method} {0x000000012467ba90} 'readAndDispatch' '()Z' in 'org/eclipse/swt/widgets/Display')}
  0x000000010fc848a8: 029a 9dd2 | 227a a7f2 | 2200 c0f2 | e80f 7ab2 | 0976 80d2 | 0411 899a | 4568 64f8 | a504 0091 
  0x000000010fc848c8: 4568 24f8 | 6100 0054 | e2a7 40b9 | 1000 0014 

  0x000000010fc848d8: ; implicit exception: dispatches to 0x000000010fc857cc
  0x000000010fc848d8: 7f00 40f9 | e203 03aa 

  0x000000010fc848e0: ;   {metadata(method data for {method} {0x000000012467ba90} 'readAndDispatch' '()Z' in 'org/eclipse/swt/widgets/Display')}
  0x000000010fc848e0: 049a 9dd2 | 247a a7f2 | 2400 c0f2 | 88f4 41f9 | 0805 0091 | 88f4 01f9 | e203 00aa | e103 03aa 
  0x000000010fc84900: ; ImmutableOopMap {[144]=Oop [168]=Oop }
                      ;*invokevirtual sendEvent {reexecute=0 rethrow=0 return_oop=0}
                      ; - org.eclipse.swt.widgets.Display::readAndDispatch@122 (line 4000)
                      ;   {optimized virtual_call}
  0x000000010fc84900: 209e c095 

  0x000000010fc84904: ;   {other}
  0x000000010fc84904: 1f20 03d5 | 9fbe 81f2 | 1fa0 81f2 | e203 0032 | e2b3 00b9 | e14b 40f9 

  0x000000010fc8491c: ;   {metadata(method data for {method} {0x000000012467ba90} 'readAndDispatch' '()Z' in 'org/eclipse/swt/widgets/Display')}
  0x000000010fc8491c: 009a 9dd2 | 207a a7f2 | 2000 c0f2 | 0810 42f9 | 0805 0091 | 0810 02f9 | e14b 40f9 

  0x000000010fc84938: ; ImmutableOopMap {[144]=Oop [168]=Oop }
                      ;*invokevirtual runPaint {reexecute=0 rethrow=0 return_oop=0}
                      ; - org.eclipse.swt.widgets.Display::readAndDispatch@127 (line 4002)
                      ;   {optimized virtual_call}
  0x000000010fc84938: 129e c095 

  0x000000010fc8493c: ;   {other}
  0x000000010fc8493c: 1f20 03d5 | 9fc5 81f2 | 1fc0 81f2 | e14b 40f9 

  0x000000010fc8494c: ;   {metadata(method data for {method} {0x000000012467ba90} 'readAndDispatch' '()Z' in 'org/eclipse/swt/widgets/Display')}
  0x000000010fc8494c: 029a 9dd2 | 227a a7f2 | 2200 c0f2 | 482c 42f9 | 0805 0091 | 482c 02f9 | e2b3 40b9 | 4000 002a 
  0x000000010fc8496c: e14b 40f9 | e0b7 00b9 

  0x000000010fc84974: ; ImmutableOopMap {[144]=Oop [168]=Oop }
                      ;*invokevirtual runDeferredEvents {reexecute=0 rethrow=0 return_oop=0}
                      ; - org.eclipse.swt.widgets.Display::readAndDispatch@134 (line 4003)
                      ;   {optimized virtual_call}
  0x000000010fc84974: e733 e495 

  0x000000010fc84978: ;   {other}
  0x000000010fc84978: 1f20 03d5 | 1fcd 81f2 | 1fe0 81f2 | e2b7 40b9 | 4000 002a | 1f00 0071 

  0x000000010fc84990: ;   {metadata(method data for {method} {0x000000012467ba90} 'readAndDispatch' '()Z' in 'org/eclipse/swt/widgets/Display')}
  0x000000010fc84990: 029a 9dd2 | 227a a7f2 | 2200 c0f2 | 088f 80d2 | 0991 80d2 | 0111 899a | 4368 61f8 | 6304 0091 
  0x000000010fc849b0: 4368 21f8 | 2113 0054 | e14b 40f9 | e203 01aa 

  0x000000010fc849c0: ;   {metadata(method data for {method} {0x000000012467ba90} 'readAndDispatch' '()Z' in 'org/eclipse/swt/widgets/Display')}
  0x000000010fc849c0: 039a 9dd2 | 237a a7f2 | 2300 c0f2 | 4208 40b9 | 420c 5dd2 | 69a0 1291 | 2801 40f9 | 5f00 08eb 
  0x000000010fc849e0: a100 0054 | 6858 42f9 | 0805 0091 | 6858 02f9 | 1c00 0014 | 69e0 1291 | 2801 40f9 | 5f00 08eb 
  0x000000010fc84a00: a100 0054 | 6860 42f9 | 0805 0091 | 6860 02f9 | 1400 0014 | 69a0 1291 | 2801 40f9 | c800 00b5 
  0x000000010fc84a20: 2201 00f9 | e803 40b2 | 69c0 1291 | 2801 00f9 | 0c00 0014 | 69e0 1291 | 2801 40f9 | c800 00b5 
  0x000000010fc84a40: 2201 00f9 | e803 40b2 | 6900 1391 | 2801 00f9 | 0400 0014 | 684c 42f9 | 0805 0091 | 684c 02f9 
  0x000000010fc84a60: bf3b 03d5 | 2238 4039 | bf39 03d5 | 4200 0012 | 5f00 0071 

  0x000000010fc84a74: ;   {metadata(method data for {method} {0x000000012467ba90} 'readAndDispatch' '()Z' in 'org/eclipse/swt/widgets/Display')}
  0x000000010fc84a74: 029a 9dd2 | 227a a7f2 | 2200 c0f2 | 089a 80d2 | 099c 80d2 | 0311 899a | 4468 63f8 | 8404 0091 
  0x000000010fc84a94: 4468 23f8 | 010a 0054 | e0bb 00b9 | e203 01aa 

  0x000000010fc84aa4: ;   {metadata(method data for {method} {0x000000012467ba90} 'readAndDispatch' '()Z' in 'org/eclipse/swt/widgets/Display')}
  0x000000010fc84aa4: 039a 9dd2 | 237a a7f2 | 2300 c0f2 | 6884 42f9 | 0805 0091 | 6884 02f9 

  0x000000010fc84abc: ;   {metadata(method data for {method} {0x000000012467ced0} 'runAsyncMessages' '(Z)Z' in 'org/eclipse/swt/widgets/Display')}
  0x000000010fc84abc: 0274 90d2 | 427a a7f2 | 2200 c0f2 | 43ac 40b9 | 6308 0011 | 43ac 00b9 | 634c 1f12 | 7f00 0071 
  0x000000010fc84adc: a067 0054 | 23f8 40b9 | 63f0 7dd3 

  0x000000010fc84ae8: ; implicit exception: dispatches to 0x000000010fc857f0
  0x000000010fc84ae8: 7f00 40f9 | e203 03aa 

  0x000000010fc84af0: ;   {metadata(method data for {method} {0x000000012467ced0} 'runAsyncMessages' '(Z)Z' in 'org/eclipse/swt/widgets/Display')}
  0x000000010fc84af0: 0474 90d2 | 447a a7f2 | 2400 c0f2 | 4208 40b9 | 420c 5dd2 | 8900 0491 | 2801 40f9 | 5f00 08eb 
  0x000000010fc84b10: a100 0054 | 8884 40f9 | 0805 0091 | 8884 00f9 | 1c00 0014 | 8940 0491 | 2801 40f9 | 5f00 08eb 
  0x000000010fc84b30: a100 0054 | 888c 40f9 | 0805 0091 | 888c 00f9 | 1400 0014 | 8900 0491 | 2801 40f9 | c800 00b5 
  0x000000010fc84b50: 2201 00f9 | e803 40b2 | 8920 0491 | 2801 00f9 | 0c00 0014 | 8940 0491 | 2801 40f9 | c800 00b5 
  0x000000010fc84b70: 2201 00f9 | e803 40b2 | 8960 0491 | 2801 00f9 | 0400 0014 | 8878 40f9 | 0805 0091 | 8878 00f9 
  0x000000010fc84b90: 0200 a052 | e103 03aa 

  0x000000010fc84b98: ; ImmutableOopMap {[144]=Oop [168]=Oop }
                      ;*invokevirtual runAsyncMessages {reexecute=0 rethrow=0 return_oop=0}
                      ; - org.eclipse.swt.widgets.Display::runAsyncMessages@5 (line 4382)
                      ; - org.eclipse.swt.widgets.Display::readAndDispatch@152 (line 4005)
                      ;   {optimized virtual_call}
  0x000000010fc84b98: be5f e295 

  0x000000010fc84b9c: ;   {other}
  0x000000010fc84b9c: 1f20 03d5 | 9f11 82f2 | 1f00 82f2 | 0100 0012 | 3f00 0071 

  0x000000010fc84bb0: ;   {metadata(method data for {method} {0x000000012467ba90} 'readAndDispatch' '()Z' in 'org/eclipse/swt/widgets/Display')}
  0x000000010fc84bb0: 019a 9dd2 | 217a a7f2 | 2100 c0f2 | 08a7 80d2 | 09a5 80d2 | 0001 899a | 2268 60f8 | 4204 0091 
  0x000000010fc84bd0: 2268 20f8 | 6000 0054 | e103 0032 | 0800 0014 

  0x000000010fc84be0: ;   {metadata(method data for {method} {0x000000012467ba90} 'readAndDispatch' '()Z' in 'org/eclipse/swt/widgets/Display')}
  0x000000010fc84be0: 019a 9dd2 | 217a a7f2 | 2100 c0f2 | 20a4 42f9 | 0004 0091 | 20a4 02f9 | 0100 a052 

  0x000000010fc84bfc: ;   {metadata(method data for {method} {0x000000012467ba90} 'readAndDispatch' '()Z' in 'org/eclipse/swt/widgets/Display')}
  0x000000010fc84bfc: 009a 9dd2 | 207a a7f2 | 2000 c0f2 | 02b0 42f9 | 4204 0091 | 02b0 02f9 | e003 01aa | e0bf 00b9 
  0x000000010fc84c1c: e14b 40f9 | e203 01aa 

  0x000000010fc84c24: ;   {metadata(method data for {method} {0x000000012467ba90} 'readAndDispatch' '()Z' in 'org/eclipse/swt/widgets/Display')}
  0x000000010fc84c24: 039a 9dd2 | 237a a7f2 | 2300 c0f2 | 6838 43f9 | 0805 0091 | 6838 03f9 | e203 01aa | e103 02aa 
  0x000000010fc84c44: ; ImmutableOopMap {[144]=Oop [168]=Oop }
                      ;*invokevirtual removePool {reexecute=0 rethrow=0 return_oop=0}
                      ; - org.eclipse.swt.widgets.Display::readAndDispatch@213 (line 4008)
                      ;   {optimized virtual_call}
  0x000000010fc84c44: 3504 0094 

  0x000000010fc84c48: ;   {other}
  0x000000010fc84c48: 1f20 03d5 | 1f27 82f2 | 1f20 82f2 | e14b 40f9 | 20c8 40b9 | 0004 0051 | 20c8 00b9 | 20cc 40b9 
  0x000000010fc84c68: 1f00 0071 

  0x000000010fc84c6c: ;   {metadata(method data for {method} {0x000000012467ba90} 'readAndDispatch' '()Z' in 'org/eclipse/swt/widgets/Display')}
  0x000000010fc84c6c: 009a 9dd2 | 207a a7f2 | 2000 c0f2 | 08d2 80d2 | 09d4 80d2 | 0211 899a | 0368 62f8 | 6304 0091 
  0x000000010fc84c8c: 0368 22f8 | c12f 0054 | 2280 5829 | 1f00 026b 

  0x000000010fc84c9c: ;   {metadata(method data for {method} {0x000000012467ba90} 'readAndDispatch' '()Z' in 'org/eclipse/swt/widgets/Display')}
  0x000000010fc84c9c: 009a 9dd2 | 207a a7f2 | 2000 c0f2 | 08d6 80d2 | 09d8 80d2 | 0211 899a | 0368 62f8 | 6304 0091 
  0x000000010fc84cbc: 0368 22f8 | 412e 0054 

  0x000000010fc84cc4: ;   {metadata(method data for {method} {0x000000012467ba90} 'readAndDispatch' '()Z' in 'org/eclipse/swt/widgets/Display')}
  0x000000010fc84cc4: 009a 9dd2 | 207a a7f2 | 2000 c0f2 | 0868 43f9 | 0805 0091 | 0868 03f9 

  0x000000010fc84cdc: ; ImmutableOopMap {[144]=Oop [168]=Oop }
                      ;*invokestatic getEntryCount {reexecute=0 rethrow=0 return_oop=0}
                      ; - org.eclipse.swt.widgets.Display::readAndDispatch@244 (line 4010)
                      ;   {static_call}
  0x000000010fc84cdc: a99e c095 

  0x000000010fc84ce0: ;   {other}
  0x000000010fc84ce0: 1f20 03d5 | 1f3a 82f2 | 1f40 82f2 | 1f00 0071 

  0x000000010fc84cf0: ;   {metadata(method data for {method} {0x000000012467ba90} 'readAndDispatch' '()Z' in 'org/eclipse/swt/widgets/Display')}
  0x000000010fc84cf0: 009a 9dd2 | 207a a7f2 | 2000 c0f2 | 08dc 80d2 | 09de 80d2 | 0111 899a | 0268 61f8 | 4204 0091 
  0x000000010fc84d10: 0268 21f8 | a12b 0054 | 5500 0014 | e14b 40f9 | 807f 42f9 | 9f7f 02f9 | 9f83 02f9 | e303 01aa 
  0x000000010fc84d30: ;   {metadata(method data for {method} {0x000000012467ba90} 'readAndDispatch' '()Z' in 'org/eclipse/swt/widgets/Display')}
  0x000000010fc84d30: 049a 9dd2 | 247a a7f2 | 2400 c0f2 

  0x000000010fc84d3c: ;   {metadata('org/eclipse/swt/widgets/Display')}
  0x000000010fc84d3c: 0822 9ad2 | 4825 a0f2 | 080f c0f2 | 8920 1691 | 2801 00f9 | 88c8 42f9 | 0805 0091 | 88c8 02f9 
  0x000000010fc84d5c: e303 01aa | e103 03aa | e063 00f9 

  0x000000010fc84d68: ; ImmutableOopMap {[144]=Oop [192]=Oop }
                      ;*invokevirtual removePool {reexecute=0 rethrow=0 return_oop=0}
                      ; - org.eclipse.swt.widgets.Display::readAndDispatch@169 (line 4008)
                      ;   {optimized virtual_call}
  0x000000010fc84d68: 069d c095 

  0x000000010fc84d6c: ;   {other}
  0x000000010fc84d6c: 1f20 03d5 | 9f4b 82f2 | 1f60 82f2 | e14b 40f9 | 20c8 40b9 | 0004 0051 | 20c8 00b9 | 20cc 40b9 
  0x000000010fc84d8c: 1f00 0071 

  0x000000010fc84d90: ;   {metadata(method data for {method} {0x000000012467ba90} 'readAndDispatch' '()Z' in 'org/eclipse/swt/widgets/Display')}
  0x000000010fc84d90: 009a 9dd2 | 207a a7f2 | 2000 c0f2 | 08b8 80d2 | 09b6 80d2 | 0201 899a | 0368 62f8 | 6304 0091 
  0x000000010fc84db0: 0368 22f8 | a000 0054 | e4cb 40b9 | e203 01aa | e163 40f9 | 4802 0014 | 2280 5829 | 1f00 026b 
  0x000000010fc84dd0: ;   {metadata(method data for {method} {0x000000012467ba90} 'readAndDispatch' '()Z' in 'org/eclipse/swt/widgets/Display')}
  0x000000010fc84dd0: 009a 9dd2 | 207a a7f2 | 2000 c0f2 | 08bc 80d2 | 09ba 80d2 | 0201 899a | 0368 62f8 | 6304 0091 
  0x000000010fc84df0: 0368 22f8 | a000 0054 | e4cb 40b9 | e203 01aa | e163 40f9 | 3802 0014 

  0x000000010fc84e08: ;   {metadata(method data for {method} {0x000000012467ba90} 'readAndDispatch' '()Z' in 'org/eclipse/swt/widgets/Display')}
  0x000000010fc84e08: 009a 9dd2 | 207a a7f2 | 2000 c0f2 | 08f8 42f9 | 0805 0091 | 08f8 02f9 

  0x000000010fc84e20: ; ImmutableOopMap {[144]=Oop [192]=Oop }
                      ;*invokestatic getEntryCount {reexecute=0 rethrow=0 return_oop=0}
                      ; - org.eclipse.swt.widgets.Display::readAndDispatch@200 (line 4010)
                      ;   {static_call}
  0x000000010fc84e20: 589e c095 

  0x000000010fc84e24: ;   {other}
  0x000000010fc84e24: 1f20 03d5 | 9f62 82f2 | 1f80 82f2 | 1f00 0071 

  0x000000010fc84e34: ;   {metadata(method data for {method} {0x000000012467ba90} 'readAndDispatch' '()Z' in 'org/eclipse/swt/widgets/Display')}
  0x000000010fc84e34: 039a 9dd2 | 237a a7f2 | 2300 c0f2 | 08c2 80d2 | e907 77b2 | 0001 899a | 6468 60f8 | 8404 0091 
  0x000000010fc84e54: 6468 20f8 | 8022 0054 | e163 40f9 | e4cb 40b9 | e24b 40f9 | 1f02 0014 | e14b 40f9 

  0x000000010fc84e70: ;   {metadata(method data for {method} {0x000000012467ba90} 'readAndDispatch' '()Z' in 'org/eclipse/swt/widgets/Display')}
  0x000000010fc84e70: 039a 9dd2 | 237a a7f2 | 2300 c0f2 | 688c 43f9 | 0805 0091 | 688c 03f9 

  0x000000010fc84e88: ;   {metadata(method data for {method} {0x0000000124672350} 'addPool' '()V' in 'org/eclipse/swt/widgets/Display')}
  0x000000010fc84e88: 0379 8fd2 | 8379 a7f2 | 2300 c0f2 | 64ac 40b9 | 8408 0011 | 64ac 00b9 | 844c 1f12 | 9f00 0071 
  0x000000010fc84ea8: 604a 0054 

  0x000000010fc84eac: ;   {metadata('org/eclipse/swt/internal/cocoa/NSAutoreleasePool')}
  0x000000010fc84eac: 03e9 9dd2 | 8326 a0f2 | 030f c0f2 | 80df 40f9 | 0b60 0091 | 88e7 40f9 | 7f01 08eb | 684a 0054 
  0x000000010fc84ecc: 8bdf 00f9 | ea03 40b2 | 0a00 00f9 | 6a0c 5dd2 | 0a7c 0129 | 0a40 0091 | 5f01 00f9 | bf3a 03d5 
  0x000000010fc84eec: e103 00aa 

  0x000000010fc84ef0: ;   {metadata(method data for {method} {0x0000000124672350} 'addPool' '()V' in 'org/eclipse/swt/widgets/Display')}
  0x000000010fc84ef0: 0379 8fd2 | 8379 a7f2 | 2300 c0f2 | 6878 40f9 | 0805 0091 | 6878 00f9 

  0x000000010fc84f08: ;   {metadata(method data for {method} {0x0000000124a9f8c0} '<init>' '()V' in 'org/eclipse/swt/internal/cocoa/NSAutoreleasePool')}
  0x000000010fc84f08: 01d5 89d2 | 0177 a7f2 | 2100 c0f2 | 23ac 40b9 | 6308 0011 | 23ac 00b9 | 634c 1f12 | 7f00 0071 
  0x000000010fc84f28: a047 0054 | e103 00aa 

  0x000000010fc84f30: ;   {metadata(method data for {method} {0x0000000124a9f8c0} '<init>' '()V' in 'org/eclipse/swt/internal/cocoa/NSAutoreleasePool')}
  0x000000010fc84f30: 03d5 89d2 | 0377 a7f2 | 2300 c0f2 | 6878 40f9 | 0805 0091 | 6878 00f9 

  0x000000010fc84f48: ;   {metadata(method data for {method} {0x0000000124a28b98} '<init>' '()V' in 'org/eclipse/swt/internal/cocoa/NSObject')}
  0x000000010fc84f48: 01f4 8ad2 | 41cf a4f2 | 2100 c0f2 | 23ac 40b9 | 6308 0011 | 23ac 00b9 | 634c 1f12 | 7f00 0071 
  0x000000010fc84f68: a046 0054 | e103 00aa 

  0x000000010fc84f70: ;   {metadata(method data for {method} {0x0000000124a28b98} '<init>' '()V' in 'org/eclipse/swt/internal/cocoa/NSObject')}
  0x000000010fc84f70: 03f4 8ad2 | 43cf a4f2 | 2300 c0f2 | 6878 40f9 | 0805 0091 | 6878 00f9 

  0x000000010fc84f88: ;   {metadata(method data for {method} {0x0000000124655b60} '<init>' '()V' in 'org/eclipse/swt/internal/cocoa/id')}
  0x000000010fc84f88: 0118 8bd2 | 41cf a4f2 | 2100 c0f2 | 23ac 40b9 | 6308 0011 | 23ac 00b9 | 634c 1f12 | 7f00 0071 
  0x000000010fc84fa8: a045 0054 | e103 00aa 

  0x000000010fc84fb0: ;   {metadata(method data for {method} {0x0000000124655b60} '<init>' '()V' in 'org/eclipse/swt/internal/cocoa/id')}
  0x000000010fc84fb0: 0318 8bd2 | 43cf a4f2 | 2300 c0f2 | 6878 40f9 | 0805 0091 | 6878 00f9 

  0x000000010fc84fc8: ;   {metadata(method data for {method} {0x0000007800475638} '<init>' '()V' in 'java/lang/Object')}
  0x000000010fc84fc8: 01af 8fd2 | 0160 a4f2 | 2100 c0f2 | 23ac 40b9 | 6308 0011 | 23ac 00b9 | 634c 1f12 | 7f00 0071 
  0x000000010fc84fe8: a044 0054 | e103 00aa 

  0x000000010fc84ff0: ;   {metadata(method data for {method} {0x0000000124672350} 'addPool' '()V' in 'org/eclipse/swt/widgets/Display')}
  0x000000010fc84ff0: 0379 8fd2 | 8379 a7f2 | 2300 c0f2 | 2108 40b9 | 210c 5dd2 | 6940 0491 | 2801 40f9 | 3f00 08eb 
  0x000000010fc85010: a100 0054 | 688c 40f9 | 0805 0091 | 688c 00f9 | 1c00 0014 | 6980 0491 | 2801 40f9 | 3f00 08eb 
  0x000000010fc85030: a100 0054 | 6894 40f9 | 0805 0091 | 6894 00f9 | 1400 0014 | 6940 0491 | 2801 40f9 | c800 00b5 
  0x000000010fc85050: 2101 00f9 | e803 40b2 | 6960 0491 | 2801 00f9 | 0c00 0014 | 6980 0491 | 2801 40f9 | c800 00b5 
  0x000000010fc85070: 2101 00f9 | e803 40b2 | 69a0 0491 | 2801 00f9 | 0400 0014 | 6880 40f9 | 0805 0091 | 6880 00f9 
  0x000000010fc85090: e103 00aa 

  0x000000010fc85094: ; ImmutableOopMap {[144]=Oop [168]=Oop }
                      ;*invokevirtual alloc {reexecute=0 rethrow=0 return_oop=0}
                      ; - org.eclipse.swt.widgets.Display::addPool@8 (line 533)
                      ; - org.eclipse.swt.widgets.Display::readAndDispatch@251 (line 4010)
                      ;   {optimized virtual_call}
  0x000000010fc85094: 3b9c c095 

  0x000000010fc85098: ;   {other}
  0x000000010fc85098: 1f20 03d5 | 1fb1 82f2 | 1fa0 82f2 

  0x000000010fc850a4: ; implicit exception: dispatches to 0x000000010fc8589c
  0x000000010fc850a4: 1f00 40f9 | e103 00aa 

  0x000000010fc850ac: ;   {metadata(method data for {method} {0x0000000124672350} 'addPool' '()V' in 'org/eclipse/swt/widgets/Display')}
  0x000000010fc850ac: 0279 8fd2 | 8279 a7f2 | 2200 c0f2 | 2108 40b9 | 210c 5dd2 | 4920 0591 | 2801 40f9 | 3f00 08eb 
  0x000000010fc850cc: a100 0054 | 48a8 40f9 | 0805 0091 | 48a8 00f9 | 1c00 0014 | 4960 0591 | 2801 40f9 | 3f00 08eb 
  0x000000010fc850ec: a100 0054 | 48b0 40f9 | 0805 0091 | 48b0 00f9 | 1400 0014 | 4920 0591 | 2801 40f9 | c800 00b5 
  0x000000010fc8510c: 2101 00f9 | e803 40b2 | 4940 0591 | 2801 00f9 | 0c00 0014 | 4960 0591 | 2801 40f9 | c800 00b5 
  0x000000010fc8512c: 2101 00f9 | e803 40b2 | 4980 0591 | 2801 00f9 | 0400 0014 | 489c 40f9 | 0805 0091 | 489c 00f9 
  0x000000010fc8514c: e103 00aa 

  0x000000010fc85150: ; ImmutableOopMap {[144]=Oop [168]=Oop }
                      ;*invokevirtual init {reexecute=0 rethrow=0 return_oop=0}
                      ; - org.eclipse.swt.widgets.Display::addPool@11 (line 533)
                      ; - org.eclipse.swt.widgets.Display::readAndDispatch@251 (line 4010)
                      ;   {optimized virtual_call}
  0x000000010fc85150: 0c9c c095 

  0x000000010fc85154: ;   {other}
  0x000000010fc85154: 1f20 03d5 | 9fc8 82f2 | 1fc0 82f2 | 0001 00b5 

  0x000000010fc85164: ;   {metadata(method data for {method} {0x0000000124672350} 'addPool' '()V' in 'org/eclipse/swt/widgets/Display')}
  0x000000010fc85164: 0379 8fd2 | 8379 a7f2 | 2300 c0f2 | 68a4 4539 | 0801 40b2 | 68a4 0539 | 3600 0014 

  0x000000010fc85180: ;   {metadata('org/eclipse/swt/internal/cocoa/NSAutoreleasePool')}
  0x000000010fc85180: 02e9 9dd2 | 8226 a0f2 | 020f c0f2 | 0808 40b9 | 080d 5dd2 | 1f01 02eb | e104 0054 

  0x000000010fc8519c: ;   {metadata(method data for {method} {0x0000000124672350} 'addPool' '()V' in 'org/eclipse/swt/widgets/Display')}
  0x000000010fc8519c: 0379 8fd2 | 8379 a7f2 | 2300 c0f2 | 0208 40b9 | 420c 5dd2 | 6900 0691 | 2801 40f9 | 5f00 08eb 
  0x000000010fc851bc: a100 0054 | 68c4 40f9 | 0805 0091 | 68c4 00f9 | 2200 0014 | 6940 0691 | 2801 40f9 | 5f00 08eb 
  0x000000010fc851dc: a100 0054 | 68cc 40f9 | 0805 0091 | 68cc 00f9 | 1a00 0014 | 6900 0691 | 2801 40f9 | c800 00b5 
  0x000000010fc851fc: 2201 00f9 | e803 40b2 | 6920 0691 | 2801 00f9 | 1200 0014 | 6940 0691 | 2801 40f9 | c800 00b5 
  0x000000010fc8521c: 2201 00f9 | e803 40b2 | 6960 0691 | 2801 00f9 | 0a00 0014 | 0900 0014 

  0x000000010fc85234: ;   {metadata(method data for {method} {0x0000000124672350} 'addPool' '()V' in 'org/eclipse/swt/widgets/Display')}
  0x000000010fc85234: 0379 8fd2 | 8379 a7f2 | 2300 c0f2 | 68b8 40f9 | 0805 00d1 | 68b8 00f9 | 9501 0014 | 0100 0014 
  0x000000010fc85254: e203 00aa | e14b 40f9 

  0x000000010fc8525c: ;   {metadata(method data for {method} {0x0000000124672350} 'addPool' '()V' in 'org/eclipse/swt/widgets/Display')}
  0x000000010fc8525c: 0079 8fd2 | 8079 a7f2 | 2000 c0f2 | 08e0 40f9 | 0805 0091 | 08e0 00f9 | e14b 40f9 

  0x000000010fc85278: ; ImmutableOopMap {[144]=Oop [168]=Oop }
                      ;*invokevirtual addPool {reexecute=0 rethrow=0 return_oop=0}
                      ; - org.eclipse.swt.widgets.Display::addPool@17 (line 533)
                      ; - org.eclipse.swt.widgets.Display::readAndDispatch@251 (line 4010)
                      ;   {optimized virtual_call}
  0x000000010fc85278: c29b c095 

  0x000000010fc8527c: ;   {other}
  0x000000010fc8527c: 1f20 03d5 | 9fed 82f2 | 1fe0 82f2 | e0bf 40b9 | 0000 0012 | fd7b 4ea9 | ffc3 0391 

  0x000000010fc85298: ;   {poll_return}
  0x000000010fc85298: 8827 42f9 | ff63 28eb | 4830 0054 | c003 5fd6 | e14b 40f9 

  0x000000010fc852ac: ;   {metadata(method data for {method} {0x000000012467ba90} 'readAndDispatch' '()Z' in 'org/eclipse/swt/widgets/Display')}
  0x000000010fc852ac: 039a 9dd2 | 237a a7f2 | 2300 c0f2 

  0x000000010fc852b8: ;   {metadata('org/eclipse/swt/widgets/Display')}
  0x000000010fc852b8: 0822 9ad2 | 4825 a0f2 | 080f c0f2 | 69c0 1891 | 2801 00f9 | 681c 43f9 | 0805 0091 | 681c 03f9 
  0x000000010fc852d8: ;   {metadata(method data for {method} {0x0000000124672350} 'addPool' '()V' in 'org/eclipse/swt/widgets/Display')}
  0x000000010fc852d8: 0379 8fd2 | 8379 a7f2 | 2300 c0f2 | 60ac 40b9 | 0008 0011 | 60ac 00b9 | 004c 1f12 | 1f00 0071 
  0x000000010fc852f8: e02d 0054 

  0x000000010fc852fc: ;   {metadata('org/eclipse/swt/internal/cocoa/NSAutoreleasePool')}
  0x000000010fc852fc: 03e9 9dd2 | 8326 a0f2 | 030f c0f2 | 80df 40f9 | 0b60 0091 | 88e7 40f9 | 7f01 08eb | e82d 0054 
  0x000000010fc8531c: 8bdf 00f9 | ea03 40b2 | 0a00 00f9 | 6a0c 5dd2 | 0a7c 0129 | 0a40 0091 | 5f01 00f9 | bf3a 03d5 
  0x000000010fc8533c: e103 00aa 

  0x000000010fc85340: ;   {metadata(method data for {method} {0x0000000124672350} 'addPool' '()V' in 'org/eclipse/swt/widgets/Display')}
  0x000000010fc85340: 0279 8fd2 | 8279 a7f2 | 2200 c0f2 | 4878 40f9 | 0805 0091 | 4878 00f9 

  0x000000010fc85358: ;   {metadata(method data for {method} {0x0000000124a9f8c0} '<init>' '()V' in 'org/eclipse/swt/internal/cocoa/NSAutoreleasePool')}
  0x000000010fc85358: 01d5 89d2 | 0177 a7f2 | 2100 c0f2 | 22ac 40b9 | 4208 0011 | 22ac 00b9 | 424c 1f12 | 5f00 0071 
  0x000000010fc85378: 202b 0054 | e103 00aa 

  0x000000010fc85380: ;   {metadata(method data for {method} {0x0000000124a9f8c0} '<init>' '()V' in 'org/eclipse/swt/internal/cocoa/NSAutoreleasePool')}
  0x000000010fc85380: 02d5 89d2 | 0277 a7f2 | 2200 c0f2 | 4878 40f9 | 0805 0091 | 4878 00f9 

  0x000000010fc85398: ;   {metadata(method data for {method} {0x0000000124a28b98} '<init>' '()V' in 'org/eclipse/swt/internal/cocoa/NSObject')}
  0x000000010fc85398: 01f4 8ad2 | 41cf a4f2 | 2100 c0f2 | 22ac 40b9 | 4208 0011 | 22ac 00b9 | 424c 1f12 | 5f00 0071 
  0x000000010fc853b8: 202a 0054 | e103 00aa 

  0x000000010fc853c0: ;   {metadata(method data for {method} {0x0000000124a28b98} '<init>' '()V' in 'org/eclipse/swt/internal/cocoa/NSObject')}
  0x000000010fc853c0: 02f4 8ad2 | 42cf a4f2 | 2200 c0f2 | 4878 40f9 | 0805 0091 | 4878 00f9 

  0x000000010fc853d8: ;   {metadata(method data for {method} {0x0000000124655b60} '<init>' '()V' in 'org/eclipse/swt/internal/cocoa/id')}
  0x000000010fc853d8: 0118 8bd2 | 41cf a4f2 | 2100 c0f2 | 22ac 40b9 | 4208 0011 | 22ac 00b9 | 424c 1f12 | 5f00 0071 
  0x000000010fc853f8: 2029 0054 | e103 00aa 

  0x000000010fc85400: ;   {metadata(method data for {method} {0x0000000124655b60} '<init>' '()V' in 'org/eclipse/swt/internal/cocoa/id')}
  0x000000010fc85400: 0218 8bd2 | 42cf a4f2 | 2200 c0f2 | 4878 40f9 | 0805 0091 | 4878 00f9 

  0x000000010fc85418: ;   {metadata(method data for {method} {0x0000007800475638} '<init>' '()V' in 'java/lang/Object')}
  0x000000010fc85418: 01af 8fd2 | 0160 a4f2 | 2100 c0f2 | 22ac 40b9 | 4208 0011 | 22ac 00b9 | 424c 1f12 | 5f00 0071 
  0x000000010fc85438: 2028 0054 | e103 00aa 

  0x000000010fc85440: ;   {metadata(method data for {method} {0x0000000124672350} 'addPool' '()V' in 'org/eclipse/swt/widgets/Display')}
  0x000000010fc85440: 0279 8fd2 | 8279 a7f2 | 2200 c0f2 | 2108 40b9 | 210c 5dd2 | 4940 0491 | 2801 40f9 | 3f00 08eb 
  0x000000010fc85460: a100 0054 | 488c 40f9 | 0805 0091 | 488c 00f9 | 1c00 0014 | 4980 0491 | 2801 40f9 | 3f00 08eb 
  0x000000010fc85480: a100 0054 | 4894 40f9 | 0805 0091 | 4894 00f9 | 1400 0014 | 4940 0491 | 2801 40f9 | c800 00b5 
  0x000000010fc854a0: 2101 00f9 | e803 40b2 | 4960 0491 | 2801 00f9 | 0c00 0014 | 4980 0491 | 2801 40f9 | c800 00b5 
  0x000000010fc854c0: 2101 00f9 | e803 40b2 | 49a0 0491 | 2801 00f9 | 0400 0014 | 4880 40f9 | 0805 0091 | 4880 00f9 
  0x000000010fc854e0: e103 00aa 

  0x000000010fc854e4: ; ImmutableOopMap {[144]=Oop [192]=Oop }
                      ;*invokevirtual alloc {reexecute=0 rethrow=0 return_oop=0}
                      ; - org.eclipse.swt.widgets.Display::addPool@8 (line 533)
                      ; - org.eclipse.swt.widgets.Display::readAndDispatch@207 (line 4010)
                      ;   {optimized virtual_call}
  0x000000010fc854e4: 279b c095 

  0x000000010fc854e8: ;   {other}
  0x000000010fc854e8: 1f20 03d5 | 1f3b 83f2 | 1f00 83f2 

  0x000000010fc854f4: ; implicit exception: dispatches to 0x000000010fc8595c
  0x000000010fc854f4: 1f00 40f9 | e103 00aa 

  0x000000010fc854fc: ;   {metadata(method data for {method} {0x0000000124672350} 'addPool' '()V' in 'org/eclipse/swt/widgets/Display')}
  0x000000010fc854fc: 0279 8fd2 | 8279 a7f2 | 2200 c0f2 | 2108 40b9 | 210c 5dd2 | 4920 0591 | 2801 40f9 | 3f00 08eb 
  0x000000010fc8551c: a100 0054 | 48a8 40f9 | 0805 0091 | 48a8 00f9 | 1c00 0014 | 4960 0591 | 2801 40f9 | 3f00 08eb 
  0x000000010fc8553c: a100 0054 | 48b0 40f9 | 0805 0091 | 48b0 00f9 | 1400 0014 | 4920 0591 | 2801 40f9 | c800 00b5 
  0x000000010fc8555c: 2101 00f9 | e803 40b2 | 4940 0591 | 2801 00f9 | 0c00 0014 | 4960 0591 | 2801 40f9 | c800 00b5 
  0x000000010fc8557c: 2101 00f9 | e803 40b2 | 4980 0591 | 2801 00f9 | 0400 0014 | 489c 40f9 | 0805 0091 | 489c 00f9 
  0x000000010fc8559c: e103 00aa 

  0x000000010fc855a0: ; ImmutableOopMap {[144]=Oop [192]=Oop }
                      ;*invokevirtual init {reexecute=0 rethrow=0 return_oop=0}
                      ; - org.eclipse.swt.widgets.Display::addPool@11 (line 533)
                      ; - org.eclipse.swt.widgets.Display::readAndDispatch@207 (line 4010)
                      ;   {optimized virtual_call}
  0x000000010fc855a0: f89a c095 

  0x000000010fc855a4: ;   {other}
  0x000000010fc855a4: 1f20 03d5 | 9f52 83f2 | 1f20 83f2 | 0001 00b5 

  0x000000010fc855b4: ;   {metadata(method data for {method} {0x0000000124672350} 'addPool' '()V' in 'org/eclipse/swt/widgets/Display')}
  0x000000010fc855b4: 0379 8fd2 | 8379 a7f2 | 2300 c0f2 | 68a4 4539 | 0801 40b2 | 68a4 0539 | 3600 0014 

  0x000000010fc855d0: ;   {metadata('org/eclipse/swt/internal/cocoa/NSAutoreleasePool')}
  0x000000010fc855d0: 02e9 9dd2 | 8226 a0f2 | 020f c0f2 | 0808 40b9 | 080d 5dd2 | 1f01 02eb | e104 0054 

  0x000000010fc855ec: ;   {metadata(method data for {method} {0x0000000124672350} 'addPool' '()V' in 'org/eclipse/swt/widgets/Display')}
  0x000000010fc855ec: 0379 8fd2 | 8379 a7f2 | 2300 c0f2 | 0208 40b9 | 420c 5dd2 | 6900 0691 | 2801 40f9 | 5f00 08eb 
  0x000000010fc8560c: a100 0054 | 68c4 40f9 | 0805 0091 | 68c4 00f9 | 2200 0014 | 6940 0691 | 2801 40f9 | 5f00 08eb 
  0x000000010fc8562c: a100 0054 | 68cc 40f9 | 0805 0091 | 68cc 00f9 | 1a00 0014 | 6900 0691 | 2801 40f9 | c800 00b5 
  0x000000010fc8564c: 2201 00f9 | e803 40b2 | 6920 0691 | 2801 00f9 | 1200 0014 | 6940 0691 | 2801 40f9 | c800 00b5 
  0x000000010fc8566c: 2201 00f9 | e803 40b2 | 6960 0691 | 2801 00f9 | 0a00 0014 | 0900 0014 

  0x000000010fc85684: ;   {metadata(method data for {method} {0x0000000124672350} 'addPool' '()V' in 'org/eclipse/swt/widgets/Display')}
  0x000000010fc85684: 0379 8fd2 | 8379 a7f2 | 2300 c0f2 | 68b8 40f9 | 0805 00d1 | 68b8 00f9 | b100 0014 | 0100 0014 
  0x000000010fc856a4: e203 00aa | e14b 40f9 

  0x000000010fc856ac: ;   {metadata(method data for {method} {0x0000000124672350} 'addPool' '()V' in 'org/eclipse/swt/widgets/Display')}
  0x000000010fc856ac: 0079 8fd2 | 8079 a7f2 | 2000 c0f2 | 08e0 40f9 | 0805 0091 | 08e0 00f9 | e14b 40f9 

  0x000000010fc856c8: ; ImmutableOopMap {[144]=Oop [192]=Oop }
                      ;*invokevirtual addPool {reexecute=0 rethrow=0 return_oop=0}
                      ; - org.eclipse.swt.widgets.Display::addPool@17 (line 533)
                      ; - org.eclipse.swt.widgets.Display::readAndDispatch@207 (line 4010)
                      ;   {optimized virtual_call}
  0x000000010fc856c8: ae9a c095 

  0x000000010fc856cc: ;   {other}
  0x000000010fc856cc: 1f20 03d5 | 9f77 83f2 | 1f40 83f2 | e163 40f9 | e4cb 40b9 | e24b 40f9 

  0x000000010fc856e4: ; ImmutableOopMap {c_rarg1=Oop c_rarg2=Oop c_rarg0=Oop [144]=Oop }
                      ;*athrow {reexecute=1 rethrow=0 return_oop=0}
                      ; - (reexecute) org.eclipse.swt.widgets.Display::readAndDispatch@211 (line 4011)
  0x000000010fc856e4: e003 01aa 

  0x000000010fc856e8: ;   {section_word}
  0x000000010fc856e8: 0300 0010 

  0x000000010fc856ec: ;   {runtime_call handle_exception_nofpu Runtime1 stub}
  0x000000010fc856ec: a517 c495 | 1f20 03d5 

  0x000000010fc856f4: ;   {metadata({method} {0x000000012467ba90} 'readAndDispatch' '()Z' in 'org/eclipse/swt/widgets/Display')}
  0x000000010fc856f4: 0852 97d2 | e88c a4f2 | 2800 c0f2 | e807 00f9 | 0800 8092 | e803 00f9 

  0x000000010fc8570c: ; ImmutableOopMap {c_rarg1=Oop [144]=Oop }
                      ;*synchronization entry
                      ; - org.eclipse.swt.widgets.Display::readAndDispatch@-1 (line 3985)
                      ;   {runtime_call counter_overflow Runtime1 stub}
  0x000000010fc8570c: 5d24 c495 | 95fa ff17 

  0x000000010fc85714: ;   {metadata({method} {0x0000000124672350} 'addPool' '()V' in 'org/eclipse/swt/widgets/Display')}
  0x000000010fc85714: 086a 84d2 | e88c a4f2 | 2800 c0f2 | e807 00f9 | 0800 8092 | e803 00f9 

  0x000000010fc8572c: ; ImmutableOopMap {c_rarg1=Oop [144]=Oop }
                      ;*synchronization entry
                      ; - org.eclipse.swt.widgets.Display::addPool@-1 (line 533)
                      ; - org.eclipse.swt.widgets.Display::readAndDispatch@35 (line 3987)
                      ;   {runtime_call counter_overflow Runtime1 stub}
  0x000000010fc8572c: 5524 c495 | e6fa ff17 

  0x000000010fc85734: ; ImmutableOopMap {c_rarg1=Oop [144]=Oop }
                      ;*new {reexecute=0 rethrow=0 return_oop=0}
                      ; - org.eclipse.swt.widgets.Display::addPool@1 (line 533)
                      ; - org.eclipse.swt.widgets.Display::readAndDispatch@35 (line 3987)
                      ;   {runtime_call fast_new_instance Runtime1 stub}
  0x000000010fc85734: d313 c495 | f4fa ff17 

  0x000000010fc8573c: ;   {metadata({method} {0x0000000124a9f8c0} '<init>' '()V' in 'org/eclipse/swt/internal/cocoa/NSAutoreleasePool')}
  0x000000010fc8573c: 0818 9fd2 | 2895 a4f2 | 2800 c0f2 | e807 00f9 | 0800 8092 | e803 00f9 

  0x000000010fc85754: ; ImmutableOopMap {c_rarg1=Oop c_rarg0=Oop [144]=Oop }
                      ;*synchronization entry
                      ; - org.eclipse.swt.internal.cocoa.NSAutoreleasePool::<init>@-1 (line 19)
                      ; - org.eclipse.swt.widgets.Display::addPool@5 (line 533)
                      ; - org.eclipse.swt.widgets.Display::readAndDispatch@35 (line 3987)
                      ;   {runtime_call counter_overflow Runtime1 stub}
  0x000000010fc85754: 4b24 c495 | fcfa ff17 

  0x000000010fc8575c: ;   {metadata({method} {0x0000000124a28b98} '<init>' '()V' in 'org/eclipse/swt/internal/cocoa/NSObject')}
  0x000000010fc8575c: 0873 91d2 | 4894 a4f2 | 2800 c0f2 | e807 00f9 | 0800 8092 | e803 00f9 

  0x000000010fc85774: ; ImmutableOopMap {c_rarg1=Oop c_rarg0=Oop [144]=Oop }
                      ;*synchronization entry
                      ; - org.eclipse.swt.internal.cocoa.NSObject::<init>@-1 (line 19)
                      ; - org.eclipse.swt.internal.cocoa.NSAutoreleasePool::<init>@1 (line 19)
                      ; - org.eclipse.swt.widgets.Display::addPool@5 (line 533)
                      ; - org.eclipse.swt.widgets.Display::readAndDispatch@35 (line 3987)
                      ;   {runtime_call counter_overflow Runtime1 stub}
  0x000000010fc85774: 4324 c495 | 04fb ff17 

  0x000000010fc8577c: ;   {metadata({method} {0x0000000124655b60} '<init>' '()V' in 'org/eclipse/swt/internal/cocoa/id')}
  0x000000010fc8577c: 086c 8bd2 | a88c a4f2 | 2800 c0f2 | e807 00f9 | 0800 8092 | e803 00f9 

  0x000000010fc85794: ; ImmutableOopMap {c_rarg1=Oop c_rarg0=Oop [144]=Oop }
                      ;*synchronization entry
                      ; - org.eclipse.swt.internal.cocoa.id::<init>@-1 (line 23)
                      ; - org.eclipse.swt.internal.cocoa.NSObject::<init>@1 (line 19)
                      ; - org.eclipse.swt.internal.cocoa.NSAutoreleasePool::<init>@1 (line 19)
                      ; - org.eclipse.swt.widgets.Display::addPool@5 (line 533)
                      ; - org.eclipse.swt.widgets.Display::readAndDispatch@35 (line 3987)
                      ;   {runtime_call counter_overflow Runtime1 stub}
  0x000000010fc85794: 3b24 c495 | 0cfb ff17 

  0x000000010fc8579c: ;   {metadata({method} {0x0000007800475638} '<init>' '()V' in 'java/lang/Object')}
  0x000000010fc8579c: 08c7 8ad2 | e808 a0f2 | 080f c0f2 | e807 00f9 | 0800 8092 | e803 00f9 

  0x000000010fc857b4: ; ImmutableOopMap {c_rarg1=Oop c_rarg0=Oop [144]=Oop }
                      ;*synchronization entry
                      ; - java.lang.Object::<init>@-1 (line 45)
                      ; - org.eclipse.swt.internal.cocoa.id::<init>@1 (line 23)
                      ; - org.eclipse.swt.internal.cocoa.NSObject::<init>@1 (line 19)
                      ; - org.eclipse.swt.internal.cocoa.NSAutoreleasePool::<init>@1 (line 19)
                      ; - org.eclipse.swt.widgets.Display::addPool@5 (line 533)
                      ; - org.eclipse.swt.widgets.Display::readAndDispatch@35 (line 3987)
                      ;   {runtime_call counter_overflow Runtime1 stub}
  0x000000010fc857b4: 3324 c495 | 14fb ff17 

  0x000000010fc857bc: ; ImmutableOopMap {c_rarg0=Oop [144]=Oop }
                      ;*invokevirtual init {reexecute=0 rethrow=0 return_oop=0}
                      ; - org.eclipse.swt.widgets.Display::addPool@11 (line 533)
                      ; - org.eclipse.swt.widgets.Display::readAndDispatch@35 (line 3987)
                      ;   {runtime_call throw_null_pointer_exception Runtime1 stub}
  0x000000010fc857bc: 7111 c495 | e803 00aa 

  0x000000010fc857c4: ; ImmutableOopMap {[144]=Oop }
                      ;*checkcast {reexecute=0 rethrow=0 return_oop=0}
                      ; - org.eclipse.swt.widgets.Display::addPool@14 (line 533)
                      ; - org.eclipse.swt.widgets.Display::readAndDispatch@35 (line 3987)
                      ;   {runtime_call throw_class_cast_exception Runtime1 stub}
  0x000000010fc857c4: 6f1a c495 

  0x000000010fc857c8: ; ImmutableOopMap {c_rarg1=Oop c_rarg6=Oop [144]=Oop }
                      ;*invokevirtual nextEventMatchingMask {reexecute=0 rethrow=0 return_oop=0}
                      ; - org.eclipse.swt.widgets.Display::readAndDispatch@100 (line 3997)
                      ;   {runtime_call throw_null_pointer_exception Runtime1 stub}
  0x000000010fc857c8: 6e11 c495 

  0x000000010fc857cc: ; ImmutableOopMap {c_rarg0=Oop c_rarg3=Oop [144]=Oop [168]=Oop }
                      ;*invokevirtual sendEvent {reexecute=0 rethrow=0 return_oop=0}
                      ; - org.eclipse.swt.widgets.Display::readAndDispatch@122 (line 4000)
                      ;   {runtime_call throw_null_pointer_exception Runtime1 stub}
  0x000000010fc857cc: 6d11 c495 

  0x000000010fc857d0: ;   {metadata({method} {0x000000012467ced0} 'runAsyncMessages' '(Z)Z' in 'org/eclipse/swt/widgets/Display')}
  0x000000010fc857d0: 08da 99d2 | e88c a4f2 | 2800 c0f2 | e807 00f9 | 0800 8092 | e803 00f9 

  0x000000010fc857e8: ; ImmutableOopMap {c_rarg1=Oop [144]=Oop [168]=Oop }
                      ;*synchronization entry
                      ; - org.eclipse.swt.widgets.Display::runAsyncMessages@-1 (line 4382)
                      ; - org.eclipse.swt.widgets.Display::readAndDispatch@152 (line 4005)
                      ;   {runtime_call counter_overflow Runtime1 stub}
  0x000000010fc857e8: 2624 c495 | bdfc ff17 

  0x000000010fc857f0: ; ImmutableOopMap {c_rarg1=Oop c_rarg3=Oop [144]=Oop [168]=Oop }
                      ;*invokevirtual runAsyncMessages {reexecute=0 rethrow=0 return_oop=0}
                      ; - org.eclipse.swt.widgets.Display::runAsyncMessages@5 (line 4382)
                      ; - org.eclipse.swt.widgets.Display::readAndDispatch@152 (line 4005)
                      ;   {runtime_call throw_null_pointer_exception Runtime1 stub}
  0x000000010fc857f0: 6411 c495 

  0x000000010fc857f4: ;   {metadata({method} {0x0000000124672350} 'addPool' '()V' in 'org/eclipse/swt/widgets/Display')}
  0x000000010fc857f4: 086a 84d2 | e88c a4f2 | 2800 c0f2 | e807 00f9 | 0800 8092 | e803 00f9 

  0x000000010fc8580c: ; ImmutableOopMap {[144]=Oop [168]=Oop }
                      ;*synchronization entry
                      ; - org.eclipse.swt.widgets.Display::addPool@-1 (line 533)
                      ; - org.eclipse.swt.widgets.Display::readAndDispatch@251 (line 4010)
                      ;   {runtime_call counter_overflow Runtime1 stub}
  0x000000010fc8580c: 1d24 c495 | a7fd ff17 

  0x000000010fc85814: ; ImmutableOopMap {[144]=Oop [168]=Oop }
                      ;*new {reexecute=0 rethrow=0 return_oop=0}
                      ; - org.eclipse.swt.widgets.Display::addPool@1 (line 533)
                      ; - org.eclipse.swt.widgets.Display::readAndDispatch@251 (line 4010)
                      ;   {runtime_call fast_new_instance Runtime1 stub}
  0x000000010fc85814: 9b13 c495 | b5fd ff17 

  0x000000010fc8581c: ;   {metadata({method} {0x0000000124a9f8c0} '<init>' '()V' in 'org/eclipse/swt/internal/cocoa/NSAutoreleasePool')}
  0x000000010fc8581c: 0818 9fd2 | 2895 a4f2 | 2800 c0f2 | e807 00f9 | 0800 8092 | e803 00f9 

  0x000000010fc85834: ; ImmutableOopMap {c_rarg0=Oop [144]=Oop [168]=Oop }
                      ;*synchronization entry
                      ; - org.eclipse.swt.internal.cocoa.NSAutoreleasePool::<init>@-1 (line 19)
                      ; - org.eclipse.swt.widgets.Display::addPool@5 (line 533)
                      ; - org.eclipse.swt.widgets.Display::readAndDispatch@251 (line 4010)
                      ;   {runtime_call counter_overflow Runtime1 stub}
  0x000000010fc85834: 1324 c495 | bdfd ff17 

  0x000000010fc8583c: ;   {metadata({method} {0x0000000124a28b98} '<init>' '()V' in 'org/eclipse/swt/internal/cocoa/NSObject')}
  0x000000010fc8583c: 0873 91d2 | 4894 a4f2 | 2800 c0f2 | e807 00f9 | 0800 8092 | e803 00f9 

  0x000000010fc85854: ; ImmutableOopMap {c_rarg0=Oop [144]=Oop [168]=Oop }
                      ;*synchronization entry
                      ; - org.eclipse.swt.internal.cocoa.NSObject::<init>@-1 (line 19)
                      ; - org.eclipse.swt.internal.cocoa.NSAutoreleasePool::<init>@1 (line 19)
                      ; - org.eclipse.swt.widgets.Display::addPool@5 (line 533)
                      ; - org.eclipse.swt.widgets.Display::readAndDispatch@251 (line 4010)
                      ;   {runtime_call counter_overflow Runtime1 stub}
  0x000000010fc85854: 0b24 c495 | c5fd ff17 

  0x000000010fc8585c: ;   {metadata({method} {0x0000000124655b60} '<init>' '()V' in 'org/eclipse/swt/internal/cocoa/id')}
  0x000000010fc8585c: 086c 8bd2 | a88c a4f2 | 2800 c0f2 | e807 00f9 | 0800 8092 | e803 00f9 

  0x000000010fc85874: ; ImmutableOopMap {c_rarg0=Oop [144]=Oop [168]=Oop }
                      ;*synchronization entry
                      ; - org.eclipse.swt.internal.cocoa.id::<init>@-1 (line 23)
                      ; - org.eclipse.swt.internal.cocoa.NSObject::<init>@1 (line 19)
                      ; - org.eclipse.swt.internal.cocoa.NSAutoreleasePool::<init>@1 (line 19)
                      ; - org.eclipse.swt.widgets.Display::addPool@5 (line 533)
                      ; - org.eclipse.swt.widgets.Display::readAndDispatch@251 (line 4010)
                      ;   {runtime_call counter_overflow Runtime1 stub}
  0x000000010fc85874: 0324 c495 | cdfd ff17 

  0x000000010fc8587c: ;   {metadata({method} {0x0000007800475638} '<init>' '()V' in 'java/lang/Object')}
  0x000000010fc8587c: 08c7 8ad2 | e808 a0f2 | 080f c0f2 | e807 00f9 | 0800 8092 | e803 00f9 

  0x000000010fc85894: ; ImmutableOopMap {c_rarg0=Oop [144]=Oop [168]=Oop }
                      ;*synchronization entry
                      ; - java.lang.Object::<init>@-1 (line 45)
                      ; - org.eclipse.swt.internal.cocoa.id::<init>@1 (line 23)
                      ; - org.eclipse.swt.internal.cocoa.NSObject::<init>@1 (line 19)
                      ; - org.eclipse.swt.internal.cocoa.NSAutoreleasePool::<init>@1 (line 19)
                      ; - org.eclipse.swt.widgets.Display::addPool@5 (line 533)
                      ; - org.eclipse.swt.widgets.Display::readAndDispatch@251 (line 4010)
                      ;   {runtime_call counter_overflow Runtime1 stub}
  0x000000010fc85894: fb23 c495 | d5fd ff17 

  0x000000010fc8589c: ; ImmutableOopMap {c_rarg0=Oop [144]=Oop [168]=Oop }
                      ;*invokevirtual init {reexecute=0 rethrow=0 return_oop=0}
                      ; - org.eclipse.swt.widgets.Display::addPool@11 (line 533)
                      ; - org.eclipse.swt.widgets.Display::readAndDispatch@251 (line 4010)
                      ;   {runtime_call throw_null_pointer_exception Runtime1 stub}
  0x000000010fc8589c: 3911 c495 | e803 00aa 

  0x000000010fc858a4: ; ImmutableOopMap {[144]=Oop [168]=Oop }
                      ;*checkcast {reexecute=0 rethrow=0 return_oop=0}
                      ; - org.eclipse.swt.widgets.Display::addPool@14 (line 533)
                      ; - org.eclipse.swt.widgets.Display::readAndDispatch@251 (line 4010)
                      ;   {runtime_call throw_class_cast_exception Runtime1 stub}
  0x000000010fc858a4: 371a c495 

  0x000000010fc858a8: ;   {internal_word}
  0x000000010fc858a8: 88cf ff10 | 8833 02f9 

  0x000000010fc858b0: ;   {runtime_call SafepointBlob}
  0x000000010fc858b0: 14b4 c015 

  0x000000010fc858b4: ;   {metadata({method} {0x0000000124672350} 'addPool' '()V' in 'org/eclipse/swt/widgets/Display')}
  0x000000010fc858b4: 086a 84d2 | e88c a4f2 | 2800 c0f2 | e807 00f9 | 0800 8092 | e803 00f9 

  0x000000010fc858cc: ; ImmutableOopMap {[144]=Oop [192]=Oop }
                      ;*synchronization entry
                      ; - org.eclipse.swt.widgets.Display::addPool@-1 (line 533)
                      ; - org.eclipse.swt.widgets.Display::readAndDispatch@207 (line 4010)
                      ;   {runtime_call counter_overflow Runtime1 stub}
  0x000000010fc858cc: ed23 c495 | 8bfe ff17 

  0x000000010fc858d4: ; ImmutableOopMap {[144]=Oop [192]=Oop }
                      ;*new {reexecute=0 rethrow=0 return_oop=0}
                      ; - org.eclipse.swt.widgets.Display::addPool@1 (line 533)
                      ; - org.eclipse.swt.widgets.Display::readAndDispatch@207 (line 4010)
                      ;   {runtime_call fast_new_instance Runtime1 stub}
  0x000000010fc858d4: 6b13 c495 | 99fe ff17 

  0x000000010fc858dc: ;   {metadata({method} {0x0000000124a9f8c0} '<init>' '()V' in 'org/eclipse/swt/internal/cocoa/NSAutoreleasePool')}
  0x000000010fc858dc: 0818 9fd2 | 2895 a4f2 | 2800 c0f2 | e807 00f9 | 0800 8092 | e803 00f9 

  0x000000010fc858f4: ; ImmutableOopMap {c_rarg0=Oop [144]=Oop [192]=Oop }
                      ;*synchronization entry
                      ; - org.eclipse.swt.internal.cocoa.NSAutoreleasePool::<init>@-1 (line 19)
                      ; - org.eclipse.swt.widgets.Display::addPool@5 (line 533)
                      ; - org.eclipse.swt.widgets.Display::readAndDispatch@207 (line 4010)
                      ;   {runtime_call counter_overflow Runtime1 stub}
  0x000000010fc858f4: e323 c495 | a1fe ff17 

  0x000000010fc858fc: ;   {metadata({method} {0x0000000124a28b98} '<init>' '()V' in 'org/eclipse/swt/internal/cocoa/NSObject')}
  0x000000010fc858fc: 0873 91d2 | 4894 a4f2 | 2800 c0f2 | e807 00f9 | 0800 8092 | e803 00f9 

  0x000000010fc85914: ; ImmutableOopMap {c_rarg0=Oop [144]=Oop [192]=Oop }
                      ;*synchronization entry
                      ; - org.eclipse.swt.internal.cocoa.NSObject::<init>@-1 (line 19)
                      ; - org.eclipse.swt.internal.cocoa.NSAutoreleasePool::<init>@1 (line 19)
                      ; - org.eclipse.swt.widgets.Display::addPool@5 (line 533)
                      ; - org.eclipse.swt.widgets.Display::readAndDispatch@207 (line 4010)
                      ;   {runtime_call counter_overflow Runtime1 stub}
  0x000000010fc85914: db23 c495 | a9fe ff17 

  0x000000010fc8591c: ;   {metadata({method} {0x0000000124655b60} '<init>' '()V' in 'org/eclipse/swt/internal/cocoa/id')}
  0x000000010fc8591c: 086c 8bd2 | a88c a4f2 | 2800 c0f2 | e807 00f9 | 0800 8092 | e803 00f9 

  0x000000010fc85934: ; ImmutableOopMap {c_rarg0=Oop [144]=Oop [192]=Oop }
                      ;*synchronization entry
                      ; - org.eclipse.swt.internal.cocoa.id::<init>@-1 (line 23)
                      ; - org.eclipse.swt.internal.cocoa.NSObject::<init>@1 (line 19)
                      ; - org.eclipse.swt.internal.cocoa.NSAutoreleasePool::<init>@1 (line 19)
                      ; - org.eclipse.swt.widgets.Display::addPool@5 (line 533)
                      ; - org.eclipse.swt.widgets.Display::readAndDispatch@207 (line 4010)
                      ;   {runtime_call counter_overflow Runtime1 stub}
  0x000000010fc85934: d323 c495 | b1fe ff17 

  0x000000010fc8593c: ;   {metadata({method} {0x0000007800475638} '<init>' '()V' in 'java/lang/Object')}
  0x000000010fc8593c: 08c7 8ad2 | e808 a0f2 | 080f c0f2 | e807 00f9 | 0800 8092 | e803 00f9 

  0x000000010fc85954: ; ImmutableOopMap {c_rarg0=Oop [144]=Oop [192]=Oop }
                      ;*synchronization entry
                      ; - java.lang.Object::<init>@-1 (line 45)
                      ; - org.eclipse.swt.internal.cocoa.id::<init>@1 (line 23)
                      ; - org.eclipse.swt.internal.cocoa.NSObject::<init>@1 (line 19)
                      ; - org.eclipse.swt.internal.cocoa.NSAutoreleasePool::<init>@1 (line 19)
                      ; - org.eclipse.swt.widgets.Display::addPool@5 (line 533)
                      ; - org.eclipse.swt.widgets.Display::readAndDispatch@207 (line 4010)
                      ;   {runtime_call counter_overflow Runtime1 stub}
  0x000000010fc85954: cb23 c495 | b9fe ff17 

  0x000000010fc8595c: ; ImmutableOopMap {c_rarg0=Oop [144]=Oop [192]=Oop }
                      ;*invokevirtual init {reexecute=0 rethrow=0 return_oop=0}
                      ; - org.eclipse.swt.widgets.Display::addPool@11 (line 533)
                      ; - org.eclipse.swt.widgets.Display::readAndDispatch@207 (line 4010)
                      ;   {runtime_call throw_null_pointer_exception Runtime1 stub}
  0x000000010fc8595c: 0911 c495 | e803 00aa 

  0x000000010fc85964: ; ImmutableOopMap {[144]=Oop [192]=Oop }
                      ;*checkcast {reexecute=0 rethrow=0 return_oop=0}
                      ; - org.eclipse.swt.widgets.Display::addPool@14 (line 533)
                      ; - org.eclipse.swt.widgets.Display::readAndDispatch@207 (line 4010)
                      ;   {runtime_call throw_class_cast_exception Runtime1 stub}
  0x000000010fc85964: 071a c495 | ffcb 00b9 | ecfc ff17 | e89b 40b9 | e8cb 00b9 | e9fc ff17 | e89f 40b9 | e8cb 00b9 
  0x000000010fc85984: e6fc ff17 | e8a3 40b9 | e8cb 00b9 | e3fc ff17 | e8a7 40b9 | e8cb 00b9 | e0fc ff17 | e803 0032 
  0x000000010fc859a4: e8cb 00b9 | ddfc ff17 | e8b3 40b9 | e8cb 00b9 | dafc ff17 | e8b7 40b9 | e8cb 00b9 | d7fc ff17 
  0x000000010fc859c4: e8bb 40b9 | e8cb 00b9 | d4fc ff17 | e0cb 00b9 | d2fc ff17 | e803 0032 | e8cb 00b9 | cffc ff17 
  0x000000010fc859e4: e8bb 40b9 | e8cb 00b9 | ccfc ff17 | 807f 42f9 | 9f7f 02f9 | 9f83 02f9 | fd7b 4ea9 | ffc3 0391 
  0x000000010fc85a04: ;   {runtime_call unwind_exception Runtime1 stub}
  0x000000010fc85a04: 1f0d c415 
[Stub Code]
  0x000000010fc85a08: ;   {no_reloc}
  0x000000010fc85a08: df3f 03d5 

  0x000000010fc85a0c: ;   {metadata(nullptr)}
  0x000000010fc85a0c: 0c00 80d2 | 0c00 a0f2 | 0c00 c0f2 | 0800 80d2 | 0800 a0f2 | 0800 c0f2 | 0001 1fd6 

  0x000000010fc85a28: ;   {trampoline_stub}
  0x000000010fc85a28: 4800 0058 | 0001 1fd6 | 10a8 8817 | 0100 0000 

  0x000000010fc85a38: ;   {trampoline_stub}
  0x000000010fc85a38: 4800 0058 | 0001 1fd6 | 80c7 ca16 | 0100 0000 

  0x000000010fc85a48: ;   {static_stub}
  0x000000010fc85a48: df3f 03d5 

  0x000000010fc85a4c: ;   {metadata(nullptr)}
  0x000000010fc85a4c: 0c00 80d2 | 0c00 a0f2 | 0c00 c0f2 | 0800 80d2 | 0800 a0f2 | 0800 c0f2 | 0001 1fd6 

  0x000000010fc85a68: ;   {trampoline_stub}
  0x000000010fc85a68: 4800 0058 | 0001 1fd6 | 80c1 ca16 | 0100 0000 

  0x000000010fc85a78: ;   {static_stub}
  0x000000010fc85a78: df3f 03d5 

  0x000000010fc85a7c: ;   {metadata(nullptr)}
  0x000000010fc85a7c: 0c00 80d2 | 0c00 a0f2 | 0c00 c0f2 | 0800 80d2 | 0800 a0f2 | 0800 c0f2 | 0001 1fd6 

  0x000000010fc85a98: ;   {trampoline_stub}
  0x000000010fc85a98: 4800 0058 | 0001 1fd6 | 9030 8417 | 0100 0000 

  0x000000010fc85aa8: ;   {static_stub}
  0x000000010fc85aa8: df3f 03d5 

  0x000000010fc85aac: ;   {metadata(nullptr)}
  0x000000010fc85aac: 0c00 80d2 | 0c00 a0f2 | 0c00 c0f2 | 0800 80d2 | 0800 a0f2 | 0800 c0f2 | 0001 1fd6 

  0x000000010fc85ac8: ;   {trampoline_stub}
  0x000000010fc85ac8: 4800 0058 | 0001 1fd6 | 5061 8817 | 0100 0000 

  0x000000010fc85ad8: ;   {static_stub}
  0x000000010fc85ad8: df3f 03d5 

  0x000000010fc85adc: ;   {metadata(nullptr)}
  0x000000010fc85adc: 0c00 80d2 | 0c00 a0f2 | 0c00 c0f2 | 0800 80d2 | 0800 a0f2 | 0800 c0f2 | 0001 1fd6 

  0x000000010fc85af8: ;   {trampoline_stub}
  0x000000010fc85af8: 4800 0058 | 0001 1fd6 | 80c1 ca16 | 0100 0000 

  0x000000010fc85b08: ;   {static_stub}
  0x000000010fc85b08: df3f 03d5 

  0x000000010fc85b0c: ;   {metadata(nullptr)}
  0x000000010fc85b0c: 0c00 80d2 | 0c00 a0f2 | 0c00 c0f2 | 0800 80d2 | 0800 a0f2 | 0800 c0f2 | 0001 1fd6 

  0x000000010fc85b28: ;   {trampoline_stub}
  0x000000010fc85b28: 4800 0058 | 0001 1fd6 | d0df 2617 | 0100 0000 

  0x000000010fc85b38: ;   {static_stub}
  0x000000010fc85b38: df3f 03d5 

  0x000000010fc85b3c: ;   {metadata({method} {0x000000012467d388} 'runDeferredLayouts' '()Z' in 'org/eclipse/swt/widgets/Display')}
  0x000000010fc85b3c: 0c71 9ad2 | ec8c a4f2 | 2c00 c0f2 | 886a 81d2 | 68d9 a2f2 | 2800 c0f2 | 0001 1fd6 

  0x000000010fc85b58: ;   {trampoline_stub}
  0x000000010fc85b58: 4800 0058 | 0001 1fd6 | 80c1 ca16 | 0100 0000 

  0x000000010fc85b68: ;   {static_stub}
  0x000000010fc85b68: df3f 03d5 

  0x000000010fc85b6c: ;   {metadata(nullptr)}
  0x000000010fc85b6c: 0c00 80d2 | 0c00 a0f2 | 0c00 c0f2 | 0800 80d2 | 0800 a0f2 | 0800 c0f2 | 0001 1fd6 

  0x000000010fc85b88: ;   {trampoline_stub}
  0x000000010fc85b88: 4800 0058 | 0001 1fd6 | 80c1 ca16 | 0100 0000 

  0x000000010fc85b98: ;   {static_stub}
  0x000000010fc85b98: df3f 03d5 

  0x000000010fc85b9c: ;   {metadata(nullptr)}
  0x000000010fc85b9c: 0c00 80d2 | 0c00 a0f2 | 0c00 c0f2 | 0800 80d2 | 0800 a0f2 | 0800 c0f2 | 0001 1fd6 

  0x000000010fc85bb8: ;   {trampoline_stub}
  0x000000010fc85bb8: 4800 0058 | 0001 1fd6 | 80c1 ca16 | 0100 0000 

  0x000000010fc85bc8: ;   {static_stub}
  0x000000010fc85bc8: df3f 03d5 

  0x000000010fc85bcc: ;   {metadata(nullptr)}
  0x000000010fc85bcc: 0c00 80d2 | 0c00 a0f2 | 0c00 c0f2 | 0800 80d2 | 0800 a0f2 | 0800 c0f2 | 0001 1fd6 

  0x000000010fc85be8: ;   {trampoline_stub}
  0x000000010fc85be8: 4800 0058 | 0001 1fd6 | 80c1 ca16 | 0100 0000 

  0x000000010fc85bf8: ;   {static_stub}
  0x000000010fc85bf8: df3f 03d5 

  0x000000010fc85bfc: ;   {metadata(nullptr)}
  0x000000010fc85bfc: 0c00 80d2 | 0c00 a0f2 | 0c00 c0f2 | 0800 80d2 | 0800 a0f2 | 0800 c0f2 | 0001 1fd6 

  0x000000010fc85c18: ;   {trampoline_stub}
  0x000000010fc85c18: 4800 0058 | 0001 1fd6 | 80c1 ca16 | 0100 0000 

  0x000000010fc85c28: ;   {static_stub}
  0x000000010fc85c28: df3f 03d5 

  0x000000010fc85c2c: ;   {metadata(nullptr)}
  0x000000010fc85c2c: 0c00 80d2 | 0c00 a0f2 | 0c00 c0f2 | 0800 80d2 | 0800 a0f2 | 0800 c0f2 | 0001 1fd6 

  0x000000010fc85c48: ;   {trampoline_stub}
  0x000000010fc85c48: 4800 0058 | 0001 1fd6 | 80c1 ca16 | 0100 0000 

  0x000000010fc85c58: ;   {static_stub}
  0x000000010fc85c58: df3f 03d5 

  0x000000010fc85c5c: ;   {metadata({method} {0x0000000124a30b28} 'sendEvent' '(Lorg/eclipse/swt/internal/cocoa/NSEvent;)V' in 'org/eclipse/swt/internal/cocoa/NSApplication')}
  0x000000010fc85c5c: 0c65 81d2 | 6c94 a4f2 | 2c00 c0f2 | 88ba 82d2 | 68d9 a2f2 | 2800 c0f2 | 0001 1fd6 

  0x000000010fc85c78: ;   {trampoline_stub}
  0x000000010fc85c78: 4800 0058 | 0001 1fd6 | 80c1 ca16 | 0100 0000 

  0x000000010fc85c88: ;   {static_stub}
  0x000000010fc85c88: df3f 03d5 

  0x000000010fc85c8c: ;   {metadata(nullptr)}
  0x000000010fc85c8c: 0c00 80d2 | 0c00 a0f2 | 0c00 c0f2 | 0800 80d2 | 0800 a0f2 | 0800 c0f2 | 0001 1fd6 

  0x000000010fc85ca8: ;   {trampoline_stub}
  0x000000010fc85ca8: 4800 0058 | 0001 1fd6 | 80c1 ca16 | 0100 0000 

  0x000000010fc85cb8: ;   {static_stub}
  0x000000010fc85cb8: df3f 03d5 

  0x000000010fc85cbc: ;   {metadata(nullptr)}
  0x000000010fc85cbc: 0c00 80d2 | 0c00 a0f2 | 0c00 c0f2 | 0800 80d2 | 0800 a0f2 | 0800 c0f2 | 0001 1fd6 

  0x000000010fc85cd8: ;   {trampoline_stub}
  0x000000010fc85cd8: 4800 0058 | 0001 1fd6 | 1019 5917 | 0100 0000 

  0x000000010fc85ce8: ;   {static_stub}
  0x000000010fc85ce8: df3f 03d5 

  0x000000010fc85cec: ;   {metadata(nullptr)}
  0x000000010fc85cec: 0c00 80d2 | 0c00 a0f2 | 0c00 c0f2 | 0800 80d2 | 0800 a0f2 | 0800 c0f2 | 0001 1fd6 

  0x000000010fc85d08: ;   {trampoline_stub}
  0x000000010fc85d08: 4800 0058 | 0001 1fd6 | 90ca 5117 | 0100 0000 

  0x000000010fc85d18: ;   {static_stub}
  0x000000010fc85d18: df3f 03d5 

  0x000000010fc85d1c: ;   {metadata({method} {0x000000012467cc58} 'removePool' '()V' in 'org/eclipse/swt/widgets/Display')}
  0x000000010fc85d1c: 0c8b 99d2 | ec8c a4f2 | 2c00 c0f2 | 886a 81d2 | 68d9 a2f2 | 2800 c0f2 | 0001 1fd6 

  0x000000010fc85d38: ;   {trampoline_stub}
  0x000000010fc85d38: 4800 0058 | 0001 1fd6 | 185d c80f | 0100 0000 

  0x000000010fc85d48: ;   {trampoline_stub}
  0x000000010fc85d48: 4800 0058 | 0001 1fd6 | 80c7 ca16 | 0100 0000 

  0x000000010fc85d58: ;   {static_stub}
  0x000000010fc85d58: df3f 03d5 

  0x000000010fc85d5c: ;   {metadata(nullptr)}
  0x000000010fc85d5c: 0c00 80d2 | 0c00 a0f2 | 0c00 c0f2 | 0800 80d2 | 0800 a0f2 | 0800 c0f2 | 0001 1fd6 

  0x000000010fc85d78: ;   {trampoline_stub}
  0x000000010fc85d78: 4800 0058 | 0001 1fd6 | 80c1 ca16 | 0100 0000 

  0x000000010fc85d88: ;   {trampoline_stub}
  0x000000010fc85d88: 4800 0058 | 0001 1fd6 | 80c7 ca16 | 0100 0000 

  0x000000010fc85d98: ;   {static_stub}
  0x000000010fc85d98: df3f 03d5 

  0x000000010fc85d9c: ;   {metadata(nullptr)}
  0x000000010fc85d9c: 0c00 80d2 | 0c00 a0f2 | 0c00 c0f2 | 0800 80d2 | 0800 a0f2 | 0800 c0f2 | 0001 1fd6 

  0x000000010fc85db8: ;   {trampoline_stub}
  0x000000010fc85db8: 4800 0058 | 0001 1fd6 | 80c1 ca16 | 0100 0000 

  0x000000010fc85dc8: ;   {static_stub}
  0x000000010fc85dc8: df3f 03d5 

  0x000000010fc85dcc: ;   {metadata(nullptr)}
  0x000000010fc85dcc: 0c00 80d2 | 0c00 a0f2 | 0c00 c0f2 | 0800 80d2 | 0800 a0f2 | 0800 c0f2 | 0001 1fd6 

  0x000000010fc85de8: ;   {trampoline_stub}
  0x000000010fc85de8: 4800 0058 | 0001 1fd6 | 80c1 ca16 | 0100 0000 

  0x000000010fc85df8: ;   {static_stub}
  0x000000010fc85df8: df3f 03d5 

  0x000000010fc85dfc: ;   {metadata(nullptr)}
  0x000000010fc85dfc: 0c00 80d2 | 0c00 a0f2 | 0c00 c0f2 | 0800 80d2 | 0800 a0f2 | 0800 c0f2 | 0001 1fd6 

  0x000000010fc85e18: ;   {trampoline_stub}
  0x000000010fc85e18: 4800 0058 | 0001 1fd6 | 80c1 ca16 | 0100 0000 

  0x000000010fc85e28: ;   {static_stub}
  0x000000010fc85e28: df3f 03d5 

  0x000000010fc85e2c: ;   {metadata(nullptr)}
  0x000000010fc85e2c: 0c00 80d2 | 0c00 a0f2 | 0c00 c0f2 | 0800 80d2 | 0800 a0f2 | 0800 c0f2 | 0001 1fd6 

  0x000000010fc85e48: ;   {trampoline_stub}
  0x000000010fc85e48: 4800 0058 | 0001 1fd6 | 80c1 ca16 | 0100 0000 

  0x000000010fc85e58: ;   {static_stub}
  0x000000010fc85e58: df3f 03d5 

  0x000000010fc85e5c: ;   {metadata(nullptr)}
  0x000000010fc85e5c: 0c00 80d2 | 0c00 a0f2 | 0c00 c0f2 | 0800 80d2 | 0800 a0f2 | 0800 c0f2 | 0001 1fd6 

  0x000000010fc85e78: ;   {trampoline_stub}
  0x000000010fc85e78: 4800 0058 | 0001 1fd6 | 80c1 ca16 | 0100 0000 

  0x000000010fc85e88: ;   {static_stub}
  0x000000010fc85e88: df3f 03d5 

  0x000000010fc85e8c: ;   {metadata(nullptr)}
  0x000000010fc85e8c: 0c00 80d2 | 0c00 a0f2 | 0c00 c0f2 | 0800 80d2 | 0800 a0f2 | 0800 c0f2 | 0001 1fd6 

  0x000000010fc85ea8: ;   {trampoline_stub}
  0x000000010fc85ea8: 4800 0058 | 0001 1fd6 | 80c1 ca16 | 0100 0000 

  0x000000010fc85eb8: ;   {static_stub}
  0x000000010fc85eb8: df3f 03d5 

  0x000000010fc85ebc: ;   {metadata(nullptr)}
  0x000000010fc85ebc: 0c00 80d2 | 0c00 a0f2 | 0c00 c0f2 | 0800 80d2 | 0800 a0f2 | 0800 c0f2 | 0001 1fd6 
[Exception Handler]
  0x000000010fc85ed8: ;   {runtime_call handle_exception_from_callee Runtime1 stub}
  0x000000010fc85ed8: 2a17 c495 | c1d5 bbd4 | ec16 ad06 | 0100 0000 
[Deopt Handler Code]
  0x000000010fc85ee8: 1e00 0010 

  0x000000010fc85eec: ;   {runtime_call DeoptimizationBlob}
  0x000000010fc85eec: 55b3 c015 
[/MachCode]


---------------  P R O C E S S  ---------------

Threads class SMR info:
_java_thread_list=0x0000000788b02a80, length=56, elements={
0x0000000100a18310, 0x0000000100a303d0, 0x0000000784dbc000, 0x0000000784dbc700,
0x0000000784dbce00, 0x0000000784dbd500, 0x00000007850c4000, 0x00000007850c4800,
0x0000000784dbdc00, 0x0000000784dbe300, 0x0000000784dbea00, 0x0000000784dbf100,
0x0000000784fb8700, 0x0000000784ff8700, 0x0000000781951500, 0x00000007819b5c00,
0x0000000781be0000, 0x0000000781be0e00, 0x0000000781511c00, 0x00000007816f6300,
0x0000000781298700, 0x000000078115e300, 0x00000007804f0e00, 0x000000077f5c4700,
0x000000077f696300, 0x0000000782e4c700, 0x000000078490c700, 0x0000000784ff9500,
0x000000077f199c00, 0x000000077f19aa00, 0x000000077e674e00, 0x000000077dfc4700,
0x000000077dfc6300, 0x000000077b50c700, 0x000000077b1f4700, 0x000000077b24e300,
0x000000077b24ea00, 0x000000077b24f100, 0x000000077b24f800, 0x000000077af7b800,
0x000000077afb0700, 0x000000077a514700, 0x000000077a7e0700, 0x000000077a05c700,
0x000000077a1b8e00, 0x000000077a1b9c00, 0x000000077a26ce00, 0x000000077a078e00,
0x000000077bde4000, 0x000000077bde4700, 0x000000077bde5500, 0x000000077a3d4700,
0x0000000779d8ce00, 0x0000000779d8d500, 0x0000000779d8dc00, 0x0000000779de4e00
}

Java Threads: ( => current thread )
=>0x0000000100a18310 JavaThread "main"                              [_thread_in_native, id=259, stack(0x000000016f34c000,0x000000016fb48000) (8176K)]
  0x0000000100a303d0 JavaThread "Reference Handler"          daemon [_thread_blocked, id=30723, stack(0x0000000170b44000,0x0000000170d47000) (2060K)]
  0x0000000784dbc000 JavaThread "Finalizer"                  daemon [_thread_blocked, id=30467, stack(0x0000000170d50000,0x0000000170f53000) (2060K)]
  0x0000000784dbc700 JavaThread "Signal Dispatcher"          daemon [_thread_blocked, id=30211, stack(0x0000000170f5c000,0x000000017115f000) (2060K)]
  0x0000000784dbce00 JavaThread "Service Thread"             daemon [_thread_blocked, id=29699, stack(0x0000000171168000,0x000000017136b000) (2060K)]
  0x0000000784dbd500 JavaThread "Monitor Deflation Thread"   daemon [_thread_blocked, id=29187, stack(0x0000000171374000,0x0000000171577000) (2060K)]
  0x00000007850c4000 JavaThread "C2 CompilerThread0"         daemon [_thread_blocked, id=28675, stack(0x0000000171580000,0x0000000171783000) (2060K)]
  0x00000007850c4800 JavaThread "C1 CompilerThread0"         daemon [_thread_blocked, id=25347, stack(0x000000017178c000,0x000000017198f000) (2060K)]
  0x0000000784dbdc00 JavaThread "Common-Cleaner"             daemon [_thread_blocked, id=25859, stack(0x0000000171998000,0x0000000171b9b000) (2060K)]
  0x0000000784dbe300 JavaThread "JDWP Transport Listener: dt_socket" daemon [_thread_blocked, id=28163, stack(0x0000000171ba4000,0x0000000171da7000) (2060K)]
  0x0000000784dbea00 JavaThread "JDWP Event Helper Thread"   daemon [_thread_blocked, id=27907, stack(0x0000000171db0000,0x0000000171fb3000) (2060K)]
  0x0000000784dbf100 JavaThread "JDWP Command Reader"        daemon [_thread_in_native, id=26883, stack(0x0000000171fbc000,0x00000001721bf000) (2060K)]
  0x0000000784fb8700 JavaThread "IntelliJ Suspend Helper"    daemon [_thread_blocked, id=27139, stack(0x00000001721c8000,0x00000001723cb000) (2060K)]
  0x0000000784ff8700 JavaThread "Notification Thread"        daemon [_thread_blocked, id=32771, stack(0x00000001723d4000,0x00000001725d7000) (2060K)]
  0x0000000781951500 JavaThread "Active Thread: Equinox Container: df1d678a-5059-4e48-a88a-ab15d0a0e50b"        [_thread_blocked, id=35331, stack(0x0000000173640000,0x0000000173843000) (2060K)]
  0x00000007819b5c00 JavaThread "Framework Event Dispatcher: Equinox Container: df1d678a-5059-4e48-a88a-ab15d0a0e50b" daemon [_thread_blocked, id=41219, stack(0x000000017384c000,0x0000000173a4f000) (2060K)]
  0x0000000781be0000 JavaThread "Start Level: Equinox Container: df1d678a-5059-4e48-a88a-ab15d0a0e50b" daemon [_thread_blocked, id=40963, stack(0x0000000173a58000,0x0000000173c5b000) (2060K)]
  0x0000000781be0e00 JavaThread "SCR Component Actor"        daemon [_thread_blocked, id=40707, stack(0x0000000173c64000,0x0000000173e67000) (2060K)]
  0x0000000781511c00 JavaThread "Bundle File Closer"         daemon [_thread_blocked, id=36355, stack(0x000000017407c000,0x000000017427f000) (2060K)]
  0x00000007816f6300 JavaThread "EMF Reference Cleaner"      daemon [_thread_blocked, id=36867, stack(0x0000000174288000,0x000000017448b000) (2060K)]
  0x0000000781298700 JavaThread "Worker-JM"                         [_thread_blocked, id=37379, stack(0x00000001746a0000,0x00000001748a3000) (2060K)]
  0x000000078115e300 JavaThread "Gogo shell"                        [_thread_blocked, id=37891, stack(0x00000001748ac000,0x0000000174aaf000) (2060K)]
  0x00000007804f0e00 JavaThread "Worker-0"                          [_thread_blocked, id=38671, stack(0x0000000174cc4000,0x0000000174ec7000) (2060K)]
  0x000000077f5c4700 JavaThread "Worker-1"                          [_thread_blocked, id=67843, stack(0x0000000174f5c000,0x000000017515f000) (2060K)]
  0x000000077f696300 JavaThread "Git Repository Closer"      daemon [_thread_blocked, id=68099, stack(0x0000000175168000,0x000000017536b000) (2060K)]
  0x0000000782e4c700 JavaThread "Database navigator events processor"        [_thread_blocked, id=84739, stack(0x0000000175374000,0x0000000175577000) (2060K)]
  0x000000078490c700 JavaThread "Worker-3"                          [_thread_blocked, id=68355, stack(0x0000000175580000,0x0000000175783000) (2060K)]
  0x0000000784ff9500 JavaThread "Worker-4"                          [_thread_blocked, id=68867, stack(0x000000017578c000,0x000000017598f000) (2060K)]
  0x000000077f199c00 JavaThread "idle-timeout-task"          daemon [_thread_blocked, id=69891, stack(0x0000000175db0000,0x0000000175fb3000) (2060K)]
  0x000000077f19aa00 JavaThread "HTTP-Dispatcher"                   [_thread_in_native, id=83715, stack(0x0000000175fbc000,0x00000001761bf000) (2060K)]
  0x000000077e674e00 JavaThread "SWTResourceTracker"         daemon [_thread_blocked, id=69135, stack(0x0000000175998000,0x0000000175b9b000) (2060K)]
  0x000000077dfc4700 JavaThread "Java2D Queue Flusher"       daemon [_thread_blocked, id=82227, stack(0x00000001761c8000,0x00000001763cb000) (2060K)]
  0x000000077dfc6300 JavaThread "Java2D Disposer"            daemon [_thread_blocked, id=81667, stack(0x00000001763d4000,0x00000001765d7000) (2060K)]
  0x000000077b50c700 JavaThread "MVStore background writer /Users/labanovichttps/Library/DBeaverData/workspace6/.metadata/qmdb/qmdb_v2.mv.db" daemon [_thread_blocked, id=69415, stack(0x0000000175ba4000,0x0000000175da7000) (2060K)]
  0x000000077b1f4700 JavaThread "EventAdmin Async Event Dispatcher Thread" daemon [_thread_blocked, id=88339, stack(0x00000001779a4000,0x0000000177ba7000) (2060K)]
  0x000000077b24e300 JavaThread "H2-serialization"           daemon [_thread_blocked, id=129539, stack(0x0000000178190000,0x0000000178393000) (2060K)]
  0x000000077b24ea00 JavaThread "pool-4-thread-1"                   [_thread_blocked, id=89347, stack(0x0000000177be4000,0x0000000177de7000) (2060K)]
  0x000000077b24f100 JavaThread "pool-5-thread-1"                   [_thread_blocked, id=128771, stack(0x0000000177df0000,0x0000000177ff3000) (2060K)]
  0x000000077b24f800 JavaThread "H2-save"                    daemon [_thread_blocked, id=128259, stack(0x000000017839c000,0x000000017859f000) (2060K)]
  0x000000077af7b800 JavaThread "OkHttp TaskRunner"          daemon [_thread_blocked, id=38947, stack(0x0000000174ab8000,0x0000000174cbb000) (2060K)]
  0x000000077afb0700 JavaThread "Timer-0"                    daemon [_thread_blocked, id=115219, stack(0x000000017f9b8000,0x000000017fbbb000) (2060K)]
  0x000000077a514700 JavaThread "Worker-5"                          [_thread_blocked, id=131367, stack(0x000000038a1ec000,0x000000038a3ef000) (2060K)]
  0x000000077a7e0700 JavaThread "sshj-Reader-db1.dev.dbeaver.infra/10.135.0.32:22-1763596588015" daemon [_thread_in_native, id=114259, stack(0x000000017d500000,0x000000017d703000) (2060K)]
  0x000000077a05c700 JavaThread "Port forwarder listener (*****:28674 <- l*****t:1521)"        [_thread_in_native, id=125759, stack(0x00000003881fc000,0x00000003883ff000) (2060K)]
  0x000000077a1b8e00 JavaThread "oracle.jdbc.diagnostics.Diagnostic.CLOCK" daemon [_thread_blocked, id=74451, stack(0x0000000389fa8000,0x000000038a1ab000) (2060K)]
  0x000000077a1b9c00 JavaThread "oracle.jdbc.driver.BlockSource.ThreadedCachingBlockSource.BlockReleaser" daemon [_thread_blocked, id=115691, stack(0x000000038ad30000,0x000000038af33000) (2060K)]
  0x000000077a26ce00 JavaThread "InterruptTimer"             daemon [_thread_blocked, id=109899, stack(0x000000038af3c000,0x000000038b13f000) (2060K)]
  0x000000077a078e00 JavaThread "Worker-6"                          [_thread_blocked, id=105347, stack(0x000000038c61c000,0x000000038c81f000) (2060K)]
  0x000000077bde4000 JavaThread "soc2chan"                   daemon [_thread_in_native, id=172559, stack(0x000000038c828000,0x000000038ca2b000) (2060K)]
  0x000000077bde4700 JavaThread "chan2soc"                   daemon [_thread_blocked, id=133379, stack(0x000000038ca34000,0x000000038cc37000) (2060K)]
  0x000000077bde5500 JavaThread "sockmon"                    daemon [_thread_blocked, id=171779, stack(0x000000038cc40000,0x000000038ce43000) (2060K)]
  0x000000077a3d4700 JavaThread "Worker-7"                          [_thread_blocked, id=133635, stack(0x000000038ce4c000,0x000000038d04f000) (2060K)]
  0x0000000779d8ce00 JavaThread "soc2chan"                   daemon [_thread_in_native, id=134147, stack(0x000000038d058000,0x000000038d25b000) (2060K)]
  0x0000000779d8d500 JavaThread "chan2soc"                   daemon [_thread_blocked, id=170755, stack(0x000000038d264000,0x000000038d467000) (2060K)]
  0x0000000779d8dc00 JavaThread "sockmon"                    daemon [_thread_blocked, id=170243, stack(0x000000038d470000,0x000000038d673000) (2060K)]
  0x0000000779de4e00 JavaThread "Worker-8"                          [_thread_blocked, id=101623, stack(0x000000038c288000,0x000000038c48b000) (2060K)]
Total: 56

Other Threads:
  0x0000000784d2dc00 VMThread "VM Thread"                           [id=18179, stack(0x0000000170820000,0x0000000170a23000) (2060K)]
  0x0000000100a25f70 WatcherThread "VM Periodic Task Thread"        [id=17155, stack(0x0000000170614000,0x0000000170817000) (2060K)]
  0x0000000100a20410 WorkerThread "GC Thread#0"                     [id=12547, stack(0x000000016fbd8000,0x000000016fddb000) (2060K)]
  0x00000007824c3000 WorkerThread "GC Thread#1"                     [id=43275, stack(0x00000001725e0000,0x00000001727e3000) (2060K)]
  0x00000007824c3800 WorkerThread "GC Thread#2"                     [id=33287, stack(0x00000001727ec000,0x00000001729ef000) (2060K)]
  0x00000007824c3c00 WorkerThread "GC Thread#3"                     [id=33795, stack(0x00000001729f8000,0x0000000172bfb000) (2060K)]
  0x0000000782f9b400 WorkerThread "GC Thread#4"                     [id=42499, stack(0x0000000172c04000,0x0000000172e07000) (2060K)]
  0x0000000782610000 WorkerThread "GC Thread#5"                     [id=42243, stack(0x0000000172e10000,0x0000000173013000) (2060K)]
  0x0000000782610400 WorkerThread "GC Thread#6"                     [id=34563, stack(0x000000017301c000,0x000000017321f000) (2060K)]
  0x0000000782610800 WorkerThread "GC Thread#7"                     [id=41731, stack(0x0000000173228000,0x000000017342b000) (2060K)]
  0x0000000782611000 WorkerThread "GC Thread#8"                     [id=41475, stack(0x0000000173434000,0x0000000173637000) (2060K)]
  0x0000000100a20b30 ConcurrentGCThread "G1 Main Marker"            [id=15107, stack(0x000000016fde4000,0x000000016ffe7000) (2060K)]
  0x0000000100a213d0 WorkerThread "G1 Conc#0"                       [id=13315, stack(0x000000016fff0000,0x00000001701f3000) (2060K)]
  0x0000000781682c00 WorkerThread "G1 Conc#1"                       [id=39427, stack(0x0000000174494000,0x0000000174697000) (2060K)]
  0x0000000784d2c000 ConcurrentGCThread "G1 Refine#0"               [id=14339, stack(0x00000001701fc000,0x00000001703ff000) (2060K)]
  0x0000000784d2c800 ConcurrentGCThread "G1 Service"                [id=14083, stack(0x0000000170408000,0x000000017060b000) (2060K)]
Total: 16

Threads with active compile tasks:
Total: 0

VM state: not at safepoint (normal execution)

VM Mutex/Monitor currently owned by a thread: None

Heap address: 0x0000000300800000, size: 2048 MB, Compressed Oops mode: Zero based, Oop shift amount: 3

CDS archive(s) mapped at: [0x0000007800000000-0x0000007800c9c000-0x0000007800c9c000), size 13221888, SharedBaseAddress: 0x0000007800000000, ArchiveRelocationMode: 1.
Compressed class space mapped at: 0x0000007801000000-0x0000007841000000, reserved size: 1073741824
Narrow klass base: 0x0000007800000000, Narrow klass shift: 0, Narrow klass range: 0x100000000

GC Precious Log:
 CardTable entry size: 512
 Card Set container configuration: InlinePtr #cards 5 size 8 Array Of Cards #cards 12 size 40 Howl #buckets 4 coarsen threshold 1843 Howl Bitmap #cards 512 size 80 coarsen threshold 460 Card regions per heap region 1 cards per card region 2048
 CPUs: 10 total, 10 available
 Memory: 16384M
 Large Page Support: Disabled
 NUMA Support: Disabled
 Compressed Oops: Enabled (Zero based)
 Heap Region Size: 1M
 Heap Min Capacity: 128M
 Heap Initial Capacity: 128M
 Heap Max Capacity: 2G
 Pre-touch: Disabled
 Parallel Workers: 9
 Concurrent Workers: 2
 Concurrent Refinement Workers: 9
 Periodic GC: Disabled

Heap:
 garbage-first heap   total 257024K, used 201474K [0x0000000300800000, 0x0000000380800000)
  region size 1024K, 113 young (115712K), 8 survivors (8192K)
 Metaspace       used 111668K, committed 114368K, reserved 1179648K
  class space    used 12678K, committed 13760K, reserved 1048576K

Heap Regions: E=young(eden), S=young(survivor), O=old, HS=humongous(starts), HC=humongous(continues), CS=collection set, F=free, TAMS=top-at-mark-start, PB=parsable bottom
|   0|0x0000000300800000, 0x0000000300900000, 0x0000000300900000|100%| O|  |TAMS 0x0000000300800000| PB 0x0000000300800000| Untracked 
|   1|0x0000000300900000, 0x0000000300a00000, 0x0000000300a00000|100%| O|  |TAMS 0x0000000300900000| PB 0x0000000300900000| Untracked 
|   2|0x0000000300a00000, 0x0000000300b00000, 0x0000000300b00000|100%| O|  |TAMS 0x0000000300a00000| PB 0x0000000300a00000| Untracked 
|   3|0x0000000300b00000, 0x0000000300c00000, 0x0000000300c00000|100%| O|  |TAMS 0x0000000300b00000| PB 0x0000000300b00000| Untracked 
|   4|0x0000000300c00000, 0x0000000300d00000, 0x0000000300d00000|100%| O|  |TAMS 0x0000000300c00000| PB 0x0000000300c00000| Untracked 
|   5|0x0000000300d00000, 0x0000000300e00000, 0x0000000300e00000|100%| O|  |TAMS 0x0000000300d00000| PB 0x0000000300d00000| Untracked 
|   6|0x0000000300e00000, 0x0000000300f00000, 0x0000000300f00000|100%| O|  |TAMS 0x0000000300e00000| PB 0x0000000300e00000| Untracked 
|   7|0x0000000300f00000, 0x0000000301000000, 0x0000000301000000|100%| O|  |TAMS 0x0000000300f00000| PB 0x0000000300f00000| Untracked 
|   8|0x0000000301000000, 0x0000000301100000, 0x0000000301100000|100%| O|  |TAMS 0x0000000301000000| PB 0x0000000301000000| Untracked 
|   9|0x0000000301100000, 0x0000000301200000, 0x0000000301200000|100%| O|  |TAMS 0x0000000301100000| PB 0x0000000301100000| Untracked 
|  10|0x0000000301200000, 0x0000000301300000, 0x0000000301300000|100%| O|  |TAMS 0x0000000301200000| PB 0x0000000301200000| Untracked 
|  11|0x0000000301300000, 0x0000000301400000, 0x0000000301400000|100%| O|  |TAMS 0x0000000301300000| PB 0x0000000301300000| Untracked 
|  12|0x0000000301400000, 0x0000000301500000, 0x0000000301500000|100%| O|  |TAMS 0x0000000301400000| PB 0x0000000301400000| Untracked 
|  13|0x0000000301500000, 0x0000000301600000, 0x0000000301600000|100%| O|  |TAMS 0x0000000301500000| PB 0x0000000301500000| Untracked 
|  14|0x0000000301600000, 0x0000000301700000, 0x0000000301700000|100%| O|  |TAMS 0x0000000301600000| PB 0x0000000301600000| Untracked 
|  15|0x0000000301700000, 0x0000000301800000, 0x0000000301800000|100%| O|  |TAMS 0x0000000301700000| PB 0x0000000301700000| Untracked 
|  16|0x0000000301800000, 0x0000000301900000, 0x0000000301900000|100%|HS|  |TAMS 0x0000000301800000| PB 0x0000000301800000| Complete 
|  17|0x0000000301900000, 0x0000000301a00000, 0x0000000301a00000|100%| O|  |TAMS 0x0000000301900000| PB 0x0000000301900000| Untracked 
|  18|0x0000000301a00000, 0x0000000301b00000, 0x0000000301b00000|100%| O|  |TAMS 0x0000000301a00000| PB 0x0000000301a00000| Untracked 
|  19|0x0000000301b00000, 0x0000000301c00000, 0x0000000301c00000|100%| O|  |TAMS 0x0000000301b00000| PB 0x0000000301b00000| Untracked 
|  20|0x0000000301c00000, 0x0000000301d00000, 0x0000000301d00000|100%| O|  |TAMS 0x0000000301c00000| PB 0x0000000301c00000| Untracked 
|  21|0x0000000301d00000, 0x0000000301e00000, 0x0000000301e00000|100%| O|  |TAMS 0x0000000301d00000| PB 0x0000000301d00000| Untracked 
|  22|0x0000000301e00000, 0x0000000301f00000, 0x0000000301f00000|100%| O|  |TAMS 0x0000000301e00000| PB 0x0000000301e00000| Untracked 
|  23|0x0000000301f00000, 0x0000000302000000, 0x0000000302000000|100%| O|  |TAMS 0x0000000301f00000| PB 0x0000000301f00000| Untracked 
|  24|0x0000000302000000, 0x0000000302100000, 0x0000000302100000|100%| O|  |TAMS 0x0000000302000000| PB 0x0000000302000000| Untracked 
|  25|0x0000000302100000, 0x0000000302200000, 0x0000000302200000|100%| O|  |TAMS 0x0000000302100000| PB 0x0000000302100000| Untracked 
|  26|0x0000000302200000, 0x0000000302300000, 0x0000000302300000|100%| O|  |TAMS 0x0000000302200000| PB 0x0000000302200000| Untracked 
|  27|0x0000000302300000, 0x0000000302400000, 0x0000000302400000|100%| O|  |TAMS 0x0000000302300000| PB 0x0000000302300000| Untracked 
|  28|0x0000000302400000, 0x0000000302500000, 0x0000000302500000|100%| O|  |TAMS 0x0000000302400000| PB 0x0000000302400000| Untracked 
|  29|0x0000000302500000, 0x0000000302600000, 0x0000000302600000|100%| O|  |TAMS 0x0000000302500000| PB 0x0000000302500000| Untracked 
|  30|0x0000000302600000, 0x0000000302700000, 0x0000000302700000|100%| O|  |TAMS 0x0000000302600000| PB 0x0000000302600000| Untracked 
|  31|0x0000000302700000, 0x0000000302800000, 0x0000000302800000|100%| O|  |TAMS 0x0000000302700000| PB 0x0000000302700000| Untracked 
|  32|0x0000000302800000, 0x0000000302900000, 0x0000000302900000|100%| O|  |TAMS 0x0000000302800000| PB 0x0000000302800000| Untracked 
|  33|0x0000000302900000, 0x0000000302a00000, 0x0000000302a00000|100%| O|  |TAMS 0x0000000302900000| PB 0x0000000302900000| Untracked 
|  34|0x0000000302a00000, 0x0000000302b00000, 0x0000000302b00000|100%| O|  |TAMS 0x0000000302a00000| PB 0x0000000302a00000| Untracked 
|  35|0x0000000302b00000, 0x0000000302c00000, 0x0000000302c00000|100%| O|  |TAMS 0x0000000302b00000| PB 0x0000000302b00000| Untracked 
|  36|0x0000000302c00000, 0x0000000302d00000, 0x0000000302d00000|100%| O|  |TAMS 0x0000000302c00000| PB 0x0000000302c00000| Untracked 
|  37|0x0000000302d00000, 0x0000000302e00000, 0x0000000302e00000|100%| O|  |TAMS 0x0000000302d00000| PB 0x0000000302d00000| Untracked 
|  38|0x0000000302e00000, 0x0000000302f00000, 0x0000000302f00000|100%| O|  |TAMS 0x0000000302e00000| PB 0x0000000302e00000| Untracked 
|  39|0x0000000302f00000, 0x0000000303000000, 0x0000000303000000|100%| O|  |TAMS 0x0000000302f00000| PB 0x0000000302f00000| Untracked 
|  40|0x0000000303000000, 0x0000000303100000, 0x0000000303100000|100%| O|  |TAMS 0x0000000303000000| PB 0x0000000303000000| Untracked 
|  41|0x0000000303100000, 0x0000000303200000, 0x0000000303200000|100%| O|  |TAMS 0x0000000303100000| PB 0x0000000303100000| Untracked 
|  42|0x0000000303200000, 0x0000000303300000, 0x0000000303300000|100%| O|  |TAMS 0x0000000303200000| PB 0x0000000303200000| Untracked 
|  43|0x0000000303300000, 0x0000000303400000, 0x0000000303400000|100%| O|  |TAMS 0x0000000303300000| PB 0x0000000303300000| Untracked 
|  44|0x0000000303400000, 0x0000000303500000, 0x0000000303500000|100%| O|  |TAMS 0x0000000303400000| PB 0x0000000303400000| Untracked 
|  45|0x0000000303500000, 0x0000000303600000, 0x0000000303600000|100%| O|  |TAMS 0x0000000303500000| PB 0x0000000303500000| Untracked 
|  46|0x0000000303600000, 0x0000000303700000, 0x0000000303700000|100%| O|  |TAMS 0x0000000303600000| PB 0x0000000303600000| Untracked 
|  47|0x0000000303700000, 0x0000000303800000, 0x0000000303800000|100%| O|  |TAMS 0x0000000303700000| PB 0x0000000303700000| Untracked 
|  48|0x0000000303800000, 0x0000000303900000, 0x0000000303900000|100%| O|  |TAMS 0x0000000303800000| PB 0x0000000303800000| Untracked 
|  49|0x0000000303900000, 0x0000000303a00000, 0x0000000303a00000|100%| O|  |TAMS 0x0000000303900000| PB 0x0000000303900000| Untracked 
|  50|0x0000000303a00000, 0x0000000303b00000, 0x0000000303b00000|100%| O|  |TAMS 0x0000000303a00000| PB 0x0000000303a00000| Untracked 
|  51|0x0000000303b00000, 0x0000000303c00000, 0x0000000303c00000|100%| O|  |TAMS 0x0000000303b00000| PB 0x0000000303b00000| Untracked 
|  52|0x0000000303c00000, 0x0000000303d00000, 0x0000000303d00000|100%| O|  |TAMS 0x0000000303c00000| PB 0x0000000303c00000| Untracked 
|  53|0x0000000303d00000, 0x0000000303e00000, 0x0000000303e00000|100%| O|  |TAMS 0x0000000303d00000| PB 0x0000000303d00000| Untracked 
|  54|0x0000000303e00000, 0x0000000303f00000, 0x0000000303f00000|100%| O|  |TAMS 0x0000000303e00000| PB 0x0000000303e00000| Untracked 
|  55|0x0000000303f00000, 0x0000000304000000, 0x0000000304000000|100%| O|  |TAMS 0x0000000303f00000| PB 0x0000000303f00000| Untracked 
|  56|0x0000000304000000, 0x0000000304100000, 0x0000000304100000|100%|HS|  |TAMS 0x0000000304000000| PB 0x0000000304000000| Complete 
|  57|0x0000000304100000, 0x0000000304200000, 0x0000000304200000|100%|HC|  |TAMS 0x0000000304100000| PB 0x0000000304100000| Complete 
|  58|0x0000000304200000, 0x0000000304300000, 0x0000000304300000|100%| O|  |TAMS 0x0000000304200000| PB 0x0000000304200000| Untracked 
|  59|0x0000000304300000, 0x0000000304400000, 0x0000000304400000|100%| O|  |TAMS 0x0000000304300000| PB 0x0000000304300000| Untracked 
|  60|0x0000000304400000, 0x0000000304500000, 0x0000000304500000|100%| O|  |TAMS 0x0000000304400000| PB 0x0000000304400000| Untracked 
|  61|0x0000000304500000, 0x0000000304600000, 0x0000000304600000|100%| O|  |TAMS 0x0000000304500000| PB 0x0000000304500000| Untracked 
|  62|0x0000000304600000, 0x00000003046c08d0, 0x0000000304700000| 75%| O|  |TAMS 0x0000000304600000| PB 0x0000000304600000| Untracked 
|  63|0x0000000304700000, 0x0000000304800000, 0x0000000304800000|100%| O|  |TAMS 0x0000000304700000| PB 0x0000000304700000| Untracked 
|  64|0x0000000304800000, 0x0000000304900000, 0x0000000304900000|100%| O|  |TAMS 0x0000000304800000| PB 0x0000000304800000| Untracked 
|  65|0x0000000304900000, 0x0000000304a00000, 0x0000000304a00000|100%| O|  |TAMS 0x0000000304900000| PB 0x0000000304900000| Untracked 
|  66|0x0000000304a00000, 0x0000000304b00000, 0x0000000304b00000|100%| O|  |TAMS 0x0000000304a00000| PB 0x0000000304a00000| Untracked 
|  67|0x0000000304b00000, 0x0000000304c00000, 0x0000000304c00000|100%| O|  |TAMS 0x0000000304b00000| PB 0x0000000304b00000| Untracked 
|  68|0x0000000304c00000, 0x0000000304d00000, 0x0000000304d00000|100%| O|  |TAMS 0x0000000304c00000| PB 0x0000000304c00000| Untracked 
|  69|0x0000000304d00000, 0x0000000304e00000, 0x0000000304e00000|100%| O|  |TAMS 0x0000000304d00000| PB 0x0000000304d00000| Untracked 
|  70|0x0000000304e00000, 0x0000000304f00000, 0x0000000304f00000|100%| O|  |TAMS 0x0000000304e00000| PB 0x0000000304e00000| Untracked 
|  71|0x0000000304f00000, 0x0000000305000000, 0x0000000305000000|100%| O|  |TAMS 0x0000000304f00000| PB 0x0000000304f00000| Untracked 
|  72|0x0000000305000000, 0x0000000305100000, 0x0000000305100000|100%| O|  |TAMS 0x0000000305000000| PB 0x0000000305000000| Untracked 
|  73|0x0000000305100000, 0x0000000305200000, 0x0000000305200000|100%| O|  |TAMS 0x0000000305100000| PB 0x0000000305100000| Untracked 
|  74|0x0000000305200000, 0x0000000305300000, 0x0000000305300000|100%| O|  |TAMS 0x0000000305200000| PB 0x0000000305200000| Untracked 
|  75|0x0000000305300000, 0x0000000305400000, 0x0000000305400000|100%| O|  |TAMS 0x0000000305300000| PB 0x0000000305300000| Untracked 
|  76|0x0000000305400000, 0x0000000305500000, 0x0000000305500000|100%| O|  |TAMS 0x0000000305400000| PB 0x0000000305400000| Untracked 
|  77|0x0000000305500000, 0x0000000305600000, 0x0000000305600000|100%| O|  |TAMS 0x0000000305500000| PB 0x0000000305500000| Untracked 
|  78|0x0000000305600000, 0x0000000305700000, 0x0000000305700000|100%| O|  |TAMS 0x0000000305600000| PB 0x0000000305600000| Untracked 
|  79|0x0000000305700000, 0x0000000305800000, 0x0000000305800000|100%| O|Cm|TAMS 0x0000000305700000| PB 0x0000000305700000| Complete 
|  80|0x0000000305800000, 0x0000000305900000, 0x0000000305900000|100%| O|  |TAMS 0x0000000305800000| PB 0x0000000305800000| Untracked 
|  81|0x0000000305900000, 0x0000000305a00000, 0x0000000305a00000|100%| O|  |TAMS 0x0000000305900000| PB 0x0000000305900000| Untracked 
|  82|0x0000000305a00000, 0x0000000305b00000, 0x0000000305b00000|100%| O|  |TAMS 0x0000000305a00000| PB 0x0000000305a00000| Untracked 
|  83|0x0000000305b00000, 0x0000000305c00000, 0x0000000305c00000|100%| O|  |TAMS 0x0000000305b00000| PB 0x0000000305b00000| Untracked 
|  84|0x0000000305c00000, 0x0000000305c00000, 0x0000000305d00000|  0%| F|  |TAMS 0x0000000305c00000| PB 0x0000000305c00000| Untracked 
|  85|0x0000000305d00000, 0x0000000305d00000, 0x0000000305e00000|  0%| F|  |TAMS 0x0000000305d00000| PB 0x0000000305d00000| Untracked 
|  86|0x0000000305e00000, 0x0000000305e00000, 0x0000000305f00000|  0%| F|  |TAMS 0x0000000305e00000| PB 0x0000000305e00000| Untracked 
|  87|0x0000000305f00000, 0x0000000305f00000, 0x0000000306000000|  0%| F|  |TAMS 0x0000000305f00000| PB 0x0000000305f00000| Untracked 
|  88|0x0000000306000000, 0x0000000306000000, 0x0000000306100000|  0%| F|  |TAMS 0x0000000306000000| PB 0x0000000306000000| Untracked 
|  89|0x0000000306100000, 0x0000000306100000, 0x0000000306200000|  0%| F|  |TAMS 0x0000000306100000| PB 0x0000000306100000| Untracked 
|  90|0x0000000306200000, 0x0000000306200000, 0x0000000306300000|  0%| F|  |TAMS 0x0000000306200000| PB 0x0000000306200000| Untracked 
|  91|0x0000000306300000, 0x0000000306300000, 0x0000000306400000|  0%| F|  |TAMS 0x0000000306300000| PB 0x0000000306300000| Untracked 
|  92|0x0000000306400000, 0x0000000306400000, 0x0000000306500000|  0%| F|  |TAMS 0x0000000306400000| PB 0x0000000306400000| Untracked 
|  93|0x0000000306500000, 0x0000000306500000, 0x0000000306600000|  0%| F|  |TAMS 0x0000000306500000| PB 0x0000000306500000| Untracked 
|  94|0x0000000306600000, 0x0000000306600000, 0x0000000306700000|  0%| F|  |TAMS 0x0000000306600000| PB 0x0000000306600000| Untracked 
|  95|0x0000000306700000, 0x0000000306700000, 0x0000000306800000|  0%| F|  |TAMS 0x0000000306700000| PB 0x0000000306700000| Untracked 
|  96|0x0000000306800000, 0x0000000306800000, 0x0000000306900000|  0%| F|  |TAMS 0x0000000306800000| PB 0x0000000306800000| Untracked 
|  97|0x0000000306900000, 0x0000000306a00000, 0x0000000306a00000|100%| S|CS|TAMS 0x0000000306900000| PB 0x0000000306900000| Complete 
|  98|0x0000000306a00000, 0x0000000306b00000, 0x0000000306b00000|100%| S|CS|TAMS 0x0000000306a00000| PB 0x0000000306a00000| Complete 
|  99|0x0000000306b00000, 0x0000000306c00000, 0x0000000306c00000|100%| S|CS|TAMS 0x0000000306b00000| PB 0x0000000306b00000| Complete 
| 100|0x0000000306c00000, 0x0000000306d00000, 0x0000000306d00000|100%| S|CS|TAMS 0x0000000306c00000| PB 0x0000000306c00000| Complete 
| 101|0x0000000306d00000, 0x0000000306d00000, 0x0000000306e00000|  0%| F|  |TAMS 0x0000000306d00000| PB 0x0000000306d00000| Untracked 
| 102|0x0000000306e00000, 0x0000000306e00000, 0x0000000306f00000|  0%| F|  |TAMS 0x0000000306e00000| PB 0x0000000306e00000| Untracked 
| 103|0x0000000306f00000, 0x0000000306f00000, 0x0000000307000000|  0%| F|  |TAMS 0x0000000306f00000| PB 0x0000000306f00000| Untracked 
| 104|0x0000000307000000, 0x0000000307000000, 0x0000000307100000|  0%| F|  |TAMS 0x0000000307000000| PB 0x0000000307000000| Untracked 
| 105|0x0000000307100000, 0x0000000307200000, 0x0000000307200000|100%| S|CS|TAMS 0x0000000307100000| PB 0x0000000307100000| Complete 
| 106|0x0000000307200000, 0x0000000307300000, 0x0000000307300000|100%| S|CS|TAMS 0x0000000307200000| PB 0x0000000307200000| Complete 
| 107|0x0000000307300000, 0x0000000307400000, 0x0000000307400000|100%| S|CS|TAMS 0x0000000307300000| PB 0x0000000307300000| Complete 
| 108|0x0000000307400000, 0x0000000307500000, 0x0000000307500000|100%| S|CS|TAMS 0x0000000307400000| PB 0x0000000307400000| Complete 
| 109|0x0000000307500000, 0x0000000307500000, 0x0000000307600000|  0%| F|  |TAMS 0x0000000307500000| PB 0x0000000307500000| Untracked 
| 110|0x0000000307600000, 0x0000000307600000, 0x0000000307700000|  0%| F|  |TAMS 0x0000000307600000| PB 0x0000000307600000| Untracked 
| 111|0x0000000307700000, 0x0000000307700000, 0x0000000307800000|  0%| F|  |TAMS 0x0000000307700000| PB 0x0000000307700000| Untracked 
| 112|0x0000000307800000, 0x0000000307800000, 0x0000000307900000|  0%| F|  |TAMS 0x0000000307800000| PB 0x0000000307800000| Untracked 
| 113|0x0000000307900000, 0x0000000307900000, 0x0000000307a00000|  0%| F|  |TAMS 0x0000000307900000| PB 0x0000000307900000| Untracked 
| 114|0x0000000307a00000, 0x0000000307a00000, 0x0000000307b00000|  0%| F|  |TAMS 0x0000000307a00000| PB 0x0000000307a00000| Untracked 
| 115|0x0000000307b00000, 0x0000000307b00000, 0x0000000307c00000|  0%| F|  |TAMS 0x0000000307b00000| PB 0x0000000307b00000| Untracked 
| 116|0x0000000307c00000, 0x0000000307c00000, 0x0000000307d00000|  0%| F|  |TAMS 0x0000000307c00000| PB 0x0000000307c00000| Untracked 
| 117|0x0000000307d00000, 0x0000000307d00000, 0x0000000307e00000|  0%| F|  |TAMS 0x0000000307d00000| PB 0x0000000307d00000| Untracked 
| 118|0x0000000307e00000, 0x0000000307e00000, 0x0000000307f00000|  0%| F|  |TAMS 0x0000000307e00000| PB 0x0000000307e00000| Untracked 
| 119|0x0000000307f00000, 0x0000000307f00000, 0x0000000308000000|  0%| F|  |TAMS 0x0000000307f00000| PB 0x0000000307f00000| Untracked 
| 120|0x0000000308000000, 0x0000000308000000, 0x0000000308100000|  0%| F|  |TAMS 0x0000000308000000| PB 0x0000000308000000| Untracked 
| 121|0x0000000308100000, 0x0000000308100000, 0x0000000308200000|  0%| F|  |TAMS 0x0000000308100000| PB 0x0000000308100000| Untracked 
| 122|0x0000000308200000, 0x0000000308200000, 0x0000000308300000|  0%| F|  |TAMS 0x0000000308200000| PB 0x0000000308200000| Untracked 
| 123|0x0000000308300000, 0x0000000308300000, 0x0000000308400000|  0%| F|  |TAMS 0x0000000308300000| PB 0x0000000308300000| Untracked 
| 124|0x0000000308400000, 0x0000000308400000, 0x0000000308500000|  0%| F|  |TAMS 0x0000000308400000| PB 0x0000000308400000| Untracked 
| 125|0x0000000308500000, 0x0000000308500000, 0x0000000308600000|  0%| F|  |TAMS 0x0000000308500000| PB 0x0000000308500000| Untracked 
| 126|0x0000000308600000, 0x0000000308600000, 0x0000000308700000|  0%| F|  |TAMS 0x0000000308600000| PB 0x0000000308600000| Untracked 
| 127|0x0000000308700000, 0x0000000308700000, 0x0000000308800000|  0%| F|  |TAMS 0x0000000308700000| PB 0x0000000308700000| Untracked 
| 128|0x0000000308800000, 0x0000000308800000, 0x0000000308900000|  0%| F|  |TAMS 0x0000000308800000| PB 0x0000000308800000| Untracked 
| 129|0x0000000308900000, 0x0000000308900000, 0x0000000308a00000|  0%| F|  |TAMS 0x0000000308900000| PB 0x0000000308900000| Untracked 
| 130|0x0000000308a00000, 0x0000000308a00000, 0x0000000308b00000|  0%| F|  |TAMS 0x0000000308a00000| PB 0x0000000308a00000| Untracked 
| 131|0x0000000308b00000, 0x0000000308b00000, 0x0000000308c00000|  0%| F|  |TAMS 0x0000000308b00000| PB 0x0000000308b00000| Untracked 
| 132|0x0000000308c00000, 0x0000000308c00000, 0x0000000308d00000|  0%| F|  |TAMS 0x0000000308c00000| PB 0x0000000308c00000| Untracked 
| 133|0x0000000308d00000, 0x0000000308d00000, 0x0000000308e00000|  0%| F|  |TAMS 0x0000000308d00000| PB 0x0000000308d00000| Untracked 
| 134|0x0000000308e00000, 0x0000000308e00000, 0x0000000308f00000|  0%| F|  |TAMS 0x0000000308e00000| PB 0x0000000308e00000| Untracked 
| 135|0x0000000308f00000, 0x0000000308f00000, 0x0000000309000000|  0%| F|  |TAMS 0x0000000308f00000| PB 0x0000000308f00000| Untracked 
| 136|0x0000000309000000, 0x0000000309000000, 0x0000000309100000|  0%| F|  |TAMS 0x0000000309000000| PB 0x0000000309000000| Untracked 
| 137|0x0000000309100000, 0x0000000309100000, 0x0000000309200000|  0%| F|  |TAMS 0x0000000309100000| PB 0x0000000309100000| Untracked 
| 138|0x0000000309200000, 0x0000000309200000, 0x0000000309300000|  0%| F|  |TAMS 0x0000000309200000| PB 0x0000000309200000| Untracked 
| 139|0x0000000309300000, 0x0000000309300000, 0x0000000309400000|  0%| F|  |TAMS 0x0000000309300000| PB 0x0000000309300000| Untracked 
| 140|0x0000000309400000, 0x0000000309400000, 0x0000000309500000|  0%| F|  |TAMS 0x0000000309400000| PB 0x0000000309400000| Untracked 
| 141|0x0000000309500000, 0x0000000309500000, 0x0000000309600000|  0%| F|  |TAMS 0x0000000309500000| PB 0x0000000309500000| Untracked 
| 142|0x0000000309600000, 0x0000000309600000, 0x0000000309700000|  0%| F|  |TAMS 0x0000000309600000| PB 0x0000000309600000| Untracked 
| 143|0x0000000309700000, 0x0000000309700000, 0x0000000309800000|  0%| F|  |TAMS 0x0000000309700000| PB 0x0000000309700000| Untracked 
| 144|0x0000000309800000, 0x0000000309800000, 0x0000000309900000|  0%| F|  |TAMS 0x0000000309800000| PB 0x0000000309800000| Untracked 
| 145|0x0000000309900000, 0x00000003099462c8, 0x0000000309a00000| 27%| E|  |TAMS 0x0000000309900000| PB 0x0000000309900000| Complete 
| 146|0x0000000309a00000, 0x0000000309b00000, 0x0000000309b00000|100%| E|CS|TAMS 0x0000000309a00000| PB 0x0000000309a00000| Complete 
| 147|0x0000000309b00000, 0x0000000309c00000, 0x0000000309c00000|100%| E|CS|TAMS 0x0000000309b00000| PB 0x0000000309b00000| Complete 
| 148|0x0000000309c00000, 0x0000000309d00000, 0x0000000309d00000|100%| E|CS|TAMS 0x0000000309c00000| PB 0x0000000309c00000| Complete 
| 149|0x0000000309d00000, 0x0000000309e00000, 0x0000000309e00000|100%| E|CS|TAMS 0x0000000309d00000| PB 0x0000000309d00000| Complete 
| 150|0x0000000309e00000, 0x0000000309f00000, 0x0000000309f00000|100%| E|CS|TAMS 0x0000000309e00000| PB 0x0000000309e00000| Complete 
| 151|0x0000000309f00000, 0x000000030a000000, 0x000000030a000000|100%| E|CS|TAMS 0x0000000309f00000| PB 0x0000000309f00000| Complete 
| 152|0x000000030a000000, 0x000000030a100000, 0x000000030a100000|100%| E|CS|TAMS 0x000000030a000000| PB 0x000000030a000000| Complete 
| 153|0x000000030a100000, 0x000000030a200000, 0x000000030a200000|100%| E|CS|TAMS 0x000000030a100000| PB 0x000000030a100000| Complete 
| 154|0x000000030a200000, 0x000000030a300000, 0x000000030a300000|100%| E|CS|TAMS 0x000000030a200000| PB 0x000000030a200000| Complete 
| 155|0x000000030a300000, 0x000000030a400000, 0x000000030a400000|100%| E|CS|TAMS 0x000000030a300000| PB 0x000000030a300000| Complete 
| 156|0x000000030a400000, 0x000000030a500000, 0x000000030a500000|100%| E|CS|TAMS 0x000000030a400000| PB 0x000000030a400000| Complete 
| 157|0x000000030a500000, 0x000000030a600000, 0x000000030a600000|100%| E|CS|TAMS 0x000000030a500000| PB 0x000000030a500000| Complete 
| 158|0x000000030a600000, 0x000000030a700000, 0x000000030a700000|100%| E|CS|TAMS 0x000000030a600000| PB 0x000000030a600000| Complete 
| 159|0x000000030a700000, 0x000000030a800000, 0x000000030a800000|100%| E|CS|TAMS 0x000000030a700000| PB 0x000000030a700000| Complete 
| 160|0x000000030a800000, 0x000000030a900000, 0x000000030a900000|100%| E|CS|TAMS 0x000000030a800000| PB 0x000000030a800000| Complete 
| 161|0x000000030a900000, 0x000000030aa00000, 0x000000030aa00000|100%| E|CS|TAMS 0x000000030a900000| PB 0x000000030a900000| Complete 
| 162|0x000000030aa00000, 0x000000030ab00000, 0x000000030ab00000|100%| E|CS|TAMS 0x000000030aa00000| PB 0x000000030aa00000| Complete 
| 163|0x000000030ab00000, 0x000000030ac00000, 0x000000030ac00000|100%| E|CS|TAMS 0x000000030ab00000| PB 0x000000030ab00000| Complete 
| 164|0x000000030ac00000, 0x000000030ad00000, 0x000000030ad00000|100%| E|CS|TAMS 0x000000030ac00000| PB 0x000000030ac00000| Complete 
| 165|0x000000030ad00000, 0x000000030ae00000, 0x000000030ae00000|100%| E|CS|TAMS 0x000000030ad00000| PB 0x000000030ad00000| Complete 
| 166|0x000000030ae00000, 0x000000030af00000, 0x000000030af00000|100%| E|CS|TAMS 0x000000030ae00000| PB 0x000000030ae00000| Complete 
| 167|0x000000030af00000, 0x000000030b000000, 0x000000030b000000|100%| E|CS|TAMS 0x000000030af00000| PB 0x000000030af00000| Complete 
| 168|0x000000030b000000, 0x000000030b100000, 0x000000030b100000|100%| E|CS|TAMS 0x000000030b000000| PB 0x000000030b000000| Complete 
| 169|0x000000030b100000, 0x000000030b200000, 0x000000030b200000|100%| E|CS|TAMS 0x000000030b100000| PB 0x000000030b100000| Complete 
| 170|0x000000030b200000, 0x000000030b300000, 0x000000030b300000|100%| E|CS|TAMS 0x000000030b200000| PB 0x000000030b200000| Complete 
| 171|0x000000030b300000, 0x000000030b400000, 0x000000030b400000|100%| E|CS|TAMS 0x000000030b300000| PB 0x000000030b300000| Complete 
| 172|0x000000030b400000, 0x000000030b500000, 0x000000030b500000|100%| E|CS|TAMS 0x000000030b400000| PB 0x000000030b400000| Complete 
| 173|0x000000030b500000, 0x000000030b600000, 0x000000030b600000|100%| E|CS|TAMS 0x000000030b500000| PB 0x000000030b500000| Complete 
| 174|0x000000030b600000, 0x000000030b700000, 0x000000030b700000|100%| E|CS|TAMS 0x000000030b600000| PB 0x000000030b600000| Complete 
| 175|0x000000030b700000, 0x000000030b800000, 0x000000030b800000|100%| E|CS|TAMS 0x000000030b700000| PB 0x000000030b700000| Complete 
| 176|0x000000030b800000, 0x000000030b900000, 0x000000030b900000|100%| E|CS|TAMS 0x000000030b800000| PB 0x000000030b800000| Complete 
| 177|0x000000030b900000, 0x000000030ba00000, 0x000000030ba00000|100%| E|CS|TAMS 0x000000030b900000| PB 0x000000030b900000| Complete 
| 178|0x000000030ba00000, 0x000000030bb00000, 0x000000030bb00000|100%| E|CS|TAMS 0x000000030ba00000| PB 0x000000030ba00000| Complete 
| 179|0x000000030bb00000, 0x000000030bc00000, 0x000000030bc00000|100%| E|CS|TAMS 0x000000030bb00000| PB 0x000000030bb00000| Complete 
| 180|0x000000030bc00000, 0x000000030bd00000, 0x000000030bd00000|100%| E|CS|TAMS 0x000000030bc00000| PB 0x000000030bc00000| Complete 
| 181|0x000000030bd00000, 0x000000030be00000, 0x000000030be00000|100%| E|CS|TAMS 0x000000030bd00000| PB 0x000000030bd00000| Complete 
| 182|0x000000030be00000, 0x000000030bf00000, 0x000000030bf00000|100%| E|CS|TAMS 0x000000030be00000| PB 0x000000030be00000| Complete 
| 183|0x000000030bf00000, 0x000000030c000000, 0x000000030c000000|100%| E|CS|TAMS 0x000000030bf00000| PB 0x000000030bf00000| Complete 
| 184|0x000000030c000000, 0x000000030c100000, 0x000000030c100000|100%| E|CS|TAMS 0x000000030c000000| PB 0x000000030c000000| Complete 
| 185|0x000000030c100000, 0x000000030c200000, 0x000000030c200000|100%| E|CS|TAMS 0x000000030c100000| PB 0x000000030c100000| Complete 
| 186|0x000000030c200000, 0x000000030c300000, 0x000000030c300000|100%| E|CS|TAMS 0x000000030c200000| PB 0x000000030c200000| Complete 
| 187|0x000000030c300000, 0x000000030c400000, 0x000000030c400000|100%| E|CS|TAMS 0x000000030c300000| PB 0x000000030c300000| Complete 
| 188|0x000000030c400000, 0x000000030c500000, 0x000000030c500000|100%| E|CS|TAMS 0x000000030c400000| PB 0x000000030c400000| Complete 
| 189|0x000000030c500000, 0x000000030c600000, 0x000000030c600000|100%| E|CS|TAMS 0x000000030c500000| PB 0x000000030c500000| Complete 
| 190|0x000000030c600000, 0x000000030c700000, 0x000000030c700000|100%| E|CS|TAMS 0x000000030c600000| PB 0x000000030c600000| Complete 
| 191|0x000000030c700000, 0x000000030c800000, 0x000000030c800000|100%| E|CS|TAMS 0x000000030c700000| PB 0x000000030c700000| Complete 
| 192|0x000000030c800000, 0x000000030c900000, 0x000000030c900000|100%| E|CS|TAMS 0x000000030c800000| PB 0x000000030c800000| Complete 
| 193|0x000000030c900000, 0x000000030ca00000, 0x000000030ca00000|100%| E|CS|TAMS 0x000000030c900000| PB 0x000000030c900000| Complete 
| 194|0x000000030ca00000, 0x000000030cb00000, 0x000000030cb00000|100%| E|CS|TAMS 0x000000030ca00000| PB 0x000000030ca00000| Complete 
| 195|0x000000030cb00000, 0x000000030cc00000, 0x000000030cc00000|100%| E|CS|TAMS 0x000000030cb00000| PB 0x000000030cb00000| Complete 
| 196|0x000000030cc00000, 0x000000030cd00000, 0x000000030cd00000|100%| E|CS|TAMS 0x000000030cc00000| PB 0x000000030cc00000| Complete 
| 197|0x000000030cd00000, 0x000000030ce00000, 0x000000030ce00000|100%| E|CS|TAMS 0x000000030cd00000| PB 0x000000030cd00000| Complete 
| 198|0x000000030ce00000, 0x000000030cf00000, 0x000000030cf00000|100%| E|CS|TAMS 0x000000030ce00000| PB 0x000000030ce00000| Complete 
| 199|0x000000030cf00000, 0x000000030d000000, 0x000000030d000000|100%| E|CS|TAMS 0x000000030cf00000| PB 0x000000030cf00000| Complete 
| 200|0x000000030d000000, 0x000000030d100000, 0x000000030d100000|100%| E|CS|TAMS 0x000000030d000000| PB 0x000000030d000000| Complete 
| 201|0x000000030d100000, 0x000000030d200000, 0x000000030d200000|100%| E|CS|TAMS 0x000000030d100000| PB 0x000000030d100000| Complete 
| 202|0x000000030d200000, 0x000000030d300000, 0x000000030d300000|100%| E|CS|TAMS 0x000000030d200000| PB 0x000000030d200000| Complete 
| 203|0x000000030d300000, 0x000000030d400000, 0x000000030d400000|100%| E|CS|TAMS 0x000000030d300000| PB 0x000000030d300000| Complete 
| 204|0x000000030d400000, 0x000000030d500000, 0x000000030d500000|100%| E|CS|TAMS 0x000000030d400000| PB 0x000000030d400000| Complete 
| 205|0x000000030d500000, 0x000000030d600000, 0x000000030d600000|100%| E|CS|TAMS 0x000000030d500000| PB 0x000000030d500000| Complete 
| 206|0x000000030d600000, 0x000000030d700000, 0x000000030d700000|100%| E|CS|TAMS 0x000000030d600000| PB 0x000000030d600000| Complete 
| 207|0x000000030d700000, 0x000000030d800000, 0x000000030d800000|100%| E|CS|TAMS 0x000000030d700000| PB 0x000000030d700000| Complete 
| 208|0x000000030d800000, 0x000000030d900000, 0x000000030d900000|100%| E|CS|TAMS 0x000000030d800000| PB 0x000000030d800000| Complete 
| 209|0x000000030d900000, 0x000000030da00000, 0x000000030da00000|100%| E|CS|TAMS 0x000000030d900000| PB 0x000000030d900000| Complete 
| 210|0x000000030da00000, 0x000000030db00000, 0x000000030db00000|100%| E|CS|TAMS 0x000000030da00000| PB 0x000000030da00000| Complete 
| 211|0x000000030db00000, 0x000000030dc00000, 0x000000030dc00000|100%| E|CS|TAMS 0x000000030db00000| PB 0x000000030db00000| Complete 
| 212|0x000000030dc00000, 0x000000030dd00000, 0x000000030dd00000|100%| E|CS|TAMS 0x000000030dc00000| PB 0x000000030dc00000| Complete 
| 213|0x000000030dd00000, 0x000000030de00000, 0x000000030de00000|100%| E|CS|TAMS 0x000000030dd00000| PB 0x000000030dd00000| Complete 
| 214|0x000000030de00000, 0x000000030df00000, 0x000000030df00000|100%| E|CS|TAMS 0x000000030de00000| PB 0x000000030de00000| Complete 
| 215|0x000000030df00000, 0x000000030e000000, 0x000000030e000000|100%| E|CS|TAMS 0x000000030df00000| PB 0x000000030df00000| Complete 
| 216|0x000000030e000000, 0x000000030e100000, 0x000000030e100000|100%| E|CS|TAMS 0x000000030e000000| PB 0x000000030e000000| Complete 
| 217|0x000000030e100000, 0x000000030e200000, 0x000000030e200000|100%| E|CS|TAMS 0x000000030e100000| PB 0x000000030e100000| Complete 
| 218|0x000000030e200000, 0x000000030e300000, 0x000000030e300000|100%| E|CS|TAMS 0x000000030e200000| PB 0x000000030e200000| Complete 
| 219|0x000000030e300000, 0x000000030e400000, 0x000000030e400000|100%| E|CS|TAMS 0x000000030e300000| PB 0x000000030e300000| Complete 
| 220|0x000000030e400000, 0x000000030e500000, 0x000000030e500000|100%| E|CS|TAMS 0x000000030e400000| PB 0x000000030e400000| Complete 
| 221|0x000000030e500000, 0x000000030e600000, 0x000000030e600000|100%| E|CS|TAMS 0x000000030e500000| PB 0x000000030e500000| Complete 
| 222|0x000000030e600000, 0x000000030e700000, 0x000000030e700000|100%| E|CS|TAMS 0x000000030e600000| PB 0x000000030e600000| Complete 
| 223|0x000000030e700000, 0x000000030e800000, 0x000000030e800000|100%| E|CS|TAMS 0x000000030e700000| PB 0x000000030e700000| Complete 
| 224|0x000000030e800000, 0x000000030e900000, 0x000000030e900000|100%| E|CS|TAMS 0x000000030e800000| PB 0x000000030e800000| Complete 
| 225|0x000000030e900000, 0x000000030ea00000, 0x000000030ea00000|100%| E|CS|TAMS 0x000000030e900000| PB 0x000000030e900000| Complete 
| 226|0x000000030ea00000, 0x000000030eb00000, 0x000000030eb00000|100%| E|CS|TAMS 0x000000030ea00000| PB 0x000000030ea00000| Complete 
| 227|0x000000030eb00000, 0x000000030ec00000, 0x000000030ec00000|100%| E|CS|TAMS 0x000000030eb00000| PB 0x000000030eb00000| Complete 
| 228|0x000000030ec00000, 0x000000030ed00000, 0x000000030ed00000|100%| E|CS|TAMS 0x000000030ec00000| PB 0x000000030ec00000| Complete 
| 229|0x000000030ed00000, 0x000000030ee00000, 0x000000030ee00000|100%| E|CS|TAMS 0x000000030ed00000| PB 0x000000030ed00000| Complete 
| 230|0x000000030ee00000, 0x000000030ef00000, 0x000000030ef00000|100%| E|CS|TAMS 0x000000030ee00000| PB 0x000000030ee00000| Complete 
| 231|0x000000030ef00000, 0x000000030f000000, 0x000000030f000000|100%| E|CS|TAMS 0x000000030ef00000| PB 0x000000030ef00000| Complete 
| 232|0x000000030f000000, 0x000000030f100000, 0x000000030f100000|100%| E|CS|TAMS 0x000000030f000000| PB 0x000000030f000000| Complete 
| 233|0x000000030f100000, 0x000000030f200000, 0x000000030f200000|100%| E|CS|TAMS 0x000000030f100000| PB 0x000000030f100000| Complete 
| 234|0x000000030f200000, 0x000000030f300000, 0x000000030f300000|100%| E|CS|TAMS 0x000000030f200000| PB 0x000000030f200000| Complete 
| 235|0x000000030f300000, 0x000000030f400000, 0x000000030f400000|100%| E|CS|TAMS 0x000000030f300000| PB 0x000000030f300000| Complete 
| 236|0x000000030f400000, 0x000000030f500000, 0x000000030f500000|100%| E|CS|TAMS 0x000000030f400000| PB 0x000000030f400000| Complete 
| 237|0x000000030f500000, 0x000000030f600000, 0x000000030f600000|100%| E|CS|TAMS 0x000000030f500000| PB 0x000000030f500000| Complete 
| 238|0x000000030f600000, 0x000000030f700000, 0x000000030f700000|100%| E|CS|TAMS 0x000000030f600000| PB 0x000000030f600000| Complete 
| 239|0x000000030f700000, 0x000000030f800000, 0x000000030f800000|100%| E|CS|TAMS 0x000000030f700000| PB 0x000000030f700000| Complete 
| 240|0x000000030f800000, 0x000000030f900000, 0x000000030f900000|100%| E|CS|TAMS 0x000000030f800000| PB 0x000000030f800000| Complete 
| 241|0x000000030f900000, 0x000000030fa00000, 0x000000030fa00000|100%| E|CS|TAMS 0x000000030f900000| PB 0x000000030f900000| Complete 
| 242|0x000000030fa00000, 0x000000030fb00000, 0x000000030fb00000|100%| E|CS|TAMS 0x000000030fa00000| PB 0x000000030fa00000| Complete 
| 243|0x000000030fb00000, 0x000000030fc00000, 0x000000030fc00000|100%| E|CS|TAMS 0x000000030fb00000| PB 0x000000030fb00000| Complete 
| 244|0x000000030fc00000, 0x000000030fd00000, 0x000000030fd00000|100%| E|CS|TAMS 0x000000030fc00000| PB 0x000000030fc00000| Complete 
| 245|0x000000030fd00000, 0x000000030fe00000, 0x000000030fe00000|100%| E|CS|TAMS 0x000000030fd00000| PB 0x000000030fd00000| Complete 
| 246|0x000000030fe00000, 0x000000030ff00000, 0x000000030ff00000|100%| E|CS|TAMS 0x000000030fe00000| PB 0x000000030fe00000| Complete 
| 247|0x000000030ff00000, 0x0000000310000000, 0x0000000310000000|100%| E|CS|TAMS 0x000000030ff00000| PB 0x000000030ff00000| Complete 
| 248|0x0000000310000000, 0x0000000310100000, 0x0000000310100000|100%| E|CS|TAMS 0x0000000310000000| PB 0x0000000310000000| Complete 
|2046|0x0000000380600000, 0x0000000380700000, 0x0000000380700000|100%| O|  |TAMS 0x0000000380600000| PB 0x0000000380600000| Untracked 
|2047|0x0000000380700000, 0x0000000380800000, 0x0000000380800000|100%| E|CS|TAMS 0x0000000380700000| PB 0x0000000380700000| Complete 

Card table byte_map: [0x00000001053cc000,0x00000001057cc000] _byte_map_base: 0x0000000103bc8000

Marking Bits: (CMBitMap*) 0x000000078509c010
 Bits: [0x000000011e73c000, 0x000000012073c000)

Polling page: 0x00000001002ec000

Metaspace:

Usage:
  Non-class:     96.67 MB used.
      Class:     12.38 MB used.
       Both:    109.05 MB used.

Virtual space:
  Non-class space:      128.00 MB reserved,      98.25 MB ( 77%) committed,  2 nodes.
      Class space:        1.00 GB reserved,      13.44 MB (  1%) committed,  1 nodes.
             Both:        1.12 GB reserved,     111.69 MB ( 10%) committed. 

Chunk freelists:
   Non-Class:  13.67 MB
       Class:  2.55 MB
        Both:  16.22 MB

MaxMetaspaceSize: unlimited
CompressedClassSpaceSize: 1.00 GB
Initial GC threshold: 21.00 MB
Current GC threshold: 186.19 MB
CDS: on
 - commit_granule_bytes: 65536.
 - commit_granule_words: 8192.
 - virtual_space_node_default_size: 8388608.
 - enlarge_chunks_in_place: 1.
 - use_allocation_guard: 0.


Internal statistics:

num_allocs_failed_limit: 15.
num_arena_births: 1654.
num_arena_deaths: 0.
num_vsnodes_births: 3.
num_vsnodes_deaths: 0.
num_space_committed: 1781.
num_space_uncommitted: 0.
num_chunks_returned_to_freelist: 15.
num_chunks_taken_from_freelist: 6416.
num_chunk_merges: 15.
num_chunk_splits: 4033.
num_chunks_enlarged: 2337.
num_inconsistent_stats: 0.

CodeHeap 'non-profiled nmethods': size=120032Kb used=8305Kb max_used=9267Kb free=111726Kb
 bounds [0x0000000117204000, 0x0000000117b54000, 0x000000011e73c000]
CodeHeap 'profiled nmethods': size=120016Kb used=10303Kb max_used=30668Kb free=109712Kb
 bounds [0x000000010f73c000, 0x000000011153c000, 0x0000000116c70000]
CodeHeap 'non-nmethods': size=5712Kb used=2015Kb max_used=2133Kb free=3696Kb
 bounds [0x0000000116c70000, 0x0000000116ee0000, 0x0000000117204000]
CodeCache: size=245760Kb, used=20623Kb, max_used=42068Kb, free=225134Kb
 total_blobs=6322, nmethods=5133, adapters=1094, full_count=0
Compilation: enabled, stopped_count=0, restarted_count=0

Compilation events (20 events):
Event: 315.435 Thread 0x00000007850c4800 22275       3       org.eclipse.swt.graphics.Resource::dispose (81 bytes)
Event: 315.435 Thread 0x00000007850c4800 nmethod 22275 0x00000001101b9210 code [0x00000001101b9480, 0x00000001101b9dc8]
Event: 315.435 Thread 0x00000007850c4800 22272       3       org.eclipse.swt.internal.cocoa.NSWindow::windowNumber (11 bytes)
Event: 315.435 Thread 0x00000007850c4800 nmethod 22272 0x00000001101b8e10 code [0x00000001101b8fc0, 0x00000001101b9148]
Event: 315.435 Thread 0x00000007850c4800 22270       3       java.util.RegularEnumSet::<init> (12 bytes)
Event: 315.435 Thread 0x00000007850c4800 nmethod 22270 0x00000001101b8790 code [0x00000001101b8940, 0x00000001101b8c78]
Event: 315.435 Thread 0x00000007850c4800 22271       3       java.util.EnumSet::<init> (15 bytes)
Event: 315.435 Thread 0x00000007850c4800 nmethod 22271 0x00000001109d3110 code [0x00000001109d32c0, 0x00000001109d3590]
Event: 315.435 Thread 0x00000007850c4800 22277       1       java.util.Collections$EmptyList::contains (2 bytes)
Event: 315.435 Thread 0x00000007850c4800 nmethod 22277 0x000000011772ef10 code [0x000000011772f080, 0x000000011772f158]
Event: 315.435 Thread 0x00000007850c4800 22281       2       java.util.ArrayList$SubList::rangeCheckForAdd (26 bytes)
Event: 315.436 Thread 0x00000007850c4800 nmethod 22281 0x00000001109d2790 code [0x00000001109d29c0, 0x00000001109d2e08]
Event: 315.436 Thread 0x00000007850c4800 22282       2       java.util.ArrayList$SubList$1::<init> (39 bytes)
Event: 315.436 Thread 0x00000007850c4800 nmethod 22282 0x00000001109d2390 code [0x00000001109d2500, 0x00000001109d2680]
Event: 315.437 Thread 0x00000007850c4000 nmethod 22267 0x00000001176f2d90 code [0x00000001176f2f80, 0x00000001176f3490]
Event: 315.437 Thread 0x00000007850c4000 22274       4       org.eclipse.swt.internal.cocoa.NSSize::<init> (5 bytes)
Event: 315.437 Thread 0x00000007850c4000 nmethod 22274 0x000000011772ec10 code [0x000000011772ed80, 0x000000011772edf8]
Event: 315.437 Thread 0x00000007850c4000 22278       4       java.util.concurrent.locks.ReentrantReadWriteLock$Sync::tryReleaseShared (146 bytes)
Event: 315.439 Thread 0x00000007850c4000 nmethod 22278 0x0000000117309d10 code [0x0000000117309f00, 0x000000011730a360]
Event: 315.439 Thread 0x00000007850c4000 22283   !   4       org.eclipse.osgi.internal.container.AtomicLazyInitializer::getInitialized (70 bytes)

GC Heap History (20 events):
Event: 274.064 GC heap before
{Heap before GC invocations=75 (full 0):
 garbage-first heap   total 257024K, used 232413K [0x0000000300800000, 0x0000000380800000)
  region size 1024K, 147 young (150528K), 9 survivors (9216K)
 Metaspace       used 111247K, committed 113920K, reserved 1179648K
  class space    used 12637K, committed 13696K, reserved 1048576K
}
Event: 274.070 GC heap after
{Heap after GC invocations=76 (full 0):
 garbage-first heap   total 257024K, used 93745K [0x0000000300800000, 0x0000000380800000)
  region size 1024K, 11 young (11264K), 11 survivors (11264K)
 Metaspace       used 111247K, committed 113920K, reserved 1179648K
  class space    used 12637K, committed 13696K, reserved 1048576K
}
Event: 293.169 GC heap before
{Heap before GC invocations=77 (full 0):
 garbage-first heap   total 257024K, used 228913K [0x0000000300800000, 0x0000000380800000)
  region size 1024K, 144 young (147456K), 11 survivors (11264K)
 Metaspace       used 111258K, committed 113920K, reserved 1179648K
  class space    used 12637K, committed 13696K, reserved 1048576K
}
Event: 293.174 GC heap after
{Heap after GC invocations=78 (full 0):
 garbage-first heap   total 257024K, used 93491K [0x0000000300800000, 0x0000000380800000)
  region size 1024K, 10 young (10240K), 10 survivors (10240K)
 Metaspace       used 111258K, committed 113920K, reserved 1179648K
  class space    used 12637K, committed 13696K, reserved 1048576K
}
Event: 295.788 GC heap before
{Heap before GC invocations=78 (full 0):
 garbage-first heap   total 257024K, used 230707K [0x0000000300800000, 0x0000000380800000)
  region size 1024K, 145 young (148480K), 10 survivors (10240K)
 Metaspace       used 111263K, committed 113920K, reserved 1179648K
  class space    used 12638K, committed 13696K, reserved 1048576K
}
Event: 295.790 GC heap after
{Heap after GC invocations=79 (full 0):
 garbage-first heap   total 257024K, used 93264K [0x0000000300800000, 0x0000000380800000)
  region size 1024K, 10 young (10240K), 10 survivors (10240K)
 Metaspace       used 111263K, committed 113920K, reserved 1179648K
  class space    used 12638K, committed 13696K, reserved 1048576K
}
Event: 295.982 GC heap before
{Heap before GC invocations=79 (full 0):
 garbage-first heap   total 257024K, used 231504K [0x0000000300800000, 0x0000000380800000)
  region size 1024K, 145 young (148480K), 10 survivors (10240K)
 Metaspace       used 111263K, committed 113920K, reserved 1179648K
  class space    used 12638K, committed 13696K, reserved 1048576K
}
Event: 295.983 GC heap after
{Heap after GC invocations=80 (full 0):
 garbage-first heap   total 257024K, used 93378K [0x0000000300800000, 0x0000000380800000)
  region size 1024K, 9 young (9216K), 9 survivors (9216K)
 Metaspace       used 111263K, committed 113920K, reserved 1179648K
  class space    used 12638K, committed 13696K, reserved 1048576K
}
Event: 296.199 GC heap before
{Heap before GC invocations=81 (full 0):
 garbage-first heap   total 257024K, used 232642K [0x0000000300800000, 0x0000000380800000)
  region size 1024K, 145 young (148480K), 9 survivors (9216K)
 Metaspace       used 111263K, committed 113920K, reserved 1179648K
  class space    used 12638K, committed 13696K, reserved 1048576K
}
Event: 296.201 GC heap after
{Heap after GC invocations=82 (full 0):
 garbage-first heap   total 257024K, used 92725K [0x0000000300800000, 0x0000000380800000)
  region size 1024K, 8 young (8192K), 8 survivors (8192K)
 Metaspace       used 111263K, committed 113920K, reserved 1179648K
  class space    used 12638K, committed 13696K, reserved 1048576K
}
Event: 296.399 GC heap before
{Heap before GC invocations=82 (full 0):
 garbage-first heap   total 257024K, used 234037K [0x0000000300800000, 0x0000000380800000)
  region size 1024K, 146 young (149504K), 8 survivors (8192K)
 Metaspace       used 111263K, committed 113920K, reserved 1179648K
  class space    used 12638K, committed 13696K, reserved 1048576K
}
Event: 296.400 GC heap after
{Heap after GC invocations=83 (full 0):
 garbage-first heap   total 257024K, used 93262K [0x0000000300800000, 0x0000000380800000)
  region size 1024K, 9 young (9216K), 9 survivors (9216K)
 Metaspace       used 111263K, committed 113920K, reserved 1179648K
  class space    used 12638K, committed 13696K, reserved 1048576K
}
Event: 296.598 GC heap before
{Heap before GC invocations=83 (full 0):
 garbage-first heap   total 257024K, used 232526K [0x0000000300800000, 0x0000000380800000)
  region size 1024K, 145 young (148480K), 9 survivors (9216K)
 Metaspace       used 111263K, committed 113920K, reserved 1179648K
  class space    used 12638K, committed 13696K, reserved 1048576K
}
Event: 296.599 GC heap after
{Heap after GC invocations=84 (full 0):
 garbage-first heap   total 257024K, used 92461K [0x0000000300800000, 0x0000000380800000)
  region size 1024K, 7 young (7168K), 7 survivors (7168K)
 Metaspace       used 111263K, committed 113920K, reserved 1179648K
  class space    used 12638K, committed 13696K, reserved 1048576K
}
Event: 296.813 GC heap before
{Heap before GC invocations=85 (full 0):
 garbage-first heap   total 257024K, used 234797K [0x0000000300800000, 0x0000000380800000)
  region size 1024K, 146 young (149504K), 7 survivors (7168K)
 Metaspace       used 111263K, committed 113920K, reserved 1179648K
  class space    used 12638K, committed 13696K, reserved 1048576K
}
Event: 296.815 GC heap after
{Heap after GC invocations=86 (full 0):
 garbage-first heap   total 257024K, used 93434K [0x0000000300800000, 0x0000000380800000)
  region size 1024K, 8 young (8192K), 8 survivors (8192K)
 Metaspace       used 111263K, committed 113920K, reserved 1179648K
  class space    used 12638K, committed 13696K, reserved 1048576K
}
Event: 302.708 GC heap before
{Heap before GC invocations=86 (full 0):
 garbage-first heap   total 257024K, used 232698K [0x0000000300800000, 0x0000000380800000)
  region size 1024K, 145 young (148480K), 8 survivors (8192K)
 Metaspace       used 111666K, committed 114368K, reserved 1179648K
  class space    used 12678K, committed 13760K, reserved 1048576K
}
Event: 302.713 GC heap after
{Heap after GC invocations=87 (full 0):
 garbage-first heap   total 257024K, used 94138K [0x0000000300800000, 0x0000000380800000)
  region size 1024K, 8 young (8192K), 8 survivors (8192K)
 Metaspace       used 111666K, committed 114368K, reserved 1179648K
  class space    used 12678K, committed 13760K, reserved 1048576K
}
Event: 310.448 GC heap before
{Heap before GC invocations=87 (full 0):
 garbage-first heap   total 257024K, used 233402K [0x0000000300800000, 0x0000000380800000)
  region size 1024K, 145 young (148480K), 8 survivors (8192K)
 Metaspace       used 111667K, committed 114368K, reserved 1179648K
  class space    used 12678K, committed 13760K, reserved 1048576K
}
Event: 310.453 GC heap after
{Heap after GC invocations=88 (full 0):
 garbage-first heap   total 257024K, used 94978K [0x0000000300800000, 0x0000000380800000)
  region size 1024K, 8 young (8192K), 8 survivors (8192K)
 Metaspace       used 111667K, committed 114368K, reserved 1179648K
  class space    used 12678K, committed 13760K, reserved 1048576K
}

Dll operation events (20 events):
Event: 0.004 Loaded shared library /Library/Java/JavaVirtualMachines/temurin-21.jdk/Contents/Home/lib/libzip.dylib
Event: 0.040 Loaded shared library /Library/Java/JavaVirtualMachines/temurin-21.jdk/Contents/Home/lib/libinstrument.dylib
Event: 0.065 Loaded shared library /Library/Java/JavaVirtualMachines/temurin-21.jdk/Contents/Home/lib/libnio.dylib
Event: 0.069 Loaded shared library /Library/Java/JavaVirtualMachines/temurin-21.jdk/Contents/Home/lib/libzip.dylib
Event: 0.072 Loaded shared library /Library/Java/JavaVirtualMachines/temurin-21.jdk/Contents/Home/lib/libverify.dylib
Event: 0.078 Loaded shared library /Library/Java/JavaVirtualMachines/temurin-21.jdk/Contents/Home/lib/libawt.dylib
Event: 0.080 Loaded shared library /Library/Java/JavaVirtualMachines/temurin-21.jdk/Contents/Home/lib/libawt_lwawt.dylib
Event: 0.090 Loaded shared library /Library/Java/JavaVirtualMachines/temurin-21.jdk/Contents/Home/lib/libnet.dylib
Event: 0.098 Loaded shared library /Library/Java/JavaVirtualMachines/temurin-21.jdk/Contents/Home/lib/libjimage.dylib
Event: 0.195 Loaded shared library /Library/Java/JavaVirtualMachines/temurin-21.jdk/Contents/Home/lib/libextnet.dylib
Event: 0.836 Loaded shared library /Users/labanovichttps/Documents/projects/dbeaver-workspace/products/DBeaverUltimate.product/org.eclipse.osgi/60/0/.cp/libswt-cocoa-4970r5.jnilib
Event: 0.875 Loaded shared library /Users/labanovichttps/Documents/projects/dbeaver-workspace/products/DBeaverUltimate.product/org.eclipse.osgi/60/0/.cp/libswt-pi-cocoa-4970r5.jnilib
Event: 1.354 Loaded shared library /Users/labanovichttps/Documents/projects/dbeaver-workspace/products/DBeaverUltimate.product/org.eclipse.osgi/90/0/.cp/os/macosx/libunixfile_1_0_0.jnilib
Event: 1.399 Loaded shared library /Library/Java/JavaVirtualMachines/temurin-21.jdk/Contents/Home/lib/libjaas.dylib
Event: 1.477 Loaded shared library /Users/labanovichttps/Documents/projects/dbeaver-workspace/products/DBeaverUltimate.product/org.eclipse.osgi/288/0/.cp/libkeystoreNative.jnilib
Event: 2.061 Loaded shared library /Library/Java/JavaVirtualMachines/temurin-21.jdk/Contents/Home/lib/libfontmanager.dylib
Event: 2.726 Loaded shared library /Library/Java/JavaVirtualMachines/temurin-21.jdk/Contents/Home/lib/libmlib_image.dylib
Event: 2.789 Loaded shared library /Library/Java/JavaVirtualMachines/temurin-21.jdk/Contents/Home/lib/libmanagement.dylib
Event: 2.793 Loaded shared library /Library/Java/JavaVirtualMachines/temurin-21.jdk/Contents/Home/lib/libmanagement_ext.dylib
Event: 4.526 Loaded shared library /Library/Java/JavaVirtualMachines/temurin-21.jdk/Contents/Home/lib/libprefs.dylib

Deoptimization events (20 events):
Event: 302.714 Thread 0x0000000100a303d0 Uncommon trap: trap_request=0xffffff45 fr.pc=0x0000000117a027d8 relative=0x00000000000025d8
Event: 302.714 Thread 0x0000000100a303d0 Uncommon trap: reason=unstable_if action=reinterpret pc=0x0000000117a027d8 method=java.util.concurrent.locks.AbstractQueuedSynchronizer.acquire(Ljava/util/concurrent/locks/AbstractQueuedSynchronizer$Node;IZZZJ)I @ 49 c2
Event: 302.714 Thread 0x0000000100a303d0 DEOPT PACKING pc=0x0000000117a027d8 sp=0x0000000170d46830
Event: 302.714 Thread 0x0000000100a303d0 DEOPT UNPACKING pc=0x0000000116cb301c sp=0x0000000170d467b0 mode 2
Event: 303.138 Thread 0x000000077f5c4700 Uncommon trap: trap_request=0xffffff45 fr.pc=0x00000001178e297c relative=0x000000000000137c
Event: 303.138 Thread 0x000000077f5c4700 Uncommon trap: reason=unstable_if action=reinterpret pc=0x00000001178e297c method=org.h2.mvstore.cache.CacheLongKeyLIRS$Segment.trimNonResidentQueue()V @ 29 c2
Event: 303.138 Thread 0x000000077f5c4700 DEOPT PACKING pc=0x00000001178e297c sp=0x000000017515dad0
Event: 303.138 Thread 0x000000077f5c4700 DEOPT UNPACKING pc=0x0000000116cb301c sp=0x000000017515d9e0 mode 2
Event: 303.157 Thread 0x000000077b24e300 Uncommon trap: trap_request=0xffffff45 fr.pc=0x0000000117494004 relative=0x0000000000000084
Event: 303.157 Thread 0x000000077b24e300 Uncommon trap: reason=unstable_if action=reinterpret pc=0x0000000117494004 method=org.h2.mvstore.cache.CacheLongKeyLIRS$Segment.trimNonResidentQueue()V @ 29 c2
Event: 303.157 Thread 0x000000077b24e300 DEOPT PACKING pc=0x0000000117494004 sp=0x0000000178391c30
Event: 303.157 Thread 0x000000077b24e300 DEOPT UNPACKING pc=0x0000000116cb301c sp=0x0000000178391ba0 mode 2
Event: 304.526 Thread 0x000000077af7b800 Uncommon trap: trap_request=0xffffff45 fr.pc=0x00000001178e4e88 relative=0x0000000000001948
Event: 304.526 Thread 0x000000077af7b800 Uncommon trap: reason=unstable_if action=reinterpret pc=0x00000001178e4e88 method=sun.nio.ch.NioSocketImpl.implRead([BII)I @ 64 c2
Event: 304.526 Thread 0x000000077af7b800 DEOPT PACKING pc=0x00000001178e4e88 sp=0x0000000174cb9ec0
Event: 304.526 Thread 0x000000077af7b800 DEOPT UNPACKING pc=0x0000000116cb301c sp=0x0000000174cb9ea0 mode 2
Event: 304.866 Thread 0x000000077a078e00 Uncommon trap: trap_request=0xffffff45 fr.pc=0x0000000117557de8 relative=0x0000000000004128
Event: 304.866 Thread 0x000000077a078e00 Uncommon trap: reason=unstable_if action=reinterpret pc=0x0000000117557de8 method=org.eclipse.core.internal.jobs.WorkerPool.startJob(Lorg/eclipse/core/internal/jobs/Worker;)Lorg/eclipse/core/internal/jobs/InternalJob; @ 266 c2
Event: 304.866 Thread 0x000000077a078e00 DEOPT PACKING pc=0x0000000117557de8 sp=0x000000038c81e900
Event: 304.866 Thread 0x000000077a078e00 DEOPT UNPACKING pc=0x0000000116cb301c sp=0x000000038c81e8e0 mode 2

Classes loaded (20 events):
Event: 159.315 Loading class oracle/jdbc/driver/DatabaseError$1
Event: 159.315 Loading class oracle/jdbc/driver/DatabaseError$1 done
Event: 176.508 Loading class org/h2/command/query/SelectGroups
Event: 176.508 Loading class org/h2/command/query/SelectGroups done
Event: 202.232 Loading class java/util/PriorityQueue
Event: 202.232 Loading class java/util/PriorityQueue done
Event: 202.233 Loading class org/h2/mvstore/Chunk
Event: 202.233 Loading class org/h2/mvstore/Chunk done
Event: 202.234 Loading class java/util/PriorityQueue$Itr
Event: 202.234 Loading class java/util/PriorityQueue$Itr done
Event: 202.234 Loading class java/nio/ByteBufferAsLongBufferB
Event: 202.234 Loading class java/nio/ByteBufferAsLongBufferB done
Event: 249.455 Loading class org/h2/table/TableType
Event: 249.455 Loading class org/h2/table/TableType done
Event: 249.458 Loading class org/h2/command/ddl/Analyze$SelectivityData
Event: 249.458 Loading class org/h2/command/ddl/Analyze$SelectivityData done
Event: 295.600 Loading class org/eclipse/jface/operation/AccumulatingProgressMonitor
Event: 295.600 Loading class org/eclipse/jface/operation/AccumulatingProgressMonitor done
Event: 295.602 Loading class org/jkiss/dbeaver/tools/transfer/DataTransferPipe
Event: 295.602 Loading class org/jkiss/dbeaver/tools/transfer/DataTransferPipe done

Classes unloaded (0 events):
No events

Classes redefined (1 events):
Event: 0.054 Thread 0x0000000784d2dc00 redefined class name=java.lang.Throwable, count=1

Internal exceptions (20 events):
Event: 42.756 Thread 0x000000078490c700 Exception <a 'java/lang/NoSuchMethodError'{0x0000000305f11540}: 'void java.lang.invoke.DelegatingMethodHandle$Holder.reinvoke_L(java.lang.Object, java.lang.Object, java.lang.Object, int)'> (0x0000000305f11540) 
thrown [src/hotspot/share/interpreter/linkResolver.cpp, line 773]
Event: 42.796 Thread 0x000000078490c700 Exception <a 'java/lang/NoSuchMethodError'{0x00000003099c3f48}: 'long java.lang.invoke.Invokers$Holder.invokeExact_MT(java.lang.Object, java.lang.Object)'> (0x00000003099c3f48) 
thrown [src/hotspot/share/interpreter/linkResolver.cpp, line 773]
Event: 42.842 Thread 0x000000078490c700 Exception <a 'java/lang/NoSuchMethodError'{0x00000003096180a8}: 'long java.lang.invoke.DirectMethodHandle$Holder.invokeStatic(java.lang.Object, java.lang.Object, int)'> (0x00000003096180a8) 
thrown [src/hotspot/share/interpreter/linkResolver.cpp, line 773]
Event: 42.843 Thread 0x000000078490c700 Exception <a 'java/lang/NoSuchMethodError'{0x0000000309622418}: 'void java.lang.invoke.DelegatingMethodHandle$Holder.reinvoke_L(java.lang.Object, java.lang.Object, java.lang.Object, long, java.lang.Object)'> (0x0000000309622418) 
thrown [src/hotspot/share/interpreter/linkResolver.cpp, line 773]
Event: 42.844 Thread 0x000000078490c700 Exception <a 'java/lang/NoSuchMethodError'{0x000000030964a790}: 'void java.lang.invoke.DirectMethodHandle$Holder.invokeInterface(java.lang.Object, java.lang.Object, java.lang.Object, long)'> (0x000000030964a790) 
thrown [src/hotspot/share/interpreter/linkResolver.cpp, line 773]
Event: 42.844 Thread 0x000000078490c700 Exception <a 'java/lang/NoSuchMethodError'{0x0000000309651490}: 'void java.lang.invoke.DelegatingMethodHandle$Holder.reinvoke_L(java.lang.Object, java.lang.Object, java.lang.Object, long)'> (0x0000000309651490) 
thrown [src/hotspot/share/interpreter/linkResolver.cpp, line 773]
Event: 43.654 Thread 0x0000000100a18310 Implicit null exception at 0x00000001175a96dc to 0x00000001175aa3b4
Event: 43.732 Thread 0x0000000100a18310 Exception <a 'java/lang/NoSuchMethodError'{0x00000003083b1438}: 'java.lang.Object java.lang.invoke.DirectMethodHandle$Holder.invokeStatic(java.lang.Object, int, int)'> (0x00000003083b1438) 
thrown [src/hotspot/share/interpreter/linkResolver.cpp, line 773]
Event: 54.481 Thread 0x0000000100a18310 Implicit null exception at 0x00000001179210f8 to 0x000000011792164c
Event: 59.715 Thread 0x000000077a078e00 Exception <a 'java/lang/NoSuchMethodError'{0x00000003071b3518}: 'void java.lang.invoke.DirectMethodHandle$Holder.invokeInterface(java.lang.Object, java.lang.Object, java.lang.Object, java.lang.Object, java.lang.Object)'> (0x00000003071b3518) 
thrown [src/hotspot/share/interpreter/linkResolver.cpp, line 773]
Event: 62.002 Thread 0x0000000784ff9500 Exception <a 'java/lang/NoSuchMethodError'{0x0000000308d51888}: 'java.lang.Object java.lang.invoke.DirectMethodHandle$Holder.newInvokeSpecial(java.lang.Object, java.lang.Object, long)'> (0x0000000308d51888) 
thrown [src/hotspot/share/interpreter/linkResolver.cpp, line 773]
Event: 70.815 Thread 0x0000000100a18310 Exception <a 'java/lang/NoSuchMethodError'{0x0000000309030c48}: 'int java.lang.invoke.DelegatingMethodHandle$Holder.delegate(java.lang.Object, int, java.lang.Object)'> (0x0000000309030c48) 
thrown [src/hotspot/share/interpreter/linkResolver.cpp, line 773]
Event: 70.856 Thread 0x0000000100a18310 Exception <a 'java/io/FileNotFoundException'{0x000000030874f528}> (0x000000030874f528) 
thrown [src/hotspot/share/prims/jni.cpp, line 520]
Event: 70.856 Thread 0x0000000100a18310 Exception <a 'java/io/FileNotFoundException'{0x0000000308750cf8}> (0x0000000308750cf8) 
thrown [src/hotspot/share/prims/jni.cpp, line 520]
Event: 70.856 Thread 0x0000000100a18310 Exception <a 'java/io/FileNotFoundException'{0x0000000308751f70}> (0x0000000308751f70) 
thrown [src/hotspot/share/prims/jni.cpp, line 520]
Event: 72.808 Thread 0x0000000100a18310 Exception <a 'java/lang/NoSuchMethodError'{0x000000030fc41658}: 'java.lang.Object java.lang.invoke.DirectMethodHandle$Holder.invokeVirtual(java.lang.Object, java.lang.Object, java.lang.Object, java.lang.Object, java.lang.Object, java.lang.Object)'> (0x000000030fc41658) 
thrown [src/hotspot/share/interpreter/linkResolver.cpp, line 773]
Event: 72.813 Thread 0x0000000100a18310 Exception <a 'java/io/FileNotFoundException'{0x000000030fc83300}> (0x000000030fc83300) 
thrown [src/hotspot/share/prims/jni.cpp, line 520]
Event: 77.538 Thread 0x0000000100a18310 Exception <a 'java/lang/NoSuchMethodError'{0x000000030a02a068}: 'java.lang.Object java.lang.invoke.DirectMethodHandle$Holder.newInvokeSpecial(java.lang.Object, java.lang.Object, java.lang.Object, java.lang.Object, java.lang.Object, java.lang.Object, java.lang.Object, java.lang.Object, java.lang.Object)'> (0x000000030a02a068) 
thrown [src/hotspot/share/interpreter/linkResolver.cpp, line 773]
Event: 94.430 Thread 0x0000000100a18310 Implicit null exception at 0x0000000117717d38 to 0x00000001177184ac
Event: 249.456 Thread 0x000000077a078e00 Implicit null exception at 0x00000001172792f8 to 0x0000000117279430

ZGC Phase Switch (0 events):
No events

VM Operations (20 events):
Event: 303.717 Executing VM operation: Cleanup
Event: 303.717 Executing VM operation: Cleanup done
Event: 304.718 Executing VM operation: Cleanup
Event: 304.718 Executing VM operation: Cleanup done
Event: 305.723 Executing VM operation: Cleanup
Event: 305.723 Executing VM operation: Cleanup done
Event: 307.726 Executing VM operation: Cleanup
Event: 307.726 Executing VM operation: Cleanup done
Event: 309.729 Executing VM operation: Cleanup
Event: 309.729 Executing VM operation: Cleanup done
Event: 310.448 Executing VM operation: G1CollectForAllocation (G1 Evacuation Pause)
Event: 310.453 Executing VM operation: G1CollectForAllocation (G1 Evacuation Pause) done
Event: 310.499 Executing VM operation: G1PauseRemark
Event: 310.501 Executing VM operation: G1PauseRemark done
Event: 310.516 Executing VM operation: G1PauseCleanup
Event: 310.516 Executing VM operation: G1PauseCleanup done
Event: 313.522 Executing VM operation: Cleanup
Event: 313.522 Executing VM operation: Cleanup done
Event: 314.523 Executing VM operation: Cleanup
Event: 314.523 Executing VM operation: Cleanup done

Memory protections (20 events):
Event: 87.517 Protecting memory [0x0000000178898000,0x00000001788a4000] with protection modes 3
Event: 87.526 Protecting memory [0x0000000389cbc000,0x0000000389cc8000] with protection modes 0
Event: 87.555 Protecting memory [0x000000038c07c000,0x000000038c088000] with protection modes 0
Event: 143.579 Protecting memory [0x000000038c288000,0x000000038c294000] with protection modes 0
Event: 143.579 Protecting memory [0x000000039998c000,0x0000000399998000] with protection modes 0
Event: 153.585 Protecting memory [0x000000038c288000,0x000000038c294000] with protection modes 3
Event: 154.262 Protecting memory [0x0000000178eb0000,0x0000000178ebc000] with protection modes 0
Event: 164.264 Protecting memory [0x0000000178eb0000,0x0000000178ebc000] with protection modes 3
Event: 202.241 Protecting memory [0x000000017a4e4000,0x000000017a4f0000] with protection modes 0
Event: 202.597 Protecting memory [0x000000038c288000,0x000000038c294000] with protection modes 0
Event: 202.624 Protecting memory [0x000000017a4e4000,0x000000017a4f0000] with protection modes 3
Event: 203.581 Protecting memory [0x000000039998c000,0x0000000399998000] with protection modes 3
Event: 276.661 Protecting memory [0x0000000398a58000,0x0000000398a64000] with protection modes 0
Event: 276.661 Protecting memory [0x000000017a4e4000,0x000000017a4f0000] with protection modes 0
Event: 276.663 Protecting memory [0x0000000398c64000,0x0000000398c70000] with protection modes 0
Event: 278.354 Protecting memory [0x000000017a4e4000,0x000000017a4f0000] with protection modes 3
Event: 286.664 Protecting memory [0x0000000398a58000,0x0000000398a64000] with protection modes 3
Event: 286.665 Protecting memory [0x0000000398c64000,0x0000000398c70000] with protection modes 3
Event: 296.832 Protecting memory [0x000000038c07c000,0x000000038c088000] with protection modes 3
Event: 315.431 Protecting memory [0x0000000389cbc000,0x0000000389cc8000] with protection modes 3

Nmethod flushes (20 events):
Event: 296.624 Thread 0x0000000784d2dc00 flushing  nmethod 0x000000010ff5d990
Event: 296.624 Thread 0x0000000784d2dc00 flushing  nmethod 0x000000010ff91a90
Event: 296.624 Thread 0x0000000784d2dc00 flushing  nmethod 0x0000000111098090
Event: 296.624 Thread 0x0000000784d2dc00 flushing  nmethod 0x0000000110f1ac90
Event: 296.624 Thread 0x0000000784d2dc00 flushing  nmethod 0x0000000117aa3f10
Event: 296.624 Thread 0x0000000784d2dc00 flushing  nmethod 0x000000010fb86f90
Event: 296.624 Thread 0x0000000784d2dc00 flushing  nmethod 0x000000011117fe10
Event: 296.624 Thread 0x0000000784d2dc00 flushing  nmethod 0x00000001178aa910
Event: 296.624 Thread 0x0000000784d2dc00 flushing  nmethod 0x0000000110051490
Event: 296.624 Thread 0x0000000784d2dc00 flushing  nmethod 0x0000000110b90610
Event: 296.624 Thread 0x0000000784d2dc00 flushing  nmethod 0x0000000110f88c90
Event: 310.501 Thread 0x0000000784d2dc00 flushing  nmethod 0x0000000110f73890
Event: 310.501 Thread 0x0000000784d2dc00 flushing  nmethod 0x0000000110f73d90
Event: 310.501 Thread 0x0000000784d2dc00 flushing  nmethod 0x0000000110341610
Event: 310.501 Thread 0x0000000784d2dc00 flushing  nmethod 0x0000000110abe490
Event: 310.501 Thread 0x0000000784d2dc00 flushing  nmethod 0x0000000111097190
Event: 310.501 Thread 0x0000000784d2dc00 flushing  nmethod 0x000000010fc7a910
Event: 310.501 Thread 0x0000000784d2dc00 flushing  nmethod 0x00000001110a5a90
Event: 310.501 Thread 0x0000000784d2dc00 flushing  nmethod 0x0000000110515e10
Event: 310.501 Thread 0x0000000784d2dc00 flushing  nmethod 0x0000000110799110

Events (20 events):
Event: 87.517 Thread 0x000000077f198e00 Thread exited: 0x000000077f198e00
Event: 87.526 Thread 0x0000000100a18310 Thread added: 0x000000077f198e00
Event: 87.555 Thread 0x0000000100a18310 Thread added: 0x0000000779807100
Event: 143.579 Thread 0x000000077f198e00 Thread added: 0x000000077b744e00
Event: 143.579 Thread 0x000000077b744e00 Thread added: 0x000000077b744000
Event: 153.585 Thread 0x000000077b744e00 Thread exited: 0x000000077b744e00
Event: 154.262 Thread 0x000000077f198e00 Thread added: 0x000000077b744e00
Event: 164.265 Thread 0x000000077b744e00 Thread exited: 0x000000077b744e00
Event: 202.241 Thread 0x00000007850c4000 Thread added: 0x00000007880f9000
Event: 202.597 Thread 0x00000007804f0e00 Thread added: 0x0000000779de4e00
Event: 202.624 Thread 0x00000007880f9000 Thread exited: 0x00000007880f9000
Event: 203.581 Thread 0x000000077b744000 Thread exited: 0x000000077b744000
Event: 276.661 Thread 0x0000000779807100 Thread added: 0x0000000779d8c700
Event: 276.661 Thread 0x00000007850c4800 Thread added: 0x000000078868a000
Event: 276.663 Thread 0x0000000779d8c700 Thread added: 0x0000000779de4700
Event: 278.354 Thread 0x000000078868a000 Thread exited: 0x000000078868a000
Event: 286.665 Thread 0x0000000779d8c700 Thread exited: 0x0000000779d8c700
Event: 286.665 Thread 0x0000000779de4700 Thread exited: 0x0000000779de4700
Event: 296.832 Thread 0x0000000779807100 Thread exited: 0x0000000779807100
Event: 315.431 Thread 0x000000077f198e00 Thread exited: 0x000000077f198e00


Dynamic libraries:
0x00000001002f8000 	/Library/Java/JavaVirtualMachines/temurin-21.jdk/Contents/Home/lib/libjli.dylib
0x00000001b6827000 	/System/Library/Frameworks/Cocoa.framework/Versions/A/Cocoa
0x000000019c0e1000 	/System/Library/Frameworks/AppKit.framework/Versions/C/AppKit
0x000000019f6e7000 	/System/Library/Frameworks/CoreData.framework/Versions/A/CoreData
0x00000001994fa000 	/System/Library/Frameworks/Foundation.framework/Versions/C/Foundation
0x00000001a757d000 	/usr/lib/libSystem.B.dylib
0x000000019d7dd000 	/System/Library/PrivateFrameworks/UIFoundation.framework/Versions/A/UIFoundation
0x000000024c745000 	/System/Library/PrivateFrameworks/CollectionViewCore.framework/Versions/A/CollectionViewCore
0x00000001a4966000 	/System/Library/PrivateFrameworks/XCTTargetBootstrap.framework/Versions/A/XCTTargetBootstrap
0x00000001a9eb2000 	/System/Library/PrivateFrameworks/InternationalSupport.framework/Versions/A/InternationalSupport
0x00000001aa20c000 	/System/Library/PrivateFrameworks/UserActivity.framework/Versions/A/UserActivity
0x000000019fd73000 	/System/Library/PrivateFrameworks/BaseBoard.framework/Versions/A/BaseBoard
0x0000000254c1f000 	/System/Library/PrivateFrameworks/FrontBoard.framework/Versions/A/FrontBoard
0x00000001b178a000 	/System/Library/PrivateFrameworks/FrontBoardServices.framework/Versions/A/FrontBoardServices
0x000000028efe0000 	/usr/lib/libRosetta.dylib
0x0000000282c8a000 	/System/Library/PrivateFrameworks/UIIntelligenceSupport.framework/Versions/A/UIIntelligenceSupport
0x0000000241aa5000 	/System/Library/Frameworks/SwiftUICore.framework/Versions/A/SwiftUICore
0x0000000288f09000 	/System/Library/PrivateFrameworks/WritingTools.framework/Versions/A/WritingTools
0x0000000287db7000 	/System/Library/PrivateFrameworks/WindowManagement.framework/Versions/A/WindowManagement
0x000000019915a000 	/System/Library/Frameworks/SystemConfiguration.framework/Versions/A/SystemConfiguration
0x00000001a9203000 	/usr/lib/libspindump.dylib
0x000000019d997000 	/System/Library/Frameworks/UniformTypeIdentifiers.framework/Versions/A/UniformTypeIdentifiers
0x00000001a6841000 	/usr/lib/libbsm.0.dylib
0x00000001a20b4000 	/usr/lib/libapp_launch_measurement.dylib
0x00000001a13c3000 	/System/Library/PrivateFrameworks/CoreAnalytics.framework/Versions/A/CoreAnalytics
0x00000001a20b8000 	/System/Library/PrivateFrameworks/CoreAutoLayout.framework/Versions/A/CoreAutoLayout
0x00000001a3ec2000 	/System/Library/Frameworks/Metal.framework/Versions/A/Metal
0x00000001a52a9000 	/usr/lib/liblangid.dylib
0x00000001a496c000 	/System/Library/PrivateFrameworks/CoreSVG.framework/Versions/A/CoreSVG
0x000000019e3ea000 	/System/Library/PrivateFrameworks/SkyLight.framework/Versions/A/SkyLight
0x0000000254966000 	/System/Library/PrivateFrameworks/FocusEngine.framework/Versions/A/FocusEngine
0x000000019e977000 	/System/Library/Frameworks/CoreGraphics.framework/Versions/A/CoreGraphics
0x00000002526f1000 	/System/Library/PrivateFrameworks/DesignLibrary.framework/Versions/A/DesignLibrary
0x00000001afac3000 	/System/Library/Frameworks/Accelerate.framework/Versions/A/Accelerate
0x00000001a9009000 	/System/Library/PrivateFrameworks/IconServices.framework/Versions/A/IconServices
0x00000001a3e9b000 	/System/Library/Frameworks/IOSurface.framework/Versions/A/IOSurface
0x00000001a13f3000 	/usr/lib/libDiagnosticMessagesClient.dylib
0x00000001a74c6000 	/usr/lib/libz.1.dylib
0x00000001b3cb2000 	/System/Library/Frameworks/ApplicationServices.framework/Versions/A/ApplicationServices
0x00000001a4951000 	/System/Library/PrivateFrameworks/DFRFoundation.framework/Versions/A/DFRFoundation
0x000000019b931000 	/usr/lib/libicucore.A.dylib
0x00000001ab42c000 	/System/Library/Frameworks/AudioToolbox.framework/Versions/A/AudioToolbox
0x00000001aa1ba000 	/System/Library/PrivateFrameworks/DataDetectorsCore.framework/Versions/A/DataDetectorsCore
0x0000000283740000 	/System/Library/PrivateFrameworks/UpdateCycle.framework/Versions/A/UpdateCycle
0x00000001c797c000 	/System/Library/PrivateFrameworks/TextInput.framework/Versions/A/TextInput
0x000000019e32e000 	/usr/lib/libMobileGestalt.dylib
0x00000001a464e000 	/System/Library/Frameworks/Carbon.framework/Versions/A/Frameworks/HIToolbox.framework/Versions/A/HIToolbox
0x00000001a1928000 	/System/Library/Frameworks/QuartzCore.framework/Versions/A/QuartzCore
0x000000019b50a000 	/System/Library/Frameworks/Security.framework/Versions/A/Security
0x00000001af448000 	/System/Library/Frameworks/Carbon.framework/Versions/A/Frameworks/SpeechRecognition.framework/Versions/A/SpeechRecognition
0x00000001a1d84000 	/System/Library/PrivateFrameworks/CoreUI.framework/Versions/A/CoreUI
0x000000019ad5d000 	/System/Library/Frameworks/CoreAudio.framework/Versions/A/CoreAudio
0x00000001a14e7000 	/System/Library/Frameworks/DiskArbitration.framework/Versions/A/DiskArbitration
0x00000001a96b9000 	/System/Library/PrivateFrameworks/MultitouchSupport.framework/Versions/A/MultitouchSupport
0x000000019e32c000 	/usr/lib/libenergytrace.dylib
0x00000001bb2f6000 	/System/Library/PrivateFrameworks/RenderBox.framework/Versions/A/RenderBox
0x000000019bf88000 	/System/Library/Frameworks/IOKit.framework/Versions/A/IOKit
0x00000001af84e000 	/System/Library/Frameworks/CoreServices.framework/Versions/A/CoreServices
0x00000001a2045000 	/System/Library/PrivateFrameworks/PerformanceAnalysis.framework/Versions/A/PerformanceAnalysis
0x00000001fc982000 	/System/Library/Frameworks/OpenGL.framework/Versions/A/OpenGL
0x00000001a2102000 	/usr/lib/libxml2.2.dylib
0x00000001a671d000 	/System/Library/PrivateFrameworks/MobileKeyBag.framework/Versions/A/MobileKeyBag
0x0000000197828000 	/usr/lib/libobjc.A.dylib
0x0000000197b83000 	/usr/lib/libc++.1.dylib
0x00000001af7cc000 	/System/Library/Frameworks/Accessibility.framework/Versions/A/Accessibility
0x000000019f0ce000 	/System/Library/Frameworks/ColorSync.framework/Versions/A/ColorSync
0x0000000197cb4000 	/System/Library/Frameworks/CoreFoundation.framework/Versions/A/CoreFoundation
0x00000001a4ceb000 	/System/Library/Frameworks/CoreImage.framework/Versions/A/CoreImage
0x000000019ab31000 	/System/Library/Frameworks/CoreText.framework/Versions/A/CoreText
0x000000023c1e0000 	/System/Library/Frameworks/CoreTransferable.framework/Versions/A/CoreTransferable
0x000000023c70f000 	/System/Library/Frameworks/DataDetection.framework/Versions/A/DataDetection
0x000000023c723000 	/System/Library/Frameworks/DeveloperToolsSupport.framework/Versions/A/DeveloperToolsSupport
0x00000001a49aa000 	/System/Library/Frameworks/ImageIO.framework/Versions/A/ImageIO
0x00000002429ca000 	/System/Library/Frameworks/Symbols.framework/Versions/A/Symbols
0x00000001cca9b000 	/System/Library/PrivateFrameworks/AttributeGraph.framework/Versions/A/AttributeGraph
0x00000001b1869000 	/System/Library/PrivateFrameworks/BoardServices.framework/Versions/A/BoardServices
0x00000001f0665000 	/System/Library/PrivateFrameworks/FeatureFlags.framework/Versions/A/FeatureFlags
0x000000025d878000 	/System/Library/PrivateFrameworks/Gestures.framework/Versions/A/Gestures
0x00000001a7582000 	/System/Library/PrivateFrameworks/SoftLinking.framework/Versions/A/SoftLinking
0x00000001daff0000 	/usr/lib/swift/libswiftAccelerate.dylib
0x00000001aad97000 	/usr/lib/swift/libswiftCore.dylib
0x00000001c3cda000 	/usr/lib/swift/libswiftCoreFoundation.dylib
0x00000001c3d33000 	/usr/lib/swift/libswiftCoreImage.dylib
0x00000001b1507000 	/usr/lib/swift/libswiftDispatch.dylib
0x00000001c3d34000 	/usr/lib/swift/libswiftIOKit.dylib
0x00000001d1673000 	/usr/lib/swift/libswiftMetal.dylib
0x00000001e0677000 	/usr/lib/swift/libswiftOSLog.dylib
0x00000001b42fb000 	/usr/lib/swift/libswiftObjectiveC.dylib
0x0000000290191000 	/usr/lib/swift/libswiftObservation.dylib
0x00000001d6800000 	/usr/lib/swift/libswiftQuartzCore.dylib
0x00000002902cf000 	/usr/lib/swift/libswiftSynchronization.dylib
0x00000001dafe1000 	/usr/lib/swift/libswiftUniformTypeIdentifiers.dylib
0x00000001c3cec000 	/usr/lib/swift/libswiftXPC.dylib
0x0000000290309000 	/usr/lib/swift/libswift_Builtin_float.dylib
0x000000029030c000 	/usr/lib/swift/libswift_Concurrency.dylib
0x00000001b42ff000 	/usr/lib/swift/libswiftos.dylib
0x00000001c7717000 	/usr/lib/swift/libswiftsimd.dylib
0x00000001a77a8000 	/usr/lib/libcompression.dylib
0x00000001a9e12000 	/System/Library/PrivateFrameworks/TextureIO.framework/Versions/A/TextureIO
0x000000019f289000 	/System/Library/Frameworks/ApplicationServices.framework/Versions/A/Frameworks/HIServices.framework/Versions/A/HIServices
0x00000001a8c92000 	/usr/lib/libate.dylib
0x00000001a7577000 	/usr/lib/system/libcache.dylib
0x00000001a7532000 	/usr/lib/system/libcommonCrypto.dylib
0x00000001a755d000 	/usr/lib/system/libcompiler_rt.dylib
0x00000001a7552000 	/usr/lib/system/libcopyfile.dylib
0x00000001979be000 	/usr/lib/system/libcorecrypto.dylib
0x0000000197ab7000 	/usr/lib/system/libdispatch.dylib
0x000000019787c000 	/usr/lib/system/libdyld.dylib
0x00000001a756d000 	/usr/lib/system/libkeymgr.dylib
0x00000001a7515000 	/usr/lib/system/libmacho.dylib
0x00000001a6819000 	/usr/lib/system/libquarantine.dylib
0x00000001a756a000 	/usr/lib/system/libremovefile.dylib
0x000000019e3ae000 	/usr/lib/system/libsystem_asl.dylib
0x000000019794c000 	/usr/lib/system/libsystem_blocks.dylib
0x0000000197b01000 	/usr/lib/system/libsystem_c.dylib
0x00000001a7561000 	/usr/lib/system/libsystem_collections.dylib
0x00000001a5296000 	/usr/lib/system/libsystem_configuration.dylib
0x00000001a3e64000 	/usr/lib/system/libsystem_containermanager.dylib
0x00000001a6f9a000 	/usr/lib/system/libsystem_coreservices.dylib
0x000000019bc03000 	/usr/lib/system/libsystem_darwin.dylib
0x000000029065e000 	/usr/lib/system/libsystem_darwindirectory.dylib
0x00000001a756e000 	/usr/lib/system/libsystem_dnssd.dylib
0x0000000290662000 	/usr/lib/system/libsystem_eligibility.dylib
0x0000000197afe000 	/usr/lib/system/libsystem_featureflags.dylib
0x0000000197c84000 	/usr/lib/system/libsystem_info.dylib
0x00000001a74d6000 	/usr/lib/system/libsystem_m.dylib
0x0000000197a6b000 	/usr/lib/system/libsystem_malloc.dylib
0x000000019e311000 	/usr/lib/system/libsystem_networkextension.dylib
0x000000019c073000 	/usr/lib/system/libsystem_notify.dylib
0x00000001a529b000 	/usr/lib/system/libsystem_sandbox.dylib
0x000000029066a000 	/usr/lib/system/libsystem_sanitizers.dylib
0x00000001a7566000 	/usr/lib/system/libsystem_secinit.dylib
0x0000000197c31000 	/usr/lib/system/libsystem_kernel.dylib
0x0000000197c7b000 	/usr/lib/system/libsystem_platform.dylib
0x0000000197c6e000 	/usr/lib/system/libsystem_pthread.dylib
0x000000019ff56000 	/usr/lib/system/libsystem_symptoms.dylib
0x000000019799d000 	/usr/lib/system/libsystem_trace.dylib
0x0000000290672000 	/usr/lib/system/libsystem_trial.dylib
0x00000001a7540000 	/usr/lib/system/libunwind.dylib
0x0000000197950000 	/usr/lib/system/libxpc.dylib
0x0000000197c16000 	/usr/lib/libc++abi.dylib
0x000000028ff13000 	/usr/lib/libswiftPrespecialized.dylib
0x00000001a757f000 	/usr/lib/libfakelink.dylib
0x000000019df57000 	/System/Library/Frameworks/CFNetwork.framework/Versions/A/CFNetwork
0x00000001a75d3000 	/usr/lib/libarchive.2.dylib
0x00000001ad567000 	/System/Library/Frameworks/Combine.framework/Versions/A/Combine
0x000000024c76a000 	/System/Library/PrivateFrameworks/CollectionsInternal.framework/Versions/A/CollectionsInternal
0x000000027249b000 	/System/Library/PrivateFrameworks/ReflectionInternal.framework/Versions/A/ReflectionInternal
0x00000002732e8000 	/System/Library/PrivateFrameworks/RuntimeInternal.framework/Versions/A/RuntimeInternal
0x00000001c0cd2000 	/usr/lib/swift/libswiftDarwin.dylib
0x00000002902d7000 	/usr/lib/swift/libswiftSystem.dylib
0x0000000290397000 	/usr/lib/swift/libswift_DarwinFoundation1.dylib
0x0000000290478000 	/usr/lib/swift/libswift_StringProcessing.dylib
0x000000019bf08000 	/System/Library/PrivateFrameworks/CoreServicesInternal.framework/Versions/A/CoreServicesInternal
0x00000001a754a000 	/usr/lib/liboah.dylib
0x00000001b3758000 	/System/Library/PrivateFrameworks/DiskImages.framework/Versions/A/DiskImages
0x00000001c079a000 	/System/Library/Frameworks/NetFS.framework/Versions/A/NetFS
0x00000001a207c000 	/System/Library/Frameworks/CoreServices.framework/Versions/A/Frameworks/FSEvents.framework/Versions/A/FSEvents
0x000000019bc0e000 	/System/Library/Frameworks/CoreServices.framework/Versions/A/Frameworks/CarbonCore.framework/Versions/A/CarbonCore
0x00000001a145b000 	/System/Library/Frameworks/CoreServices.framework/Versions/A/Frameworks/Metadata.framework/Versions/A/Metadata
0x00000001a6fa2000 	/System/Library/Frameworks/CoreServices.framework/Versions/A/Frameworks/OSServices.framework/Versions/A/OSServices
0x00000001a76cb000 	/System/Library/Frameworks/CoreServices.framework/Versions/A/Frameworks/SearchKit.framework/Versions/A/SearchKit
0x000000019fed0000 	/System/Library/Frameworks/CoreServices.framework/Versions/A/Frameworks/AE.framework/Versions/A/AE
0x0000000198201000 	/System/Library/Frameworks/CoreServices.framework/Versions/A/Frameworks/LaunchServices.framework/Versions/A/LaunchServices
0x00000001a8ae8000 	/System/Library/Frameworks/CoreServices.framework/Versions/A/Frameworks/DictionaryServices.framework/Versions/A/DictionaryServices
0x00000001a208a000 	/System/Library/Frameworks/CoreServices.framework/Versions/A/Frameworks/SharedFileList.framework/Versions/A/SharedFileList
0x00000001a7760000 	/usr/lib/libapple_nghttp2.dylib
0x000000019faea000 	/usr/lib/libsqlite3.dylib
0x000000019fcd2000 	/System/Library/Frameworks/Accounts.framework/Versions/A/Accounts
0x00000001b399f000 	/System/Library/PrivateFrameworks/AppSupport.framework/Versions/A/AppSupport
0x00000001ababe000 	/System/Library/Frameworks/GSS.framework/Versions/A/GSS
0x000000019fe64000 	/System/Library/PrivateFrameworks/RunningBoardServices.framework/Versions/A/RunningBoardServices
0x00000001b4289000 	/System/Library/PrivateFrameworks/StreamingZip.framework/Versions/A/StreamingZip
0x000000019ff5f000 	/System/Library/Frameworks/Network.framework/Versions/A/Network
0x00000001a7519000 	/usr/lib/system/libkxld.dylib
0x0000000248190000 	/System/Library/PrivateFrameworks/AppleKeyStore.framework/Versions/A/AppleKeyStore
0x000000028ece4000 	/usr/lib/libCoreEntitlements.dylib
0x00000002687f5000 	/System/Library/PrivateFrameworks/MessageSecurity.framework/Versions/A/MessageSecurity
0x000000019face000 	/System/Library/PrivateFrameworks/ProtocolBuffer.framework/Versions/A/ProtocolBuffer
0x00000001bbfcf000 	/System/Library/PrivateFrameworks/CloudServices.framework/Versions/A/CloudServices
0x00000001b0943000 	/System/Library/PrivateFrameworks/SymptomDiagnosticReporter.framework/Versions/A/SymptomDiagnosticReporter
0x00000001a8d2c000 	/System/Library/PrivateFrameworks/CrashReporterSupport.framework/Versions/A/CrashReporterSupport
0x00000001a6f81000 	/System/Library/PrivateFrameworks/AppleFSCompression.framework/Versions/A/AppleFSCompression
0x00000001a6829000 	/usr/lib/libcoretls.dylib
0x00000001a8b5f000 	/usr/lib/libcoretls_cfhelpers.dylib
0x00000001a77a1000 	/usr/lib/libpam.2.dylib
0x00000001a8bd1000 	/usr/lib/libxar.1.dylib
0x00000001a8b61000 	/System/Library/PrivateFrameworks/APFS.framework/Versions/A/APFS
0x000000027d863000 	/System/Library/PrivateFrameworks/SwiftASN1Internal.framework/Versions/A/SwiftASN1Internal
0x00000001a8be0000 	/usr/lib/libutil.dylib
0x00000001a52a4000 	/System/Library/PrivateFrameworks/AppleSystemInfo.framework/Versions/A/AppleSystemInfo
0x00000001a650d000 	/System/Library/PrivateFrameworks/IOMobileFramebuffer.framework/Versions/A/IOMobileFramebuffer
0x00000001c3ba1000 	/System/Library/PrivateFrameworks/LoggingSupport.framework/Versions/A/LoggingSupport
0x00000001abb21000 	/System/Library/PrivateFrameworks/MobileAsset.framework/Versions/A/MobileAsset
0x00000001b0953000 	/System/Library/PrivateFrameworks/PowerLog.framework/Versions/A/PowerLog
0x0000000241949000 	/System/Library/Frameworks/SwiftData.framework/Versions/A/SwiftData
0x00000001a22ac000 	/System/Library/PrivateFrameworks/UserManagement.framework/Versions/A/UserManagement
0x000000019de84000 	/usr/lib/libboringssl.dylib
0x000000019ff44000 	/usr/lib/libdns_services.dylib
0x00000001c2bdf000 	/usr/lib/libquic.dylib
0x00000001aad28000 	/usr/lib/libusrtcp.dylib
0x0000000248edf000 	/System/Library/PrivateFrameworks/AtomicsInternal.framework/Versions/A/AtomicsInternal
0x00000001e8a9e000 	/System/Library/PrivateFrameworks/InternalSwiftProtobuf.framework/Versions/A/InternalSwiftProtobuf
0x0000000290168000 	/usr/lib/swift/libswiftDistributed.dylib
0x00000001a52a2000 	/System/Library/PrivateFrameworks/AggregateDictionary.framework/Versions/A/AggregateDictionary
0x0000000249657000 	/System/Library/PrivateFrameworks/BiomeLibrary.framework/Versions/A/BiomeLibrary
0x00000001d25c0000 	/System/Library/PrivateFrameworks/BiomeStreams.framework/Versions/A/BiomeStreams
0x00000001ce95b000 	/System/Library/PrivateFrameworks/BiomeFoundation.framework/Versions/A/BiomeFoundation
0x00000001d8588000 	/System/Library/PrivateFrameworks/BiomePubSub.framework/Versions/A/BiomePubSub
0x00000001b52a6000 	/System/Library/PrivateFrameworks/ProactiveSupport.framework/Versions/A/ProactiveSupport
0x00000001a8b40000 	/usr/lib/liblzma.5.dylib
0x00000001b3cb3000 	/System/Library/PrivateFrameworks/InternationalTextSearch.framework/Versions/A/InternationalTextSearch
0x00000001caea0000 	/System/Library/PrivateFrameworks/SoftwareUpdateCoreSupport.framework/Versions/A/SoftwareUpdateCoreSupport
0x00000001d3004000 	/System/Library/PrivateFrameworks/SoftwareUpdateCoreConnect.framework/Versions/A/SoftwareUpdateCoreConnect
0x00000001b3856000 	/System/Library/PrivateFrameworks/RemoteServiceDiscovery.framework/Versions/A/RemoteServiceDiscovery
0x00000001caa9e000 	/System/Library/PrivateFrameworks/MSUDataAccessor.framework/Versions/A/MSUDataAccessor
0x00000001c5cd4000 	/usr/lib/libbootpolicy.dylib
0x00000001b386c000 	/System/Library/PrivateFrameworks/RemoteXPC.framework/Versions/A/RemoteXPC
0x00000001d248d000 	/usr/lib/libFDR.dylib
0x00000001d81b8000 	/usr/lib/libamsupport.dylib
0x000000028efd8000 	/usr/lib/libReverseProxyDevice.dylib
0x0000000247b27000 	/System/Library/PrivateFrameworks/AppleDeviceQuerySupport.framework/Versions/A/AppleDeviceQuerySupport
0x00000001db1f1000 	/usr/lib/libpartition2_dynamic.dylib
0x00000001a773c000 	/System/Library/PrivateFrameworks/AppleSauce.framework/Versions/A/AppleSauce
0x000000028eb87000 	/usr/lib/libAppleArchive.dylib
0x00000001a6f8d000 	/usr/lib/libbz2.1.0.dylib
0x00000001a14f1000 	/System/Library/Frameworks/Accelerate.framework/Versions/A/Frameworks/vImage.framework/Versions/A/vImage
0x00000001af828000 	/System/Library/Frameworks/Accelerate.framework/Versions/A/Frameworks/vecLib.framework/Versions/A/vecLib
0x00000001a8c17000 	/System/Library/Frameworks/Accelerate.framework/Versions/A/Frameworks/vecLib.framework/Versions/A/libvMisc.dylib
0x00000001986f3000 	/System/Library/Frameworks/Accelerate.framework/Versions/A/Frameworks/vecLib.framework/Versions/A/libBLAS.dylib
0x00000001a21e9000 	/System/Library/Frameworks/CoreVideo.framework/Versions/A/CoreVideo
0x00000001ab6c9000 	/System/Library/Frameworks/ApplicationServices.framework/Versions/A/Frameworks/ATS.framework/Versions/A/ATS
0x00000001a9d9b000 	/System/Library/Frameworks/ApplicationServices.framework/Versions/A/Frameworks/PrintCore.framework/Versions/A/PrintCore
0x00000001aba87000 	/System/Library/Frameworks/ApplicationServices.framework/Versions/A/Frameworks/QD.framework/Versions/A/QD
0x00000001aba82000 	/System/Library/Frameworks/ApplicationServices.framework/Versions/A/Frameworks/ColorSyncLegacy.framework/Versions/A/ColorSyncLegacy
0x00000001ab69b000 	/System/Library/Frameworks/ApplicationServices.framework/Versions/A/Frameworks/SpeechSynthesis.framework/Versions/A/SpeechSynthesis
0x00000001a4389000 	/System/Library/PrivateFrameworks/FontServices.framework/libFontParser.dylib
0x00000001b357c000 	/System/Library/PrivateFrameworks/BackBoardServices.framework/Versions/A/BackBoardServices
0x0000000249576000 	/System/Library/PrivateFrameworks/BackBoardHIDEventFoundation.framework/Versions/A/BackBoardHIDEventFoundation
0x000000019a644000 	/System/Library/Frameworks/CoreDisplay.framework/Versions/A/CoreDisplay
0x00000001a96ff000 	/System/Library/Frameworks/VideoToolbox.framework/Versions/A/VideoToolbox
0x00000001a779f000 	/System/Library/Frameworks/MetalPerformanceShaders.framework/Versions/A/MetalPerformanceShaders
0x0000000271726000 	/System/Library/PrivateFrameworks/ProDisplayLibrary.framework/Versions/A/ProDisplayLibrary
0x00000001b7267000 	/System/Library/PrivateFrameworks/IOSurfaceAccelerator.framework/Versions/A/IOSurfaceAccelerator
0x00000001a3eb8000 	/System/Library/PrivateFrameworks/IOAccelerator.framework/Versions/A/IOAccelerator
0x00000001a41cf000 	/System/Library/Frameworks/CoreMedia.framework/Versions/A/CoreMedia
0x000000019e3c6000 	/System/Library/PrivateFrameworks/TCC.framework/Versions/A/TCC
0x00000001a96b7000 	/System/Library/PrivateFrameworks/WatchdogClient.framework/Versions/A/WatchdogClient
0x00000001d85e6000 	/System/Library/PrivateFrameworks/BiomeStorage.framework/Versions/A/BiomeStorage
0x0000000263551000 	/System/Library/PrivateFrameworks/IntelligencePlatformLibrary.framework/Versions/A/IntelligencePlatformLibrary
0x0000000270a9c000 	/System/Library/PrivateFrameworks/PoirotSchematizer.framework/Versions/A/PoirotSchematizer
0x0000000249e82000 	/System/Library/PrivateFrameworks/BiomeSync.framework/Versions/A/BiomeSync
0x000000024963d000 	/System/Library/PrivateFrameworks/BiomeDSL.framework/Versions/A/BiomeDSL
0x0000000270b06000 	/System/Library/PrivateFrameworks/PoirotUDFs.framework/Versions/A/PoirotUDFs
0x0000000270a6b000 	/System/Library/PrivateFrameworks/PoirotSQLite.framework/Versions/A/PoirotSQLite
0x00000001b1d86000 	/System/Library/PrivateFrameworks/CoreTime.framework/Versions/A/CoreTime
0x00000001a75b8000 	/usr/lib/libiconv.2.dylib
0x00000001a7514000 	/usr/lib/libcharset.1.dylib
0x00000002903d8000 	/usr/lib/swift/libswift_RegexParser.dylib
0x000000024b459000 	/System/Library/PrivateFrameworks/CascadeSets.framework/Versions/A/CascadeSets
0x00000001abc86000 	/System/Library/PrivateFrameworks/CorePhoneNumbers.framework/Versions/A/CorePhoneNumbers
0x00000001a9581000 	/System/Library/PrivateFrameworks/AppleJPEG.framework/Versions/A/AppleJPEG
0x00000001a8f84000 	/usr/lib/libexpat.1.dylib
0x00000001a9c6e000 	/System/Library/Frameworks/ImageIO.framework/Versions/A/Resources/libPng.dylib
0x00000001a9c9a000 	/System/Library/Frameworks/ImageIO.framework/Versions/A/Resources/libTIFF.dylib
0x00000001a9d84000 	/System/Library/Frameworks/ImageIO.framework/Versions/A/Resources/libGIF.dylib
0x00000001a95c6000 	/System/Library/Frameworks/ImageIO.framework/Versions/A/Resources/libJP2.dylib
0x00000001a9d2a000 	/System/Library/Frameworks/ImageIO.framework/Versions/A/Resources/libJPEG.dylib
0x00000001a9d21000 	/System/Library/Frameworks/ImageIO.framework/Versions/A/Resources/libRadiance.dylib
0x000000025a317000 	/System/Library/PrivateFrameworks/GPUCompiler.framework/Versions/32023/Libraries/libllvm-flatbuffers.dylib
0x0000000254c12000 	/System/Library/PrivateFrameworks/FramePacing.framework/Versions/A/FramePacing
0x00000001fc974000 	/System/Library/Frameworks/OpenGL.framework/Versions/A/Libraries/libCoreFSCache.dylib
0x0000000255d4b000 	/System/Library/PrivateFrameworks/GPUCompiler.framework/Versions/32023/Libraries/libGPUCompilerUtils.dylib
0x00000001b1936000 	/System/Library/PrivateFrameworks/GraphicsServices.framework/Versions/A/GraphicsServices
0x00000001b542c000 	/System/Library/PrivateFrameworks/ASEProcessing.framework/Versions/A/ASEProcessing
0x00000001e4431000 	/System/Library/PrivateFrameworks/Symbolication.framework/Versions/A/Symbolication
0x0000000270695000 	/System/Library/PrivateFrameworks/PhotosensitivityProcessing.framework/Versions/A/PhotosensitivityProcessing
0x00000001a91a5000 	/System/Library/PrivateFrameworks/GraphVisualizer.framework/Versions/A/GraphVisualizer
0x00000001fc9d3000 	/System/Library/Frameworks/OpenGL.framework/Versions/A/Libraries/libGLU.dylib
0x00000001fc996000 	/System/Library/Frameworks/OpenGL.framework/Versions/A/Libraries/libGFXShared.dylib
0x00000001fcb62000 	/System/Library/Frameworks/OpenGL.framework/Versions/A/Libraries/libGL.dylib
0x00000001fc99f000 	/System/Library/Frameworks/OpenGL.framework/Versions/A/Libraries/libGLImage.dylib
0x00000001fc993000 	/System/Library/Frameworks/OpenGL.framework/Versions/A/Libraries/libCVMSPluginSupport.dylib
0x00000001fc97c000 	/System/Library/Frameworks/OpenGL.framework/Versions/A/Libraries/libCoreVMClient.dylib
0x0000000254b20000 	/System/Library/PrivateFrameworks/FontServices.framework/Versions/A/FontServices
0x00000001a91b5000 	/System/Library/PrivateFrameworks/OTSVG.framework/Versions/A/OTSVG
0x00000001a1d31000 	/System/Library/Frameworks/ApplicationServices.framework/Versions/A/Frameworks/ATS.framework/Versions/A/Resources/libFontRegistry.dylib
0x000000028f4d0000 	/usr/lib/libhvf.dylib
0x000000026d620000 	/System/Library/PrivateFrameworks/ParsingInternal.framework/Versions/A/ParsingInternal
0x00000002901b1000 	/usr/lib/swift/libswiftRegexBuilder.dylib
0x0000000254b21000 	/System/Library/PrivateFrameworks/FontServices.framework/libXTFontStaticRegistryData.dylib
0x00000001a51e3000 	/System/Library/Frameworks/MetalPerformanceShaders.framework/Versions/A/Frameworks/MPSCore.framework/Versions/A/MPSCore
0x00000001a6eec000 	/System/Library/Frameworks/MetalPerformanceShaders.framework/Versions/A/Frameworks/MPSImage.framework/Versions/A/MPSImage
0x00000001a68cc000 	/System/Library/Frameworks/MetalPerformanceShaders.framework/Versions/A/Frameworks/MPSNeuralNetwork.framework/Versions/A/MPSNeuralNetwork
0x00000001a6d04000 	/System/Library/Frameworks/MetalPerformanceShaders.framework/Versions/A/Frameworks/MPSMatrix.framework/Versions/A/MPSMatrix
0x00000001a6b19000 	/System/Library/Frameworks/MetalPerformanceShaders.framework/Versions/A/Frameworks/MPSRayIntersector.framework/Versions/A/MPSRayIntersector
0x00000001a6d36000 	/System/Library/Frameworks/MetalPerformanceShaders.framework/Versions/A/Frameworks/MPSNDArray.framework/Versions/A/MPSNDArray
0x000000023ea0d000 	/System/Library/Frameworks/MetalPerformanceShaders.framework/Versions/A/Frameworks/MPSFunctions.framework/Versions/A/MPSFunctions
0x000000023e9ee000 	/System/Library/Frameworks/MetalPerformanceShaders.framework/Versions/A/Frameworks/MPSBenchmarkLoop.framework/Versions/A/MPSBenchmarkLoop
0x000000019850f000 	/System/Library/PrivateFrameworks/MetalTools.framework/Versions/A/MetalTools
0x00000001c8d85000 	/System/Library/PrivateFrameworks/IOAccelMemoryInfo.framework/Versions/A/IOAccelMemoryInfo
0x00000001d6bf4000 	/System/Library/PrivateFrameworks/kperf.framework/Versions/A/kperf
0x00000001c3cb6000 	/System/Library/PrivateFrameworks/GPURawCounter.framework/Versions/A/GPURawCounter
0x00000001b1c6f000 	/System/Library/PrivateFrameworks/CoreSymbolication.framework/Versions/A/CoreSymbolication
0x00000001c3c2d000 	/System/Library/PrivateFrameworks/MallocStackLogging.framework/Versions/A/MallocStackLogging
0x00000001b1c4c000 	/System/Library/PrivateFrameworks/DebugSymbols.framework/Versions/A/DebugSymbols
0x00000001d5486000 	/System/Library/PrivateFrameworks/OSAnalytics.framework/Versions/A/OSAnalytics
0x0000000252b32000 	/System/Library/PrivateFrameworks/DeviceRecovery.framework/Versions/A/DeviceRecovery
0x000000023c860000 	/System/Library/Frameworks/ExtensionFoundation.framework/Versions/A/ExtensionFoundation
0x00000001a91f6000 	/System/Library/PrivateFrameworks/AppServerSupport.framework/Versions/A/AppServerSupport
0x00000001a8e83000 	/System/Library/PrivateFrameworks/PlugInKit.framework/Versions/A/PlugInKit
0x00000001a673b000 	/System/Library/PrivateFrameworks/AssertionServices.framework/Versions/A/AssertionServices
0x00000001a8fa9000 	/System/Library/PrivateFrameworks/IconFoundation.framework/Versions/A/IconFoundation
0x00000002605cb000 	/System/Library/PrivateFrameworks/IconRendering.framework/Versions/A/IconRendering
0x0000000273493000 	/System/Library/PrivateFrameworks/SFSymbols.framework/Versions/A/SFSymbols
0x000000019a768000 	/System/Library/PrivateFrameworks/AudioToolboxCore.framework/Versions/A/AudioToolboxCore
0x00000001ab604000 	/System/Library/PrivateFrameworks/AudioSession.framework/Versions/A/AudioSession
0x00000001b663a000 	/System/Library/Frameworks/CoreMIDI.framework/Versions/A/CoreMIDI
0x00000001ab682000 	/usr/lib/libAudioStatistics.dylib
0x00000001a41a6000 	/System/Library/PrivateFrameworks/caulk.framework/Versions/A/caulk
0x00000001a9c48000 	/usr/lib/libAudioToolboxUtility.dylib
0x00000001c3cba000 	/usr/lib/swift/libswiftCoreAudio.dylib
0x00000001ca30f000 	/usr/lib/swift/libswiftCoreMIDI.dylib
0x00000001aba90000 	/System/Library/PrivateFrameworks/perfdata.framework/Versions/A/perfdata
0x00000001c2cd9000 	/System/Library/PrivateFrameworks/SystemPolicy.framework/Versions/A/SystemPolicy
0x00000001ab935000 	/usr/lib/libSMC.dylib
0x00000001aba9e000 	/usr/lib/libperfcheck.dylib
0x0000000248f9e000 	/System/Library/PrivateFrameworks/AudioAnalytics.framework/Versions/A/AudioAnalytics
0x000000029039b000 	/usr/lib/swift/libswift_DarwinFoundation2.dylib
0x000000029039c000 	/usr/lib/swift/libswift_DarwinFoundation3.dylib
0x00000001e87c3000 	/System/Library/Frameworks/OSLog.framework/Versions/A/OSLog
0x00000001c3c5f000 	/usr/lib/libmis.dylib
0x00000001a90c3000 	/System/Library/PrivateFrameworks/MediaExperience.framework/Versions/A/MediaExperience
0x00000001ab3d5000 	/System/Library/PrivateFrameworks/AudioSession.framework/libSessionUtility.dylib
0x00000001a9d8a000 	/System/Library/PrivateFrameworks/CMCaptureCore.framework/Versions/A/CMCaptureCore
0x00000001b0832000 	/System/Library/Frameworks/CoreBluetooth.framework/Versions/A/CoreBluetooth
0x00000001a65a2000 	/System/Library/PrivateFrameworks/CoreUtils.framework/Versions/A/CoreUtils
0x00000001bc00d000 	/System/Library/PrivateFrameworks/HID.framework/Versions/A/HID
0x0000000251fb0000 	/System/Library/PrivateFrameworks/CoreUtilsExtras.framework/Versions/A/CoreUtilsExtras
0x000000026052d000 	/System/Library/PrivateFrameworks/IO80211.framework/Versions/A/IO80211
0x00000001a6fd5000 	/System/Library/PrivateFrameworks/AuthKit.framework/Versions/A/AuthKit
0x00000001ad2bb000 	/System/Library/Frameworks/IOBluetooth.framework/Versions/A/IOBluetooth
0x00000001a8d23000 	/usr/lib/libIOReport.dylib
0x00000001a674a000 	/System/Library/Frameworks/SecurityFoundation.framework/Versions/A/SecurityFoundation
0x0000000198ed5000 	/System/Library/PrivateFrameworks/Lexicon.framework/Versions/A/Lexicon
0x00000001a68b4000 	/usr/lib/libgermantok.dylib
0x00000001a53cd000 	/System/Library/PrivateFrameworks/LinguisticData.framework/Versions/A/LinguisticData
0x00000001ab741000 	/System/Library/PrivateFrameworks/MultiverseSupport.framework/Versions/A/MultiverseSupport
0x00000001b0a77000 	/System/Library/PrivateFrameworks/DiskManagement.framework/Versions/A/DiskManagement
0x00000001b0983000 	/System/Library/PrivateFrameworks/AppleIDAuthSupport.framework/Versions/A/AppleIDAuthSupport
0x000000024418e000 	/System/Library/PrivateFrameworks/AAAFoundation.framework/Versions/A/AAAFoundation
0x00000001abc44000 	/System/Library/PrivateFrameworks/KeychainCircle.framework/Versions/A/KeychainCircle
0x00000001bcea4000 	/System/Library/PrivateFrameworks/URLFormatting.framework/Versions/A/URLFormatting
0x00000001b390b000 	/usr/lib/libcsfde.dylib
0x00000001a8ecd000 	/usr/lib/libCoreStorage.dylib
0x00000001b0a45000 	/System/Library/PrivateFrameworks/MediaKit.framework/Versions/A/MediaKit
0x00000001b0990000 	/System/Library/Frameworks/DiscRecording.framework/Versions/A/DiscRecording
0x00000001ad392000 	/System/Library/PrivateFrameworks/ProtectedCloudStorage.framework/Versions/A/ProtectedCloudStorage
0x00000001b3906000 	/System/Library/PrivateFrameworks/EFILogin.framework/Versions/A/EFILogin
0x00000001a8f9f000 	/usr/lib/libheimdal-asn1.dylib
0x00000001b0d9a000 	/System/Library/PrivateFrameworks/OctagonTrust.framework/Versions/A/OctagonTrust
0x00000001b425f000 	/System/Library/Frameworks/AudioUnit.framework/Versions/A/AudioUnit
0x00000001a204f000 	/System/Library/Frameworks/OpenDirectory.framework/Versions/A/OpenDirectory
0x00000001a205d000 	/System/Library/Frameworks/OpenDirectory.framework/Versions/A/Frameworks/CFOpenDirectory.framework/Versions/A/CFOpenDirectory
0x00000001fcee3000 	/System/Library/Frameworks/AVFAudio.framework/Versions/A/AVFAudio
0x00000001bcfac000 	/usr/lib/libAccessibility.dylib
0x0000000264093000 	/System/Library/PrivateFrameworks/IsolatedCoreAudioClient.framework/Versions/A/IsolatedCoreAudioClient
0x00000001deeae000 	/usr/lib/swift/libswiftCoreMedia.dylib
0x0000000280e1c000 	/System/Library/PrivateFrameworks/Tightbeam.framework/Versions/A/Tightbeam
0x000000024dee5000 	/System/Library/PrivateFrameworks/CoreAudioOrchestration.framework/Versions/A/CoreAudioOrchestration
0x00000001db736000 	/System/Library/PrivateFrameworks/AFKUser.framework/Versions/A/AFKUser
0x00000001afb13000 	/System/Library/Frameworks/MediaAccessibility.framework/Versions/A/MediaAccessibility
0x0000000284dbb000 	/System/Library/PrivateFrameworks/VideoToolboxParavirtualizationSupport.framework/Versions/A/VideoToolboxParavirtualizationSupport
0x00000001a8f3b000 	/System/Library/PrivateFrameworks/AppleVA.framework/Versions/A/AppleVA
0x00000001a9d1c000 	/System/Library/PrivateFrameworks/GPUWrangler.framework/Versions/A/GPUWrangler
0x00000001a9cfc000 	/System/Library/PrivateFrameworks/IOPresentment.framework/Versions/A/IOPresentment
0x00000001a9d24000 	/System/Library/PrivateFrameworks/DSExternalDisplay.framework/Versions/A/DSExternalDisplay
0x0000000248bee000 	/System/Library/PrivateFrameworks/ArgumentParserInternal.framework/Versions/A/ArgumentParserInternal
0x0000000248a46000 	/System/Library/PrivateFrameworks/AppleMobileFileIntegrity.framework/Versions/A/AppleMobileFileIntegrity
0x000000028f04e000 	/usr/lib/libTLE.dylib
0x00000001f971c000 	/System/Library/PrivateFrameworks/ConfigProfileHelper.framework/Versions/A/ConfigProfileHelper
0x00000001ee615000 	/usr/lib/libedit.3.dylib
0x00000002654d5000 	/System/Library/PrivateFrameworks/MIL.framework/Versions/A/MIL
0x00000001c8d48000 	/usr/lib/libncurses.5.4.dylib
0x00000001a64d7000 	/System/Library/PrivateFrameworks/CoreEmoji.framework/Versions/A/CoreEmoji
0x00000001991ee000 	/usr/lib/libCRFSuite.dylib
0x00000001a52ab000 	/System/Library/PrivateFrameworks/CoreNLP.framework/Versions/A/CoreNLP
0x00000001a6853000 	/usr/lib/libmecab.dylib
0x00000001a7733000 	/usr/lib/libThaiTokenizer.dylib
0x00000001e8c5d000 	/System/Library/PrivateFrameworks/HIDDisplay.framework/Versions/A/HIDDisplay
0x00000001a9d56000 	/System/Library/Frameworks/ApplicationServices.framework/Versions/A/Frameworks/ATSUI.framework/Versions/A/ATSUI
0x00000001aba16000 	/usr/lib/libcups.2.dylib
0x00000001abaac000 	/System/Library/Frameworks/Kerberos.framework/Versions/A/Kerberos
0x00000001ab711000 	/usr/lib/libresolv.9.dylib
0x00000001a920a000 	/System/Library/PrivateFrameworks/Heimdal.framework/Versions/A/Heimdal
0x00000001b425e000 	/System/Library/Frameworks/Kerberos.framework/Versions/A/Libraries/libHeimdalProxy.dylib
0x00000001abb10000 	/System/Library/PrivateFrameworks/CommonAuth.framework/Versions/A/CommonAuth
0x00000001bceae000 	/System/Library/PrivateFrameworks/AXCoreUtilities.framework/Versions/A/AXCoreUtilities
0x000000028eaa1000 	/usr/lib/libAXSafeCategoryBundle.dylib
0x00000001a63bc000 	/System/Library/Frameworks/Accelerate.framework/Versions/A/Frameworks/vecLib.framework/Versions/A/libvDSP.dylib
0x00000001a787f000 	/System/Library/Frameworks/Accelerate.framework/Versions/A/Frameworks/vecLib.framework/Versions/A/libLAPACK.dylib
0x00000001a68b7000 	/System/Library/Frameworks/Accelerate.framework/Versions/A/Frameworks/vecLib.framework/Versions/A/libLinearAlgebra.dylib
0x00000001a7778000 	/System/Library/Frameworks/Accelerate.framework/Versions/A/Frameworks/vecLib.framework/Versions/A/libSparseBLAS.dylib
0x00000001a787a000 	/System/Library/Frameworks/Accelerate.framework/Versions/A/Frameworks/vecLib.framework/Versions/A/libQuadrature.dylib
0x00000001a53d4000 	/System/Library/Frameworks/Accelerate.framework/Versions/A/Frameworks/vecLib.framework/Versions/A/libBNNS.dylib
0x0000000198fe7000 	/System/Library/Frameworks/Accelerate.framework/Versions/A/Frameworks/vecLib.framework/Versions/A/libSparse.dylib
0x00000001aba75000 	/System/Library/PrivateFrameworks/NetAuth.framework/Versions/A/NetAuth
0x00000001a226d000 	/System/Library/PrivateFrameworks/login.framework/Versions/A/Frameworks/loginsupport.framework/Versions/A/loginsupport
0x00000001a681d000 	/usr/lib/libCheckFix.dylib
0x00000001a13f5000 	/System/Library/PrivateFrameworks/MetadataUtilities.framework/Versions/A/MetadataUtilities
0x0000000260f30000 	/System/Library/PrivateFrameworks/InstalledContentLibrary.framework/Versions/A/InstalledContentLibrary
0x000000019bf48000 	/System/Library/PrivateFrameworks/CoreServicesStore.framework/Versions/A/CoreServicesStore
0x00000001d6cfa000 	/System/Library/PrivateFrameworks/MobileSystemServices.framework/Versions/A/MobileSystemServices
0x00000001a8be4000 	/usr/lib/libxslt.1.dylib
0x00000001a67dd000 	/System/Library/PrivateFrameworks/BackgroundTaskManagement.framework/Versions/A/BackgroundTaskManagement
0x00000001b3917000 	/usr/lib/libcurl.4.dylib
0x000000028f286000 	/usr/lib/libcrypto.46.dylib
0x000000028fea0000 	/usr/lib/libssl.48.dylib
0x00000001b35ee000 	/System/Library/Frameworks/LDAP.framework/Versions/A/LDAP
0x00000001b362a000 	/System/Library/PrivateFrameworks/TrustEvaluationAgent.framework/Versions/A/TrustEvaluationAgent
0x00000001ab72e000 	/usr/lib/libsasl2.2.dylib
0x00000001c0cd1000 	/usr/lib/swift/libswiftCoreGraphics.dylib
0x00000001b0204000 	/usr/lib/swift/libswiftFoundation.dylib
0x00000001f90eb000 	/usr/lib/swift/libswiftSwiftOnoneSupport.dylib
0x000000029050c000 	/usr/lib/swift/libswiftsys_time.dylib
0x00000001e4bd0000 	/System/Library/PrivateFrameworks/CoreMaterial.framework/Versions/A/CoreMaterial
0x0000000290252000 	/usr/lib/swift/libswiftSpatial.dylib
0x000000028f04b000 	/usr/lib/libSpatial.dylib
0x000000028e9bf000 	/System/Library/SubFrameworks/UIUtilities.framework/Versions/A/UIUtilities
0x0000000105f54000 	/Library/Java/JavaVirtualMachines/temurin-21.jdk/Contents/Home/lib/server/libjvm.dylib
0x0000000100334000 	/Library/Java/JavaVirtualMachines/temurin-21.jdk/Contents/Home/lib/libjimage.dylib
0x0000000100394000 	/Library/Java/JavaVirtualMachines/temurin-21.jdk/Contents/Home/lib/libjdwp.dylib
0x00000001003e0000 	/Library/Java/JavaVirtualMachines/temurin-21.jdk/Contents/Home/lib/libjava.dylib
0x0000000100360000 	/Library/Java/JavaVirtualMachines/temurin-21.jdk/Contents/Home/lib/libinstrument.dylib
0x0000000100478000 	/Library/Java/JavaVirtualMachines/temurin-21.jdk/Contents/Home/lib/libzip.dylib
0x000000028ea93000 	/usr/lib/i18n/libiconv_std.dylib
0x000000028ea89000 	/usr/lib/i18n/libUTF8.dylib
0x000000028ea98000 	/usr/lib/i18n/libmapper_none.dylib
0x0000000100464000 	/Library/Java/JavaVirtualMachines/temurin-21.jdk/Contents/Home/lib/libdt_socket.dylib
0x0000000100548000 	/Library/Java/JavaVirtualMachines/temurin-21.jdk/Contents/Home/lib/libnio.dylib
0x0000000100830000 	/Library/Java/JavaVirtualMachines/temurin-21.jdk/Contents/Home/lib/libnet.dylib
0x00000001057cc000 	/Library/Java/JavaVirtualMachines/temurin-21.jdk/Contents/Home/lib/libverify.dylib
0x0000000105870000 	/Library/Java/JavaVirtualMachines/temurin-21.jdk/Contents/Home/lib/libawt.dylib
0x0000000105918000 	/Library/Java/JavaVirtualMachines/temurin-21.jdk/Contents/Home/lib/libmlib_image.dylib
0x000000023db48000 	/System/Library/Frameworks/JavaRuntimeSupport.framework/Versions/A/JavaRuntimeSupport
0x00000001c26af000 	/System/Library/Frameworks/Carbon.framework/Versions/A/Carbon
0x00000001b8d40000 	/System/Library/Frameworks/Carbon.framework/Versions/A/Frameworks/CommonPanels.framework/Versions/A/CommonPanels
0x00000001b3902000 	/System/Library/Frameworks/Carbon.framework/Versions/A/Frameworks/Help.framework/Versions/A/Help
0x00000001b8d44000 	/System/Library/Frameworks/Carbon.framework/Versions/A/Frameworks/ImageCapture.framework/Versions/A/ImageCapture
0x00000001b8d1f000 	/System/Library/Frameworks/Carbon.framework/Versions/A/Frameworks/OpenScripting.framework/Versions/A/OpenScripting
0x00000001b8d3f000 	/System/Library/Frameworks/Carbon.framework/Versions/A/Frameworks/Ink.framework/Versions/A/Ink
0x00000001b8d3c000 	/System/Library/Frameworks/Carbon.framework/Versions/A/Frameworks/SecurityHI.framework/Versions/A/SecurityHI
0x0000000105ac4000 	/Library/Java/JavaVirtualMachines/temurin-21.jdk/Contents/Home/lib/libawt_lwawt.dylib
0x0000000105818000 	/Library/Java/JavaVirtualMachines/temurin-21.jdk/Contents/Home/lib/libosxapp.dylib
0x00000001c0d38000 	/System/Library/Frameworks/ExceptionHandling.framework/Versions/A/ExceptionHandling
0x0000000100528000 	/Library/Java/JavaVirtualMachines/temurin-21.jdk/Contents/Home/lib/libextnet.dylib
0x0000000105a24000 	/Users/labanovichttps/Documents/projects/dbeaver-workspace/products/DBeaverUltimate.product/org.eclipse.osgi/60/0/.cp/libswt-cocoa-4970r5.jnilib
0x00000001c0daf000 	/System/Library/Frameworks/WebKit.framework/Versions/A/WebKit
0x00000001b6226000 	/System/Library/Frameworks/WebKit.framework/Versions/A/Frameworks/WebKitLegacy.framework/Versions/A/WebKitLegacy
0x00000001b4042000 	/System/Library/PrivateFrameworks/CorePrediction.framework/Versions/A/CorePrediction
0x00000001a2ff1000 	/System/Library/Frameworks/WebKit.framework/Versions/A/Frameworks/WebCore.framework/Versions/A/Frameworks/libwebrtc.dylib
0x00000001c0d3b000 	/System/Library/PrivateFrameworks/SafariSafeBrowsing.framework/Versions/A/SafariSafeBrowsing
0x00000001ab7b7000 	/System/Library/Frameworks/SecurityInterface.framework/Versions/A/SecurityInterface
0x00000001c45b6000 	/System/Library/PrivateFrameworks/WebInspectorUI.framework/Versions/A/WebInspectorUI
0x00000001b8d47000 	/System/Library/Frameworks/JavaScriptCore.framework/Versions/A/JavaScriptCore
0x00000001bcfe0000 	/System/Library/Frameworks/WebKit.framework/Versions/A/Frameworks/WebCore.framework/Versions/A/WebCore
0x00000001cb351000 	/System/Library/Frameworks/SwiftUI.framework/Versions/A/SwiftUI
0x00000001fdbf0000 	/System/Library/Frameworks/BrowserEngineCore.framework/Versions/A/BrowserEngineCore
0x00000002433b6000 	/System/Library/Frameworks/WebKit.framework/Versions/A/Frameworks/WebCore.framework/Versions/A/Frameworks/libANGLE-shared.dylib
0x0000000287857000 	/System/Library/PrivateFrameworks/WebGPU.framework/Versions/A/WebGPU
0x00000001c6476000 	/System/Library/Frameworks/SceneKit.framework/Versions/A/SceneKit
0x00000001d753c000 	/System/Library/Frameworks/ModelIO.framework/Versions/A/ModelIO
0x00000001ad487000 	/System/Library/Frameworks/MetalKit.framework/Versions/A/MetalKit
0x00000001af74f000 	/System/Library/Frameworks/GLKit.framework/Versions/A/GLKit
0x00000002907e1000 	/usr/lib/usd/libusd_ms.dylib
0x0000000282f3f000 	/System/Library/PrivateFrameworks/USDLib_FormatLoaderProxy.framework/Versions/A/USDLib_FormatLoaderProxy
0x0000000290507000 	/usr/lib/swift/libswift_errno.dylib
0x00000001c3737000 	/System/Library/PrivateFrameworks/CoreOptimization.framework/Versions/A/CoreOptimization
0x000000027eca3000 	/System/Library/PrivateFrameworks/TextAnimationSupport.framework/Versions/A/TextAnimationSupport
0x000000027240f000 	/System/Library/PrivateFrameworks/RecapPerformanceTesting.framework/Versions/A/RecapPerformanceTesting
0x00000001c45a7000 	/System/Library/PrivateFrameworks/SignpostCollection.framework/Versions/A/SignpostCollection
0x00000001c2ab8000 	/System/Library/Frameworks/AVFoundation.framework/Versions/A/AVFoundation
0x00000001af789000 	/usr/lib/libnetworkextension.dylib
0x00000001b31e6000 	/System/Library/PrivateFrameworks/CoreWiFi.framework/Versions/A/CoreWiFi
0x00000001b1d91000 	/System/Library/PrivateFrameworks/Rapport.framework/Versions/A/Rapport
0x00000001ac5fc000 	/System/Library/Frameworks/NetworkExtension.framework/Versions/A/NetworkExtension
0x00000002438e2000 	/System/Library/Frameworks/_LocationEssentials.framework/Versions/A/_LocationEssentials
0x00000001a7328000 	/System/Library/Frameworks/UserNotifications.framework/Versions/A/UserNotifications
0x00000001f06e8000 	/System/Library/PrivateFrameworks/WiFiPeerToPeer.framework/Versions/A/WiFiPeerToPeer
0x000000028f9c0000 	/usr/lib/libmrc.dylib
0x0000000260597000 	/System/Library/PrivateFrameworks/IPConfiguration.framework/Versions/A/IPConfiguration
0x00000001e4b92000 	/System/Library/PrivateFrameworks/Netrb.framework/Versions/A/Netrb
0x00000001ad65d000 	/System/Library/PrivateFrameworks/GeoServices.framework/Versions/A/GeoServices
0x00000001ab39c000 	/System/Library/PrivateFrameworks/LocationSupport.framework/Versions/A/LocationSupport
0x000000025d6d3000 	/System/Library/PrivateFrameworks/GeoServicesCore.framework/Versions/A/GeoServicesCore
0x00000001bcea2000 	/System/Library/PrivateFrameworks/PhoneNumbers.framework/Versions/A/PhoneNumbers
0x00000002653c9000 	/System/Library/PrivateFrameworks/LocationLogEncryption.framework/Versions/A/LocationLogEncryption
0x00000001fd023000 	/System/Library/Frameworks/AVRouting.framework/Versions/A/AVRouting
0x00000001aa27a000 	/System/Library/Frameworks/MediaToolbox.framework/Versions/A/MediaToolbox
0x00000001b0b6d000 	/System/Library/PrivateFrameworks/CoreAVCHD.framework/Versions/A/CoreAVCHD
0x00000001b0b69000 	/System/Library/PrivateFrameworks/Mangrove.framework/Versions/A/Mangrove
0x000000024ab9b000 	/System/Library/PrivateFrameworks/CMPhoto.framework/Versions/A/CMPhoto
0x00000001b131f000 	/System/Library/Frameworks/CoreTelephony.framework/Versions/A/CoreTelephony
0x00000001b0b5c000 	/System/Library/PrivateFrameworks/CoreAUC.framework/Versions/A/CoreAUC
0x0000000247fbb000 	/System/Library/PrivateFrameworks/AppleJPEGXL.framework/Versions/A/AppleJPEGXL
0x00000001abc95000 	/usr/lib/libTelephonyUtilDynamic.dylib
0x00000001eb3fa000 	/System/Library/Frameworks/CryptoKit.framework/Versions/A/CryptoKit
0x00000001b425a000 	/System/Library/PrivateFrameworks/CryptoKitCBridging.framework/Versions/A/CryptoKitCBridging
0x00000001b1948000 	/System/Library/Frameworks/CryptoTokenKit.framework/Versions/A/CryptoTokenKit
0x00000001b19c8000 	/System/Library/Frameworks/LocalAuthentication.framework/Versions/A/LocalAuthentication
0x00000002651f7000 	/System/Library/PrivateFrameworks/LocalAuthenticationCore.framework/Versions/A/LocalAuthenticationCore
0x0000000265377000 	/System/Library/PrivateFrameworks/LocalAuthenticationCredentialServices.framework/Versions/A/LocalAuthenticationCredentialServices
0x00000001b1a35000 	/System/Library/Frameworks/LocalAuthentication.framework/Support/SharedUtils.framework/Versions/A/SharedUtils
0x000000019fd5c000 	/System/Library/PrivateFrameworks/CommonUtilities.framework/Versions/A/CommonUtilities
0x00000001a950b000 	/System/Library/PrivateFrameworks/Bom.framework/Versions/A/Bom
0x00000001ab74f000 	/usr/lib/libParallelCompression.dylib
0x00000001d74b0000 	/System/Library/PrivateFrameworks/SignpostSupport.framework/Versions/A/SignpostSupport
0x00000001d6bfa000 	/System/Library/PrivateFrameworks/ktrace.framework/Versions/A/ktrace
0x00000001e01b1000 	/System/Library/PrivateFrameworks/kperfdata.framework/Versions/A/kperfdata
0x00000001ad560000 	/usr/lib/libdscsym.dylib
0x00000001b43df000 	/System/Library/PrivateFrameworks/Espresso.framework/Versions/A/Espresso
0x00000001f9d11000 	/System/Library/PrivateFrameworks/ANECompiler.framework/Versions/A/ANECompiler
0x00000001b649a000 	/System/Library/PrivateFrameworks/AppleNeuralEngine.framework/Versions/A/AppleNeuralEngine
0x000000023ea22000 	/System/Library/Frameworks/MetalPerformanceShadersGraph.framework/Versions/A/MetalPerformanceShadersGraph
0x0000000265c6f000 	/System/Library/PrivateFrameworks/MLCompilerServices.framework/Versions/A/MLCompilerServices
0x00000001b5273000 	/System/Library/PrivateFrameworks/ANEServices.framework/Versions/A/ANEServices
0x000000019c085000 	/usr/lib/libsandbox.1.dylib
0x00000001a8ec5000 	/usr/lib/libMatch.1.dylib
0x000000026c9d1000 	/System/Library/PrivateFrameworks/ODIE.framework/Versions/A/ODIE
0x0000000265c13000 	/System/Library/PrivateFrameworks/MLCompilerRuntime.framework/Versions/A/MLCompilerRuntime
0x00000001b151e000 	/System/Library/PrivateFrameworks/AVFCore.framework/Versions/A/AVFCore
0x00000001ba945000 	/System/Library/PrivateFrameworks/AVFCapture.framework/Versions/A/AVFCapture
0x000000024a984000 	/System/Library/PrivateFrameworks/CMImaging.framework/Versions/A/CMImaging
0x00000001bab85000 	/System/Library/PrivateFrameworks/Quagga.framework/Versions/A/Quagga
0x00000001bacb9000 	/System/Library/PrivateFrameworks/CMCapture.framework/Versions/A/CMCapture
0x00000001ab825000 	/System/Library/Frameworks/CoreMediaIO.framework/Versions/A/CoreMediaIO
0x000000024a8c0000 	/System/Library/PrivateFrameworks/CMCaptureDevice.framework/Versions/A/CMCaptureDevice
0x00000001a92ef000 	/System/Library/PrivateFrameworks/CoreBrightness.framework/Versions/A/CoreBrightness
0x000000024b940000 	/System/Library/PrivateFrameworks/CinematicFraming.framework/Versions/A/CinematicFraming
0x00000001dda28000 	/System/Library/PrivateFrameworks/CPMS.framework/Versions/A/CPMS
0x000000027e475000 	/System/Library/PrivateFrameworks/SystemStatus.framework/Versions/A/SystemStatus
0x00000001c26b0000 	/System/Library/Frameworks/CoreMotion.framework/Versions/A/CoreMotion
0x00000001d2539000 	/System/Library/PrivateFrameworks/TimeSync.framework/Versions/A/TimeSync
0x0000000252f41000 	/System/Library/PrivateFrameworks/DistributedSensing.framework/Versions/A/DistributedSensing
0x00000001cdc94000 	/System/Library/PrivateFrameworks/MobileBluetooth.framework/Versions/A/MobileBluetooth
0x00000001d41db000 	/System/Library/PrivateFrameworks/IOKitten.framework/Versions/A/IOKitten
0x00000001a2270000 	/System/Library/PrivateFrameworks/ApplePushService.framework/Versions/A/ApplePushService
0x00000001d9c73000 	/System/Library/PrivateFrameworks/DeviceIdentity.framework/Versions/A/DeviceIdentity
0x00000001c88c2000 	/System/Library/PrivateFrameworks/CaptiveNetwork.framework/Versions/A/CaptiveNetwork
0x00000001b3816000 	/System/Library/PrivateFrameworks/EAP8021X.framework/Versions/A/EAP8021X
0x00000002520de000 	/System/Library/PrivateFrameworks/CryptoKitPrivate.framework/Versions/A/CryptoKitPrivate
0x0000000105bf8000 	/Users/labanovichttps/Documents/projects/dbeaver-workspace/products/DBeaverUltimate.product/org.eclipse.osgi/60/0/.cp/libswt-pi-cocoa-4970r5.jnilib
0x00000001fd19f000 	/System/Library/Frameworks/AppIntents.framework/Versions/A/AppIntents
0x00000002411de000 	/System/Library/Frameworks/RelevanceKit.framework/Versions/A/RelevanceKit
0x00000001a7379000 	/System/Library/Frameworks/CoreSpotlight.framework/Versions/A/CoreSpotlight
0x0000000264ffd000 	/System/Library/PrivateFrameworks/LinkServices.framework/Versions/A/LinkServices
0x000000025302c000 	/System/Library/PrivateFrameworks/DoNotDisturb.framework/Versions/A/DoNotDisturb
0x0000000264e5c000 	/System/Library/PrivateFrameworks/LinkMetadata.framework/Versions/A/LinkMetadata
0x00000001c3ce1000 	/usr/lib/swift/libswiftIntents.dylib
0x00000001c8ea3000 	/System/Library/PrivateFrameworks/IntentsCore.framework/Versions/A/IntentsCore
0x0000000249464000 	/System/Library/PrivateFrameworks/AvailabilityKit.framework/Versions/A/AvailabilityKit
0x00000002468fc000 	/System/Library/PrivateFrameworks/AppIntentSchemas.framework/Versions/A/AppIntentSchemas
0x000000025a851000 	/System/Library/PrivateFrameworks/GRDBInternal.framework/Versions/A/GRDBInternal
0x000000027d032000 	/System/Library/PrivateFrameworks/StatusKit.framework/Versions/A/StatusKit
0x00000001b0d73000 	/System/Library/PrivateFrameworks/GenerationalStorage.framework/Versions/A/GenerationalStorage
0x00000001b0b9c000 	/System/Library/Frameworks/FileProvider.framework/Versions/A/FileProvider
0x000000019d9ae000 	/System/Library/PrivateFrameworks/DesktopServicesPriv.framework/Versions/A/DesktopServicesPriv
0x00000001c3756000 	/System/Library/PrivateFrameworks/FTServices.framework/Versions/A/FTServices
0x00000001a3bf0000 	/System/Library/Frameworks/CoreLocation.framework/Versions/A/CoreLocation
0x00000001b2b7e000 	/System/Library/Frameworks/Intents.framework/Versions/A/Intents
0x00000001acefd000 	/System/Library/PrivateFrameworks/Sharing.framework/Versions/A/Sharing
0x00000001b31e5000 	/System/Library/PrivateFrameworks/Apple80211.framework/Versions/A/Apple80211
0x00000001a651f000 	/System/Library/Frameworks/CoreWLAN.framework/Versions/A/CoreWLAN
0x00000001ca2f0000 	/usr/lib/swift/libswiftCoreLocation.dylib
0x00000001ac8be000 	/System/Library/PrivateFrameworks/IDS.framework/Versions/A/IDS
0x00000001ab323000 	/System/Library/PrivateFrameworks/IMFoundation.framework/Versions/A/IMFoundation
0x00000001bc31a000 	/System/Library/PrivateFrameworks/Marco.framework/Versions/A/Marco
0x00000001aca9b000 	/System/Library/PrivateFrameworks/IDSFoundation.framework/Versions/A/IDSFoundation
0x00000001b8d07000 	/System/Library/PrivateFrameworks/Engram.framework/Versions/A/Engram
0x00000001d1680000 	/usr/lib/swift/libswiftCompression.dylib
0x00000001b8ca5000 	/usr/lib/libtidy.A.dylib
0x00000001d2008000 	/System/Library/PrivateFrameworks/FTAWD.framework/Versions/A/FTAWD
0x00000001b431d000 	/System/Library/PrivateFrameworks/IntentsFoundation.framework/Versions/A/IntentsFoundation
0x00000001a1f0c000 	/System/Library/PrivateFrameworks/ViewBridge.framework/Versions/A/ViewBridge
0x00000002437f2000 	/System/Library/Frameworks/_AppIntents_AppKit.framework/Versions/A/_AppIntents_AppKit
0x00000001ca2d5000 	/System/Library/Frameworks/Accelerate.framework/Versions/A/Frameworks/vImage.framework/Versions/A/Libraries/libCGInterfaces.dylib
0x0000000105d2c000 	/usr/lib/libobjc-trampolines.dylib
0x000000028eaa5000 	/usr/lib/libAccessibilityBaseImplementations.dylib
0x0000000288f0e000 	/System/Library/PrivateFrameworks/WritingToolsUI.framework/Versions/A/WritingToolsUI
0x000000025d0cd000 	/System/Library/PrivateFrameworks/GenerativeAssistantSettings.framework/Versions/A/GenerativeAssistantSettings
0x000000027edc6000 	/System/Library/PrivateFrameworks/TextComposer.framework/Versions/A/TextComposer
0x000000025d0a5000 	/System/Library/PrivateFrameworks/GenerativeAssistantCommon.framework/Versions/A/GenerativeAssistantCommon
0x0000000243830000 	/System/Library/Frameworks/_AuthenticationServices_SwiftUI.framework/Versions/A/_AuthenticationServices_SwiftUI
0x0000000246667000 	/System/Library/PrivateFrameworks/Anvil.framework/Versions/A/Anvil
0x00000001ca911000 	/System/Library/PrivateFrameworks/AppStoreDaemon.framework/Versions/A/AppStoreDaemon
0x00000001b6875000 	/System/Library/PrivateFrameworks/AppleMediaServices.framework/Versions/A/AppleMediaServices
0x000000025d56a000 	/System/Library/PrivateFrameworks/GenerativePartnerServiceUI.framework/Versions/A/GenerativePartnerServiceUI
0x00000001f86b2000 	/System/Library/PrivateFrameworks/JetEngine.framework/Versions/A/JetEngine
0x0000000249329000 	/System/Library/PrivateFrameworks/AuthenticationServicesCore.framework/Versions/A/AuthenticationServicesCore
0x00000001cdcd6000 	/System/Library/Frameworks/AuthenticationServices.framework/Versions/A/AuthenticationServices
0x00000001a8e5f000 	/System/Library/PrivateFrameworks/SharedWebCredentials.framework/Versions/A/SharedWebCredentials
0x00000001c545e000 	/System/Library/PrivateFrameworks/SafariCore.framework/Versions/A/SafariCore
0x00000001cd81d000 	/System/Library/PrivateFrameworks/SafariFoundation.framework/Versions/A/SafariFoundation
0x00000001b04c0000 	/System/Library/Frameworks/Contacts.framework/Versions/A/Contacts
0x000000024a540000 	/System/Library/PrivateFrameworks/CBORLibrary.framework/Versions/A/CBORLibrary
0x000000024b4ef000 	/System/Library/PrivateFrameworks/Chirp.framework/Versions/A/Chirp
0x000000024c09e000 	/System/Library/PrivateFrameworks/CloudSubscriptionFeatures.framework/Versions/A/CloudSubscriptionFeatures
0x00000001b0205000 	/System/Library/PrivateFrameworks/ContactsFoundation.framework/Versions/A/ContactsFoundation
0x00000001f9a49000 	/System/Library/PrivateFrameworks/RemoteManagement.framework/Versions/A/RemoteManagement
0x000000027278f000 	/System/Library/PrivateFrameworks/RemoteManagementModel.framework/Versions/A/RemoteManagementModel
0x0000000272820000 	/System/Library/PrivateFrameworks/RemoteManagementStore.framework/Versions/A/RemoteManagementStore
0x00000001ad4a5000 	/usr/lib/libxcselect.dylib
0x00000001cd78d000 	/System/Library/PrivateFrameworks/DifferentialPrivacy.framework/Versions/A/DifferentialPrivacy
0x00000002676c9000 	/System/Library/PrivateFrameworks/ManagedSettingsObjC.framework/Versions/A/ManagedSettingsObjC
0x00000002653ce000 	/System/Library/PrivateFrameworks/LockdownMode.framework/Versions/A/LockdownMode
0x0000000283a2b000 	/System/Library/PrivateFrameworks/VDAF.framework/Versions/A/VDAF
0x00000001b02da000 	/System/Library/PrivateFrameworks/ContactsPersistence.framework/Versions/A/ContactsPersistence
0x00000001af44c000 	/System/Library/PrivateFrameworks/AppleLDAP.framework/Versions/A/AppleLDAP
0x00000001b3cb6000 	/System/Library/Frameworks/ClassKit.framework/Versions/A/ClassKit
0x00000001b5f27000 	/System/Library/PrivateFrameworks/CoreSuggestions.framework/Versions/A/CoreSuggestions
0x00000001b18f6000 	/System/Library/PrivateFrameworks/vCard.framework/Versions/A/vCard
0x000000024cc5b000 	/System/Library/PrivateFrameworks/ContactsMetrics.framework/Versions/A/ContactsMetrics
0x00000001a92cb000 	/System/Library/PrivateFrameworks/login.framework/Versions/A/login
0x00000002676c3000 	/System/Library/PrivateFrameworks/ManagedOrganizationContacts.framework/Versions/A/ManagedOrganizationContacts
0x00000001a26ea000 	/System/Library/PrivateFrameworks/CloudDocs.framework/Versions/A/CloudDocs
0x00000001bc86a000 	/System/Library/PrivateFrameworks/ProactiveEventTracker.framework/Versions/A/ProactiveEventTracker
0x00000001ab7f1000 	/System/Library/PrivateFrameworks/CoreFollowUp.framework/Versions/A/CoreFollowUp
0x00000001b5467000 	/System/Library/PrivateFrameworks/ConfigurationProfiles.framework/Versions/A/ConfigurationProfiles
0x000000025222d000 	/System/Library/PrivateFrameworks/DMCUtilities.framework/Versions/A/DMCUtilities
0x000000026544c000 	/System/Library/PrivateFrameworks/MDMClientLibrary.framework/Versions/A/MDMClientLibrary
0x0000000272814000 	/System/Library/PrivateFrameworks/RemoteManagementProtocol.framework/Versions/A/RemoteManagementProtocol
0x000000028ee40000 	/usr/lib/libEndpointSecuritySystem.dylib
0x00000001afb2b000 	/System/Library/PrivateFrameworks/SystemAdministration.framework/Versions/A/SystemAdministration
0x00000001ba849000 	/System/Library/PrivateFrameworks/PowerlogControl.framework/Versions/A/PowerlogControl
0x00000001a680e000 	/System/Library/Frameworks/ServiceManagement.framework/Versions/A/ServiceManagement
0x00000001ba84b000 	/usr/lib/libUniversalAccess.dylib
0x00000001b7272000 	/System/Library/PrivateFrameworks/FamilyControls.framework/Versions/A/FamilyControls
0x00000001af422000 	/System/Library/Frameworks/DirectoryService.framework/Versions/A/DirectoryService
0x00000001b3999000 	/System/Library/PrivateFrameworks/LoginUIKit.framework/Versions/A/Frameworks/LoginUICore.framework/Versions/A/LoginUICore
0x00000001a9509000 	/usr/lib/libodfde.dylib
0x00000001b726c000 	/System/Library/PrivateFrameworks/UniversalAccess.framework/Versions/A/Libraries/libUAPreferences.dylib
0x00000001b7296000 	/System/Library/PrivateFrameworks/CommerceKit.framework/Versions/A/Frameworks/CommerceCore.framework/Versions/A/CommerceCore
0x000000025219a000 	/System/Library/PrivateFrameworks/DEPClientLibrary.framework/Versions/A/DEPClientLibrary
0x00000002521c3000 	/System/Library/PrivateFrameworks/DMCEnrollmentLibrary.framework/Versions/A/DMCEnrollmentLibrary
0x00000001ba934000 	/System/Library/PrivateFrameworks/SetupAssistantFramework.framework/Versions/A/SetupAssistantFramework
0x00000001b409a000 	/System/Library/PrivateFrameworks/AuthKitUI.framework/Versions/A/AuthKitUI
0x00000001b39e3000 	/System/Library/PrivateFrameworks/AppSSO.framework/Versions/A/AppSSO
0x00000001ca66e000 	/System/Library/PrivateFrameworks/LocalAuthenticationUI.framework/Versions/A/LocalAuthenticationUI
0x00000002706f0000 	/System/Library/PrivateFrameworks/PlatformSSO.framework/Versions/A/PlatformSSO
0x00000001cb116000 	/System/Library/PrivateFrameworks/AOSUI.framework/Versions/A/AOSUI
0x00000001bc637000 	/System/Library/Frameworks/ContactsUI.framework/Versions/A/ContactsUI
0x00000001b0746000 	/System/Library/PrivateFrameworks/FamilyCircle.framework/Versions/A/FamilyCircle
0x00000001d8ccf000 	/System/Library/Frameworks/LinkPresentation.framework/Versions/A/LinkPresentation
0x000000023dbd5000 	/System/Library/Frameworks/LocalAuthenticationEmbeddedUI.framework/Versions/A/LocalAuthenticationEmbeddedUI
0x00000002707dc000 	/System/Library/PrivateFrameworks/PlatformSSOCore.framework/Versions/A/PlatformSSOCore
0x00000001bc207000 	/System/Library/PrivateFrameworks/IASUtilities.framework/Versions/A/IASUtilities
0x0000000260460000 	/System/Library/PrivateFrameworks/IASUtilitiesCore.framework/Versions/A/IASUtilitiesCore
0x00000001c45b7000 	/System/Library/PrivateFrameworks/OnBoardingKit.framework/Versions/A/OnBoardingKit
0x0000000272889000 	/System/Library/PrivateFrameworks/RemoteUI.framework/Versions/A/RemoteUI
0x000000026481e000 	/System/Library/PrivateFrameworks/LiftUI.framework/Versions/A/LiftUI
0x0000000274d47000 	/System/Library/PrivateFrameworks/Settings.framework/Versions/A/Settings
0x0000000289517000 	/System/Library/PrivateFrameworks/_IconServices_SwiftUI.framework/Versions/A/_IconServices_SwiftUI
0x000000023c986000 	/System/Library/Frameworks/ExtensionKit.framework/Versions/A/ExtensionKit
0x000000024bfec000 	/System/Library/PrivateFrameworks/CloudSettings.framework/Versions/A/CloudSettings
0x00000001b5ff8000 	/System/Library/Frameworks/EventKit.framework/Versions/A/EventKit
0x00000001c47c8000 	/System/Library/PrivateFrameworks/SearchFoundation.framework/Versions/A/SearchFoundation
0x00000001dad63000 	/System/Library/PrivateFrameworks/Email.framework/Versions/A/Email
0x00000001c3308000 	/System/Library/PrivateFrameworks/CoreRoutine.framework/Versions/A/CoreRoutine
0x00000001f93cb000 	/System/Library/PrivateFrameworks/VoiceShortcutClient.framework/Versions/A/VoiceShortcutClient
0x00000001d2b62000 	/System/Library/PrivateFrameworks/Categories.framework/Versions/A/Categories
0x00000001cafcc000 	/System/Library/PrivateFrameworks/ChronoServices.framework/Versions/A/ChronoServices
0x000000024afca000 	/System/Library/PrivateFrameworks/CalendarDatabase.framework/Versions/A/CalendarDatabase
0x000000024af16000 	/System/Library/PrivateFrameworks/CalendarDaemon.framework/Versions/A/CalendarDaemon
0x00000001b5391000 	/System/Library/PrivateFrameworks/CalendarFoundation.framework/Versions/A/CalendarFoundation
0x00000001b534d000 	/System/Library/PrivateFrameworks/iCalendar.framework/Versions/A/iCalendar
0x000000025242b000 	/System/Library/PrivateFrameworks/DataAccessExpress.framework/Versions/A/DataAccessExpress
0x00000001bc794000 	/System/Library/PrivateFrameworks/ContactsAutocomplete.framework/Versions/A/ContactsAutocomplete
0x00000002902f1000 	/usr/lib/swift/libswiftVideoToolbox.dylib
0x00000001caf1c000 	/System/Library/PrivateFrameworks/FTClientServices.framework/Versions/A/FTClientServices
0x0000000290163000 	/usr/lib/swift/libswiftCoreMediaIO.dylib
0x00000001bc091000 	/System/Library/PrivateFrameworks/CoreDAV.framework/Versions/A/CoreDAV
0x00000001b5ec8000 	/System/Library/PrivateFrameworks/CalDAV.framework/Versions/A/CalDAV
0x00000001c0a3b000 	/System/Library/PrivateFrameworks/TelephonyUtilities.framework/Versions/A/TelephonyUtilities
0x000000023db92000 	/System/Library/Frameworks/LiveCommunicationKit.framework/Versions/A/LiveCommunicationKit
0x000000024c8bf000 	/System/Library/PrivateFrameworks/CommunicationTrust.framework/Versions/A/CommunicationTrust
0x00000001c5271000 	/System/Library/Frameworks/CallKit.framework/Versions/A/CallKit
0x00000001b073f000 	/System/Library/PrivateFrameworks/CommunicationsFilter.framework/Versions/A/CommunicationsFilter
0x00000001ee750000 	/System/Library/PrivateFrameworks/IMTransferServices.framework/Versions/A/IMTransferServices
0x00000001c3750000 	/System/Library/PrivateFrameworks/IncomingCallFilter.framework/Versions/A/IncomingCallFilter
0x000000026b3e8000 	/System/Library/PrivateFrameworks/NeighborhoodActivityConduit.framework/Versions/A/NeighborhoodActivityConduit
0x00000001c772f000 	/System/Library/PrivateFrameworks/CallHistory.framework/Versions/A/CallHistory
0x000000028ecd0000 	/usr/lib/libBASupport.dylib
0x000000024b3d2000 	/System/Library/PrivateFrameworks/CallsUtilities.framework/Versions/A/CallsUtilities
0x000000024b3dd000 	/System/Library/PrivateFrameworks/CallsXPC.framework/Versions/A/CallsXPC
0x00000001f9ba7000 	/usr/lib/swift/libswiftCallKit.dylib
0x000000024b3c5000 	/System/Library/PrivateFrameworks/CallsPersistence.framework/Versions/A/CallsPersistence
0x00000002414b4000 	/System/Library/Frameworks/SensitiveContentAnalysis.framework/Versions/A/SensitiveContentAnalysis
0x00000001c8732000 	/System/Library/PrivateFrameworks/PeopleSuggester.framework/Versions/A/PeopleSuggester
0x00000001d19fb000 	/System/Library/PrivateFrameworks/SpotlightReceiver.framework/Versions/A/SpotlightReceiver
0x00000002894df000 	/System/Library/PrivateFrameworks/_AppIntentsServices_AppIntents.framework/Versions/A/_AppIntentsServices_AppIntents
0x0000000246963000 	/System/Library/PrivateFrameworks/AppIntentsServices.framework/Versions/A/AppIntentsServices
0x00000001b5335000 	/System/Library/PrivateFrameworks/CoreRecents.framework/Versions/A/CoreRecents
0x000000023d088000 	/System/Library/Frameworks/GeoToolbox.framework/Versions/A/GeoToolbox
0x00000002438af000 	/System/Library/Frameworks/_GeoToolbox_AppIntents.framework/Versions/A/_GeoToolbox_AppIntents
0x00000001e45e2000 	/System/Library/PrivateFrameworks/DiagnosticRequest.framework/Versions/A/DiagnosticRequest
0x0000000289424000 	/System/Library/PrivateFrameworks/XPCDistributed.framework/Versions/A/XPCDistributed
0x00000002724a4000 	/System/Library/PrivateFrameworks/RegulatoryDomain.framework/Versions/A/RegulatoryDomain
0x00000001af826000 	/usr/lib/libCTGreenTeaLogger.dylib
0x00000002653a1000 	/System/Library/PrivateFrameworks/LocalStatusKit.framework/Versions/A/LocalStatusKit
0x00000001c0929000 	/System/Library/PrivateFrameworks/CoreParsec.framework/Versions/A/CoreParsec
0x00000001dad57000 	/System/Library/PrivateFrameworks/EmailAddressing.framework/Versions/A/EmailAddressing
0x00000001d6dc0000 	/System/Library/PrivateFrameworks/EmailCore.framework/Versions/A/EmailCore
0x00000001d7dcc000 	/System/Library/PrivateFrameworks/EmailFoundation.framework/Versions/A/EmailFoundation
0x000000026e321000 	/System/Library/PrivateFrameworks/PegasusAPI.framework/Versions/A/PegasusAPI
0x000000026ee1c000 	/System/Library/PrivateFrameworks/PegasusConfiguration.framework/Versions/A/PegasusConfiguration
0x00000002817f1000 	/System/Library/PrivateFrameworks/ToolKit.framework/Versions/A/ToolKit
0x0000000272c02000 	/System/Library/PrivateFrameworks/ReplicatorEngine.framework/Versions/A/ReplicatorEngine
0x0000000272d99000 	/System/Library/PrivateFrameworks/ReplicatorServices.framework/Versions/A/ReplicatorServices
0x000000027e4ec000 	/System/Library/PrivateFrameworks/SystemWake.framework/Versions/A/SystemWake
0x00000001c5444000 	/System/Library/PrivateFrameworks/ContextKit.framework/Versions/A/ContextKit
0x000000024cd9f000 	/System/Library/PrivateFrameworks/ContextKitCore.framework/Versions/A/ContextKitCore
0x00000001c39d4000 	/System/Library/Frameworks/LocalAuthentication.framework/Support/DaemonUtils.framework/Versions/A/DaemonUtils
0x0000000265336000 	/System/Library/PrivateFrameworks/LocalAuthenticationCoreUI.framework/Versions/A/LocalAuthenticationCoreUI
0x00000001c6dc4000 	/System/Library/PrivateFrameworks/BridgeXPC.framework/Versions/A/BridgeXPC
0x00000001c4691000 	/System/Library/PrivateFrameworks/CoreKDL.framework/Versions/A/CoreKDL
0x00000001c2cd2000 	/System/Library/PrivateFrameworks/EmbeddedOSSupportHost.framework/Versions/A/EmbeddedOSSupportHost
0x00000001b7d2e000 	/System/Library/PrivateFrameworks/LoginUIKit.framework/Versions/A/LoginUIKit
0x00000001d3031000 	/System/Library/PrivateFrameworks/StorageKit.framework/Versions/A/StorageKit
0x00000001fb356000 	/System/Library/Frameworks/DeviceCheck.framework/Versions/A/DeviceCheck
0x00000001d30aa000 	/System/Library/PrivateFrameworks/CoreWLANKit.framework/Versions/A/CoreWLANKit
0x0000000286c24000 	/System/Library/PrivateFrameworks/Wallpaper.framework/Versions/A/Wallpaper
0x000000029017e000 	/usr/lib/swift/libswiftGLKit.dylib
0x0000000290189000 	/usr/lib/swift/libswiftMetalKit.dylib
0x000000029018d000 	/usr/lib/swift/libswiftModelIO.dylib
0x000000029024f000 	/usr/lib/swift/libswiftSceneKit.dylib
0x000000023c9c9000 	/System/Library/Frameworks/FSKit.framework/Versions/A/FSKit
0x0000000252d00000 	/System/Library/PrivateFrameworks/DiskImages2.framework/Versions/A/DiskImages2
0x0000000265181000 	/System/Library/PrivateFrameworks/LiveFS.framework/Versions/A/LiveFS
0x00000001dbc86000 	/System/Library/PrivateFrameworks/DynamicDesktop.framework/Versions/A/DynamicDesktop
0x0000000286dad000 	/System/Library/PrivateFrameworks/WallpaperFoundation.framework/Versions/A/WallpaperFoundation
0x0000000286e09000 	/System/Library/PrivateFrameworks/WallpaperTypes.framework/Versions/A/WallpaperTypes
0x00000001f0472000 	/System/Library/PrivateFrameworks/SystemDesktopAppearance.framework/Versions/A/SystemDesktopAppearance
0x000000028c53b000 	/System/Library/PrivateFrameworks/icloudMCCKit.framework/Versions/A/icloudMCCKit
0x0000000247892000 	/System/Library/PrivateFrameworks/AppleAccountUI.framework/Versions/A/AppleAccountUI
0x00000001e4b9c000 	/System/Library/PrivateFrameworks/PreferencePanesSupport.framework/Versions/A/PreferencePanesSupport
0x00000001cb2c8000 	/System/Library/PrivateFrameworks/FindMyDeviceUI.framework/Versions/A/FindMyDeviceUI
0x000000028a190000 	/System/Library/PrivateFrameworks/iCloudQuotaUI.framework/Versions/A/iCloudQuotaUI
0x00000001e4d50000 	/System/Library/PrivateFrameworks/CoreCDPUI.framework/Versions/A/CoreCDPUI
0x00000001c51a0000 	/System/Library/PrivateFrameworks/CoreFollowUpUI.framework/Versions/A/CoreFollowUpUI
0x00000001d1c7a000 	/System/Library/PrivateFrameworks/IMCore.framework/Versions/A/IMCore
0x00000001ba8b2000 	/System/Library/PrivateFrameworks/CoreCDP.framework/Versions/A/CoreCDP
0x00000001b6866000 	/System/Library/PrivateFrameworks/AskPermission.framework/Versions/A/AskPermission
0x00000001c8e13000 	/System/Library/Frameworks/Quartz.framework/Versions/A/Quartz
0x00000001d55b7000 	/System/Library/PrivateFrameworks/CloudPhotoServicesConfiguration.framework/Versions/A/CloudPhotoServicesConfiguration
0x00000001c7547000 	/System/Library/PrivateFrameworks/CommerceKit.framework/Versions/A/CommerceKit
0x00000001d6e8f000 	/System/Library/PrivateFrameworks/FindMyMac.framework/Versions/A/FindMyMac
0x00000001d6d63000 	/System/Library/Frameworks/PreferencePanes.framework/Versions/A/PreferencePanes
0x00000001ca759000 	/System/Library/Frameworks/AddressBook.framework/Versions/A/AddressBook
0x00000001b577e000 	/System/Library/PrivateFrameworks/AOSAccounts.framework/Versions/A/AOSAccounts
0x00000001afb25000 	/System/Library/PrivateFrameworks/AppleSRP.framework/Versions/A/AppleSRP
0x00000001c38eb000 	/System/Library/Frameworks/SafariServices.framework/Versions/A/SafariServices
0x00000001b426e000 	/System/Library/PrivateFrameworks/NetFSServer.framework/Versions/A/NetFSServer
0x00000001c6351000 	/System/Library/Frameworks/PDFKit.framework/Versions/A/PDFKit
0x00000002429e4000 	/System/Library/Frameworks/TabularData.framework/Versions/A/TabularData
0x00000002901a3000 	/usr/lib/swift/libswiftPassKit.dylib
0x00000001e8b99000 	/System/Library/Frameworks/PassKit.framework/Versions/A/PassKit
0x00000001b7e38000 	/System/Library/PrivateFrameworks/PassKitCore.framework/Versions/A/PassKitCore
0x000000026dcc0000 	/System/Library/PrivateFrameworks/PassKitMacHelperTemp.framework/Versions/A/PassKitMacHelperTemp
0x000000026cbf8000 	/System/Library/PrivateFrameworks/OSEligibility.framework/Versions/A/OSEligibility
0x000000028ec22000 	/usr/lib/libAppleSSE.dylib
0x00000001c3a20000 	/System/Library/PrivateFrameworks/BiometricKit.framework/Versions/A/BiometricKit
0x000000027338f000 	/System/Library/PrivateFrameworks/SEService.framework/Versions/A/SEService
0x000000023ca8d000 	/System/Library/Frameworks/FinanceKit.framework/Versions/A/FinanceKit
0x00000001c8ec3000 	/System/Library/PrivateFrameworks/NearField.framework/Versions/A/NearField
0x000000028efff000 	/usr/lib/libSESShared.dylib
0x0000000273589000 	/System/Library/PrivateFrameworks/STSXPCHelperClient.framework/Versions/A/STSXPCHelperClient
0x00000001cab60000 	/usr/lib/libnfshared.dylib
0x000000027e27a000 	/System/Library/PrivateFrameworks/Symptoms.framework/Versions/A/Frameworks/SymptomPresentationFeed.framework/Versions/A/SymptomPresentationFeed
0x0000000248237000 	/System/Library/PrivateFrameworks/AppleMediaServicesKitInternal.framework/Versions/A/AppleMediaServicesKitInternal
0x000000027dfbd000 	/System/Library/PrivateFrameworks/SymptomShared.framework/Versions/A/SymptomShared
0x00000001eb666000 	/System/Library/PrivateFrameworks/PassKitUIFoundation.framework/Versions/A/PassKitUIFoundation
0x00000001af45e000 	/System/Library/Frameworks/MapKit.framework/Versions/A/MapKit
0x000000025d60a000 	/System/Library/PrivateFrameworks/GeoAnalytics.framework/Versions/A/GeoAnalytics
0x00000001cab8e000 	/System/Library/PrivateFrameworks/Navigation.framework/Versions/A/Navigation
0x00000001d460d000 	/System/Library/PrivateFrameworks/VectorKit.framework/Versions/A/VectorKit
0x00000001bc2cc000 	/System/Library/PrivateFrameworks/VirtualGarage.framework/Versions/A/VirtualGarage
0x00000001cad6a000 	/System/Library/Frameworks/ExternalAccessory.framework/ExternalAccessory
0x00000001cad85000 	/System/Library/PrivateFrameworks/IAP.framework/Versions/A/IAP
0x00000001af717000 	/System/Library/PrivateFrameworks/IOPlatformPluginFamily.framework/Versions/A/IOPlatformPluginFamily
0x0000000249467000 	/System/Library/PrivateFrameworks/AvatarKit.framework/Versions/A/AvatarKit
0x0000000249526000 	/System/Library/PrivateFrameworks/AvatarPersistence.framework/Versions/A/AvatarPersistence
0x0000000242d5e000 	/System/Library/Frameworks/TipKit.framework/Versions/A/TipKit
0x00000001b7957000 	/System/Library/PrivateFrameworks/IMSharedUtilities.framework/Versions/A/IMSharedUtilities
0x0000000290143000 	/usr/lib/swift/libswiftAppleArchive.dylib
0x0000000283b17000 	/System/Library/PrivateFrameworks/VFX.framework/Versions/A/VFX
0x00000001e694c000 	/System/Library/PrivateFrameworks/AppleCVA.framework/Versions/A/AppleCVA
0x0000000249525000 	/System/Library/PrivateFrameworks/AvatarKitContent.framework/Versions/A/AvatarKitContent
0x000000023e97d000 	/System/Library/Frameworks/MetalFX.framework/Versions/A/MetalFX
0x000000024c92b000 	/System/Library/PrivateFrameworks/CompositorNonUI.framework/Versions/A/CompositorNonUI
0x00000001fcee2000 	/System/Library/Frameworks/ARKit.framework/Versions/A/ARKit
0x0000000245380000 	/System/Library/PrivateFrameworks/ARKitCore.framework/Versions/A/ARKitCore
0x000000028ecfd000 	/usr/lib/libDisplayWarpSupport.dylib
0x000000024e012000 	/System/Library/PrivateFrameworks/CoreComposite.framework/Versions/A/CoreComposite
0x000000028f11c000 	/usr/lib/libchannel.dylib
0x000000028fe12000 	/usr/lib/librealtime_safety.dylib
0x000000024540d000 	/System/Library/PrivateFrameworks/ARKitFoundation.framework/Versions/A/ARKitFoundation
0x000000024792d000 	/System/Library/PrivateFrameworks/AppleDepth.framework/Versions/A/AppleDepth
0x0000000247aa3000 	/System/Library/PrivateFrameworks/AppleDepthCore.framework/Versions/A/AppleDepthCore
0x00000001af84f000 	/System/Library/PrivateFrameworks/CoreAppleCVA.framework/Versions/A/CoreAppleCVA
0x00000001bc3fa000 	/System/Library/PrivateFrameworks/ContactsUICore.framework/Versions/A/ContactsUICore
0x00000001c3858000 	/System/Library/PrivateFrameworks/ContactsDonation.framework/Versions/A/ContactsDonation
0x00000001c30e1000 	/System/Library/PrivateFrameworks/DataDetectors.framework/Versions/A/DataDetectors
0x00000001b5eb4000 	/System/Library/Frameworks/MediaLibrary.framework/Versions/A/MediaLibrary
0x00000001b072e000 	/System/Library/PrivateFrameworks/PersonaKit.framework/Versions/A/PersonaKit
0x00000001bc3e8000 	/System/Library/PrivateFrameworks/PersonaUI.framework/Versions/A/PersonaUI
0x00000001d678c000 	/System/Library/PrivateFrameworks/Transparency.framework/Versions/A/Transparency
0x000000025466d000 	/System/Library/PrivateFrameworks/FindMyLocate.framework/Versions/A/FindMyLocate
0x00000001c5120000 	/System/Library/PrivateFrameworks/IntlPreferences.framework/Versions/A/IntlPreferences
0x000000025454d000 	/System/Library/PrivateFrameworks/FindMyCommon.framework/Versions/A/FindMyCommon
0x0000000254349000 	/System/Library/PrivateFrameworks/FindMyBase.framework/Versions/A/FindMyBase
0x000000024019f000 	/System/Library/Frameworks/NearbyInteraction.framework/Versions/A/NearbyInteraction
0x00000001b0357000 	/System/Library/PrivateFrameworks/AddressBookCore.framework/Versions/A/AddressBookCore
0x00000001ca8ef000 	/System/Library/PrivateFrameworks/ToneKit.framework/Versions/A/ToneKit
0x00000001c5166000 	/System/Library/PrivateFrameworks/ToneLibrary.framework/Versions/A/ToneLibrary
0x000000024cc29000 	/System/Library/PrivateFrameworks/ContactsAccounts.framework/Versions/A/ContactsAccounts
0x00000001c8d2e000 	/System/Library/PrivateFrameworks/Lookup.framework/Versions/A/Lookup
0x0000000240a35000 	/System/Library/Frameworks/QuickLookUI.framework/Versions/A/QuickLookUI
0x000000024142f000 	/System/Library/Frameworks/ScreenCaptureKit.framework/Versions/A/ScreenCaptureKit
0x00000001c5e65000 	/System/Library/Frameworks/Quartz.framework/Versions/A/Frameworks/QuartzComposer.framework/Versions/A/QuartzComposer
0x00000001c50f7000 	/System/Library/Frameworks/Quartz.framework/Versions/A/Frameworks/QuartzFilters.framework/Versions/A/QuartzFilters
0x00000001c418a000 	/System/Library/Frameworks/Quartz.framework/Versions/A/Frameworks/ImageKit.framework/Versions/A/ImageKit
0x00000001fccf2000 	/System/Library/Frameworks/OpenCL.framework/Versions/A/OpenCL
0x00000001c26ae000 	/System/Library/PrivateFrameworks/CorePDF.framework/Versions/A/CorePDF
0x00000001ad41e000 	/System/Library/Frameworks/QuickLook.framework/Versions/A/QuickLook
0x00000001b7d29000 	/System/Library/PrivateFrameworks/DisplayServices.framework/Versions/A/DisplayServices
0x00000001c5062000 	/System/Library/Frameworks/ImageCaptureCore.framework/Versions/A/ImageCaptureCore
0x0000000285a9d000 	/System/Library/PrivateFrameworks/VisionKitCore.framework/Versions/A/VisionKitCore
0x00000001c08f9000 	/System/Library/PrivateFrameworks/QuickLookSupport.framework/Versions/A/QuickLookSupport
0x0000000267fa2000 	/System/Library/PrivateFrameworks/MediaAnalysisServices.framework/Versions/A/MediaAnalysisServices
0x00000001c7d47000 	/System/Library/PrivateFrameworks/PhotoLibraryServices.framework/Versions/A/PhotoLibraryServices
0x00000001c4c76000 	/System/Library/Frameworks/Photos.framework/Versions/A/Photos
0x00000001d90bc000 	/System/Library/PrivateFrameworks/PhotosFormats.framework/Versions/A/PhotosFormats
0x00000001d55e2000 	/System/Library/PrivateFrameworks/CloudPhotoLibrary.framework/Versions/A/CloudPhotoLibrary
0x00000001de825000 	/System/Library/PrivateFrameworks/CloudPhotoServices.framework/Versions/A/CloudPhotoServices
0x00000001daec3000 	/System/Library/PrivateFrameworks/CoreMediaStream.framework/Versions/A/CoreMediaStream
0x00000001b0dca000 	/System/Library/PrivateFrameworks/CPAnalytics.framework/Versions/A/CPAnalytics
0x00000001d7475000 	/System/Library/PrivateFrameworks/MediaConversionService.framework/Versions/A/MediaConversionService
0x00000001b7943000 	/System/Library/PrivateFrameworks/PhotoFoundation.framework/Versions/A/PhotoFoundation
0x000000026f3f4000 	/System/Library/PrivateFrameworks/PhotoLibraryServicesCore.framework/Versions/A/PhotoLibraryServicesCore
0x00000001d1390000 	/System/Library/PrivateFrameworks/MMCS.framework/Versions/A/MMCS
0x00000001b5d0e000 	/System/Library/PrivateFrameworks/ChunkingLibrary.framework/Versions/A/ChunkingLibrary
0x00000001afaf2000 	/System/Library/PrivateFrameworks/AssetCacheServices.framework/Versions/A/AssetCacheServices
0x00000001b1a47000 	/System/Library/PrivateFrameworks/AVFoundationCF.framework/Versions/A/AVFoundationCF
0x00000001ee64b000 	/usr/lib/swift/libswiftDemangle.dylib
0x00000001c339a000 	/System/Library/PrivateFrameworks/MediaStream.framework/Versions/A/MediaStream
0x00000001d7911000 	/System/Library/PrivateFrameworks/NeutrinoCore.framework/Versions/A/NeutrinoCore
0x000000019f5ef000 	/System/Library/PrivateFrameworks/NLP.framework/Versions/A/NLP
0x00000001dd5e0000 	/System/Library/PrivateFrameworks/PhotoImaging.framework/Versions/A/PhotoImaging
0x00000001de7e6000 	/System/Library/PrivateFrameworks/PhotosImagingFoundation.framework/Versions/A/PhotosImagingFoundation
0x000000026ff87000 	/System/Library/PrivateFrameworks/PhotosIntelligenceCore.framework/Versions/A/PhotosIntelligenceCore
0x00000001b1e76000 	/System/Library/PrivateFrameworks/EmbeddedAcousticRecognition.framework/Versions/A/EmbeddedAcousticRecognition
0x00000001ccae3000 	/System/Library/PrivateFrameworks/EmojiFoundation.framework/Versions/A/EmojiFoundation
0x00000001d585b000 	/System/Library/PrivateFrameworks/SDAPI.framework/Versions/A/SDAPI
0x00000001de834000 	/System/Library/PrivateFrameworks/AutoLoop.framework/Versions/A/AutoLoop
0x0000000270b32000 	/System/Library/PrivateFrameworks/Portrait.framework/Versions/A/Portrait
0x0000000254ce9000 	/System/Library/PrivateFrameworks/FusionTracker.framework/Versions/A/FusionTracker
0x00000001c5903000 	/System/Library/PrivateFrameworks/iTunesCloud.framework/Versions/A/iTunesCloud
0x00000001ce9b2000 	/System/Library/PrivateFrameworks/DAAPKit.framework/Versions/A/DAAPKit
0x00000001c0c70000 	/System/Library/PrivateFrameworks/DeviceManagement.framework/Versions/A/DeviceManagement
0x00000001e4534000 	/System/Library/PrivateFrameworks/ScreenTimeUI.framework/Versions/A/ScreenTimeUI
0x00000001c30db000 	/System/Library/PrivateFrameworks/QuickLookNonBaseSystem.framework/Versions/A/QuickLookNonBaseSystem
0x00000001c392c000 	/System/Library/PrivateFrameworks/Catalyst.framework/Versions/A/Catalyst
0x00000001c5318000 	/System/Library/PrivateFrameworks/ScreenTimeCore.framework/Versions/A/ScreenTimeCore
0x00000001d8581000 	/System/Library/PrivateFrameworks/ScreenTimeServiceUI.framework/Versions/A/ScreenTimeServiceUI
0x00000001d1520000 	/System/Library/PrivateFrameworks/ConfigurationEngineModel.framework/Versions/A/ConfigurationEngineModel
0x00000001d45c6000 	/System/Library/PrivateFrameworks/UsageTracking.framework/Versions/A/UsageTracking
0x000000023c739000 	/System/Library/Frameworks/DeviceActivity.framework/Versions/A/DeviceActivity
0x00000001d4596000 	/System/Library/PrivateFrameworks/KnowledgeMonitor.framework/Versions/A/KnowledgeMonitor
0x00000001eb60c000 	/System/Library/PrivateFrameworks/BluetoothManager.framework/Versions/A/BluetoothManager
0x000000023dcb9000 	/System/Library/Frameworks/ManagedSettings.framework/Versions/A/ManagedSettings
0x0000000267709000 	/System/Library/PrivateFrameworks/ManagedSettingsSupport.framework/Versions/A/ManagedSettingsSupport
0x00000001e8c69000 	/System/Library/Frameworks/ReplayKit.framework/Versions/A/ReplayKit
0x00000001b8cd9000 	/System/Library/PrivateFrameworks/MarkupUI.framework/Versions/A/MarkupUI
0x00000001c30b3000 	/System/Library/PrivateFrameworks/SidecarCore.framework/Versions/A/SidecarCore
0x00000001c5d1a000 	/System/Library/PrivateFrameworks/AnnotationKit.framework/Versions/A/AnnotationKit
0x00000001c43cd000 	/System/Library/Frameworks/PencilKit.framework/Versions/A/PencilKit
0x00000001c4592000 	/System/Library/PrivateFrameworks/SidecarUI.framework/Versions/A/SidecarUI
0x00000001c3d35000 	/System/Library/PrivateFrameworks/CoreHandwriting.framework/Versions/A/CoreHandwriting
0x0000000199223000 	/usr/lib/libmecabra.dylib
0x00000001bc9a2000 	/System/Library/PrivateFrameworks/Calculate.framework/Versions/A/Calculate
0x00000001a8c0f000 	/usr/lib/libChineseTokenizer.dylib
0x00000001f9971000 	/System/Library/PrivateFrameworks/ScreenReaderCore.framework/Versions/A/ScreenReaderCore
0x000000027d590000 	/System/Library/PrivateFrameworks/StocksKit.framework/Versions/A/StocksKit
0x00000001bb9c0000 	/System/Library/PrivateFrameworks/OAuth.framework/Versions/A/OAuth
0x000000027d282000 	/System/Library/PrivateFrameworks/StocksCore.framework/Versions/A/StocksCore
0x000000027e92d000 	/System/Library/PrivateFrameworks/TeaFoundation.framework/Versions/A/TeaFoundation
0x000000027eb0f000 	/System/Library/PrivateFrameworks/TeaSettings.framework/Versions/A/TeaSettings
0x00000001efce7000 	/System/Library/PrivateFrameworks/NewsCore.framework/Versions/A/NewsCore
0x000000027e8c9000 	/System/Library/PrivateFrameworks/TeaDB.framework/Versions/A/TeaDB
0x00000001ec6ed000 	/System/Library/PrivateFrameworks/RemoteConfiguration.framework/Versions/A/RemoteConfiguration
0x00000001ef8f2000 	/System/Library/PrivateFrameworks/NewsTransport.framework/Versions/A/NewsTransport
0x00000001efcd7000 	/System/Library/PrivateFrameworks/NewsFoundation.framework/Versions/A/NewsFoundation
0x000000026b9c6000 	/System/Library/PrivateFrameworks/NewsURLBucket.framework/Versions/A/NewsURLBucket
0x0000000248e37000 	/System/Library/PrivateFrameworks/AsyncAlgorithmsInternal.framework/Versions/A/AsyncAlgorithmsInternal
0x00000001c7944000 	/System/Library/PrivateFrameworks/MobileInstallation.framework/Versions/A/MobileInstallation
0x0000000242ec8000 	/System/Library/Frameworks/Translation.framework/Versions/A/Translation
0x00000001e01e3000 	/System/Library/PrivateFrameworks/RevealCore.framework/Versions/A/RevealCore
0x00000001e01d7000 	/System/Library/PrivateFrameworks/Reveal.framework/Versions/A/Reveal
0x00000001d825a000 	/System/Library/Frameworks/Speech.framework/Versions/A/Speech
0x00000002442bc000 	/System/Library/PrivateFrameworks/AIMLExperimentationAnalytics.framework/Versions/A/AIMLExperimentationAnalytics
0x0000000246550000 	/System/Library/PrivateFrameworks/AlgorithmsInternal.framework/Versions/A/AlgorithmsInternal
0x0000000281fa5000 	/System/Library/PrivateFrameworks/TranslationUIServices.framework/Versions/A/TranslationUIServices
0x0000000280f7f000 	/System/Library/PrivateFrameworks/TipKitCore.framework/Versions/A/TipKitCore
0x00000001ccb67000 	/System/Library/PrivateFrameworks/CoreCDPInternal.framework/Versions/A/CoreCDPInternal
0x0000000260d87000 	/System/Library/PrivateFrameworks/InputAnalytics.framework/Versions/A/InputAnalytics
0x00000001d247c000 	/System/Library/Frameworks/InstantMessage.framework/Versions/A/InstantMessage
0x00000001ca667000 	/System/Library/PrivateFrameworks/IDSKVStore.framework/Versions/A/IDSKVStore
0x00000001ca352000 	/System/Library/PrivateFrameworks/IMDPersistence.framework/Versions/A/IMDPersistence
0x0000000283a1d000 	/System/Library/PrivateFrameworks/UserSafety.framework/Versions/A/UserSafety
0x00000001ea972000 	/System/Library/PrivateFrameworks/BlastDoor.framework/Versions/A/BlastDoor
0x0000000264fcd000 	/System/Library/PrivateFrameworks/LinkPresentationStyleSheetParsing.framework/Versions/A/LinkPresentationStyleSheetParsing
0x0000000270cda000 	/System/Library/PrivateFrameworks/PosterFoundation.framework/Versions/A/PosterFoundation
0x0000000270d66000 	/System/Library/PrivateFrameworks/PosterModel.framework/Versions/A/PosterModel
0x0000000270d41000 	/System/Library/PrivateFrameworks/PosterFuturesKit.framework/Versions/A/PosterFuturesKit
0x0000000254156000 	/System/Library/PrivateFrameworks/FeedbackService.framework/Versions/A/FeedbackService
0x00000001c37af000 	/System/Library/PrivateFrameworks/CoreSDB.framework/Versions/A/CoreSDB
0x0000000248c7b000 	/System/Library/PrivateFrameworks/AskToCore.framework/Versions/A/AskToCore
0x00000001e4d4d000 	/System/Library/PrivateFrameworks/MachineSettings.framework/Versions/A/MachineSettings
0x00000001d6ce7000 	/System/Library/PrivateFrameworks/BezelServices.framework/Versions/A/BezelServices
0x00000001cea3e000 	/System/Library/PrivateFrameworks/SPOwner.framework/Versions/A/SPOwner
0x00000001c75ac000 	/System/Library/PrivateFrameworks/FMCore.framework/Versions/A/FMCore
0x00000001c6dfd000 	/System/Library/PrivateFrameworks/AppleMediaServicesUI.framework/Versions/A/AppleMediaServicesUI
0x000000028a0e9000 	/System/Library/PrivateFrameworks/iCloudQuota.framework/Versions/A/iCloudQuota
0x00000001bc365000 	/System/Library/PrivateFrameworks/CoreRecognition.framework/Versions/A/CoreRecognition
0x00000001d6d9b000 	/System/Library/PrivateFrameworks/InAppMessages.framework/Versions/A/InAppMessages
0x00000001f85cc000 	/System/Library/PrivateFrameworks/JetUI.framework/Versions/A/JetUI
0x00000002643b4000 	/System/Library/PrivateFrameworks/JetPack.framework/Versions/A/JetPack
0x00000001d6d92000 	/System/Library/PrivateFrameworks/InAppMessagesCore.framework/Versions/A/InAppMessagesCore
0x0000000289526000 	/System/Library/PrivateFrameworks/_JetEngine_SwiftUI.framework/Versions/A/_JetEngine_SwiftUI
0x000000027e2a3000 	/System/Library/PrivateFrameworks/Synapse.framework/Versions/A/Synapse
0x000000024ad7d000 	/System/Library/PrivateFrameworks/CSExattrCrypto.framework/Versions/A/CSExattrCrypto
0x00000001c8a17000 	/System/Library/PrivateFrameworks/StoreFoundation.framework/Versions/A/StoreFoundation
0x00000001c75a6000 	/System/Library/PrivateFrameworks/ServerInformation.framework/Versions/A/ServerInformation
0x00000001c6ffa000 	/System/Library/PrivateFrameworks/Install.framework/Frameworks/DistributionKit.framework/Versions/A/DistributionKit
0x00000001c06ce000 	/System/Library/PrivateFrameworks/PackageKit.framework/Versions/A/PackageKit
0x00000001c701d000 	/System/Library/PrivateFrameworks/OSPersonalization.framework/Versions/A/OSPersonalization
0x00000001c8fa1000 	/System/Library/PrivateFrameworks/BridgeOSSoftwareUpdate.framework/Versions/A/BridgeOSSoftwareUpdate
0x00000001c3c3d000 	/System/Library/PrivateFrameworks/StorageManagement.framework/Versions/A/StorageManagement
0x00000001d80e0000 	/usr/lib/libauthinstall.dylib
0x00000001c8faa000 	/System/Library/PrivateFrameworks/InstallerDiagnostics.framework/Versions/A/InstallerDiagnostics
0x00000001d874a000 	/usr/lib/libcrypto.42.dylib
0x00000002907c8000 	/usr/lib/updaters/libT200Updater.dylib
0x00000001c8f8f000 	/System/Library/PrivateFrameworks/GPUInfo.framework/Versions/A/GPUInfo
0x00000001d6e95000 	/System/Library/PrivateFrameworks/MobileActivationMacOS.framework/Versions/A/MobileActivationMacOS
0x00000001bb907000 	/System/Library/PrivateFrameworks/AccountsDaemon.framework/Versions/A/AccountsDaemon
0x00000001abbf5000 	/System/Library/PrivateFrameworks/CacheDelete.framework/Versions/A/CacheDelete
0x00000001b4392000 	/System/Library/Frameworks/QuickLookThumbnailing.framework/Versions/A/QuickLookThumbnailing
0x00000001c8fee000 	/System/Library/PrivateFrameworks/AOSKit.framework/Versions/A/AOSKit
0x00000001a8d40000 	/System/Library/PrivateFrameworks/AppSSOCore.framework/Versions/A/AppSSOCore
0x00000002495bf000 	/System/Library/PrivateFrameworks/BackgroundSystemTasks.framework/Versions/A/BackgroundSystemTasks
0x00000001b42a8000 	/System/Library/PrivateFrameworks/DuetActivityScheduler.framework/Versions/A/DuetActivityScheduler
0x00000001d5516000 	/System/Library/PrivateFrameworks/NetworkServiceProxy.framework/Versions/A/NetworkServiceProxy
0x000000027dfcd000 	/System/Library/PrivateFrameworks/Symptoms.framework/Versions/A/Frameworks/SymptomAnalytics.framework/Versions/A/SymptomAnalytics
0x00000001b2b28000 	/System/Library/PrivateFrameworks/CoreDuetContext.framework/Versions/A/CoreDuetContext
0x000000019dc52000 	/System/Library/PrivateFrameworks/CoreDuet.framework/Versions/A/CoreDuet
0x00000001b769f000 	/System/Library/PrivateFrameworks/AssistantServices.framework/Versions/A/AssistantServices
0x00000001b1b8b000 	/System/Library/PrivateFrameworks/SAObjects.framework/Versions/A/SAObjects
0x00000001b72a3000 	/System/Library/PrivateFrameworks/MediaRemote.framework/Versions/A/MediaRemote
0x00000001c94a8000 	/System/Library/PrivateFrameworks/SiriInstrumentation.framework/Versions/A/SiriInstrumentation
0x0000000275328000 	/System/Library/PrivateFrameworks/SiriAnalytics.framework/Versions/A/SiriAnalytics
0x000000027afbb000 	/System/Library/PrivateFrameworks/SiriTTSService.framework/Versions/A/SiriTTSService
0x0000000275c3e000 	/System/Library/PrivateFrameworks/SiriCrossDeviceArbitration.framework/Versions/A/SiriCrossDeviceArbitration
0x00000001c6dcf000 	/System/Library/PrivateFrameworks/FeedbackLogger.framework/Versions/A/FeedbackLogger
0x0000000253d7b000 	/System/Library/PrivateFrameworks/FaceTimeNameUtility.framework/Versions/A/FaceTimeNameUtility
0x0000000275c92000 	/System/Library/PrivateFrameworks/SiriCrossDeviceArbitrationFeedback.framework/Versions/A/SiriCrossDeviceArbitrationFeedback
0x000000025d41b000 	/System/Library/PrivateFrameworks/GenerativeModels.framework/Versions/A/GenerativeModels
0x00000001bc17e000 	/System/Library/PrivateFrameworks/MediaServices.framework/Versions/A/MediaServices
0x00000001a9179000 	/System/Library/PrivateFrameworks/PersistentConnection.framework/Versions/A/PersistentConnection
0x000000027c743000 	/System/Library/PrivateFrameworks/SonicFoundation.framework/Versions/A/SonicFoundation
0x00000002526b3000 	/System/Library/PrivateFrameworks/Dendrite.framework/Versions/A/Dendrite
0x00000001cb31b000 	/usr/lib/libtailspin.dylib
0x00000001de943000 	/System/Library/PrivateFrameworks/Osprey.framework/Versions/A/Osprey
0x000000027a619000 	/System/Library/PrivateFrameworks/SiriTTS.framework/Versions/A/SiriTTS
0x00000001c3874000 	/System/Library/Frameworks/NaturalLanguage.framework/Versions/A/NaturalLanguage
0x000000027943e000 	/System/Library/PrivateFrameworks/SiriPowerInstrumentation.framework/Versions/A/SiriPowerInstrumentation
0x00000001c471f000 	/System/Library/PrivateFrameworks/Trial.framework/Versions/A/Trial
0x00000001c46a2000 	/System/Library/PrivateFrameworks/TrialProto.framework/Versions/A/TrialProto
0x000000028322e000 	/System/Library/PrivateFrameworks/UnifiedAssetFramework.framework/Versions/A/UnifiedAssetFramework
0x00000001e090f000 	/usr/lib/swift/libswiftAVFoundation.dylib
0x00000001f0672000 	/usr/lib/swift/libswiftNaturalLanguage.dylib
0x000000027e8c7000 	/System/Library/PrivateFrameworks/TailspinSymbolication.framework/Versions/A/TailspinSymbolication
0x00000002522f5000 	/System/Library/PrivateFrameworks/Darwinup.framework/Versions/A/Darwinup
0x00000001c373c000 	/System/Library/PrivateFrameworks/FeatureFlagsSupport.framework/Versions/A/FeatureFlagsSupport
0x00000001d76de000 	/System/Library/PrivateFrameworks/SampleAnalysis.framework/Versions/A/SampleAnalysis
0x00000001e0665000 	/System/Library/PrivateFrameworks/BulkSymbolication.framework/Versions/A/BulkSymbolication
0x00000001a27ca000 	/System/Library/Frameworks/CoreML.framework/Versions/A/CoreML
0x00000001a6b6e000 	/System/Library/Frameworks/MLCompute.framework/Versions/A/MLCompute
0x0000000265b95000 	/System/Library/PrivateFrameworks/MLAssetIO.framework/Versions/A/MLAssetIO
0x0000000290182000 	/usr/lib/swift/libswiftMLCompute.dylib
0x000000019a487000 	/System/Library/PrivateFrameworks/LanguageModeling.framework/Versions/A/LanguageModeling
0x000000019f3f6000 	/System/Library/PrivateFrameworks/Montreal.framework/Versions/A/Montreal
0x00000001a75c0000 	/usr/lib/libcmph.dylib
0x000000025d4e2000 	/System/Library/PrivateFrameworks/GenerativeModelsFoundation.framework/Versions/A/GenerativeModelsFoundation
0x00000002812d6000 	/System/Library/PrivateFrameworks/TokenGeneration.framework/Versions/A/TokenGeneration
0x000000025d2b3000 	/System/Library/PrivateFrameworks/GenerativeFunctions.framework/Versions/A/GenerativeFunctions
0x000000025d2fe000 	/System/Library/PrivateFrameworks/GenerativeFunctionsFoundation.framework/Versions/A/GenerativeFunctionsFoundation
0x000000026936f000 	/System/Library/PrivateFrameworks/ModelCatalog.framework/Versions/A/ModelCatalog
0x0000000274805000 	/System/Library/PrivateFrameworks/SensitiveContentAnalysisML.framework/Versions/A/SensitiveContentAnalysisML
0x000000025d3ba000 	/System/Library/PrivateFrameworks/GenerativeFunctionsInstrumentation.framework/Versions/A/GenerativeFunctionsInstrumentation
0x0000000271d32000 	/System/Library/PrivateFrameworks/PromptKit.framework/Versions/A/PromptKit
0x0000000271860000 	/System/Library/PrivateFrameworks/ProactiveDaemonSupport.framework/Versions/A/ProactiveDaemonSupport
0x000000026971a000 	/System/Library/PrivateFrameworks/ModelManagerServices.framework/Versions/A/ModelManagerServices
0x000000028149f000 	/System/Library/PrivateFrameworks/TokenGenerationCore.framework/Versions/A/TokenGenerationCore
0x0000000247f12000 	/System/Library/PrivateFrameworks/AppleIntelligenceReporting.framework/Versions/A/AppleIntelligenceReporting
0x0000000247b8c000 	/System/Library/PrivateFrameworks/AppleFlatBuffers.framework/Versions/A/AppleFlatBuffers
0x0000000274a49000 	/System/Library/PrivateFrameworks/SentencePieceInternal.framework/Versions/A/SentencePieceInternal
0x00000001afb6a000 	/System/Library/Frameworks/Vision.framework/Versions/A/Vision
0x0000000251cdc000 	/System/Library/PrivateFrameworks/CoreSceneUnderstanding.framework/Versions/A/CoreSceneUnderstanding
0x0000000285a51000 	/System/Library/PrivateFrameworks/VisionCore.framework/Versions/A/VisionCore
0x00000001ccc55000 	/System/Library/Frameworks/Vision.framework/libfaceCore.dylib
0x00000001cd775000 	/System/Library/PrivateFrameworks/Futhark.framework/Versions/A/Futhark
0x00000001d143c000 	/System/Library/PrivateFrameworks/InertiaCam.framework/Versions/A/InertiaCam
0x00000001cd500000 	/System/Library/PrivateFrameworks/TextRecognition.framework/Versions/A/TextRecognition
0x00000001a8d61000 	/System/Library/PrivateFrameworks/CVNLP.framework/Versions/A/CVNLP
0x00000001a22d9000 	/System/Library/Frameworks/CloudKit.framework/Versions/A/CloudKit
0x00000001b542b000 	/System/Library/PrivateFrameworks/CoreDuetDaemonProtocol.framework/Versions/A/CoreDuetDaemonProtocol
0x0000000241621000 	/System/Library/Frameworks/SharedWithYouCore.framework/Versions/A/SharedWithYouCore
0x000000024c1b9000 	/System/Library/PrivateFrameworks/CloudTelemetry.framework/Versions/A/CloudTelemetry
0x00000001b3d7d000 	/System/Library/PrivateFrameworks/AppleAccount.framework/Versions/A/AppleAccount
0x00000001b4337000 	/System/Library/PrivateFrameworks/C2.framework/Versions/A/C2
0x000000024be43000 	/System/Library/PrivateFrameworks/CloudCoreInternal.framework/Versions/A/CloudCoreInternal
0x000000024bbf1000 	/System/Library/PrivateFrameworks/CloudAsset.framework/Versions/A/CloudAsset
0x00000001b432e000 	/System/Library/Frameworks/PushKit.framework/Versions/A/PushKit
0x000000024c1d9000 	/System/Library/PrivateFrameworks/CloudTelemetryTools.framework/Versions/A/CloudTelemetryTools
0x00000001b61f9000 	/System/Library/PrivateFrameworks/RTCReporting.framework/Versions/A/RTCReporting
0x00000002441ab000 	/System/Library/PrivateFrameworks/AAAFoundationSwift.framework/Versions/A/AAAFoundationSwift
0x00000001b4005000 	/System/Library/PrivateFrameworks/AppleIDSSOAuthentication.framework/Versions/A/AppleIDSSOAuthentication
0x00000001c2cff000 	/System/Library/PrivateFrameworks/FindMyDevice.framework/Versions/A/FindMyDevice
0x00000001b7e18000 	/System/Library/PrivateFrameworks/FMCoreLite.framework/Versions/A/FMCoreLite
0x00000001cd86e000 	/System/Library/CoreServices/RawCamera.bundle/Contents/MacOS/RawCamera
0x0000000105efc000 	/Users/labanovichttps/Documents/projects/dbeaver-workspace/products/DBeaverUltimate.product/org.eclipse.osgi/90/0/.cp/os/macosx/libunixfile_1_0_0.jnilib
0x0000000105ee8000 	/Library/Java/JavaVirtualMachines/temurin-21.jdk/Contents/Home/lib/libjaas.dylib
0x0000000105ed4000 	/Users/labanovichttps/Documents/projects/dbeaver-workspace/products/DBeaverUltimate.product/org.eclipse.osgi/288/0/.cp/libkeystoreNative.jnilib
0x0000000136944000 	/Library/Java/JavaVirtualMachines/temurin-21.jdk/Contents/Home/lib/libfontmanager.dylib
0x00000001367fc000 	/Library/Java/JavaVirtualMachines/temurin-21.jdk/Contents/Home/lib/libfreetype.dylib
0x0000000138178000 	/System/Library/Extensions/AGXMetalG16G_B0.bundle/Contents/MacOS/AGXMetalG16G_B0
0x00000001bc020000 	/System/Library/PrivateFrameworks/IOGPU.framework/Versions/A/IOGPU
0x00000001d76a7000 	/System/Library/PrivateFrameworks/UIKitServices.framework/Versions/A/UIKitServices
0x0000000136ef8000 	/Library/Java/JavaVirtualMachines/temurin-21.jdk/Contents/Home/lib/libmanagement.dylib
0x0000000136f0c000 	/Library/Java/JavaVirtualMachines/temurin-21.jdk/Contents/Home/lib/libmanagement_ext.dylib
0x000000027cd3a000 	/System/Library/PrivateFrameworks/SpotlightKnowledge.framework/Versions/A/SpotlightKnowledge
0x00000002533e6000 	/System/Library/PrivateFrameworks/DocumentUnderstandingClient.framework/Versions/A/DocumentUnderstandingClient
0x000000027cd21000 	/System/Library/PrivateFrameworks/SpotlightEmbedding.framework/Versions/A/SpotlightEmbedding
0x000000019dbf5000 	/System/Library/PrivateFrameworks/SpotlightLinguistics.framework/Versions/A/SpotlightLinguistics
0x000000027ceb3000 	/System/Library/PrivateFrameworks/SpotlightResources.framework/Versions/A/SpotlightResources
0x00000001b57d8000 	/System/Library/PrivateFrameworks/SpotlightIndex.framework/Versions/A/SpotlightIndex
0x00000001c8886000 	/System/Library/PrivateFrameworks/DataDeliveryServices.framework/Versions/A/DataDeliveryServices
0x000000024b978000 	/System/Library/PrivateFrameworks/CipherML.framework/Versions/A/CipherML
0x000000026ee76000 	/System/Library/PrivateFrameworks/PegasusKit.framework/Versions/A/PegasusKit
0x000000027dbd0000 	/System/Library/PrivateFrameworks/SwiftSQLite.framework/Versions/A/SwiftSQLite
0x000000017f9a0000 	/Library/Java/JavaVirtualMachines/temurin-21.jdk/Contents/Home/lib/libprefs.dylib
0x000000027f03a000 	/System/Library/PrivateFrameworks/TextInputUI.framework/Versions/A/TextInputUI
0x000000027f06f000 	/System/Library/PrivateFrameworks/TextInputUIMacHelper.framework/Versions/A/TextInputUIMacHelper
0x00000001cd85f000 	/System/Library/PrivateFrameworks/SafariPlatformSupport.framework/Versions/A/SafariPlatformSupport
0x0000000246c3e000 	/System/Library/PrivateFrameworks/AppPredictionClient.framework/Versions/A/AppPredictionClient
0x000000027bbf1000 	/System/Library/PrivateFrameworks/Sleep.framework/Versions/A/Sleep
0x000000027cd2c000 	/System/Library/PrivateFrameworks/SpotlightFoundation.framework/Versions/A/SpotlightFoundation
0x0000000271900000 	/System/Library/PrivateFrameworks/ProactivePredictionClient.framework/Versions/A/ProactivePredictionClient
0x000000024cdc1000 	/System/Library/PrivateFrameworks/ContextualSuggestionClient.framework/Versions/A/ContextualSuggestionClient
0x000000023d25b000 	/System/Library/Frameworks/HealthKit.framework/Versions/A/HealthKit
0x0000000246e9c000 	/System/Library/PrivateFrameworks/AppPredictionFoundation.framework/Versions/A/AppPredictionFoundation
0x000000025efa9000 	/System/Library/PrivateFrameworks/HeroDataClient.framework/Versions/A/HeroDataClient
0x0000000271938000 	/System/Library/PrivateFrameworks/ProactiveSuggestionClientModel.framework/Versions/A/ProactiveSuggestionClientModel
0x0000000283a0b000 	/System/Library/PrivateFrameworks/UserNotificationsSettings.framework/Versions/A/UserNotificationsSettings
0x000000027181e000 	/System/Library/PrivateFrameworks/ProactiveContextClient.framework/Versions/A/ProactiveContextClient
0x00000001d558c000 	/System/Library/PrivateFrameworks/NetAppsUtilities.framework/Versions/A/NetAppsUtilities
0x000000027bc85000 	/System/Library/PrivateFrameworks/SleepHealth.framework/Versions/A/SleepHealth
0x000000024c275000 	/System/Library/PrivateFrameworks/Coherence.framework/Versions/A/Coherence

JVMTI agents:
jdwp path:none, loaded, initialized, options:transport=dt_socket,address=127.0.0.1:59679,suspend=y,server=n
/Users/labanovichttps/Library/Caches/JetBrains/IdeaIC2025.2/captureAgent/debugger-agent.jar path:none, loaded, initialized, instrumentlib options:file:///var/folders/q_/q6y34kl90gx7745snprlxr2h0000gn/T/capture9814458282336644452.props
/Users/labanovichttps/Library/Caches/JetBrains/IdeaIC2025.2/groovyHotSwap/gragent.jar path:none, loaded, initialized, instrumentlib options:none


VM Arguments:
jvm_args: -agentlib:jdwp=transport=dt_socket,address=127.0.0.1:59679,suspend=y,server=n -javaagent:/Users/labanovichttps/Library/Caches/JetBrains/IdeaIC2025.2/captureAgent/debugger-agent.jar=file:///var/folders/q_/q6y34kl90gx7745snprlxr2h0000gn/T/capture9814458282336644452.props -XX:+IgnoreUnrecognizedVMOptions -Dosgi.requiredJavaVersion=21 -Dfile.encoding=UTF-8 --add-modules=ALL-DEFAULT --add-opens=java.base/java.io=ALL-UNNAMED --add-opens=java.base/java.lang=ALL-UNNAMED --add-opens=java.base/java.lang.reflect=ALL-UNNAMED --add-opens=java.base/java.net=ALL-UNNAMED --add-opens=java.base/java.nio=ALL-UNNAMED --add-opens=java.base/java.nio.charset=ALL-UNNAMED --add-opens=java.base/java.text=ALL-UNNAMED --add-opens=java.base/java.time=ALL-UNNAMED --add-opens=java.base/java.util=ALL-UNNAMED --add-opens=java.base/java.util.concurrent=ALL-UNNAMED --add-opens=java.base/java.util.concurrent.atomic=ALL-UNNAMED --add-opens=java.base/jdk.internal.vm=ALL-UNNAMED --add-opens=java.base/jdk.internal.misc=ALL-UNNAMED --add-opens=java.base/sun.nio.ch=ALL-UNNAMED --add-opens=java.base/sun.nio.fs=ALL-UNNAMED --add-opens=java.base/sun.security.ssl=ALL-UNNAMED --add-opens=java.base/sun.security.action=ALL-UNNAMED --add-opens=java.base/sun.security.util=ALL-UNNAMED --add-opens=java.security.jgss/sun.security.jgss=ALL-UNNAMED --add-opens=java.security.jgss/sun.security.krb5=ALL-UNNAMED --add-opens=java.base/java.util.concurrent.atomic=ALL-UNNAMED --add-opens=java.desktop/java.awt=ALL-UNNAMED --add-opens=java.desktop/java.awt.peer=ALL-UNNAMED --add-opens=java.sql/java.sql=ALL-UNNAMED -Xms128m -Xmx2048m -Dorg.eclipse.swt.internal.cocoa.useNativeItemHeight=false -javaagent:/Users/labanovichttps/Library/Caches/JetBrains/IdeaIC2025.2/groovyHotSwap/gragent.jar -Dkotlinx.coroutines.debug.enable.creation.stack.trace=false -Ddebugger.agent.enable.coroutines=true -Dkotlinx.coroutines.debug.enable.flows.stack.trace=true -Dkotlinx.coroutines.debug.enable.mutable.state.flows.stack.trace=true -Dsun.stdout.encoding=UTF-8 -Dsun.stderr.encoding=UTF-8 
java_command: org.jkiss.dbeaver.launcher.DBeaverLauncher -name DBeaverUltimate -product com.dbeaver.app.ultimate.product -configuration file:/Users/labanovichttps/Documents/projects/dbeaver-workspace/products/DBeaverUltimate.product -dev file:/Users/labanovichttps/Documents/projects/dbeaver-workspace/products/DBeaverUltimate.product/dev.properties -nl en -consoleLog -showsplash -launcher /Library/Java/JavaVirtualMachines/temurin-21.jdk/Contents/Home/bin/java -vm ../Eclipse/jre/Contents/Home/lib/libjli.dylib -nosplash -vmargs -Xmx4096M
java_class_path (initial): /Users/labanovichttps/Documents/projects/dbeaver/plugins/org.jkiss.dbeaver.launcher/target/classes:/Applications/IntelliJ IDEA CE.app/Contents/lib/idea_rt.jar
Launcher Type: SUN_STANDARD

[Global flags]
     intx CICompilerCount                          = 4                                         {product} {ergonomic}
     uint ConcGCThreads                            = 2                                         {product} {ergonomic}
     uint G1ConcRefinementThreads                  = 9                                         {product} {ergonomic}
   size_t G1HeapRegionSize                         = 1048576                                   {product} {ergonomic}
    uintx GCDrainStackTargetSize                   = 64                                        {product} {ergonomic}
     bool IgnoreUnrecognizedVMOptions              = true                                      {product} {command line}
   size_t InitialHeapSize                          = 134217728                                 {product} {command line}
   size_t MarkStackSize                            = 4194304                                   {product} {ergonomic}
   size_t MaxHeapSize                              = 2147483648                                {product} {command line}
   size_t MaxNewSize                               = 1287651328                                {product} {ergonomic}
   size_t MinHeapDeltaBytes                        = 1048576                                   {product} {ergonomic}
   size_t MinHeapSize                              = 134217728                                 {product} {command line}
    uintx NonNMethodCodeHeapSize                   = 5839564                                {pd product} {ergonomic}
    uintx NonProfiledCodeHeapSize                  = 122909338                              {pd product} {ergonomic}
    uintx ProfiledCodeHeapSize                     = 122909338                              {pd product} {ergonomic}
    uintx ReservedCodeCacheSize                    = 251658240                              {pd product} {ergonomic}
     bool SegmentedCodeCache                       = true                                      {product} {ergonomic}
   size_t SoftMaxHeapSize                          = 2147483648                             {manageable} {ergonomic}
     bool UseCompressedOops                        = true                           {product lp64_product} {ergonomic}
     bool UseG1GC                                  = true                                      {product} {ergonomic}
     bool UseNUMA                                  = false                                     {product} {ergonomic}
     bool UseNUMAInterleaving                      = false                                     {product} {ergonomic}

Logging:
Log output configuration:
 #0: stdout all=warning uptime,level,tags foldmultilines=false
 #1: stderr all=off uptime,level,tags foldmultilines=false

Environment Variables:
JAVA_HOME=/Library/Java/JavaVirtualMachines/temurin-21.jdk/Contents/Home
PATH=/Library/Java/JavaVirtualMachines/temurin-21.jdk/Contents/Home/bin:/opt/homebrew/bin:/opt/homebrew/sbin:/usr/local/bin:/System/Cryptexes/App/usr/bin:/usr/bin:/bin:/usr/sbin:/sbin:/var/run/com.apple.security.cryptexd/codex.system/bootstrap/usr/local/bin:/var/run/com.apple.security.cryptexd/codex.system/bootstrap/usr/bin:/var/run/com.apple.security.cryptexd/codex.system/bootstrap/usr/appleinternal/bin
SHELL=/bin/zsh
LANG=C.UTF-8
TMPDIR=/var/folders/q_/q6y34kl90gx7745snprlxr2h0000gn/T/

Active Locale:
LC_ALL=C.UTF-8
LC_COLLATE=C.UTF-8
LC_CTYPE=C.UTF-8
LC_MESSAGES=C.UTF-8
LC_MONETARY=C.UTF-8
LC_NUMERIC=C.UTF-8
LC_TIME=C.UTF-8

Signal Handlers:
   SIGSEGV: crash_handler in libjvm.dylib, mask=11100110000111110111111111111111, flags=SA_ONSTACK|SA_RESTART|SA_SIGINFO, unblocked
    SIGBUS: crash_handler in libjvm.dylib, mask=11100110000111110111111111111111, flags=SA_RESTART|SA_SIGINFO, unblocked
    SIGFPE: crash_handler in libjvm.dylib, mask=11100110000111110111111111111111, flags=SA_RESTART|SA_SIGINFO, unblocked
   SIGPIPE: javaSignalHandler in libjvm.dylib, mask=11100110000111110111111111111111, flags=SA_RESTART|SA_SIGINFO, blocked
   SIGXFSZ: javaSignalHandler in libjvm.dylib, mask=11100110000111110111111111111111, flags=SA_RESTART|SA_SIGINFO, blocked
    SIGILL: crash_handler in libjvm.dylib, mask=11100110000111110111111111111111, flags=SA_RESTART|SA_SIGINFO, unblocked
   SIGUSR2: SR_handler in libjvm.dylib, mask=00000000000000000000000000000000, flags=SA_RESTART|SA_SIGINFO, blocked
    SIGHUP: UserHandler in libjvm.dylib, mask=11100110000111110111111111111111, flags=SA_RESTART|SA_SIGINFO, blocked
    SIGINT: UserHandler in libjvm.dylib, mask=11100110000111110111111111111111, flags=SA_RESTART|SA_SIGINFO, blocked
   SIGTERM: UserHandler in libjvm.dylib, mask=11100110000111110111111111111111, flags=SA_RESTART|SA_SIGINFO, blocked
   SIGQUIT: UserHandler in libjvm.dylib, mask=11100110000111110111111111111111, flags=SA_RESTART|SA_SIGINFO, blocked
   SIGTRAP: crash_handler in libjvm.dylib, mask=11100110000111110111111111111111, flags=SA_RESTART|SA_SIGINFO, unblocked


Periodic native trim disabled

---------------  S Y S T E M  ---------------

OS:
uname: Darwin 25.0.0 Darwin Kernel Version 25.0.0: Wed Sep 17 21:42:08 PDT 2025; root:xnu-12377.1.9~141/RELEASE_ARM64_T8132 arm64
OS uptime: 1 days 12:35 hours
rlimit (soft/hard): STACK 8176k/65520k , CORE 0k/infinity , NPROC 2666/4000 , NOFILE 1048576/infinity , AS infinity/infinity , CPU infinity/infinity , DATA infinity/infinity , FSIZE infinity/infinity , MEMLOCK infinity/infinity , RSS infinity/infinity
load average: 0.92 1.59 1.88

CPU: total 10 (initial active 10) 0x61:0x0:0x6f5129ac:0, fp, asimd, aes, pmull, sha1, sha256, crc32, lse, sha3, sha512
machdep.cpu.brand_string:Apple M4
hw.cachelinesize:128
hw.l1icachesize:131072
hw.l1dcachesize:65536
hw.l2cachesize:4194304

Memory: 16k page, physical 16777216k(127664k free), swap 0k(0k free)

vm_info: OpenJDK 64-Bit Server VM (21.0.8+9-LTS) for bsd-aarch64 JRE (21.0.8+9-LTS), built on 2025-07-15T00:00:00Z by "admin" with clang Apple LLVM 15.0.0 (clang-1500.1.0.2.5)

END.
