#
# A fatal error has been detected by the Java Runtime Environment:
#
#  SIGSEGV (0xb) at pc=0x000000019782fa0c, pid=22738, tid=259
#
# JRE version: OpenJDK Runtime Environment Temurin-21.0.8+9 (21.0.8+9) (build 21.0.8+9-LTS)
# Java VM: OpenJDK 64-Bit Server VM Temurin-21.0.8+9 (21.0.8+9-LTS, mixed mode, sharing, tiered, compressed oops, compressed class ptrs, g1 gc, bsd-aarch64)
# Problematic frame:
# C  [libobjc.A.dylib+0x7a0c]  objc_retain+0x10
#
# No core dump will be written. Core dumps have been disabled. To enable core dumping, try "ulimit -c unlimited" before starting Java again
#
# If you would like to submit a bug report, please visit:
#   https://github.com/adoptium/adoptium-support/issues
# The crash happened outside the Java Virtual Machine in native code.
# See problematic frame for where to report the bug.
#

---------------  S U M M A R Y ------------

Command Line: -agentlib:jdwp=transport=dt_socket,address=127.0.0.1:57090,suspend=y,server=n -javaagent:/Users/labanovichttps/Library/Caches/JetBrains/IdeaIC2025.2/captureAgent/debugger-agent.jar=file:///var/folders/q_/q6y34kl90gx7745snprlxr2h0000gn/T/capture2736806238219493498.props -XX:+IgnoreUnrecognizedVMOptions -Dosgi.requiredJavaVersion=21 -Dfile.encoding=UTF-8 --add-modules=ALL-DEFAULT --add-opens=java.base/java.io=ALL-UNNAMED --add-opens=java.base/java.lang=ALL-UNNAMED --add-opens=java.base/java.lang.reflect=ALL-UNNAMED --add-opens=java.base/java.net=ALL-UNNAMED --add-opens=java.base/java.nio=ALL-UNNAMED --add-opens=java.base/java.nio.charset=ALL-UNNAMED --add-opens=java.base/java.text=ALL-UNNAMED --add-opens=java.base/java.time=ALL-UNNAMED --add-opens=java.base/java.util=ALL-UNNAMED --add-opens=java.base/java.util.concurrent=ALL-UNNAMED --add-opens=java.base/java.util.concurrent.atomic=ALL-UNNAMED --add-opens=java.base/jdk.internal.vm=ALL-UNNAMED --add-opens=java.base/jdk.internal.misc=ALL-UNNAMED --add-opens=java.base/sun.nio.ch=ALL-UNNAMED --add-opens=java.base/sun.nio.fs=ALL-UNNAMED --add-opens=java.base/sun.security.ssl=ALL-UNNAMED --add-opens=java.base/sun.security.action=ALL-UNNAMED --add-opens=java.base/sun.security.util=ALL-UNNAMED --add-opens=java.security.jgss/sun.security.jgss=ALL-UNNAMED --add-opens=java.security.jgss/sun.security.krb5=ALL-UNNAMED --add-opens=java.base/java.util.concurrent.atomic=ALL-UNNAMED --add-opens=java.desktop/java.awt=ALL-UNNAMED --add-opens=java.desktop/java.awt.peer=ALL-UNNAMED --add-opens=java.sql/java.sql=ALL-UNNAMED -Xms128m -Xmx2048m -Dorg.eclipse.swt.internal.cocoa.useNativeItemHeight=false -javaagent:/Users/labanovichttps/Library/Caches/JetBrains/IdeaIC2025.2/groovyHotSwap/gragent.jar -Dkotlinx.coroutines.debug.enable.creation.stack.trace=false -Ddebugger.agent.enable.coroutines=true -Dkotlinx.coroutines.debug.enable.flows.stack.trace=true -Dkotlinx.coroutines.debug.enable.mutable.state.flows.stack.trace=true -Dsun.stdout.encoding=UTF-8 -Dsun.stderr.encoding=UTF-8 org.jkiss.dbeaver.launcher.DBeaverLauncher -name DBeaverUltimate -product com.dbeaver.app.ultimate.product -configuration file:/Users/labanovichttps/Documents/projects/dbeaver-workspace/products/DBeaverUltimate.product -dev file:/Users/labanovichttps/Documents/projects/dbeaver-workspace/products/DBeaverUltimate.product/dev.properties -nl en -consoleLog -showsplash -launcher /Library/Java/JavaVirtualMachines/temurin-21.jdk/Contents/Home/bin/java -vm ../Eclipse/jre/Contents/Home/lib/libjli.dylib -nosplash -vmargs -Xmx4096M

Host: "Mac16,1" arm64, 10 cores, 16G, Darwin 25.0.0, macOS 26.0.1 (25A362)
Time: Wed Nov 19 15:35:51 2025 CET elapsed time: 305.361099 seconds (0d 0h 5m 5s)

---------------  T H R E A D  ---------------

Current thread (0x00000001030bddf0):  JavaThread "main"             [_thread_in_native, id=259, stack(0x000000016cd54000,0x000000016d550000) (8176K)]

Stack: [0x000000016cd54000,0x000000016d550000],  sp=0x000000016d5496a0,  free space=8149k
Native frames: (J=compiled Java code, j=interpreted, Vv=VM code, C=native code)
C  [libobjc.A.dylib+0x7a0c]  objc_retain+0x10
C  [AppKit+0x37058]  NSDP_setPropertyValue+0x314
C  [AppKit+0xf8f5c4]  __cons_NSDP_NSDPTypeBool_block_invoke.269+0x28
C  [AppKit+0x403d8]  -[NSView _removeFromKeyViewLoop]+0x20
C  [AppKit+0x3ffd0]  -[NSView _finalize]+0x240
C  [AppKit+0x3fc78]  -[NSView dealloc]+0x80
C  [AppKit+0x13c414]  -[NSFrameView dealloc]+0xa4
C  [AppKit+0x13c360]  -[NSTitledFrame dealloc]+0x48
C  [AppKit+0x13c2dc]  -[NSThemeFrame dealloc]+0x2bc
C  [Foundation+0x9dcaac]  _NSKVOPerformWithDeallocatingObservable+0xb4
C  [Foundation+0x3209c]  NSKVODeallocate+0xb8
C  [libobjc.A.dylib+0xfc74]  AutoreleasePoolPage::releaseUntil(objc_object**)+0xcc
C  [libobjc.A.dylib+0xc140]  objc_autoreleasePoolPop+0xf4
C  [CoreFoundation+0x31774]  _CFAutoreleasePoolPop+0x20
C  [Foundation+0xee4c]  -[NSAutoreleasePool release]+0x8c
C  [libswt-pi-cocoa-4970r5.jnilib+0xe858]  Java_org_eclipse_swt_internal_cocoa_OS_objc_1msgSend__JJ+0x2c
J 4882  org.eclipse.swt.internal.cocoa.OS.objc_msgSend(JJ)J (0 bytes) @ 0x0000000119b656e8 [0x0000000119b65640+0x00000000000000a8]
J 14036 c2 org.eclipse.swt.widgets.Display.removePool()V (58 bytes) @ 0x0000000119d4a4e8 [0x0000000119d4a280+0x0000000000000268]
J 17377 c1 org.eclipse.swt.widgets.Display.readAndDispatch()Z (256 bytes) @ 0x00000001129dc648 [0x00000001129dbac0+0x0000000000000b88]
j  org.eclipse.jface.window.Window.runEventLoop(Lorg/eclipse/swt/widgets/Shell;)V+23
j  org.eclipse.jface.window.Window.open()I+49
j  org.jkiss.dbeaver.tools.transfer.ui.wizard.DataTransferWizard.openWizard(Lorg/eclipse/ui/IWorkbenchWindow;Ljava/util/Collection;Ljava/util/Collection;Lorg/eclipse/jface/viewers/IStructuredSelection;)V+63
j  org.jkiss.dbeaver.tools.transfer.ui.wizard.DataTransferWizard.openWizard(Lorg/eclipse/ui/IWorkbenchWindow;Ljava/util/Collection;Ljava/util/Collection;)V+4
j  org.jkiss.dbeaver.tools.transfer.ui.handlers.DataTransferHandler.execute(Lorg/eclipse/core/commands/ExecutionEvent;)Ljava/lang/Object;+152
j  org.jkiss.dbeaver.tools.transfer.ui.handlers.DataExportHandler.execute(Lorg/eclipse/core/commands/ExecutionEvent;)Ljava/lang/Object;+30
j  org.eclipse.ui.internal.handlers.HandlerProxy.execute(Lorg/eclipse/core/commands/ExecutionEvent;)Ljava/lang/Object;+33
j  org.eclipse.ui.internal.handlers.E4HandlerProxy.execute(Lorg/eclipse/e4/core/contexts/IEclipseContext;Ljava/util/Map;Lorg/eclipse/swt/widgets/Event;Lorg/eclipse/core/expressions/IEvaluationContext;)Ljava/lang/Object;+106
j  java.lang.invoke.LambdaForm$DMH+0x0000007001d4c800.invokeVirtual(Ljava/lang/Object;Ljava/lang/Object;Ljava/lang/Object;Ljava/lang/Object;Ljava/lang/Object;Ljava/lang/Object;)Ljava/lang/Object;+18 java.base@21.0.8
j  java.lang.invoke.LambdaForm$MH+0x0000007001d50000.invoke(Ljava/lang/Object;Ljava/lang/Object;Ljava/lang/Object;)Ljava/lang/Object;+143 java.base@21.0.8
J 14066 c2 org.eclipse.e4.core.internal.di.MethodRequestor.execute()Ljava/lang/Object; (176 bytes) @ 0x0000000119d7b9e8 [0x0000000119d7b4c0+0x0000000000000528]
J 15393 c2 org.eclipse.e4.core.internal.di.InjectorImpl.invokeUsingClass(Ljava/lang/Object;Ljava/lang/Class;Ljava/lang/Class;Ljava/lang/Object;Lorg/eclipse/e4/core/di/suppliers/PrimaryObjectSupplier;Lorg/eclipse/e4/core/di/suppliers/PrimaryObjectSupplier;ZZZ)Ljava/lang/Object; (164 bytes) @ 0x0000000119fd6124 [0x0000000119fd4f80+0x00000000000011a4]
J 12418 c1 org.eclipse.e4.core.internal.di.InjectorImpl.invoke(Ljava/lang/Object;Ljava/lang/Class;Ljava/lang/Object;Lorg/eclipse/e4/core/di/suppliers/PrimaryObjectSupplier;Lorg/eclipse/e4/core/di/suppliers/PrimaryObjectSupplier;)Ljava/lang/Object; (19 bytes) @ 0x000000011367a280 [0x000000011367a140+0x0000000000000140]
J 12421 c1 org.eclipse.e4.core.contexts.ContextInjectionFactory.invoke(Ljava/lang/Object;Ljava/lang/Class;Lorg/eclipse/e4/core/contexts/IEclipseContext;Lorg/eclipse/e4/core/contexts/IEclipseContext;Ljava/lang/Object;)Ljava/lang/Object; (35 bytes) @ 0x000000011367ae18 [0x000000011367ad00+0x0000000000000118]
j  org.eclipse.e4.core.commands.internal.HandlerServiceHandler.execute(Lorg/eclipse/core/commands/ExecutionEvent;)Ljava/lang/Object;+99
j  org.eclipse.core.commands.Command.executeWithChecks(Lorg/eclipse/core/commands/ExecutionEvent;)Ljava/lang/Object;+116
j  org.eclipse.core.commands.ParameterizedCommand.executeWithChecks(Ljava/lang/Object;Ljava/lang/Object;)Ljava/lang/Object;+21
j  org.eclipse.e4.core.commands.internal.HandlerServiceImpl.executeHandler(Lorg/eclipse/core/commands/ParameterizedCommand;Lorg/eclipse/e4/core/contexts/IEclipseContext;)Ljava/lang/Object;+38
j  org.eclipse.e4.ui.workbench.renderers.swt.HandledContributionItem.executeItem(Lorg/eclipse/swt/widgets/Event;)V+50
j  org.eclipse.e4.ui.workbench.renderers.swt.AbstractContributionItem.handleWidgetSelection(Lorg/eclipse/swt/widgets/Event;)V+123
j  org.eclipse.e4.ui.workbench.renderers.swt.AbstractContributionItem.lambda$2(Lorg/eclipse/swt/widgets/Event;)V+65
j  org.eclipse.e4.ui.workbench.renderers.swt.AbstractContributionItem$$Lambda+0x000000700173ba80.handleEvent(Lorg/eclipse/swt/widgets/Event;)V+5
J 15032 c2 org.eclipse.swt.widgets.EventTable.sendEvent(Lorg/eclipse/swt/widgets/Event;)V (619 bytes) @ 0x000000011a088218 [0x000000011a088140+0x00000000000000d8]
j  org.eclipse.swt.widgets.Display.sendEvent(Lorg/eclipse/swt/widgets/EventTable;Lorg/eclipse/swt/widgets/Event;)V+34
j  org.eclipse.swt.widgets.Widget.sendEvent(Lorg/eclipse/swt/widgets/Event;)V+9
j  org.eclipse.swt.widgets.Widget.sendEvent(ILorg/eclipse/swt/widgets/Event;Z)V+73
J 13932 c1 org.eclipse.swt.widgets.Widget.sendEvent(ILorg/eclipse/swt/widgets/Event;)V (8 bytes) @ 0x0000000112e1a92c [0x0000000112e1a7c0+0x000000000000016c]
J 15222 c2 org.eclipse.swt.widgets.Display.readAndDispatch()Z (256 bytes) @ 0x0000000119ec548c [0x0000000119ec3840+0x0000000000001c4c]
j  org.eclipse.e4.ui.internal.workbench.swt.PartRenderingEngine$5.run()V+564
j  org.eclipse.core.databinding.observable.Realm.runWithDefault(Lorg/eclipse/core/databinding/observable/Realm;Ljava/lang/Runnable;)V+12
j  org.eclipse.e4.ui.internal.workbench.swt.PartRenderingEngine.run(Lorg/eclipse/e4/ui/model/application/MApplicationElement;Lorg/eclipse/e4/core/contexts/IEclipseContext;)Ljava/lang/Object;+57
j  org.eclipse.e4.ui.internal.workbench.E4Workbench.createAndRunUI(Lorg/eclipse/e4/ui/model/application/MApplicationElement;)V+20
j  org.eclipse.ui.internal.Workbench.lambda$3(Lorg/eclipse/swt/widgets/Display;Lorg/eclipse/ui/application/WorkbenchAdvisor;[I)V+334
j  org.eclipse.ui.internal.Workbench$$Lambda+0x000000700146f4b0.run()V+12
j  org.eclipse.core.databinding.observable.Realm.runWithDefault(Lorg/eclipse/core/databinding/observable/Realm;Ljava/lang/Runnable;)V+12
j  org.eclipse.ui.internal.Workbench.createAndRunWorkbench(Lorg/eclipse/swt/widgets/Display;Lorg/eclipse/ui/application/WorkbenchAdvisor;)I+16
j  org.eclipse.ui.PlatformUI.createAndRunWorkbench(Lorg/eclipse/swt/widgets/Display;Lorg/eclipse/ui/application/WorkbenchAdvisor;)I+2
j  org.jkiss.dbeaver.ui.app.standalone.DBeaverApplication.start(Lorg/eclipse/equinox/app/IApplicationContext;)Ljava/lang/Object;+609
j  org.eclipse.equinox.internal.app.EclipseAppHandle.run(Ljava/lang/Object;)Ljava/lang/Object;+138
j  org.eclipse.core.runtime.internal.adaptor.EclipseAppLauncher.runApplication(Ljava/lang/Object;)Ljava/lang/Object;+85
j  org.eclipse.core.runtime.internal.adaptor.EclipseAppLauncher.start(Ljava/lang/Object;)Ljava/lang/Object;+79
j  org.eclipse.core.runtime.adaptor.EclipseStarter.run(Ljava/lang/Object;)Ljava/lang/Object;+99
j  org.eclipse.core.runtime.adaptor.EclipseStarter.run([Ljava/lang/String;Ljava/lang/Runnable;)Ljava/lang/Object;+132
J 1006 c1 java.lang.invoke.DirectMethodHandle$Holder.invokeStatic(Ljava/lang/Object;Ljava/lang/Object;Ljava/lang/Object;)Ljava/lang/Object; java.base@21.0.8 (15 bytes) @ 0x0000000111f724ec [0x0000000111f72180+0x000000000000036c]
j  java.lang.invoke.LambdaForm$MH+0x0000007001128800.invoke(Ljava/lang/Object;Ljava/lang/Object;Ljava/lang/Object;Ljava/lang/Object;)Ljava/lang/Object;+54 java.base@21.0.8
j  java.lang.invoke.LambdaForm$MH+0x0000007001002400.invokeExact_MT(Ljava/lang/Object;Ljava/lang/Object;Ljava/lang/Object;Ljava/lang/Object;Ljava/lang/Object;)Ljava/lang/Object;+22 java.base@21.0.8
j  jdk.internal.reflect.DirectMethodHandleAccessor.invokeImpl(Ljava/lang/Object;[Ljava/lang/Object;)Ljava/lang/Object;+72 java.base@21.0.8
j  jdk.internal.reflect.DirectMethodHandleAccessor.invoke(Ljava/lang/Object;[Ljava/lang/Object;)Ljava/lang/Object;+23 java.base@21.0.8
j  java.lang.reflect.Method.invoke(Ljava/lang/Object;[Ljava/lang/Object;)Ljava/lang/Object;+102 java.base@21.0.8
j  org.jkiss.dbeaver.launcher.DBeaverLauncher.invokeFramework([Ljava/lang/String;[Ljava/net/URL;)V+205
j  org.jkiss.dbeaver.launcher.DBeaverLauncher.basicRun([Ljava/lang/String;)V+338
j  org.jkiss.dbeaver.launcher.DBeaverLauncher.run([Ljava/lang/String;)I+2
j  org.jkiss.dbeaver.launcher.DBeaverLauncher.main([Ljava/lang/String;)V+10
v  ~StubRoutines::call_stub 0x0000000119318154
V  [libjvm.dylib+0x4afbdc]  JavaCalls::call_helper(JavaValue*, methodHandle const&, JavaCallArguments*, JavaThread*)+0x3d8
V  [libjvm.dylib+0x525044]  jni_invoke_static(JNIEnv_*, JavaValue*, _jobject*, JNICallType, _jmethodID*, JNI_ArgumentPusher*, JavaThread*)+0x170
V  [libjvm.dylib+0x5288b4]  jni_CallStaticVoidMethod+0x108
C  [libjli.dylib+0xaa70]  JavaMain+0x910
C  [libjli.dylib+0xd834]  __JVMInit_block_invoke+0x48
C  [Foundation+0x1d828]  __NSBLOCKOPERATION_IS_CALLING_OUT_TO_A_BLOCK__+0x18
C  [Foundation+0x1d6f0]  -[NSBlockOperation main]+0x60
C  [Foundation+0x1d688]  __NSOPERATION_IS_INVOKING_MAIN__+0x10
C  [Foundation+0x1d2b8]  -[NSOperation start]+0x280
C  [Foundation+0x380c4]  __NSThreadPerformPerform+0x108
C  [CoreFoundation+0x5fad8]  __CFRUNLOOP_IS_CALLING_OUT_TO_A_SOURCE0_PERFORM_FUNCTION__+0x1c
C  [CoreFoundation+0x5fa6c]  __CFRunLoopDoSource0+0xac
C  [CoreFoundation+0x5f7d8]  __CFRunLoopDoSources0+0xe8
C  [CoreFoundation+0x5e468]  __CFRunLoopRun+0x334
C  [CoreFoundation+0x11c898]  _CFRunLoopRunSpecificWithOptions+0x214
C  [libjli.dylib+0xced4]  CreateExecutionEnvironment+0x194
C  [libjli.dylib+0x8be0]  JLI_Launch+0x480
C  [java+0x3ba4]  main+0x194
C  [dyld+0x8d54]  start+0x1c10
Java frames: (J=compiled Java code, j=interpreted, Vv=VM code)
J 4882  org.eclipse.swt.internal.cocoa.OS.objc_msgSend(JJ)J (0 bytes) @ 0x0000000119b656e8 [0x0000000119b65640+0x00000000000000a8]
J 14036 c2 org.eclipse.swt.widgets.Display.removePool()V (58 bytes) @ 0x0000000119d4a4e8 [0x0000000119d4a280+0x0000000000000268]
J 17377 c1 org.eclipse.swt.widgets.Display.readAndDispatch()Z (256 bytes) @ 0x00000001129dc648 [0x00000001129dbac0+0x0000000000000b88]
j  org.eclipse.jface.window.Window.runEventLoop(Lorg/eclipse/swt/widgets/Shell;)V+23
j  org.eclipse.jface.window.Window.open()I+49
j  org.jkiss.dbeaver.tools.transfer.ui.wizard.DataTransferWizard.openWizard(Lorg/eclipse/ui/IWorkbenchWindow;Ljava/util/Collection;Ljava/util/Collection;Lorg/eclipse/jface/viewers/IStructuredSelection;)V+63
j  org.jkiss.dbeaver.tools.transfer.ui.wizard.DataTransferWizard.openWizard(Lorg/eclipse/ui/IWorkbenchWindow;Ljava/util/Collection;Ljava/util/Collection;)V+4
j  org.jkiss.dbeaver.tools.transfer.ui.handlers.DataTransferHandler.execute(Lorg/eclipse/core/commands/ExecutionEvent;)Ljava/lang/Object;+152
j  org.jkiss.dbeaver.tools.transfer.ui.handlers.DataExportHandler.execute(Lorg/eclipse/core/commands/ExecutionEvent;)Ljava/lang/Object;+30
j  org.eclipse.ui.internal.handlers.HandlerProxy.execute(Lorg/eclipse/core/commands/ExecutionEvent;)Ljava/lang/Object;+33
j  org.eclipse.ui.internal.handlers.E4HandlerProxy.execute(Lorg/eclipse/e4/core/contexts/IEclipseContext;Ljava/util/Map;Lorg/eclipse/swt/widgets/Event;Lorg/eclipse/core/expressions/IEvaluationContext;)Ljava/lang/Object;+106
j  java.lang.invoke.LambdaForm$DMH+0x0000007001d4c800.invokeVirtual(Ljava/lang/Object;Ljava/lang/Object;Ljava/lang/Object;Ljava/lang/Object;Ljava/lang/Object;Ljava/lang/Object;)Ljava/lang/Object;+18 java.base@21.0.8
j  java.lang.invoke.LambdaForm$MH+0x0000007001d50000.invoke(Ljava/lang/Object;Ljava/lang/Object;Ljava/lang/Object;)Ljava/lang/Object;+143 java.base@21.0.8
J 14066 c2 org.eclipse.e4.core.internal.di.MethodRequestor.execute()Ljava/lang/Object; (176 bytes) @ 0x0000000119d7b9e8 [0x0000000119d7b4c0+0x0000000000000528]
J 15393 c2 org.eclipse.e4.core.internal.di.InjectorImpl.invokeUsingClass(Ljava/lang/Object;Ljava/lang/Class;Ljava/lang/Class;Ljava/lang/Object;Lorg/eclipse/e4/core/di/suppliers/PrimaryObjectSupplier;Lorg/eclipse/e4/core/di/suppliers/PrimaryObjectSupplier;ZZZ)Ljava/lang/Object; (164 bytes) @ 0x0000000119fd6124 [0x0000000119fd4f80+0x00000000000011a4]
J 12418 c1 org.eclipse.e4.core.internal.di.InjectorImpl.invoke(Ljava/lang/Object;Ljava/lang/Class;Ljava/lang/Object;Lorg/eclipse/e4/core/di/suppliers/PrimaryObjectSupplier;Lorg/eclipse/e4/core/di/suppliers/PrimaryObjectSupplier;)Ljava/lang/Object; (19 bytes) @ 0x000000011367a280 [0x000000011367a140+0x0000000000000140]
J 12421 c1 org.eclipse.e4.core.contexts.ContextInjectionFactory.invoke(Ljava/lang/Object;Ljava/lang/Class;Lorg/eclipse/e4/core/contexts/IEclipseContext;Lorg/eclipse/e4/core/contexts/IEclipseContext;Ljava/lang/Object;)Ljava/lang/Object; (35 bytes) @ 0x000000011367ae18 [0x000000011367ad00+0x0000000000000118]
j  org.eclipse.e4.core.commands.internal.HandlerServiceHandler.execute(Lorg/eclipse/core/commands/ExecutionEvent;)Ljava/lang/Object;+99
j  org.eclipse.core.commands.Command.executeWithChecks(Lorg/eclipse/core/commands/ExecutionEvent;)Ljava/lang/Object;+116
j  org.eclipse.core.commands.ParameterizedCommand.executeWithChecks(Ljava/lang/Object;Ljava/lang/Object;)Ljava/lang/Object;+21
j  org.eclipse.e4.core.commands.internal.HandlerServiceImpl.executeHandler(Lorg/eclipse/core/commands/ParameterizedCommand;Lorg/eclipse/e4/core/contexts/IEclipseContext;)Ljava/lang/Object;+38
j  org.eclipse.e4.ui.workbench.renderers.swt.HandledContributionItem.executeItem(Lorg/eclipse/swt/widgets/Event;)V+50
j  org.eclipse.e4.ui.workbench.renderers.swt.AbstractContributionItem.handleWidgetSelection(Lorg/eclipse/swt/widgets/Event;)V+123
j  org.eclipse.e4.ui.workbench.renderers.swt.AbstractContributionItem.lambda$2(Lorg/eclipse/swt/widgets/Event;)V+65
j  org.eclipse.e4.ui.workbench.renderers.swt.AbstractContributionItem$$Lambda+0x000000700173ba80.handleEvent(Lorg/eclipse/swt/widgets/Event;)V+5
J 15032 c2 org.eclipse.swt.widgets.EventTable.sendEvent(Lorg/eclipse/swt/widgets/Event;)V (619 bytes) @ 0x000000011a088218 [0x000000011a088140+0x00000000000000d8]
j  org.eclipse.swt.widgets.Display.sendEvent(Lorg/eclipse/swt/widgets/EventTable;Lorg/eclipse/swt/widgets/Event;)V+34
j  org.eclipse.swt.widgets.Widget.sendEvent(Lorg/eclipse/swt/widgets/Event;)V+9
j  org.eclipse.swt.widgets.Widget.sendEvent(ILorg/eclipse/swt/widgets/Event;Z)V+73
J 13932 c1 org.eclipse.swt.widgets.Widget.sendEvent(ILorg/eclipse/swt/widgets/Event;)V (8 bytes) @ 0x0000000112e1a92c [0x0000000112e1a7c0+0x000000000000016c]
J 15222 c2 org.eclipse.swt.widgets.Display.readAndDispatch()Z (256 bytes) @ 0x0000000119ec548c [0x0000000119ec3840+0x0000000000001c4c]
j  org.eclipse.e4.ui.internal.workbench.swt.PartRenderingEngine$5.run()V+564
j  org.eclipse.core.databinding.observable.Realm.runWithDefault(Lorg/eclipse/core/databinding/observable/Realm;Ljava/lang/Runnable;)V+12
j  org.eclipse.e4.ui.internal.workbench.swt.PartRenderingEngine.run(Lorg/eclipse/e4/ui/model/application/MApplicationElement;Lorg/eclipse/e4/core/contexts/IEclipseContext;)Ljava/lang/Object;+57
j  org.eclipse.e4.ui.internal.workbench.E4Workbench.createAndRunUI(Lorg/eclipse/e4/ui/model/application/MApplicationElement;)V+20
j  org.eclipse.ui.internal.Workbench.lambda$3(Lorg/eclipse/swt/widgets/Display;Lorg/eclipse/ui/application/WorkbenchAdvisor;[I)V+334
j  org.eclipse.ui.internal.Workbench$$Lambda+0x000000700146f4b0.run()V+12
j  org.eclipse.core.databinding.observable.Realm.runWithDefault(Lorg/eclipse/core/databinding/observable/Realm;Ljava/lang/Runnable;)V+12
j  org.eclipse.ui.internal.Workbench.createAndRunWorkbench(Lorg/eclipse/swt/widgets/Display;Lorg/eclipse/ui/application/WorkbenchAdvisor;)I+16
j  org.eclipse.ui.PlatformUI.createAndRunWorkbench(Lorg/eclipse/swt/widgets/Display;Lorg/eclipse/ui/application/WorkbenchAdvisor;)I+2
j  org.jkiss.dbeaver.ui.app.standalone.DBeaverApplication.start(Lorg/eclipse/equinox/app/IApplicationContext;)Ljava/lang/Object;+609
j  org.eclipse.equinox.internal.app.EclipseAppHandle.run(Ljava/lang/Object;)Ljava/lang/Object;+138
j  org.eclipse.core.runtime.internal.adaptor.EclipseAppLauncher.runApplication(Ljava/lang/Object;)Ljava/lang/Object;+85
j  org.eclipse.core.runtime.internal.adaptor.EclipseAppLauncher.start(Ljava/lang/Object;)Ljava/lang/Object;+79
j  org.eclipse.core.runtime.adaptor.EclipseStarter.run(Ljava/lang/Object;)Ljava/lang/Object;+99
j  org.eclipse.core.runtime.adaptor.EclipseStarter.run([Ljava/lang/String;Ljava/lang/Runnable;)Ljava/lang/Object;+132
J 1006 c1 java.lang.invoke.DirectMethodHandle$Holder.invokeStatic(Ljava/lang/Object;Ljava/lang/Object;Ljava/lang/Object;)Ljava/lang/Object; java.base@21.0.8 (15 bytes) @ 0x0000000111f724ec [0x0000000111f72180+0x000000000000036c]
j  java.lang.invoke.LambdaForm$MH+0x0000007001128800.invoke(Ljava/lang/Object;Ljava/lang/Object;Ljava/lang/Object;Ljava/lang/Object;)Ljava/lang/Object;+54 java.base@21.0.8
j  java.lang.invoke.LambdaForm$MH+0x0000007001002400.invokeExact_MT(Ljava/lang/Object;Ljava/lang/Object;Ljava/lang/Object;Ljava/lang/Object;Ljava/lang/Object;)Ljava/lang/Object;+22 java.base@21.0.8
j  jdk.internal.reflect.DirectMethodHandleAccessor.invokeImpl(Ljava/lang/Object;[Ljava/lang/Object;)Ljava/lang/Object;+72 java.base@21.0.8
j  jdk.internal.reflect.DirectMethodHandleAccessor.invoke(Ljava/lang/Object;[Ljava/lang/Object;)Ljava/lang/Object;+23 java.base@21.0.8
j  java.lang.reflect.Method.invoke(Ljava/lang/Object;[Ljava/lang/Object;)Ljava/lang/Object;+102 java.base@21.0.8
j  org.jkiss.dbeaver.launcher.DBeaverLauncher.invokeFramework([Ljava/lang/String;[Ljava/net/URL;)V+205
j  org.jkiss.dbeaver.launcher.DBeaverLauncher.basicRun([Ljava/lang/String;)V+338
j  org.jkiss.dbeaver.launcher.DBeaverLauncher.run([Ljava/lang/String;)I+2
j  org.jkiss.dbeaver.launcher.DBeaverLauncher.main([Ljava/lang/String;)V+10
v  ~StubRoutines::call_stub 0x0000000119318154

siginfo: si_signo: 11 (SIGSEGV), si_code: 2 (SEGV_ACCERR), si_addr: 0x00003f8bef6e4138

Registers:
 x0=0x0000000b25bd5800  x1=0x0000000b314ee640  x2=0x0000000000000000  x3=0x0000000b237d3d60
 x4=0x000000016d5495f0  x5=0x7fffffffffffffff  x6=0x0000000000000000  x7=0x0000000000000001
 x8=0x0000000b3256c090  x9=0x0000000000000038 x10=0x010000020465039d x11=0x020000020465039d
x12=0x0000000000000001 x13=0x0000000000000028 x14=0x0000000000000002 x15=0xfffffff4ceb119c0
x16=0xa2c03f8bef6e411e x17=0x00003f8bef6e4118 x18=0x0000000000000000 x19=0x0000000b237d0760
x20=0x000000016d5496a8 x21=0x0000000000000001 x22=0x000000016d5496a0 x23=0x0000000000000002
x24=0x0000000b23761c00 x25=0x0000000000000002 x26=0x0000000000000000 x27=0x0000000000000000
x28=0x0000000000000000  fp=0x000000016d549750  lr=0x0000000199ed3bc8  sp=0x000000016d5496a0
pc=0x000000019782fa0c cpsr=0x0000000000000000

Register to memory mapping:

x0 =0x0000000b25bd5800 points into unknown readable memory: 0xa2c03f8bef6e411e | 1e 41 6e ef 8b 3f c0 a2
x1 =0x0000000b314ee640 points into unknown readable memory: 0x020000020465039d | 9d 03 65 04 02 00 00 02
x2 =0x0 is null
x3 =0x0000000b237d3d60 points into unknown readable memory: 0xa2c03f8be9ae247e | 7e 24 ae e9 8b 3f c0 a2
x4 =0x000000016d5495f0 is pointing into the stack for thread: 0x00000001030bddf0
x5 =0x7fffffffffffffff: _dyld_private+0xfd747faf in /Library/Java/JavaVirtualMachines/temurin-21.jdk/Contents/Home/bin/java at 0x00000001028b0000
x6 =0x0 is null
x7 =0x0000000000000001 is an unknown value
x8 =0x0000000b3256c090 points into unknown readable memory: 0x0100000204650399 | 99 03 65 04 02 00 00 01
x9 =0x0000000000000038 is an unknown value
x10=0x010000020465039d: OBJC_CLASS_$_NSKeyValueObservance+0x5 in /System/Library/Frameworks/Foundation.framework/Versions/C/Foundation at 0x00000001994fa000
x11=0x020000020465039d: OBJC_CLASS_$_NSKeyValueObservance+0x5 in /System/Library/Frameworks/Foundation.framework/Versions/C/Foundation at 0x00000001994fa000
x12=0x0000000000000001 is an unknown value
x13=0x0000000000000028 is an unknown value
x14=0x0000000000000002 is an unknown value
x15=0xfffffff4ceb119c0 is an unknown value
x16=0xa2c03f8bef6e411e is an unknown value
x17=0x00003f8bef6e4118 is an unknown value
x18=0x0 is null
x19=0x0000000b237d0760 points into unknown readable memory: 0x0200000204650371 | 71 03 65 04 02 00 00 02
x20=0x000000016d5496a8 is pointing into the stack for thread: 0x00000001030bddf0
x21=0x0000000000000001 is an unknown value
x22=0x000000016d5496a0 is pointing into the stack for thread: 0x00000001030bddf0
x23=0x0000000000000002 is an unknown value
x24=0x0000000b23761c00 points into unknown readable memory: 0x0000000b2d1938a7 | a7 38 19 2d 0b 00 00 00
x25=0x0000000000000002 is an unknown value
x26=0x0 is null
x27=0x0 is null
x28=0x0 is null
 fp=0x000000016d549750 is pointing into the stack for thread: 0x00000001030bddf0
 lr=0x0000000199ed3bc8: NSKeyValueWillChangeWithPerThreadPendingNotifications+0x14c in /System/Library/Frameworks/Foundation.framework/Versions/C/Foundation at 0x00000001994fa000
 sp=0x000000016d5496a0 is pointing into the stack for thread: 0x00000001030bddf0

Top of Stack: (sp=0x000000016d5496a0)
0x000000016d5496a0:   0000000b324eac40 0000000b3256c090
0x000000016d5496b0:   000000016d5496e0 000000016d5496b0
0x000000016d5496c0:   0000000b273ea6d0 00000000046208e0
0x000000016d5496d0:   0000000199566124 0000000000000000
0x000000016d5496e0:   000000016d549710 00000001978362a8
0x000000016d5496f0:   0000000000000001 bdcc2ec431900011
0x000000016d549700:   00000001030bddf0 000000078e281e20
0x000000016d549710:   0000000000000001 0000000000000001
0x000000016d549720:   00000001fe723000 0000000b2dd386d8
0x000000016d549730:   0000000b324dac80 000000016d5497df
0x000000016d549740:   0000000b273ea6d0 0000000b23761c00
0x000000016d549750:   000000016d5497c0 000000019c118058
0x000000016d549760:   0000000000000000 0000000000000000
0x000000016d549770:   0000000000000000 bdcc2ec431900011
0x000000016d549780:   000000003f400000 40b7000000000000
0x000000016d549790:   00000001fe723000 0000000000000118
0x000000016d5497a0:   000000019c110b28 0000000000000110
0x000000016d5497b0:   0000000b324e8ba0 0000000b23761c00
0x000000016d5497c0:   000000016d5497e0 000000019d0705c4
0x000000016d5497d0:   00000000000120a8 0100000000000000
0x000000016d5497e0:   000000016d549810 000000019c1213d8
0x000000016d5497f0:   000000019c110b28 0000000000000110
0x000000016d549800:   0000000b324e8ba0 0000000b23761c00
0x000000016d549810:   000000016d549930 000000019c120fd0
0x000000016d549820:   0000000000000378 0000000000000000
0x000000016d549830:   000000020267aef8 00000000000000a0
0x000000016d549840:   00000002124e1e80 0000000b23761c00
0x000000016d549850:   000000016d549930 0000000197831b84
0x000000016d549860:   0000000000000000 0000000000000000
0x000000016d549870:   0000000000000002 0000000000000000
0x000000016d549880:   0000000000000000 0000000000000000
0x000000016d549890:   0000000000000000 0000000000000000 

Instructions: (pc=0x000000019782fa0c)
0x000000019782f90c:   f1 03 13 aa 11 0a c1 da 28 ce 7d 92 08 00 00 f9
0x000000019782f91c:   d5 03 08 37 fd 7b 43 a9 f4 4f 42 a9 f6 57 41 a9
0x000000019782f92c:   ff 03 01 91 ff 0f 5f d6 70 12 40 f9 71 82 00 91
0x000000019782f93c:   51 27 f9 f2 30 1e c1 da f1 03 10 aa f1 47 c1 da
0x000000019782f94c:   1f 02 11 eb 40 00 00 54 60 8e 38 d4 08 e2 7d 92
0x000000019782f95c:   00 d9 48 92 cd 6e 00 94 08 08 40 b9 08 1d 00 11
0x000000019782f96c:   08 71 1d 12 08 01 14 8b 09 02 80 52 1f 41 00 f1
0x000000019782f97c:   01 81 89 9a d0 ff ff 17 f3 03 00 f9 40 02 00 90
0x000000019782f98c:   00 44 23 91 a8 e6 00 94 e1 03 13 aa 22 00 80 52
0x000000019782f99c:   fd 7b 43 a9 f4 4f 42 a9 f6 57 41 a9 ff 03 01 91
0x000000019782f9ac:   ff 23 03 d5 d0 07 1e ca 50 00 f0 b6 20 8e 38 d4
0x000000019782f9bc:   cc 2f 00 14 31 01 08 36 11 ae 7d 92 31 2a 40 b9
0x000000019782f9cc:   d1 00 08 36 51 6f 36 b0 31 e2 38 91 30 02 40 f9
0x000000019782f9dc:   71 7d e4 f2 11 0a 1f d7 01 7d 3d d0 21 00 06 91
0x000000019782f9ec:   85 07 00 14 62 e3 00 14 2f 0e 00 14 c0 03 5f d6
0x000000019782f9fc:   00 00 00 ea cd ff ff 54 10 00 40 f9 11 ae 7d 92
0x000000019782fa0c:   31 12 40 f9 91 fd 17 36 f0 fe 07 36 11 fe 77 d3
0x000000019782fa1c:   f1 fe ff b4 11 20 e0 d2 11 02 11 ab 62 fe ff 54
0x000000019782fa2c:   e1 03 10 aa 11 7c b0 c8 3f 00 10 eb 81 fe ff 54
0x000000019782fa3c:   c0 03 5f d6 20 00 01 ea ad fd ff 54 30 00 40 f9
0x000000019782fa4c:   11 ae 7d 92 31 12 40 f9 71 fb 17 36 d0 fc 07 36
0x000000019782fa5c:   11 fe 77 d3 d1 fc ff b4 11 20 e0 d2 11 02 11 ab
0x000000019782fa6c:   42 fc ff 54 e2 03 10 aa 31 7c b0 c8 5f 00 10 eb
0x000000019782fa7c:   81 fe ff 54 c0 03 5f d6 40 00 02 ea 8d fb ff 54
0x000000019782fa8c:   50 00 40 f9 11 ae 7d 92 31 12 40 f9 51 f9 17 36
0x000000019782fa9c:   b0 fa 07 36 11 fe 77 d3 b1 fa ff b4 11 20 e0 d2
0x000000019782faac:   11 02 11 ab 22 fa ff 54 e1 03 10 aa 51 7c b0 c8
0x000000019782fabc:   3f 00 10 eb 81 fe ff 54 c0 03 5f d6 60 00 03 ea
0x000000019782facc:   6d f9 ff 54 70 00 40 f9 11 ae 7d 92 31 12 40 f9
0x000000019782fadc:   31 f7 17 36 90 f8 07 36 11 fe 77 d3 91 f8 ff b4
0x000000019782faec:   11 20 e0 d2 11 02 11 ab 02 f8 ff 54 e1 03 10 aa
0x000000019782fafc:   71 7c b0 c8 3f 00 10 eb 81 fe ff 54 c0 03 5f d6 


Stack slot to memory mapping:

stack at sp + 0 slots: 0x0000000b324eac40 points into unknown readable memory: 0x010000020465039d | 9d 03 65 04 02 00 00 01
stack at sp + 1 slots: 0x0000000b3256c090 points into unknown readable memory: 0x0100000204650399 | 99 03 65 04 02 00 00 01
stack at sp + 2 slots: 0x000000016d5496e0 is pointing into the stack for thread: 0x00000001030bddf0
stack at sp + 3 slots: 0x000000016d5496b0 is pointing into the stack for thread: 0x00000001030bddf0
stack at sp + 4 slots: 0x0000000b273ea6d0 points into unknown readable memory: 0x0100000204642739 | 39 27 64 04 02 00 00 01
stack at sp + 5 slots: 0x00000000046208e0 is an unknown value
stack at sp + 6 slots: 0x0000000199566124: NSKeyValueWillChangeBySetting+0 in /System/Library/Frameworks/Foundation.framework/Versions/C/Foundation at 0x00000001994fa000
stack at sp + 7 slots: 0x0 is null


Compiled method (n/a) 305377 4882     n 0       org.eclipse.swt.internal.cocoa.OS::objc_msgSend (native)
 total in heap  [0x0000000119b65490,0x0000000119b65820] = 912
 relocation     [0x0000000119b655e0,0x0000000119b65610] = 48
 main code      [0x0000000119b65640,0x0000000119b65804] = 452
 stub code      [0x0000000119b65804,0x0000000119b65808] = 4
 oops           [0x0000000119b65808,0x0000000119b65818] = 16
 metadata       [0x0000000119b65818,0x0000000119b65820] = 8

[Constant Pool (empty)]

[MachCode]
[Entry Point]
  # {method} {0x0000000126ad52b8} 'objc_msgSend' '(JJ)J' in 'org/eclipse/swt/internal/cocoa/OS'
  # parm0:    c_rarg1:c_rarg1 
                        = long
  # parm1:    c_rarg2:c_rarg2 
                        = long
  #           [sp+0x60]  (sp of caller)
  0x0000000119b65640: 2808 40b9 | 3f01 086b | 4000 0054 

  0x0000000119b6564c: ;   {runtime_call ic_miss_stub}
  0x0000000119b6564c: 0dba df17 
[Verified Entry Point]
  0x0000000119b65650: 1f20 03d5 | e953 40d1 | 3f01 00f9 | fd7b bfa9 | fd03 0091 | ff43 01d1 | 2801 0018 | 8923 40b9 
  0x0000000119b65670: 1f01 09eb | e000 0054 | 0830 9bd2 | a826 a3f2 | 2800 c0f2 | 0001 3fd6 | 0200 0014 | 2300 0000 
  0x0000000119b65690: e303 02aa | e203 01aa 

  0x0000000119b65698: ;   {oop(a 'java/lang/Class'{0x000000078203aa40} = 'org/eclipse/swt/internal/cocoa/OS')}
  0x0000000119b65698: 0148 95d2 | 6140 b0f2 | e100 c0f2 | e123 00f9 | e103 0191 | e801 0010 | 88d3 01f9 | e803 0091 
  0x0000000119b656b8: 88cf 01f9 

  0x0000000119b656bc: ;   {external_word}
  0x0000000119b656bc: 88be f7f0 | 0845 7939 | 8806 0035 | 80e3 0e91 | e803 7eb2 | 8913 1191 | 28fd 9f88 

  0x0000000119b656d8: ;   {runtime_call Java_org_eclipse_swt_internal_cocoa_OS_objc_1msgSend__JJ}
  0x0000000119b656d8: 8805 85d2 | 4801 a1f2 | 2800 c0f2 | 0001 3fd6 | a800 80d2 | 8847 04b9 | bf3b 03d5 | 8823 1191 
  0x0000000119b656f8: 08fd dfc8 | bf03 08eb | a803 0054 | 8843 44b9 | 6803 0035 | e803 7db2 | 8913 1191 | 28fd 9f88 
  0x0000000119b65718: 8803 5339 | 1f09 0071 | c001 0054 

  0x0000000119b65724: ;   {external_word}
  0x0000000119b65724: 88be f7f0 | 0845 7939 | 2805 0035 | 9fcf 01f9 | 9fd3 01f9 | 8217 42f9 | 5f80 00f9 | bf03 0091 
  0x0000000119b65744: fd7b c1a8 | 8807 40f9 | 4800 00b5 | c003 5fd6 

  0x0000000119b65754: ;   {runtime_call StubRoutines (initial stubs)}
  0x0000000119b65754: 4bca de17 | a083 1ff8 

  0x0000000119b6575c: ;   {runtime_call SharedRuntime::reguard_yellow_pages()}
  0x0000000119b6575c: 086c 8cd2 | 681d a1f2 | 2800 c0f2 | 0001 3fd6 | a083 5ff8 | edff ff17 | a083 1ff8 | e003 1caa 
  0x0000000119b6577c: ;   {runtime_call JavaThread::check_special_condition_for_native_trans(JavaThread*)}
  0x0000000119b6577c: 8863 82d2 | 8815 a1f2 | 2800 c0f2 | 0001 3fd6 | a083 5ff8 | dfff ff17 | e10b bea9 | e37f 01a9 
  0x0000000119b6579c: ;   {metadata({method} {0x0000000126ad52b8} 'objc_msgSend' '(JJ)J' in 'org/eclipse/swt/internal/cocoa/OS')}
  0x0000000119b6579c: 0157 8ad2 | a1d5 a4f2 | 2100 c0f2 | e003 1caa | e833 bfa9 | 881f 88d2 | 681d a1f2 | 2800 c0f2 
  0x0000000119b657bc: 0001 3fd6 | e833 c1a8 | e37f 41a9 | e10b c2a8 | bfff ff17 | a083 1ff8 

  0x0000000119b657d4: ;   {metadata({method} {0x0000000126ad52b8} 'objc_msgSend' '(JJ)J' in 'org/eclipse/swt/internal/cocoa/OS')}
  0x0000000119b657d4: 0157 8ad2 | a1d5 a4f2 | 2100 c0f2 | e003 1caa | e833 bfa9 | 083d 88d2 | 681d a1f2 | 2800 c0f2 
  0x0000000119b657f4: 0001 3fd6 | e833 c1a8 | a083 5ff8 | ccff ff17 
[Stub Code]
  0x0000000119b65804: 0000 0000 
[/MachCode]


Compiled method (c2) 305378 14036       4       org.eclipse.swt.widgets.Display::removePool (58 bytes)
 total in heap  [0x0000000119d4a090,0x0000000119d4abf0] = 2912
 relocation     [0x0000000119d4a1e0,0x0000000119d4a280] = 160
 main code      [0x0000000119d4a280,0x0000000119d4a6a0] = 1056
 stub code      [0x0000000119d4a6a0,0x0000000119d4a760] = 192
 oops           [0x0000000119d4a760,0x0000000119d4a790] = 48
 metadata       [0x0000000119d4a790,0x0000000119d4a880] = 240
 scopes data    [0x0000000119d4a880,0x0000000119d4aa28] = 424
 scopes pcs     [0x0000000119d4aa28,0x0000000119d4ab08] = 224
 dependencies   [0x0000000119d4ab08,0x0000000119d4ab48] = 64
 handler table  [0x0000000119d4ab48,0x0000000119d4abd8] = 144
 nul chk table  [0x0000000119d4abd8,0x0000000119d4abf0] = 24

[Constant Pool (empty)]

[MachCode]
[Entry Point]
  # {method} {0x000000012667cc28} 'removePool' '()V' in 'org/eclipse/swt/widgets/Display'
  #           [sp+0x50]  (sp of caller)
  0x0000000119d4a280: 2808 40b9 | 3f01 086b | 4000 0054 

  0x0000000119d4a28c: ;   {runtime_call ic_miss_stub}
  0x0000000119d4a28c: fd26 d817 
[Verified Entry Point]
  0x0000000119d4a290: 1f20 03d5 | e953 40d1 | 3f01 00f9 | ff43 01d1 | fd7b 04a9 | a81f 0018 | 8923 40b9 | 1f01 09eb 
  0x0000000119d4a2b0: a11e 0054 | 2ba4 41b9 | 36c4 40b9 | fd03 01aa | 6af1 7dd3 | d506 0051 

  0x0000000119d4a2c8: ; implicit exception: dispatches to 0x0000000119d4a614
  0x0000000119d4a2c8: 4b0d 40b9 | 53c9 368b | bf02 0b6b | 6214 0054 | 8a03 c139 | 740e 40b9 | 6a11 0035 | b5c7 00b9 
  0x0000000119d4a2e8: 7f0e 00b9 | 8af2 7dd3 | df06 0071 | e10e 0054 | fd2b 00a9 | 6201 80d2 | 8265 a2f2 | 4200 c0f2 
  0x0000000119d4a308: 0185 84d2 | a18c a0f2 | 4100 c0f2 

  0x0000000119d4a314: ; ImmutableOopMap {rfp=Oop [0]=Oop [8]=Oop }
                      ;*invokestatic objc_msgSend {reexecute=0 rethrow=0 return_oop=0}
                      ; - org.eclipse.swt.internal.cocoa.NSThread::currentThread@6 (line 31)
                      ; - org.eclipse.swt.widgets.Display::removePool@36 (line 4358)
                      ;   {static_call}
  0x0000000119d4a314: cf6c f897 

  0x0000000119d4a318: ;   {other}
  0x0000000119d4a318: 1f20 03d5 | 1f51 80f2 | 1f00 80f2 | 2014 00b4 | e00b 00f9 | e2fb 96d2 | e265 a2f2 | 4200 c0f2 
  0x0000000119d4a338: e103 00aa 

  0x0000000119d4a33c: ; ImmutableOopMap {rfp=Oop [0]=Oop [8]=Oop }
                      ;*invokestatic objc_msgSend {reexecute=0 rethrow=0 return_oop=0}
                      ; - org.eclipse.swt.internal.cocoa.NSThread::threadDictionary@7 (line 40)
                      ; - org.eclipse.swt.widgets.Display::removePool@39 (line 4358)
                      ;   {static_call}
  0x0000000119d4a33c: c56c f897 

  0x0000000119d4a340: ;   {other}
  0x0000000119d4a340: 1f20 03d5 | 1f56 80f2 | 1f20 80f2 | ed03 00aa | e013 00b4 | 80df 40f9 | 8ae7 40f9 | 0b00 0191 
  0x0000000119d4a360: 7f01 0aeb | a20e 0054 | 8bdf 00f9 | ea03 40b2 | 70c1 80f9 | 0a00 00f9 

  0x0000000119d4a378: ;   {metadata({type array char})}
  0x0000000119d4a378: 0c00 a0d2 | 0ca6 83f2 | 7001 81f9 | 0c08 00b9 | 7041 81f9 | ac02 8052 | 0a40 0091 | 0c0c 00b9 
  0x0000000119d4a398: 5f7d 00a9 | 5f7d 01a9 | 5f7d 02a9 | ed0b 00f9 | bf3a 03d5 | ea03 00aa | 4141 0091 | ea0f 00f9 
  0x0000000119d4a3b8: ;   {oop([B{0x0000000781a1ce78})}
  0x0000000119d4a3b8: 0acf 99d2 | 2a34 b0f2 | ea00 c0f2 | a202 8052 | 4041 0091 | 00e4 002f | 437c 0353 | e301 0035 
  0x0000000119d4a3d8: 5f10 0071 | 2b01 0054 | 0144 40bc | 2238 000e | 4210 0051 | 2284 00fc | 0204 0034 | 0314 4038 
  0x0000000119d4a3f8: 2324 0078 | 4204 0051 | a2ff ffb5 | 1b00 0014 

  0x0000000119d4a408: ;   {runtime_call StubRoutines (compiler stubs)}
  0x0000000119d4a408: 3e45 d997 | f2ff ff17 | 0184 40fc | 4208 0012 | 7f28 00f1 | 6aff ff54 | 0200 0014 | 0184 40fc 
  0x0000000119d4a428: 6304 00f1 | 2001 0054 | 2138 004e | 0284 40fc | 2174 9f4c | 6304 00f1 | 4238 004e | 2274 9f4c 
  0x0000000119d4a448: e1fe ff54 | 0300 0014 | 2138 004e | 2174 9f4c | c200 00b4 | 0000 028b | 0280 5ffc | 2144 228b 
  0x0000000119d4a468: 4238 004e | 2200 9f3c | a402 80d2 | 0180 84d2 | a18c a0f2 | 4100 c0f2 | e234 95d2 | 6265 a2f2 
  0x0000000119d4a488: 4200 c0f2 | e30f 40f9 

  0x0000000119d4a490: ; ImmutableOopMap {rfp=Oop [0]=Oop [8]=Oop [24]=Oop }
                      ;*invokestatic objc_msgSend {reexecute=0 rethrow=0 return_oop=0}
                      ; - org.eclipse.swt.internal.cocoa.NSString::stringWithCharacters@8 (line 142)
                      ; - org.eclipse.swt.internal.cocoa.NSString::stringWith@20 (line 45)
                      ; - org.eclipse.swt.widgets.Display::removePool@47 (line 4359)
                      ;   {static_call}
  0x0000000119d4a490: 90f2 fe97 

  0x0000000119d4a494: ;   {other}
  0x0000000119d4a494: 1f20 03d5 | 9f80 80f2 | 1f40 80f2 | 800a 00b4 | fd03 00aa | 0220 92d2 | 4254 a2f2 | 4200 c0f2 
  0x0000000119d4a4b4: e10b 40f9 | e303 00aa 

  0x0000000119d4a4bc: ; ImmutableOopMap {[0]=Oop [8]=Oop }
                      ;*invokestatic objc_msgSend {reexecute=0 rethrow=0 return_oop=0}
                      ; - org.eclipse.swt.internal.cocoa.NSMutableDictionary::removeObjectForKey@19 (line 41)
                      ; - org.eclipse.swt.widgets.Display::removePool@50 (line 4359)
                      ;   {static_call}
  0x0000000119d4a4bc: e518 fa97 

  0x0000000119d4a4c0: ;   {other}
  0x0000000119d4a4c0: 1f20 03d5 | 1f86 80f2 | 1f60 80f2 | fd2b 40a9 

  0x0000000119d4a4d0: ; implicit exception: dispatches to 0x0000000119d4a62c
  0x0000000119d4a4d0: 4109 40f9 | ea03 00f9 | 0260 96d2 | 625d a2f2 | 4200 c0f2 

  0x0000000119d4a4e4: ; ImmutableOopMap {rfp=Oop [0]=Oop }
                      ;*invokestatic objc_msgSend {reexecute=0 rethrow=0 return_oop=0}
                      ; - org.eclipse.swt.internal.cocoa.NSObject::release@7 (line 151)
                      ; - org.eclipse.swt.widgets.Display::removePool@54 (line 4361)
                      ;   {static_call}
  0x0000000119d4a4e4: 5b6c f897 

  0x0000000119d4a4e8: ;   {other}
  0x0000000119d4a4e8: 1f20 03d5 | 1f8b 80f2 | 1f80 80f2 | fd7b 44a9 | ff43 0191 

  0x0000000119d4a4fc: ;   {poll_return}
  0x0000000119d4a4fc: 8827 42f9 | ff63 28eb | a80b 0054 | c003 5fd6 | 6a0e 40b9 | 40f1 7dd3 | 80ee ffb4 | 8a17 40f9 
  0x0000000119d4a51c: 0a03 00b4 | 8b1f 40f9 | 4c21 00d1 | 6a01 0a8b | 4081 1ff8 | 8c17 00f9 | 6cff ff17 | ed0b 00f9 
  0x0000000119d4a53c: ;   {metadata({type array char})}
  0x0000000119d4a53c: 01a6 83d2 | 0100 a0f2 | 010e c0f2 | a202 8052 

  0x0000000119d4a54c: ; ImmutableOopMap {rfp=Oop [0]=Oop [8]=Oop }
                      ;*newarray {reexecute=0 rethrow=0 return_oop=1}
                      ; - org.eclipse.swt.internal.cocoa.NSString::stringWith@4 (line 43)
                      ; - org.eclipse.swt.widgets.Display::removePool@47 (line 4359)
                      ;   {runtime_call _new_array_Java}
  0x0000000119d4a54c: add4 db97 

  0x0000000119d4a550: ;   {other}
  0x0000000119d4a550: 1f20 03d5 | 1f98 80f2 | 1fa0 80f2 | 93ff ff17 | 6103 8012 | ea03 00f9 | f50b 00b9 

  0x0000000119d4a56c: ; ImmutableOopMap {rfp=Oop [0]=Oop }
                      ;*aaload {reexecute=0 rethrow=0 return_oop=0}
                      ; - org.eclipse.swt.widgets.Display::removePool@10 (line 4355)
                      ;   {runtime_call UncommonTrapBlob}
  0x0000000119d4a56c: 8542 d897 

  0x0000000119d4a570: ;   {other}
  0x0000000119d4a570: 1f20 03d5 | 1f9c 80f2 | 1fc0 80f2 | e103 1caa | c900 0010 | 89d3 01f9 

  0x0000000119d4a588: ;   {runtime_call G1BarrierSetRuntime::write_ref_field_pre_entry(oopDesc*, JavaThread*)}
  0x0000000119d4a588: 8853 8ed2 | 2813 a1f2 | 2800 c0f2 | 0001 3fd6 

  0x0000000119d4a598: ;   {other}
  0x0000000119d4a598: 1f20 03d5 | 1f00 80f2 | 1f00 80f2 | 50ff ff17 | e00b 00f9 | 1f00 00f1 | fd07 9f1a | bda7 9d5a 
  0x0000000119d4a5b8: 4117 8012 

  0x0000000119d4a5bc: ; ImmutableOopMap {[0]=Oop [8]=Oop }
                      ;*ifeq {reexecute=1 rethrow=0 return_oop=0}
                      ; - (reexecute) org.eclipse.swt.internal.cocoa.NSThread::currentThread@13 (line 32)
                      ; - org.eclipse.swt.widgets.Display::removePool@36 (line 4358)
                      ;   {runtime_call UncommonTrapBlob}
  0x0000000119d4a5bc: 7142 d897 

  0x0000000119d4a5c0: ;   {other}
  0x0000000119d4a5c0: 1f20 03d5 | 1fa6 80f2 | 1fe0 80f2 | e00f 00f9 | 1f00 00f1 | fd07 9f1a | bda7 9d5a | 4117 8012 
  0x0000000119d4a5e0: ; ImmutableOopMap {[0]=Oop [8]=Oop }
                      ;*ifeq {reexecute=1 rethrow=0 return_oop=0}
                      ; - (reexecute) org.eclipse.swt.internal.cocoa.NSThread::threadDictionary@14 (line 41)
                      ; - org.eclipse.swt.widgets.Display::removePool@39 (line 4358)
                      ;   {runtime_call UncommonTrapBlob}
  0x0000000119d4a5e0: 6842 d897 

  0x0000000119d4a5e4: ;   {other}
  0x0000000119d4a5e4: 1f20 03d5 | 9faa 80f2 | 1f00 81f2 | e013 00f9 | 1f00 00f1 | fd07 9f1a | bda7 9d5a | 4117 8012 
  0x0000000119d4a604: ; ImmutableOopMap {[0]=Oop [8]=Oop [24]=Oop }
                      ;*ifeq {reexecute=1 rethrow=0 return_oop=0}
                      ; - (reexecute) org.eclipse.swt.internal.cocoa.NSString::stringWithCharacters@15 (line 143)
                      ; - org.eclipse.swt.internal.cocoa.NSString::stringWith@20 (line 45)
                      ; - org.eclipse.swt.widgets.Display::removePool@47 (line 4359)
                      ;   {runtime_call UncommonTrapBlob}
  0x0000000119d4a604: 5f42 d897 

  0x0000000119d4a608: ;   {other}
  0x0000000119d4a608: 1f20 03d5 | 1faf 80f2 | 1f20 81f2 | 2101 8012 | f503 00b9 

  0x0000000119d4a61c: ; ImmutableOopMap {rfp=Oop }
                      ;*aaload {reexecute=0 rethrow=0 return_oop=0}
                      ; - org.eclipse.swt.widgets.Display::removePool@10 (line 4355)
                      ;   {runtime_call UncommonTrapBlob}
  0x0000000119d4a61c: 5942 d897 

  0x0000000119d4a620: ;   {other}
  0x0000000119d4a620: 1f20 03d5 | 1fb2 80f2 | 1f40 81f2 | 2101 8012 

  0x0000000119d4a630: ; ImmutableOopMap {rfp=Oop }
                      ;*invokevirtual release {reexecute=0 rethrow=0 return_oop=0}
                      ; - org.eclipse.swt.widgets.Display::removePool@54 (line 4361)
                      ;   {runtime_call UncommonTrapBlob}
  0x0000000119d4a630: 5442 d897 

  0x0000000119d4a634: ;   {other}
  0x0000000119d4a634: 1f20 03d5 | 9fb4 80f2 | 1f60 81f2 | e103 00aa | 0a00 0014 | e103 00aa | 0800 0014 | e103 00aa 
  0x0000000119d4a654: 0600 0014 | e103 00aa | 0400 0014 | e103 00aa | 0200 0014 | e103 00aa | fd7b 44a9 | ff43 0191 
  0x0000000119d4a674: ;   {runtime_call _rethrow_Java}
  0x0000000119d4a674: 43d1 db17 

  0x0000000119d4a678: ;   {internal_word}
  0x0000000119d4a678: 28f4 ff10 | 8833 02f9 

  0x0000000119d4a680: ;   {runtime_call SafepointBlob}
  0x0000000119d4a680: a040 d817 | 0830 9bd2 | a826 a3f2 | 2800 c0f2 | 0001 3fd6 | 08ff ff17 

  0x0000000119d4a698: ;   {other}
  0x0000000119d4a698: 2300 0000 | 0000 0000 
[Stub Code]
  0x0000000119d4a6a0: ;   {no_reloc}
  0x0000000119d4a6a0: 4800 0058 | 0001 1fd6 | 5056 b619 | 0100 0000 

  0x0000000119d4a6b0: ;   {trampoline_stub}
  0x0000000119d4a6b0: 4800 0058 | 0001 1fd6 | 5056 b619 | 0100 0000 

  0x0000000119d4a6c0: ;   {trampoline_stub}
  0x0000000119d4a6c0: 4800 0058 | 0001 1fd6 | d06e d019 | 0100 0000 

  0x0000000119d4a6d0: ;   {trampoline_stub}
  0x0000000119d4a6d0: 4800 0058 | 0001 1fd6 | 5008 bd19 | 0100 0000 

  0x0000000119d4a6e0: ;   {trampoline_stub}
  0x0000000119d4a6e0: 4800 0058 | 0001 1fd6 | 5056 b619 | 0100 0000 

  0x0000000119d4a6f0: ;   {static_stub}
  0x0000000119d4a6f0: df3f 03d5 

  0x0000000119d4a6f4: ;   {metadata(nullptr)}
  0x0000000119d4a6f4: 0c00 80d2 | 0c00 a0f2 | 0c00 c0f2 | 0800 80d2 | 0800 a0f2 | 0800 c0f2 | 0001 1fd6 

  0x0000000119d4a710: ;   {static_stub}
  0x0000000119d4a710: df3f 03d5 

  0x0000000119d4a714: ;   {metadata(nullptr)}
  0x0000000119d4a714: 0c00 80d2 | 0c00 a0f2 | 0c00 c0f2 | 0800 80d2 | 0800 a0f2 | 0800 c0f2 | 0001 1fd6 

  0x0000000119d4a730: ;   {static_stub}
  0x0000000119d4a730: df3f 03d5 

  0x0000000119d4a734: ;   {metadata(nullptr)}
  0x0000000119d4a734: 0c00 80d2 | 0c00 a0f2 | 0c00 c0f2 | 0800 80d2 | 0800 a0f2 | 0800 c0f2 | 0001 1fd6 
[Exception Handler]
  0x0000000119d4a750: ;   {runtime_call ExceptionBlob}
  0x0000000119d4a750: 0cc4 db17 
[Deopt Handler Code]
  0x0000000119d4a754: 1e00 0010 

  0x0000000119d4a758: ;   {runtime_call DeoptimizationBlob}
  0x0000000119d4a758: 3a41 d817 | 0000 0000 
[/MachCode]


Compiled method (c1) 305383 17377   !   3       org.eclipse.swt.widgets.Display::readAndDispatch (256 bytes)
 total in heap  [0x00000001129db510,0x00000001129de2b8] = 11688
 relocation     [0x00000001129db660,0x00000001129dba88] = 1064
 main code      [0x00000001129dbac0,0x00000001129dd408] = 6472
 stub code      [0x00000001129dd408,0x00000001129dd8f0] = 1256
 oops           [0x00000001129dd8f0,0x00000001129dd900] = 16
 metadata       [0x00000001129dd900,0x00000001129dda78] = 376
 scopes data    [0x00000001129dda78,0x00000001129ddd90] = 792
 scopes pcs     [0x00000001129ddd90,0x00000001129de140] = 944
 dependencies   [0x00000001129de140,0x00000001129de160] = 32
 handler table  [0x00000001129de160,0x00000001129de280] = 288
 nul chk table  [0x00000001129de280,0x00000001129de2b8] = 56

[Constant Pool (empty)]

[MachCode]
[Entry Point]
  # {method} {0x000000012667ba60} 'readAndDispatch' '()Z' in 'org/eclipse/swt/widgets/Display'
  #           [sp+0xf0]  (sp of caller)
  0x00000001129dbac0: 2808 40b9 | 3f01 086b | c001 0054 

  0x00000001129dbacc: ;   {runtime_call ic_miss_stub}
  0x00000001129dbacc: ede0 a515 | 1f20 03d5 | 1f20 03d5 | 1f20 03d5 | 1f20 03d5 | 1f20 03d5 | 1f20 03d5 | 1f20 03d5 
  0x00000001129dbaec: 1f20 03d5 | 1f20 03d5 | 1f20 03d5 | 1f20 03d5 | 1f20 03d5 
[Verified Entry Point]
  0x00000001129dbb00: 60df a515 | e953 40d1 | 3f01 00f9 | ffc3 03d1 | fd7b 0ea9 | 2801 0018 | 8923 40b9 | 1f01 09eb 
  0x00000001129dbb20: e000 0054 | 0830 9bd2 | a826 a3f2 | 2800 c0f2 | 0001 3fd6 | 0200 0014 | 2200 0000 | e14b 00f9 
  0x00000001129dbb40: ;   {metadata(method data for {method} {0x000000012667ba60} 'readAndDispatch' '()Z' in 'org/eclipse/swt/widgets/Display')}
  0x00000001129dbb40: 003c 91d2 | e03d a8f2 | 2000 c0f2 | 02ac 40b9 | 4208 0011 | 02ac 00b9 | 4224 1f12 | 5f00 0071 
  0x00000001129dbb60: a0ac 0054 | e003 01aa 

  0x00000001129dbb68: ;   {metadata(method data for {method} {0x000000012667ba60} 'readAndDispatch' '()Z' in 'org/eclipse/swt/widgets/Display')}
  0x00000001129dbb68: 023c 91d2 | e23d a8f2 | 2200 c0f2 | 4884 40f9 | 0805 0091 | 4884 00f9 | e003 01aa | e103 00aa 
  0x00000001129dbb88: ; ImmutableOopMap {[144]=Oop }
                      ;*invokevirtual checkDevice {reexecute=0 rethrow=0 return_oop=0}
                      ; - org.eclipse.swt.widgets.Display::readAndDispatch@1 (line 3985)
                      ;   {optimized virtual_call}
  0x00000001129dbb88: c2e0 cc95 

  0x00000001129dbb8c: ;   {other}
  0x00000001129dbb8c: 1f20 03d5 | 9fcf 80f2 | 1f00 80f2 | e14b 40f9 | 20cc 40b9 | 1f00 0071 

  0x00000001129dbba4: ;   {metadata(method data for {method} {0x000000012667ba60} 'readAndDispatch' '()Z' in 'org/eclipse/swt/widgets/Display')}
  0x00000001129dbba4: 003c 91d2 | e03d a8f2 | 2000 c0f2 | 0825 80d2 | 0927 80d2 | 0211 899a | 0368 62f8 | 6304 0091 
  0x00000001129dbbc4: 0368 22f8 | 0106 0054 | 2280 5829 | 4204 0051 | 1f00 026b 

  0x00000001129dbbd8: ;   {metadata(method data for {method} {0x000000012667ba60} 'readAndDispatch' '()Z' in 'org/eclipse/swt/widgets/Display')}
  0x00000001129dbbd8: 003c 91d2 | e03d a8f2 | 2000 c0f2 | 0829 80d2 | 092b 80d2 | 0211 899a | 0368 62f8 | 6304 0091 
  0x00000001129dbbf8: 0368 22f8 | 6104 0054 

  0x00000001129dbc00: ;   {metadata(method data for {method} {0x000000012667ba60} 'readAndDispatch' '()Z' in 'org/eclipse/swt/widgets/Display')}
  0x00000001129dbc00: 003c 91d2 | e03d a8f2 | 2000 c0f2 | 08b4 40f9 | 0805 0091 | 08b4 00f9 

  0x00000001129dbc18: ; ImmutableOopMap {[144]=Oop }
                      ;*invokestatic getEntryCount {reexecute=0 rethrow=0 return_oop=0}
                      ; - org.eclipse.swt.widgets.Display::readAndDispatch@24 (line 3986)
                      ;   {static_call}
  0x00000001129dbc18: dae2 a595 

  0x00000001129dbc1c: ;   {other}
  0x00000001129dbc1c: 1f20 03d5 | 9fe1 80f2 | 1f20 80f2 | 1f00 0071 

  0x00000001129dbc2c: ;   {metadata(method data for {method} {0x000000012667ba60} 'readAndDispatch' '()Z' in 'org/eclipse/swt/widgets/Display')}
  0x00000001129dbc2c: 013c 91d2 | e13d a8f2 | 2100 c0f2 | 082f 80d2 | 0931 80d2 | 0011 899a | 2268 60f8 | 4204 0091 
  0x00000001129dbc4c: 2268 20f8 | e14b 40f9 | a101 0054 

  0x00000001129dbc58: ;   {metadata(method data for {method} {0x000000012667ba60} 'readAndDispatch' '()Z' in 'org/eclipse/swt/widgets/Display')}
  0x00000001129dbc58: 003c 91d2 | e03d a8f2 | 2000 c0f2 | 08d8 40f9 | 0805 0091 | 08d8 00f9 | e14b 40f9 

  0x00000001129dbc74: ; ImmutableOopMap {[144]=Oop }
                      ;*invokevirtual removePool {reexecute=0 rethrow=0 return_oop=0}
                      ; - org.eclipse.swt.widgets.Display::readAndDispatch@31 (line 3986)
                      ;   {optimized virtual_call}
  0x00000001129dbc74: 43e1 a595 

  0x00000001129dbc78: ;   {other}
  0x00000001129dbc78: 1f20 03d5 | 1fed 80f2 | 1f40 80f2 | e14b 40f9 | e303 01aa 

  0x00000001129dbc8c: ;   {metadata(method data for {method} {0x000000012667ba60} 'readAndDispatch' '()Z' in 'org/eclipse/swt/widgets/Display')}
  0x00000001129dbc8c: 003c 91d2 | e03d a8f2 | 2000 c0f2 | 08f4 40f9 | 0805 0091 | 08f4 00f9 

  0x00000001129dbca4: ;   {metadata(method data for {method} {0x0000000126672350} 'addPool' '()V' in 'org/eclipse/swt/widgets/Display')}
  0x00000001129dbca4: 03ab 93d2 | 233d a8f2 | 2300 c0f2 | 60ac 40b9 | 0008 0011 | 60ac 00b9 | 004c 1f12 | 1f00 0071 
  0x00000001129dbcc4: 80a2 0054 

  0x00000001129dbcc8: ;   {metadata('org/eclipse/swt/internal/cocoa/NSAutoreleasePool')}
  0x00000001129dbcc8: 0328 9ad2 | 4326 a0f2 | 030e c0f2 | 80df 40f9 | 0b60 0091 | 88e7 40f9 | 7f01 08eb | 88a2 0054 
  0x00000001129dbce8: 8bdf 00f9 | ea03 40b2 | 0a00 00f9 | 6a08 5cd2 | 0a7c 0129 | 0a40 0091 | 5f01 00f9 | bf3a 03d5 
  0x00000001129dbd08: e203 00aa 

  0x00000001129dbd0c: ;   {metadata(method data for {method} {0x0000000126672350} 'addPool' '()V' in 'org/eclipse/swt/widgets/Display')}
  0x00000001129dbd0c: 03ab 93d2 | 233d a8f2 | 2300 c0f2 | 6878 40f9 | 0805 0091 | 6878 00f9 

  0x00000001129dbd24: ;   {metadata(method data for {method} {0x0000000126b6fa30} '<init>' '()V' in 'org/eclipse/swt/internal/cocoa/NSAutoreleasePool')}
  0x00000001129dbd24: 0275 81d2 | c22e a8f2 | 2200 c0f2 | 43ac 40b9 | 6308 0011 | 43ac 00b9 | 634c 1f12 | 7f00 0071 
  0x00000001129dbd44: c09f 0054 | e203 00aa 

  0x00000001129dbd4c: ;   {metadata(method data for {method} {0x0000000126b6fa30} '<init>' '()V' in 'org/eclipse/swt/internal/cocoa/NSAutoreleasePool')}
  0x00000001129dbd4c: 0375 81d2 | c32e a8f2 | 2300 c0f2 | 6878 40f9 | 0805 0091 | 6878 00f9 

  0x00000001129dbd64: ;   {metadata(method data for {method} {0x0000000126ab77f8} '<init>' '()V' in 'org/eclipse/swt/internal/cocoa/NSObject')}
  0x00000001129dbd64: 02ba 9ad2 | e210 a5f2 | 2200 c0f2 | 43ac 40b9 | 6308 0011 | 43ac 00b9 | 634c 1f12 | 7f00 0071 
  0x00000001129dbd84: c09e 0054 | e203 00aa 

  0x00000001129dbd8c: ;   {metadata(method data for {method} {0x0000000126ab77f8} '<init>' '()V' in 'org/eclipse/swt/internal/cocoa/NSObject')}
  0x00000001129dbd8c: 03ba 9ad2 | e310 a5f2 | 2300 c0f2 | 6878 40f9 | 0805 0091 | 6878 00f9 

  0x00000001129dbda4: ;   {metadata(method data for {method} {0x000000012665eb30} '<init>' '()V' in 'org/eclipse/swt/internal/cocoa/id')}
  0x00000001129dbda4: 02de 9ad2 | e210 a5f2 | 2200 c0f2 | 43ac 40b9 | 6308 0011 | 43ac 00b9 | 634c 1f12 | 7f00 0071 
  0x00000001129dbdc4: c09d 0054 | e203 00aa 

  0x00000001129dbdcc: ;   {metadata(method data for {method} {0x000000012665eb30} '<init>' '()V' in 'org/eclipse/swt/internal/cocoa/id')}
  0x00000001129dbdcc: 03de 9ad2 | e310 a5f2 | 2300 c0f2 | 6878 40f9 | 0805 0091 | 6878 00f9 

  0x00000001129dbde4: ;   {metadata(method data for {method} {0x0000007000475638} '<init>' '()V' in 'java/lang/Object')}
  0x00000001129dbde4: 0249 92d2 | 02a0 a4f2 | 2200 c0f2 | 43ac 40b9 | 6308 0011 | 43ac 00b9 | 634c 1f12 | 7f00 0071 
  0x00000001129dbe04: c09c 0054 | e203 00aa 

  0x00000001129dbe0c: ;   {metadata(method data for {method} {0x0000000126672350} 'addPool' '()V' in 'org/eclipse/swt/widgets/Display')}
  0x00000001129dbe0c: 03ab 93d2 | 233d a8f2 | 2300 c0f2 | 4208 40b9 | 4208 5cd2 | 6940 0491 | 2801 40f9 | 5f00 08eb 
  0x00000001129dbe2c: a100 0054 | 688c 40f9 | 0805 0091 | 688c 00f9 | 1c00 0014 | 6980 0491 | 2801 40f9 | 5f00 08eb 
  0x00000001129dbe4c: a100 0054 | 6894 40f9 | 0805 0091 | 6894 00f9 | 1400 0014 | 6940 0491 | 2801 40f9 | c800 00b5 
  0x00000001129dbe6c: 2201 00f9 | e803 40b2 | 6960 0491 | 2801 00f9 | 0c00 0014 | 6980 0491 | 2801 40f9 | c800 00b5 
  0x00000001129dbe8c: 2201 00f9 | e803 40b2 | 69a0 0491 | 2801 00f9 | 0400 0014 | 6880 40f9 | 0805 0091 | 6880 00f9 
  0x00000001129dbeac: e103 00aa 

  0x00000001129dbeb0: ; ImmutableOopMap {[144]=Oop }
                      ;*invokevirtual alloc {reexecute=0 rethrow=0 return_oop=0}
                      ; - org.eclipse.swt.widgets.Display::addPool@8 (line 533)
                      ; - org.eclipse.swt.widgets.Display::readAndDispatch@35 (line 3987)
                      ;   {optimized virtual_call}
  0x00000001129dbeb0: 7853 d595 

  0x00000001129dbeb4: ;   {other}
  0x00000001129dbeb4: 1f20 03d5 | 9f34 81f2 | 1f60 80f2 

  0x00000001129dbec0: ; implicit exception: dispatches to 0x00000001129dd1bc
  0x00000001129dbec0: 1f00 40f9 | e103 00aa 

  0x00000001129dbec8: ;   {metadata(method data for {method} {0x0000000126672350} 'addPool' '()V' in 'org/eclipse/swt/widgets/Display')}
  0x00000001129dbec8: 02ab 93d2 | 223d a8f2 | 2200 c0f2 | 2108 40b9 | 2108 5cd2 | 4920 0591 | 2801 40f9 | 3f00 08eb 
  0x00000001129dbee8: a100 0054 | 48a8 40f9 | 0805 0091 | 48a8 00f9 | 1c00 0014 | 4960 0591 | 2801 40f9 | 3f00 08eb 
  0x00000001129dbf08: a100 0054 | 48b0 40f9 | 0805 0091 | 48b0 00f9 | 1400 0014 | 4920 0591 | 2801 40f9 | c800 00b5 
  0x00000001129dbf28: 2101 00f9 | e803 40b2 | 4940 0591 | 2801 00f9 | 0c00 0014 | 4960 0591 | 2801 40f9 | c800 00b5 
  0x00000001129dbf48: 2101 00f9 | e803 40b2 | 4980 0591 | 2801 00f9 | 0400 0014 | 489c 40f9 | 0805 0091 | 489c 00f9 
  0x00000001129dbf68: e103 00aa 

  0x00000001129dbf6c: ; ImmutableOopMap {[144]=Oop }
                      ;*invokevirtual init {reexecute=0 rethrow=0 return_oop=0}
                      ; - org.eclipse.swt.widgets.Display::addPool@11 (line 533)
                      ; - org.eclipse.swt.widgets.Display::readAndDispatch@35 (line 3987)
                      ;   {optimized virtual_call}
  0x00000001129dbf6c: 9933 bd95 

  0x00000001129dbf70: ;   {other}
  0x00000001129dbf70: 1f20 03d5 | 1f4c 81f2 | 1f80 80f2 | 0001 00b5 

  0x00000001129dbf80: ;   {metadata(method data for {method} {0x0000000126672350} 'addPool' '()V' in 'org/eclipse/swt/widgets/Display')}
  0x00000001129dbf80: 03ab 93d2 | 233d a8f2 | 2300 c0f2 | 68a4 4539 | 0801 40b2 | 68a4 0539 | 3600 0014 

  0x00000001129dbf9c: ;   {metadata('org/eclipse/swt/internal/cocoa/NSAutoreleasePool')}
  0x00000001129dbf9c: 0228 9ad2 | 4226 a0f2 | 020e c0f2 | 0808 40b9 | 0809 5cd2 | 1f01 02eb | e104 0054 

  0x00000001129dbfb8: ;   {metadata(method data for {method} {0x0000000126672350} 'addPool' '()V' in 'org/eclipse/swt/widgets/Display')}
  0x00000001129dbfb8: 03ab 93d2 | 233d a8f2 | 2300 c0f2 | 0208 40b9 | 4208 5cd2 | 6900 0691 | 2801 40f9 | 5f00 08eb 
  0x00000001129dbfd8: a100 0054 | 68c4 40f9 | 0805 0091 | 68c4 00f9 | 2200 0014 | 6940 0691 | 2801 40f9 | 5f00 08eb 
  0x00000001129dbff8: a100 0054 | 68cc 40f9 | 0805 0091 | 68cc 00f9 | 1a00 0014 | 6900 0691 | 2801 40f9 | c800 00b5 
  0x00000001129dc018: 2201 00f9 | e803 40b2 | 6920 0691 | 2801 00f9 | 1200 0014 | 6940 0691 | 2801 40f9 | c800 00b5 
  0x00000001129dc038: 2201 00f9 | e803 40b2 | 6960 0691 | 2801 00f9 | 0a00 0014 | 0900 0014 

  0x00000001129dc050: ;   {metadata(method data for {method} {0x0000000126672350} 'addPool' '()V' in 'org/eclipse/swt/widgets/Display')}
  0x00000001129dc050: 03ab 93d2 | 233d a8f2 | 2300 c0f2 | 68b8 40f9 | 0805 00d1 | 68b8 00f9 | 5604 0014 | 0100 0014 
  0x00000001129dc070: e203 00aa | e14b 40f9 

  0x00000001129dc078: ;   {metadata(method data for {method} {0x0000000126672350} 'addPool' '()V' in 'org/eclipse/swt/widgets/Display')}
  0x00000001129dc078: 00ab 93d2 | 203d a8f2 | 2000 c0f2 | 08e0 40f9 | 0805 0091 | 08e0 00f9 | e14b 40f9 

  0x00000001129dc094: ; ImmutableOopMap {[144]=Oop }
                      ;*invokevirtual addPool {reexecute=0 rethrow=0 return_oop=0}
                      ; - org.eclipse.swt.widgets.Display::addPool@17 (line 533)
                      ; - org.eclipse.swt.widgets.Display::readAndDispatch@35 (line 3987)
                      ;   {optimized virtual_call}
  0x00000001129dc094: 6fbb cd95 

  0x00000001129dc098: ;   {other}
  0x00000001129dc098: 1f20 03d5 | 1f71 81f2 | 1fa0 80f2 | e14b 40f9 

  0x00000001129dc0a8: ;   {metadata(method data for {method} {0x000000012667ba60} 'readAndDispatch' '()Z' in 'org/eclipse/swt/widgets/Display')}
  0x00000001129dc0a8: 003c 91d2 | e03d a8f2 | 2000 c0f2 | 0810 41f9 | 0805 0091 | 0810 01f9 | e14b 40f9 

  0x00000001129dc0c4: ; ImmutableOopMap {[144]=Oop }
                      ;*invokevirtual runSkin {reexecute=0 rethrow=0 return_oop=0}
                      ; - org.eclipse.swt.widgets.Display::readAndDispatch@39 (line 3988)
                      ;   {optimized virtual_call}
  0x00000001129dc0c4: a39c d695 

  0x00000001129dc0c8: ;   {other}
  0x00000001129dc0c8: 1f20 03d5 | 1f77 81f2 | 1fc0 80f2 | e14b 40f9 

  0x00000001129dc0d8: ;   {metadata(method data for {method} {0x000000012667ba60} 'readAndDispatch' '()Z' in 'org/eclipse/swt/widgets/Display')}
  0x00000001129dc0d8: 003c 91d2 | e03d a8f2 | 2000 c0f2 | 082c 41f9 | 0805 0091 | 082c 01f9 | e14b 40f9 

  0x00000001129dc0f4: ; ImmutableOopMap {[144]=Oop }
                      ;*invokevirtual runDeferredLayouts {reexecute=0 rethrow=0 return_oop=0}
                      ; - org.eclipse.swt.widgets.Display::readAndDispatch@44 (line 3989)
                      ;   {optimized virtual_call}
  0x00000001129dc0f4: 3797 ce95 

  0x00000001129dc0f8: ;   {other}
  0x00000001129dc0f8: 1f20 03d5 | 1f7d 81f2 | 1fe0 80f2 | e14b 40f9 | 20c8 40b9 | 0004 0011 | 20c8 00b9 | e003 01aa 
  0x00000001129dc118: ;   {metadata(method data for {method} {0x000000012667ba60} 'readAndDispatch' '()Z' in 'org/eclipse/swt/widgets/Display')}
  0x00000001129dc118: 023c 91d2 | e23d a8f2 | 2200 c0f2 | 4848 41f9 | 0805 0091 | 4848 01f9 | e003 01aa | e103 00aa 
  0x00000001129dc138: ; ImmutableOopMap {[144]=Oop }
                      ;*invokevirtual runSettings {reexecute=0 rethrow=0 return_oop=0}
                      ; - org.eclipse.swt.widgets.Display::readAndDispatch@62 (line 3993)
                      ;   {optimized virtual_call}
  0x00000001129dc138: 36f3 d495 

  0x00000001129dc13c: ;   {other}
  0x00000001129dc13c: 1f20 03d5 | 9f85 81f2 | 1f00 81f2 | e14b 40f9 

  0x00000001129dc14c: ;   {metadata(method data for {method} {0x000000012667ba60} 'readAndDispatch' '()Z' in 'org/eclipse/swt/widgets/Display')}
  0x00000001129dc14c: 023c 91d2 | e23d a8f2 | 2200 c0f2 | 4864 41f9 | 0805 0091 | 4864 01f9 | e14b 40f9 | e09b 00b9 
  0x00000001129dc16c: ; ImmutableOopMap {[144]=Oop }
                      ;*invokevirtual runTimers {reexecute=0 rethrow=0 return_oop=0}
                      ; - org.eclipse.swt.widgets.Display::readAndDispatch@69 (line 3994)
                      ;   {optimized virtual_call}
  0x00000001129dc16c: 99c3 cf95 

  0x00000001129dc170: ;   {other}
  0x00000001129dc170: 1f20 03d5 | 1f8c 81f2 | 1f20 81f2 | e14b 40f9 

  0x00000001129dc180: ;   {metadata(method data for {method} {0x000000012667ba60} 'readAndDispatch' '()Z' in 'org/eclipse/swt/widgets/Display')}
  0x00000001129dc180: 023c 91d2 | e23d a8f2 | 2200 c0f2 | 4880 41f9 | 0805 0091 | 4880 01f9 | e19b 40b9 | 2000 002a 
  0x00000001129dc1a0: e14b 40f9 | e09f 00b9 

  0x00000001129dc1a8: ; ImmutableOopMap {[144]=Oop }
                      ;*invokevirtual runContexts {reexecute=0 rethrow=0 return_oop=0}
                      ; - org.eclipse.swt.widgets.Display::readAndDispatch@76 (line 3995)
                      ;   {optimized virtual_call}
  0x00000001129dc1a8: faba cb95 

  0x00000001129dc1ac: ;   {other}
  0x00000001129dc1ac: 1f20 03d5 | 9f93 81f2 | 1f40 81f2 | e14b 40f9 

  0x00000001129dc1bc: ;   {metadata(method data for {method} {0x000000012667ba60} 'readAndDispatch' '()Z' in 'org/eclipse/swt/widgets/Display')}
  0x00000001129dc1bc: 023c 91d2 | e23d a8f2 | 2200 c0f2 | 489c 41f9 | 0805 0091 | 489c 01f9 | e19f 40b9 | 2000 002a 
  0x00000001129dc1dc: e14b 40f9 | e0a3 00b9 

  0x00000001129dc1e4: ; ImmutableOopMap {[144]=Oop }
                      ;*invokevirtual runPopups {reexecute=0 rethrow=0 return_oop=0}
                      ; - org.eclipse.swt.widgets.Display::readAndDispatch@83 (line 3996)
                      ;   {optimized virtual_call}
  0x00000001129dc1e4: abe9 d995 

  0x00000001129dc1e8: ;   {other}
  0x00000001129dc1e8: 1f20 03d5 | 1f9b 81f2 | 1f60 81f2 | e2a3 40b9 | 4000 002a | e14b 40f9 | 268c 41b9 | c6f0 7dd3 
  0x00000001129dc208: ; implicit exception: dispatches to 0x00000001129dd1c8
  0x00000001129dc208: df00 40f9 | e203 06aa 

  0x00000001129dc210: ;   {metadata(method data for {method} {0x000000012667ba60} 'readAndDispatch' '()Z' in 'org/eclipse/swt/widgets/Display')}
  0x00000001129dc210: 033c 91d2 | e33d a8f2 | 2300 c0f2 | 68b8 41f9 | 0805 0091 | 68b8 01f9 | 0200 8092 | e303 1faa 
  0x00000001129dc230: ;   {oop(a 'org/eclipse/swt/internal/cocoa/NSString'{0x0000000781fff3b0})}
  0x00000001129dc230: 0476 9ed2 | e43f b0f2 | e400 c0f2 | e503 0032 | e103 06aa | e0a7 00b9 

  0x00000001129dc248: ; ImmutableOopMap {[144]=Oop }
                      ;*invokevirtual nextEventMatchingMask {reexecute=0 rethrow=0 return_oop=0}
                      ; - org.eclipse.swt.widgets.Display::readAndDispatch@100 (line 3997)
                      ;   {optimized virtual_call}
  0x00000001129dc248: 82f1 d495 

  0x00000001129dc24c: ;   {other}
  0x00000001129dc24c: 1f20 03d5 | 9fa7 81f2 | 1f80 81f2 | e057 00f9 | e203 1faa | 1f00 02eb 

  0x00000001129dc264: ;   {metadata(method data for {method} {0x000000012667ba60} 'readAndDispatch' '()Z' in 'org/eclipse/swt/widgets/Display')}
  0x00000001129dc264: 023c 91d2 | e23d a8f2 | 2200 c0f2 | 0874 80d2 | 0972 80d2 | 0111 899a | 4368 61f8 | 6304 0091 
  0x00000001129dc284: 4368 21f8 | 6100 0054 | e2a7 40b9 | 2100 0014 | e14b 40f9 | 238c 41b9 | 63f0 7dd3 | e203 1faa 
  0x00000001129dc2a4: 7f00 02eb 

  0x00000001129dc2a8: ;   {metadata(method data for {method} {0x000000012667ba60} 'readAndDispatch' '()Z' in 'org/eclipse/swt/widgets/Display')}
  0x00000001129dc2a8: 023c 91d2 | e23d a8f2 | 2200 c0f2 | e80f 7ab2 | 0976 80d2 | 0411 899a | 4568 64f8 | a504 0091 
  0x00000001129dc2c8: 4568 24f8 | 6100 0054 | e2a7 40b9 | 1000 0014 

  0x00000001129dc2d8: ; implicit exception: dispatches to 0x00000001129dd1cc
  0x00000001129dc2d8: 7f00 40f9 | e203 03aa 

  0x00000001129dc2e0: ;   {metadata(method data for {method} {0x000000012667ba60} 'readAndDispatch' '()Z' in 'org/eclipse/swt/widgets/Display')}
  0x00000001129dc2e0: 043c 91d2 | e43d a8f2 | 2400 c0f2 | 88f4 41f9 | 0805 0091 | 88f4 01f9 | e203 00aa | e103 03aa 
  0x00000001129dc300: ; ImmutableOopMap {[144]=Oop [168]=Oop }
                      ;*invokevirtual sendEvent {reexecute=0 rethrow=0 return_oop=0}
                      ; - org.eclipse.swt.widgets.Display::readAndDispatch@122 (line 4000)
                      ;   {optimized virtual_call}
  0x00000001129dc300: a0e1 3b94 

  0x00000001129dc304: ;   {other}
  0x00000001129dc304: 1f20 03d5 | 9fbe 81f2 | 1fa0 81f2 | e203 0032 | e2b3 00b9 | e14b 40f9 

  0x00000001129dc31c: ;   {metadata(method data for {method} {0x000000012667ba60} 'readAndDispatch' '()Z' in 'org/eclipse/swt/widgets/Display')}
  0x00000001129dc31c: 003c 91d2 | e03d a8f2 | 2000 c0f2 | 0810 42f9 | 0805 0091 | 0810 02f9 | e14b 40f9 

  0x00000001129dc338: ; ImmutableOopMap {[144]=Oop [168]=Oop }
                      ;*invokevirtual runPaint {reexecute=0 rethrow=0 return_oop=0}
                      ; - org.eclipse.swt.widgets.Display::readAndDispatch@127 (line 4002)
                      ;   {optimized virtual_call}
  0x00000001129dc338: f612 ce95 

  0x00000001129dc33c: ;   {other}
  0x00000001129dc33c: 1f20 03d5 | 9fc5 81f2 | 1fc0 81f2 | e14b 40f9 

  0x00000001129dc34c: ;   {metadata(method data for {method} {0x000000012667ba60} 'readAndDispatch' '()Z' in 'org/eclipse/swt/widgets/Display')}
  0x00000001129dc34c: 023c 91d2 | e23d a8f2 | 2200 c0f2 | 482c 42f9 | 0805 0091 | 482c 02f9 | e2b3 40b9 | 4000 002a 
  0x00000001129dc36c: e14b 40f9 | e0b7 00b9 

  0x00000001129dc374: ; ImmutableOopMap {[144]=Oop [168]=Oop }
                      ;*invokevirtual runDeferredEvents {reexecute=0 rethrow=0 return_oop=0}
                      ; - org.eclipse.swt.widgets.Display::readAndDispatch@134 (line 4003)
                      ;   {optimized virtual_call}
  0x00000001129dc374: 47fe bb95 

  0x00000001129dc378: ;   {other}
  0x00000001129dc378: 1f20 03d5 | 1fcd 81f2 | 1fe0 81f2 | e2b7 40b9 | 4000 002a | 1f00 0071 

  0x00000001129dc390: ;   {metadata(method data for {method} {0x000000012667ba60} 'readAndDispatch' '()Z' in 'org/eclipse/swt/widgets/Display')}
  0x00000001129dc390: 023c 91d2 | e23d a8f2 | 2200 c0f2 | 088f 80d2 | 0991 80d2 | 0111 899a | 4368 61f8 | 6304 0091 
  0x00000001129dc3b0: 4368 21f8 | 2113 0054 | e14b 40f9 | e203 01aa 

  0x00000001129dc3c0: ;   {metadata(method data for {method} {0x000000012667ba60} 'readAndDispatch' '()Z' in 'org/eclipse/swt/widgets/Display')}
  0x00000001129dc3c0: 033c 91d2 | e33d a8f2 | 2300 c0f2 | 4208 40b9 | 4208 5cd2 | 69a0 1291 | 2801 40f9 | 5f00 08eb 
  0x00000001129dc3e0: a100 0054 | 6858 42f9 | 0805 0091 | 6858 02f9 | 1c00 0014 | 69e0 1291 | 2801 40f9 | 5f00 08eb 
  0x00000001129dc400: a100 0054 | 6860 42f9 | 0805 0091 | 6860 02f9 | 1400 0014 | 69a0 1291 | 2801 40f9 | c800 00b5 
  0x00000001129dc420: 2201 00f9 | e803 40b2 | 69c0 1291 | 2801 00f9 | 0c00 0014 | 69e0 1291 | 2801 40f9 | c800 00b5 
  0x00000001129dc440: 2201 00f9 | e803 40b2 | 6900 1391 | 2801 00f9 | 0400 0014 | 684c 42f9 | 0805 0091 | 684c 02f9 
  0x00000001129dc460: bf3b 03d5 | 2238 4039 | bf39 03d5 | 4200 0012 | 5f00 0071 

  0x00000001129dc474: ;   {metadata(method data for {method} {0x000000012667ba60} 'readAndDispatch' '()Z' in 'org/eclipse/swt/widgets/Display')}
  0x00000001129dc474: 023c 91d2 | e23d a8f2 | 2200 c0f2 | 089a 80d2 | 099c 80d2 | 0311 899a | 4468 63f8 | 8404 0091 
  0x00000001129dc494: 4468 23f8 | 010a 0054 | e0bb 00b9 | e203 01aa 

  0x00000001129dc4a4: ;   {metadata(method data for {method} {0x000000012667ba60} 'readAndDispatch' '()Z' in 'org/eclipse/swt/widgets/Display')}
  0x00000001129dc4a4: 033c 91d2 | e33d a8f2 | 2300 c0f2 | 6884 42f9 | 0805 0091 | 6884 02f9 

  0x00000001129dc4bc: ;   {metadata(method data for {method} {0x000000012667cea0} 'runAsyncMessages' '(Z)Z' in 'org/eclipse/swt/widgets/Display')}
  0x00000001129dc4bc: 02fb 9ed2 | 823d a8f2 | 2200 c0f2 | 43ac 40b9 | 6308 0011 | 43ac 00b9 | 634c 1f12 | 7f00 0071 
  0x00000001129dc4dc: a067 0054 | 23f8 40b9 | 63f0 7dd3 

  0x00000001129dc4e8: ; implicit exception: dispatches to 0x00000001129dd1f0
  0x00000001129dc4e8: 7f00 40f9 | e203 03aa 

  0x00000001129dc4f0: ;   {metadata(method data for {method} {0x000000012667cea0} 'runAsyncMessages' '(Z)Z' in 'org/eclipse/swt/widgets/Display')}
  0x00000001129dc4f0: 04fb 9ed2 | 843d a8f2 | 2400 c0f2 | 4208 40b9 | 4208 5cd2 | 8900 0491 | 2801 40f9 | 5f00 08eb 
  0x00000001129dc510: a100 0054 | 8884 40f9 | 0805 0091 | 8884 00f9 | 1c00 0014 | 8940 0491 | 2801 40f9 | 5f00 08eb 
  0x00000001129dc530: a100 0054 | 888c 40f9 | 0805 0091 | 888c 00f9 | 1400 0014 | 8900 0491 | 2801 40f9 | c800 00b5 
  0x00000001129dc550: 2201 00f9 | e803 40b2 | 8920 0491 | 2801 00f9 | 0c00 0014 | 8940 0491 | 2801 40f9 | c800 00b5 
  0x00000001129dc570: 2201 00f9 | e803 40b2 | 8960 0491 | 2801 00f9 | 0400 0014 | 8878 40f9 | 0805 0091 | 8878 00f9 
  0x00000001129dc590: 0200 a052 | e103 03aa 

  0x00000001129dc598: ; ImmutableOopMap {[144]=Oop [168]=Oop }
                      ;*invokevirtual runAsyncMessages {reexecute=0 rethrow=0 return_oop=0}
                      ; - org.eclipse.swt.widgets.Display::runAsyncMessages@5 (line 4382)
                      ; - org.eclipse.swt.widgets.Display::readAndDispatch@152 (line 4005)
                      ;   {optimized virtual_call}
  0x00000001129dc598: feaf c295 

  0x00000001129dc59c: ;   {other}
  0x00000001129dc59c: 1f20 03d5 | 9f11 82f2 | 1f00 82f2 | 0100 0012 | 3f00 0071 

  0x00000001129dc5b0: ;   {metadata(method data for {method} {0x000000012667ba60} 'readAndDispatch' '()Z' in 'org/eclipse/swt/widgets/Display')}
  0x00000001129dc5b0: 013c 91d2 | e13d a8f2 | 2100 c0f2 | 08a7 80d2 | 09a5 80d2 | 0001 899a | 2268 60f8 | 4204 0091 
  0x00000001129dc5d0: 2268 20f8 | 6000 0054 | e103 0032 | 0800 0014 

  0x00000001129dc5e0: ;   {metadata(method data for {method} {0x000000012667ba60} 'readAndDispatch' '()Z' in 'org/eclipse/swt/widgets/Display')}
  0x00000001129dc5e0: 013c 91d2 | e13d a8f2 | 2100 c0f2 | 20a4 42f9 | 0004 0091 | 20a4 02f9 | 0100 a052 

  0x00000001129dc5fc: ;   {metadata(method data for {method} {0x000000012667ba60} 'readAndDispatch' '()Z' in 'org/eclipse/swt/widgets/Display')}
  0x00000001129dc5fc: 003c 91d2 | e03d a8f2 | 2000 c0f2 | 02b0 42f9 | 4204 0091 | 02b0 02f9 | e003 01aa | e0bf 00b9 
  0x00000001129dc61c: e14b 40f9 | e203 01aa 

  0x00000001129dc624: ;   {metadata(method data for {method} {0x000000012667ba60} 'readAndDispatch' '()Z' in 'org/eclipse/swt/widgets/Display')}
  0x00000001129dc624: 033c 91d2 | e33d a8f2 | 2300 c0f2 | 6838 43f9 | 0805 0091 | 6838 03f9 | e203 01aa | e103 02aa 
  0x00000001129dc644: ; ImmutableOopMap {[144]=Oop [168]=Oop }
                      ;*invokevirtual removePool {reexecute=0 rethrow=0 return_oop=0}
                      ; - org.eclipse.swt.widgets.Display::readAndDispatch@213 (line 4008)
                      ;   {optimized virtual_call}
  0x00000001129dc644: 13b7 cd95 

  0x00000001129dc648: ;   {other}
  0x00000001129dc648: 1f20 03d5 | 1f27 82f2 | 1f20 82f2 | e14b 40f9 | 20c8 40b9 | 0004 0051 | 20c8 00b9 | 20cc 40b9 
  0x00000001129dc668: 1f00 0071 

  0x00000001129dc66c: ;   {metadata(method data for {method} {0x000000012667ba60} 'readAndDispatch' '()Z' in 'org/eclipse/swt/widgets/Display')}
  0x00000001129dc66c: 003c 91d2 | e03d a8f2 | 2000 c0f2 | 08d2 80d2 | 09d4 80d2 | 0211 899a | 0368 62f8 | 6304 0091 
  0x00000001129dc68c: 0368 22f8 | c12f 0054 | 2280 5829 | 1f00 026b 

  0x00000001129dc69c: ;   {metadata(method data for {method} {0x000000012667ba60} 'readAndDispatch' '()Z' in 'org/eclipse/swt/widgets/Display')}
  0x00000001129dc69c: 003c 91d2 | e03d a8f2 | 2000 c0f2 | 08d6 80d2 | 09d8 80d2 | 0211 899a | 0368 62f8 | 6304 0091 
  0x00000001129dc6bc: 0368 22f8 | 412e 0054 

  0x00000001129dc6c4: ;   {metadata(method data for {method} {0x000000012667ba60} 'readAndDispatch' '()Z' in 'org/eclipse/swt/widgets/Display')}
  0x00000001129dc6c4: 003c 91d2 | e03d a8f2 | 2000 c0f2 | 0868 43f9 | 0805 0091 | 0868 03f9 

  0x00000001129dc6dc: ; ImmutableOopMap {[144]=Oop [168]=Oop }
                      ;*invokestatic getEntryCount {reexecute=0 rethrow=0 return_oop=0}
                      ; - org.eclipse.swt.widgets.Display::readAndDispatch@244 (line 4010)
                      ;   {static_call}
  0x00000001129dc6dc: 29e0 a595 

  0x00000001129dc6e0: ;   {other}
  0x00000001129dc6e0: 1f20 03d5 | 1f3a 82f2 | 1f40 82f2 | 1f00 0071 

  0x00000001129dc6f0: ;   {metadata(method data for {method} {0x000000012667ba60} 'readAndDispatch' '()Z' in 'org/eclipse/swt/widgets/Display')}
  0x00000001129dc6f0: 003c 91d2 | e03d a8f2 | 2000 c0f2 | 08dc 80d2 | 09de 80d2 | 0111 899a | 0268 61f8 | 4204 0091 
  0x00000001129dc710: 0268 21f8 | a12b 0054 | 5500 0014 | e14b 40f9 | 807f 42f9 | 9f7f 02f9 | 9f83 02f9 | e303 01aa 
  0x00000001129dc730: ;   {metadata(method data for {method} {0x000000012667ba60} 'readAndDispatch' '()Z' in 'org/eclipse/swt/widgets/Display')}
  0x00000001129dc730: 043c 91d2 | e43d a8f2 | 2400 c0f2 

  0x00000001129dc73c: ;   {metadata('org/eclipse/swt/widgets/Display')}
  0x00000001129dc73c: 08b4 9ed2 | 0825 a0f2 | 080e c0f2 | 8920 1691 | 2801 00f9 | 88c8 42f9 | 0805 0091 | 88c8 02f9 
  0x00000001129dc75c: e303 01aa | e103 03aa | e063 00f9 

  0x00000001129dc768: ; ImmutableOopMap {[144]=Oop [192]=Oop }
                      ;*invokevirtual removePool {reexecute=0 rethrow=0 return_oop=0}
                      ; - org.eclipse.swt.widgets.Display::readAndDispatch@169 (line 4008)
                      ;   {optimized virtual_call}
  0x00000001129dc768: 86de a595 

  0x00000001129dc76c: ;   {other}
  0x00000001129dc76c: 1f20 03d5 | 9f4b 82f2 | 1f60 82f2 | e14b 40f9 | 20c8 40b9 | 0004 0051 | 20c8 00b9 | 20cc 40b9 
  0x00000001129dc78c: 1f00 0071 

  0x00000001129dc790: ;   {metadata(method data for {method} {0x000000012667ba60} 'readAndDispatch' '()Z' in 'org/eclipse/swt/widgets/Display')}
  0x00000001129dc790: 003c 91d2 | e03d a8f2 | 2000 c0f2 | 08b8 80d2 | 09b6 80d2 | 0201 899a | 0368 62f8 | 6304 0091 
  0x00000001129dc7b0: 0368 22f8 | a000 0054 | e4cb 40b9 | e203 01aa | e163 40f9 | 4802 0014 | 2280 5829 | 1f00 026b 
  0x00000001129dc7d0: ;   {metadata(method data for {method} {0x000000012667ba60} 'readAndDispatch' '()Z' in 'org/eclipse/swt/widgets/Display')}
  0x00000001129dc7d0: 003c 91d2 | e03d a8f2 | 2000 c0f2 | 08bc 80d2 | 09ba 80d2 | 0201 899a | 0368 62f8 | 6304 0091 
  0x00000001129dc7f0: 0368 22f8 | a000 0054 | e4cb 40b9 | e203 01aa | e163 40f9 | 3802 0014 

  0x00000001129dc808: ;   {metadata(method data for {method} {0x000000012667ba60} 'readAndDispatch' '()Z' in 'org/eclipse/swt/widgets/Display')}
  0x00000001129dc808: 003c 91d2 | e03d a8f2 | 2000 c0f2 | 08f8 42f9 | 0805 0091 | 08f8 02f9 

  0x00000001129dc820: ; ImmutableOopMap {[144]=Oop [192]=Oop }
                      ;*invokestatic getEntryCount {reexecute=0 rethrow=0 return_oop=0}
                      ; - org.eclipse.swt.widgets.Display::readAndDispatch@200 (line 4010)
                      ;   {static_call}
  0x00000001129dc820: d8df a595 

  0x00000001129dc824: ;   {other}
  0x00000001129dc824: 1f20 03d5 | 9f62 82f2 | 1f80 82f2 | 1f00 0071 

  0x00000001129dc834: ;   {metadata(method data for {method} {0x000000012667ba60} 'readAndDispatch' '()Z' in 'org/eclipse/swt/widgets/Display')}
  0x00000001129dc834: 033c 91d2 | e33d a8f2 | 2300 c0f2 | 08c2 80d2 | e907 77b2 | 0001 899a | 6468 60f8 | 8404 0091 
  0x00000001129dc854: 6468 20f8 | 8022 0054 | e163 40f9 | e4cb 40b9 | e24b 40f9 | 1f02 0014 | e14b 40f9 

  0x00000001129dc870: ;   {metadata(method data for {method} {0x000000012667ba60} 'readAndDispatch' '()Z' in 'org/eclipse/swt/widgets/Display')}
  0x00000001129dc870: 033c 91d2 | e33d a8f2 | 2300 c0f2 | 688c 43f9 | 0805 0091 | 688c 03f9 

  0x00000001129dc888: ;   {metadata(method data for {method} {0x0000000126672350} 'addPool' '()V' in 'org/eclipse/swt/widgets/Display')}
  0x00000001129dc888: 03ab 93d2 | 233d a8f2 | 2300 c0f2 | 64ac 40b9 | 8408 0011 | 64ac 00b9 | 844c 1f12 | 9f00 0071 
  0x00000001129dc8a8: 604a 0054 

  0x00000001129dc8ac: ;   {metadata('org/eclipse/swt/internal/cocoa/NSAutoreleasePool')}
  0x00000001129dc8ac: 0328 9ad2 | 4326 a0f2 | 030e c0f2 | 80df 40f9 | 0b60 0091 | 88e7 40f9 | 7f01 08eb | 684a 0054 
  0x00000001129dc8cc: 8bdf 00f9 | ea03 40b2 | 0a00 00f9 | 6a08 5cd2 | 0a7c 0129 | 0a40 0091 | 5f01 00f9 | bf3a 03d5 
  0x00000001129dc8ec: e103 00aa 

  0x00000001129dc8f0: ;   {metadata(method data for {method} {0x0000000126672350} 'addPool' '()V' in 'org/eclipse/swt/widgets/Display')}
  0x00000001129dc8f0: 03ab 93d2 | 233d a8f2 | 2300 c0f2 | 6878 40f9 | 0805 0091 | 6878 00f9 

  0x00000001129dc908: ;   {metadata(method data for {method} {0x0000000126b6fa30} '<init>' '()V' in 'org/eclipse/swt/internal/cocoa/NSAutoreleasePool')}
  0x00000001129dc908: 0175 81d2 | c12e a8f2 | 2100 c0f2 | 23ac 40b9 | 6308 0011 | 23ac 00b9 | 634c 1f12 | 7f00 0071 
  0x00000001129dc928: a047 0054 | e103 00aa 

  0x00000001129dc930: ;   {metadata(method data for {method} {0x0000000126b6fa30} '<init>' '()V' in 'org/eclipse/swt/internal/cocoa/NSAutoreleasePool')}
  0x00000001129dc930: 0375 81d2 | c32e a8f2 | 2300 c0f2 | 6878 40f9 | 0805 0091 | 6878 00f9 

  0x00000001129dc948: ;   {metadata(method data for {method} {0x0000000126ab77f8} '<init>' '()V' in 'org/eclipse/swt/internal/cocoa/NSObject')}
  0x00000001129dc948: 01ba 9ad2 | e110 a5f2 | 2100 c0f2 | 23ac 40b9 | 6308 0011 | 23ac 00b9 | 634c 1f12 | 7f00 0071 
  0x00000001129dc968: a046 0054 | e103 00aa 

  0x00000001129dc970: ;   {metadata(method data for {method} {0x0000000126ab77f8} '<init>' '()V' in 'org/eclipse/swt/internal/cocoa/NSObject')}
  0x00000001129dc970: 03ba 9ad2 | e310 a5f2 | 2300 c0f2 | 6878 40f9 | 0805 0091 | 6878 00f9 

  0x00000001129dc988: ;   {metadata(method data for {method} {0x000000012665eb30} '<init>' '()V' in 'org/eclipse/swt/internal/cocoa/id')}
  0x00000001129dc988: 01de 9ad2 | e110 a5f2 | 2100 c0f2 | 23ac 40b9 | 6308 0011 | 23ac 00b9 | 634c 1f12 | 7f00 0071 
  0x00000001129dc9a8: a045 0054 | e103 00aa 

  0x00000001129dc9b0: ;   {metadata(method data for {method} {0x000000012665eb30} '<init>' '()V' in 'org/eclipse/swt/internal/cocoa/id')}
  0x00000001129dc9b0: 03de 9ad2 | e310 a5f2 | 2300 c0f2 | 6878 40f9 | 0805 0091 | 6878 00f9 

  0x00000001129dc9c8: ;   {metadata(method data for {method} {0x0000007000475638} '<init>' '()V' in 'java/lang/Object')}
  0x00000001129dc9c8: 0149 92d2 | 01a0 a4f2 | 2100 c0f2 | 23ac 40b9 | 6308 0011 | 23ac 00b9 | 634c 1f12 | 7f00 0071 
  0x00000001129dc9e8: a044 0054 | e103 00aa 

  0x00000001129dc9f0: ;   {metadata(method data for {method} {0x0000000126672350} 'addPool' '()V' in 'org/eclipse/swt/widgets/Display')}
  0x00000001129dc9f0: 03ab 93d2 | 233d a8f2 | 2300 c0f2 | 2108 40b9 | 2108 5cd2 | 6940 0491 | 2801 40f9 | 3f00 08eb 
  0x00000001129dca10: a100 0054 | 688c 40f9 | 0805 0091 | 688c 00f9 | 1c00 0014 | 6980 0491 | 2801 40f9 | 3f00 08eb 
  0x00000001129dca30: a100 0054 | 6894 40f9 | 0805 0091 | 6894 00f9 | 1400 0014 | 6940 0491 | 2801 40f9 | c800 00b5 
  0x00000001129dca50: 2101 00f9 | e803 40b2 | 6960 0491 | 2801 00f9 | 0c00 0014 | 6980 0491 | 2801 40f9 | c800 00b5 
  0x00000001129dca70: 2101 00f9 | e803 40b2 | 69a0 0491 | 2801 00f9 | 0400 0014 | 6880 40f9 | 0805 0091 | 6880 00f9 
  0x00000001129dca90: e103 00aa 

  0x00000001129dca94: ; ImmutableOopMap {[144]=Oop [168]=Oop }
                      ;*invokevirtual alloc {reexecute=0 rethrow=0 return_oop=0}
                      ; - org.eclipse.swt.widgets.Display::addPool@8 (line 533)
                      ; - org.eclipse.swt.widgets.Display::readAndDispatch@251 (line 4010)
                      ;   {optimized virtual_call}
  0x00000001129dca94: bbdd a595 

  0x00000001129dca98: ;   {other}
  0x00000001129dca98: 1f20 03d5 | 1fb1 82f2 | 1fa0 82f2 

  0x00000001129dcaa4: ; implicit exception: dispatches to 0x00000001129dd29c
  0x00000001129dcaa4: 1f00 40f9 | e103 00aa 

  0x00000001129dcaac: ;   {metadata(method data for {method} {0x0000000126672350} 'addPool' '()V' in 'org/eclipse/swt/widgets/Display')}
  0x00000001129dcaac: 02ab 93d2 | 223d a8f2 | 2200 c0f2 | 2108 40b9 | 2108 5cd2 | 4920 0591 | 2801 40f9 | 3f00 08eb 
  0x00000001129dcacc: a100 0054 | 48a8 40f9 | 0805 0091 | 48a8 00f9 | 1c00 0014 | 4960 0591 | 2801 40f9 | 3f00 08eb 
  0x00000001129dcaec: a100 0054 | 48b0 40f9 | 0805 0091 | 48b0 00f9 | 1400 0014 | 4920 0591 | 2801 40f9 | c800 00b5 
  0x00000001129dcb0c: 2101 00f9 | e803 40b2 | 4940 0591 | 2801 00f9 | 0c00 0014 | 4960 0591 | 2801 40f9 | c800 00b5 
  0x00000001129dcb2c: 2101 00f9 | e803 40b2 | 4980 0591 | 2801 00f9 | 0400 0014 | 489c 40f9 | 0805 0091 | 489c 00f9 
  0x00000001129dcb4c: e103 00aa 

  0x00000001129dcb50: ; ImmutableOopMap {[144]=Oop [168]=Oop }
                      ;*invokevirtual init {reexecute=0 rethrow=0 return_oop=0}
                      ; - org.eclipse.swt.widgets.Display::addPool@11 (line 533)
                      ; - org.eclipse.swt.widgets.Display::readAndDispatch@251 (line 4010)
                      ;   {optimized virtual_call}
  0x00000001129dcb50: 8cdd a595 

  0x00000001129dcb54: ;   {other}
  0x00000001129dcb54: 1f20 03d5 | 9fc8 82f2 | 1fc0 82f2 | 0001 00b5 

  0x00000001129dcb64: ;   {metadata(method data for {method} {0x0000000126672350} 'addPool' '()V' in 'org/eclipse/swt/widgets/Display')}
  0x00000001129dcb64: 03ab 93d2 | 233d a8f2 | 2300 c0f2 | 68a4 4539 | 0801 40b2 | 68a4 0539 | 3600 0014 

  0x00000001129dcb80: ;   {metadata('org/eclipse/swt/internal/cocoa/NSAutoreleasePool')}
  0x00000001129dcb80: 0228 9ad2 | 4226 a0f2 | 020e c0f2 | 0808 40b9 | 0809 5cd2 | 1f01 02eb | e104 0054 

  0x00000001129dcb9c: ;   {metadata(method data for {method} {0x0000000126672350} 'addPool' '()V' in 'org/eclipse/swt/widgets/Display')}
  0x00000001129dcb9c: 03ab 93d2 | 233d a8f2 | 2300 c0f2 | 0208 40b9 | 4208 5cd2 | 6900 0691 | 2801 40f9 | 5f00 08eb 
  0x00000001129dcbbc: a100 0054 | 68c4 40f9 | 0805 0091 | 68c4 00f9 | 2200 0014 | 6940 0691 | 2801 40f9 | 5f00 08eb 
  0x00000001129dcbdc: a100 0054 | 68cc 40f9 | 0805 0091 | 68cc 00f9 | 1a00 0014 | 6900 0691 | 2801 40f9 | c800 00b5 
  0x00000001129dcbfc: 2201 00f9 | e803 40b2 | 6920 0691 | 2801 00f9 | 1200 0014 | 6940 0691 | 2801 40f9 | c800 00b5 
  0x00000001129dcc1c: 2201 00f9 | e803 40b2 | 6960 0691 | 2801 00f9 | 0a00 0014 | 0900 0014 

  0x00000001129dcc34: ;   {metadata(method data for {method} {0x0000000126672350} 'addPool' '()V' in 'org/eclipse/swt/widgets/Display')}
  0x00000001129dcc34: 03ab 93d2 | 233d a8f2 | 2300 c0f2 | 68b8 40f9 | 0805 00d1 | 68b8 00f9 | 9501 0014 | 0100 0014 
  0x00000001129dcc54: e203 00aa | e14b 40f9 

  0x00000001129dcc5c: ;   {metadata(method data for {method} {0x0000000126672350} 'addPool' '()V' in 'org/eclipse/swt/widgets/Display')}
  0x00000001129dcc5c: 00ab 93d2 | 203d a8f2 | 2000 c0f2 | 08e0 40f9 | 0805 0091 | 08e0 00f9 | e14b 40f9 

  0x00000001129dcc78: ; ImmutableOopMap {[144]=Oop [168]=Oop }
                      ;*invokevirtual addPool {reexecute=0 rethrow=0 return_oop=0}
                      ; - org.eclipse.swt.widgets.Display::addPool@17 (line 533)
                      ; - org.eclipse.swt.widgets.Display::readAndDispatch@251 (line 4010)
                      ;   {optimized virtual_call}
  0x00000001129dcc78: 42dd a595 

  0x00000001129dcc7c: ;   {other}
  0x00000001129dcc7c: 1f20 03d5 | 9fed 82f2 | 1fe0 82f2 | e0bf 40b9 | 0000 0012 | fd7b 4ea9 | ffc3 0391 

  0x00000001129dcc98: ;   {poll_return}
  0x00000001129dcc98: 8827 42f9 | ff63 28eb | 4830 0054 | c003 5fd6 | e14b 40f9 

  0x00000001129dccac: ;   {metadata(method data for {method} {0x000000012667ba60} 'readAndDispatch' '()Z' in 'org/eclipse/swt/widgets/Display')}
  0x00000001129dccac: 033c 91d2 | e33d a8f2 | 2300 c0f2 

  0x00000001129dccb8: ;   {metadata('org/eclipse/swt/widgets/Display')}
  0x00000001129dccb8: 08b4 9ed2 | 0825 a0f2 | 080e c0f2 | 69c0 1891 | 2801 00f9 | 681c 43f9 | 0805 0091 | 681c 03f9 
  0x00000001129dccd8: ;   {metadata(method data for {method} {0x0000000126672350} 'addPool' '()V' in 'org/eclipse/swt/widgets/Display')}
  0x00000001129dccd8: 03ab 93d2 | 233d a8f2 | 2300 c0f2 | 60ac 40b9 | 0008 0011 | 60ac 00b9 | 004c 1f12 | 1f00 0071 
  0x00000001129dccf8: e02d 0054 

  0x00000001129dccfc: ;   {metadata('org/eclipse/swt/internal/cocoa/NSAutoreleasePool')}
  0x00000001129dccfc: 0328 9ad2 | 4326 a0f2 | 030e c0f2 | 80df 40f9 | 0b60 0091 | 88e7 40f9 | 7f01 08eb | e82d 0054 
  0x00000001129dcd1c: 8bdf 00f9 | ea03 40b2 | 0a00 00f9 | 6a08 5cd2 | 0a7c 0129 | 0a40 0091 | 5f01 00f9 | bf3a 03d5 
  0x00000001129dcd3c: e103 00aa 

  0x00000001129dcd40: ;   {metadata(method data for {method} {0x0000000126672350} 'addPool' '()V' in 'org/eclipse/swt/widgets/Display')}
  0x00000001129dcd40: 02ab 93d2 | 223d a8f2 | 2200 c0f2 | 4878 40f9 | 0805 0091 | 4878 00f9 

  0x00000001129dcd58: ;   {metadata(method data for {method} {0x0000000126b6fa30} '<init>' '()V' in 'org/eclipse/swt/internal/cocoa/NSAutoreleasePool')}
  0x00000001129dcd58: 0175 81d2 | c12e a8f2 | 2100 c0f2 | 22ac 40b9 | 4208 0011 | 22ac 00b9 | 424c 1f12 | 5f00 0071 
  0x00000001129dcd78: 202b 0054 | e103 00aa 

  0x00000001129dcd80: ;   {metadata(method data for {method} {0x0000000126b6fa30} '<init>' '()V' in 'org/eclipse/swt/internal/cocoa/NSAutoreleasePool')}
  0x00000001129dcd80: 0275 81d2 | c22e a8f2 | 2200 c0f2 | 4878 40f9 | 0805 0091 | 4878 00f9 

  0x00000001129dcd98: ;   {metadata(method data for {method} {0x0000000126ab77f8} '<init>' '()V' in 'org/eclipse/swt/internal/cocoa/NSObject')}
  0x00000001129dcd98: 01ba 9ad2 | e110 a5f2 | 2100 c0f2 | 22ac 40b9 | 4208 0011 | 22ac 00b9 | 424c 1f12 | 5f00 0071 
  0x00000001129dcdb8: 202a 0054 | e103 00aa 

  0x00000001129dcdc0: ;   {metadata(method data for {method} {0x0000000126ab77f8} '<init>' '()V' in 'org/eclipse/swt/internal/cocoa/NSObject')}
  0x00000001129dcdc0: 02ba 9ad2 | e210 a5f2 | 2200 c0f2 | 4878 40f9 | 0805 0091 | 4878 00f9 

  0x00000001129dcdd8: ;   {metadata(method data for {method} {0x000000012665eb30} '<init>' '()V' in 'org/eclipse/swt/internal/cocoa/id')}
  0x00000001129dcdd8: 01de 9ad2 | e110 a5f2 | 2100 c0f2 | 22ac 40b9 | 4208 0011 | 22ac 00b9 | 424c 1f12 | 5f00 0071 
  0x00000001129dcdf8: 2029 0054 | e103 00aa 

  0x00000001129dce00: ;   {metadata(method data for {method} {0x000000012665eb30} '<init>' '()V' in 'org/eclipse/swt/internal/cocoa/id')}
  0x00000001129dce00: 02de 9ad2 | e210 a5f2 | 2200 c0f2 | 4878 40f9 | 0805 0091 | 4878 00f9 

  0x00000001129dce18: ;   {metadata(method data for {method} {0x0000007000475638} '<init>' '()V' in 'java/lang/Object')}
  0x00000001129dce18: 0149 92d2 | 01a0 a4f2 | 2100 c0f2 | 22ac 40b9 | 4208 0011 | 22ac 00b9 | 424c 1f12 | 5f00 0071 
  0x00000001129dce38: 2028 0054 | e103 00aa 

  0x00000001129dce40: ;   {metadata(method data for {method} {0x0000000126672350} 'addPool' '()V' in 'org/eclipse/swt/widgets/Display')}
  0x00000001129dce40: 02ab 93d2 | 223d a8f2 | 2200 c0f2 | 2108 40b9 | 2108 5cd2 | 4940 0491 | 2801 40f9 | 3f00 08eb 
  0x00000001129dce60: a100 0054 | 488c 40f9 | 0805 0091 | 488c 00f9 | 1c00 0014 | 4980 0491 | 2801 40f9 | 3f00 08eb 
  0x00000001129dce80: a100 0054 | 4894 40f9 | 0805 0091 | 4894 00f9 | 1400 0014 | 4940 0491 | 2801 40f9 | c800 00b5 
  0x00000001129dcea0: 2101 00f9 | e803 40b2 | 4960 0491 | 2801 00f9 | 0c00 0014 | 4980 0491 | 2801 40f9 | c800 00b5 
  0x00000001129dcec0: 2101 00f9 | e803 40b2 | 49a0 0491 | 2801 00f9 | 0400 0014 | 4880 40f9 | 0805 0091 | 4880 00f9 
  0x00000001129dcee0: e103 00aa 

  0x00000001129dcee4: ; ImmutableOopMap {[144]=Oop [192]=Oop }
                      ;*invokevirtual alloc {reexecute=0 rethrow=0 return_oop=0}
                      ; - org.eclipse.swt.widgets.Display::addPool@8 (line 533)
                      ; - org.eclipse.swt.widgets.Display::readAndDispatch@207 (line 4010)
                      ;   {optimized virtual_call}
  0x00000001129dcee4: a7dc a595 

  0x00000001129dcee8: ;   {other}
  0x00000001129dcee8: 1f20 03d5 | 1f3b 83f2 | 1f00 83f2 

  0x00000001129dcef4: ; implicit exception: dispatches to 0x00000001129dd35c
  0x00000001129dcef4: 1f00 40f9 | e103 00aa 

  0x00000001129dcefc: ;   {metadata(method data for {method} {0x0000000126672350} 'addPool' '()V' in 'org/eclipse/swt/widgets/Display')}
  0x00000001129dcefc: 02ab 93d2 | 223d a8f2 | 2200 c0f2 | 2108 40b9 | 2108 5cd2 | 4920 0591 | 2801 40f9 | 3f00 08eb 
  0x00000001129dcf1c: a100 0054 | 48a8 40f9 | 0805 0091 | 48a8 00f9 | 1c00 0014 | 4960 0591 | 2801 40f9 | 3f00 08eb 
  0x00000001129dcf3c: a100 0054 | 48b0 40f9 | 0805 0091 | 48b0 00f9 | 1400 0014 | 4920 0591 | 2801 40f9 | c800 00b5 
  0x00000001129dcf5c: 2101 00f9 | e803 40b2 | 4940 0591 | 2801 00f9 | 0c00 0014 | 4960 0591 | 2801 40f9 | c800 00b5 
  0x00000001129dcf7c: 2101 00f9 | e803 40b2 | 4980 0591 | 2801 00f9 | 0400 0014 | 489c 40f9 | 0805 0091 | 489c 00f9 
  0x00000001129dcf9c: e103 00aa 

  0x00000001129dcfa0: ; ImmutableOopMap {[144]=Oop [192]=Oop }
                      ;*invokevirtual init {reexecute=0 rethrow=0 return_oop=0}
                      ; - org.eclipse.swt.widgets.Display::addPool@11 (line 533)
                      ; - org.eclipse.swt.widgets.Display::readAndDispatch@207 (line 4010)
                      ;   {optimized virtual_call}
  0x00000001129dcfa0: 78dc a595 

  0x00000001129dcfa4: ;   {other}
  0x00000001129dcfa4: 1f20 03d5 | 9f52 83f2 | 1f20 83f2 | 0001 00b5 

  0x00000001129dcfb4: ;   {metadata(method data for {method} {0x0000000126672350} 'addPool' '()V' in 'org/eclipse/swt/widgets/Display')}
  0x00000001129dcfb4: 03ab 93d2 | 233d a8f2 | 2300 c0f2 | 68a4 4539 | 0801 40b2 | 68a4 0539 | 3600 0014 

  0x00000001129dcfd0: ;   {metadata('org/eclipse/swt/internal/cocoa/NSAutoreleasePool')}
  0x00000001129dcfd0: 0228 9ad2 | 4226 a0f2 | 020e c0f2 | 0808 40b9 | 0809 5cd2 | 1f01 02eb | e104 0054 

  0x00000001129dcfec: ;   {metadata(method data for {method} {0x0000000126672350} 'addPool' '()V' in 'org/eclipse/swt/widgets/Display')}
  0x00000001129dcfec: 03ab 93d2 | 233d a8f2 | 2300 c0f2 | 0208 40b9 | 4208 5cd2 | 6900 0691 | 2801 40f9 | 5f00 08eb 
  0x00000001129dd00c: a100 0054 | 68c4 40f9 | 0805 0091 | 68c4 00f9 | 2200 0014 | 6940 0691 | 2801 40f9 | 5f00 08eb 
  0x00000001129dd02c: a100 0054 | 68cc 40f9 | 0805 0091 | 68cc 00f9 | 1a00 0014 | 6900 0691 | 2801 40f9 | c800 00b5 
  0x00000001129dd04c: 2201 00f9 | e803 40b2 | 6920 0691 | 2801 00f9 | 1200 0014 | 6940 0691 | 2801 40f9 | c800 00b5 
  0x00000001129dd06c: 2201 00f9 | e803 40b2 | 6960 0691 | 2801 00f9 | 0a00 0014 | 0900 0014 

  0x00000001129dd084: ;   {metadata(method data for {method} {0x0000000126672350} 'addPool' '()V' in 'org/eclipse/swt/widgets/Display')}
  0x00000001129dd084: 03ab 93d2 | 233d a8f2 | 2300 c0f2 | 68b8 40f9 | 0805 00d1 | 68b8 00f9 | b100 0014 | 0100 0014 
  0x00000001129dd0a4: e203 00aa | e14b 40f9 

  0x00000001129dd0ac: ;   {metadata(method data for {method} {0x0000000126672350} 'addPool' '()V' in 'org/eclipse/swt/widgets/Display')}
  0x00000001129dd0ac: 00ab 93d2 | 203d a8f2 | 2000 c0f2 | 08e0 40f9 | 0805 0091 | 08e0 00f9 | e14b 40f9 

  0x00000001129dd0c8: ; ImmutableOopMap {[144]=Oop [192]=Oop }
                      ;*invokevirtual addPool {reexecute=0 rethrow=0 return_oop=0}
                      ; - org.eclipse.swt.widgets.Display::addPool@17 (line 533)
                      ; - org.eclipse.swt.widgets.Display::readAndDispatch@207 (line 4010)
                      ;   {optimized virtual_call}
  0x00000001129dd0c8: 2edc a595 

  0x00000001129dd0cc: ;   {other}
  0x00000001129dd0cc: 1f20 03d5 | 9f77 83f2 | 1f40 83f2 | e163 40f9 | e4cb 40b9 | e24b 40f9 

  0x00000001129dd0e4: ; ImmutableOopMap {c_rarg1=Oop c_rarg2=Oop c_rarg0=Oop [144]=Oop }
                      ;*athrow {reexecute=1 rethrow=0 return_oop=0}
                      ; - (reexecute) org.eclipse.swt.widgets.Display::readAndDispatch@211 (line 4011)
  0x00000001129dd0e4: e003 01aa 

  0x00000001129dd0e8: ;   {section_word}
  0x00000001129dd0e8: 0300 0010 

  0x00000001129dd0ec: ;   {runtime_call handle_exception_nofpu Runtime1 stub}
  0x00000001129dd0ec: e563 a995 | 1f20 03d5 

  0x00000001129dd0f4: ;   {metadata({method} {0x000000012667ba60} 'readAndDispatch' '()Z' in 'org/eclipse/swt/widgets/Display')}
  0x00000001129dd0f4: 084c 97d2 | e8cc a4f2 | 2800 c0f2 | e807 00f9 | 0800 8092 | e803 00f9 

  0x00000001129dd10c: ; ImmutableOopMap {c_rarg1=Oop [144]=Oop }
                      ;*synchronization entry
                      ; - org.eclipse.swt.widgets.Display::readAndDispatch@-1 (line 3985)
                      ;   {runtime_call counter_overflow Runtime1 stub}
  0x00000001129dd10c: 9d70 a995 | 95fa ff17 

  0x00000001129dd114: ;   {metadata({method} {0x0000000126672350} 'addPool' '()V' in 'org/eclipse/swt/widgets/Display')}
  0x00000001129dd114: 086a 84d2 | e8cc a4f2 | 2800 c0f2 | e807 00f9 | 0800 8092 | e803 00f9 

  0x00000001129dd12c: ; ImmutableOopMap {c_rarg1=Oop [144]=Oop }
                      ;*synchronization entry
                      ; - org.eclipse.swt.widgets.Display::addPool@-1 (line 533)
                      ; - org.eclipse.swt.widgets.Display::readAndDispatch@35 (line 3987)
                      ;   {runtime_call counter_overflow Runtime1 stub}
  0x00000001129dd12c: 9570 a995 | e6fa ff17 

  0x00000001129dd134: ; ImmutableOopMap {c_rarg1=Oop [144]=Oop }
                      ;*new {reexecute=0 rethrow=0 return_oop=0}
                      ; - org.eclipse.swt.widgets.Display::addPool@1 (line 533)
                      ; - org.eclipse.swt.widgets.Display::readAndDispatch@35 (line 3987)
                      ;   {runtime_call fast_new_instance Runtime1 stub}
  0x00000001129dd134: 1360 a995 | f4fa ff17 

  0x00000001129dd13c: ;   {metadata({method} {0x0000000126b6fa30} '<init>' '()V' in 'org/eclipse/swt/internal/cocoa/NSAutoreleasePool')}
  0x00000001129dd13c: 0846 9fd2 | c8d6 a4f2 | 2800 c0f2 | e807 00f9 | 0800 8092 | e803 00f9 

  0x00000001129dd154: ; ImmutableOopMap {c_rarg1=Oop c_rarg0=Oop [144]=Oop }
                      ;*synchronization entry
                      ; - org.eclipse.swt.internal.cocoa.NSAutoreleasePool::<init>@-1 (line 19)
                      ; - org.eclipse.swt.widgets.Display::addPool@5 (line 533)
                      ; - org.eclipse.swt.widgets.Display::readAndDispatch@35 (line 3987)
                      ;   {runtime_call counter_overflow Runtime1 stub}
  0x00000001129dd154: 8b70 a995 | fcfa ff17 

  0x00000001129dd15c: ;   {metadata({method} {0x0000000126ab77f8} '<init>' '()V' in 'org/eclipse/swt/internal/cocoa/NSObject')}
  0x00000001129dd15c: 08ff 8ed2 | 68d5 a4f2 | 2800 c0f2 | e807 00f9 | 0800 8092 | e803 00f9 

  0x00000001129dd174: ; ImmutableOopMap {c_rarg1=Oop c_rarg0=Oop [144]=Oop }
                      ;*synchronization entry
                      ; - org.eclipse.swt.internal.cocoa.NSObject::<init>@-1 (line 19)
                      ; - org.eclipse.swt.internal.cocoa.NSAutoreleasePool::<init>@1 (line 19)
                      ; - org.eclipse.swt.widgets.Display::addPool@5 (line 533)
                      ; - org.eclipse.swt.widgets.Display::readAndDispatch@35 (line 3987)
                      ;   {runtime_call counter_overflow Runtime1 stub}
  0x00000001129dd174: 8370 a995 | 04fb ff17 

  0x00000001129dd17c: ;   {metadata({method} {0x000000012665eb30} '<init>' '()V' in 'org/eclipse/swt/internal/cocoa/id')}
  0x00000001129dd17c: 0866 9dd2 | a8cc a4f2 | 2800 c0f2 | e807 00f9 | 0800 8092 | e803 00f9 

  0x00000001129dd194: ; ImmutableOopMap {c_rarg1=Oop c_rarg0=Oop [144]=Oop }
                      ;*synchronization entry
                      ; - org.eclipse.swt.internal.cocoa.id::<init>@-1 (line 23)
                      ; - org.eclipse.swt.internal.cocoa.NSObject::<init>@1 (line 19)
                      ; - org.eclipse.swt.internal.cocoa.NSAutoreleasePool::<init>@1 (line 19)
                      ; - org.eclipse.swt.widgets.Display::addPool@5 (line 533)
                      ; - org.eclipse.swt.widgets.Display::readAndDispatch@35 (line 3987)
                      ;   {runtime_call counter_overflow Runtime1 stub}
  0x00000001129dd194: 7b70 a995 | 0cfb ff17 

  0x00000001129dd19c: ;   {metadata({method} {0x0000007000475638} '<init>' '()V' in 'java/lang/Object')}
  0x00000001129dd19c: 08c7 8ad2 | e808 a0f2 | 080e c0f2 | e807 00f9 | 0800 8092 | e803 00f9 

  0x00000001129dd1b4: ; ImmutableOopMap {c_rarg1=Oop c_rarg0=Oop [144]=Oop }
                      ;*synchronization entry
                      ; - java.lang.Object::<init>@-1 (line 45)
                      ; - org.eclipse.swt.internal.cocoa.id::<init>@1 (line 23)
                      ; - org.eclipse.swt.internal.cocoa.NSObject::<init>@1 (line 19)
                      ; - org.eclipse.swt.internal.cocoa.NSAutoreleasePool::<init>@1 (line 19)
                      ; - org.eclipse.swt.widgets.Display::addPool@5 (line 533)
                      ; - org.eclipse.swt.widgets.Display::readAndDispatch@35 (line 3987)
                      ;   {runtime_call counter_overflow Runtime1 stub}
  0x00000001129dd1b4: 7370 a995 | 14fb ff17 

  0x00000001129dd1bc: ; ImmutableOopMap {c_rarg0=Oop [144]=Oop }
                      ;*invokevirtual init {reexecute=0 rethrow=0 return_oop=0}
                      ; - org.eclipse.swt.widgets.Display::addPool@11 (line 533)
                      ; - org.eclipse.swt.widgets.Display::readAndDispatch@35 (line 3987)
                      ;   {runtime_call throw_null_pointer_exception Runtime1 stub}
  0x00000001129dd1bc: b15d a995 | e803 00aa 

  0x00000001129dd1c4: ; ImmutableOopMap {[144]=Oop }
                      ;*checkcast {reexecute=0 rethrow=0 return_oop=0}
                      ; - org.eclipse.swt.widgets.Display::addPool@14 (line 533)
                      ; - org.eclipse.swt.widgets.Display::readAndDispatch@35 (line 3987)
                      ;   {runtime_call throw_class_cast_exception Runtime1 stub}
  0x00000001129dd1c4: af66 a995 

  0x00000001129dd1c8: ; ImmutableOopMap {c_rarg1=Oop c_rarg6=Oop [144]=Oop }
                      ;*invokevirtual nextEventMatchingMask {reexecute=0 rethrow=0 return_oop=0}
                      ; - org.eclipse.swt.widgets.Display::readAndDispatch@100 (line 3997)
                      ;   {runtime_call throw_null_pointer_exception Runtime1 stub}
  0x00000001129dd1c8: ae5d a995 

  0x00000001129dd1cc: ; ImmutableOopMap {c_rarg0=Oop c_rarg3=Oop [144]=Oop [168]=Oop }
                      ;*invokevirtual sendEvent {reexecute=0 rethrow=0 return_oop=0}
                      ; - org.eclipse.swt.widgets.Display::readAndDispatch@122 (line 4000)
                      ;   {runtime_call throw_null_pointer_exception Runtime1 stub}
  0x00000001129dd1cc: ad5d a995 

  0x00000001129dd1d0: ;   {metadata({method} {0x000000012667cea0} 'runAsyncMessages' '(Z)Z' in 'org/eclipse/swt/widgets/Display')}
  0x00000001129dd1d0: 08d4 99d2 | e8cc a4f2 | 2800 c0f2 | e807 00f9 | 0800 8092 | e803 00f9 

  0x00000001129dd1e8: ; ImmutableOopMap {c_rarg1=Oop [144]=Oop [168]=Oop }
                      ;*synchronization entry
                      ; - org.eclipse.swt.widgets.Display::runAsyncMessages@-1 (line 4382)
                      ; - org.eclipse.swt.widgets.Display::readAndDispatch@152 (line 4005)
                      ;   {runtime_call counter_overflow Runtime1 stub}
  0x00000001129dd1e8: 6670 a995 | bdfc ff17 

  0x00000001129dd1f0: ; ImmutableOopMap {c_rarg1=Oop c_rarg3=Oop [144]=Oop [168]=Oop }
                      ;*invokevirtual runAsyncMessages {reexecute=0 rethrow=0 return_oop=0}
                      ; - org.eclipse.swt.widgets.Display::runAsyncMessages@5 (line 4382)
                      ; - org.eclipse.swt.widgets.Display::readAndDispatch@152 (line 4005)
                      ;   {runtime_call throw_null_pointer_exception Runtime1 stub}
  0x00000001129dd1f0: a45d a995 

  0x00000001129dd1f4: ;   {metadata({method} {0x0000000126672350} 'addPool' '()V' in 'org/eclipse/swt/widgets/Display')}
  0x00000001129dd1f4: 086a 84d2 | e8cc a4f2 | 2800 c0f2 | e807 00f9 | 0800 8092 | e803 00f9 

  0x00000001129dd20c: ; ImmutableOopMap {[144]=Oop [168]=Oop }
                      ;*synchronization entry
                      ; - org.eclipse.swt.widgets.Display::addPool@-1 (line 533)
                      ; - org.eclipse.swt.widgets.Display::readAndDispatch@251 (line 4010)
                      ;   {runtime_call counter_overflow Runtime1 stub}
  0x00000001129dd20c: 5d70 a995 | a7fd ff17 

  0x00000001129dd214: ; ImmutableOopMap {[144]=Oop [168]=Oop }
                      ;*new {reexecute=0 rethrow=0 return_oop=0}
                      ; - org.eclipse.swt.widgets.Display::addPool@1 (line 533)
                      ; - org.eclipse.swt.widgets.Display::readAndDispatch@251 (line 4010)
                      ;   {runtime_call fast_new_instance Runtime1 stub}
  0x00000001129dd214: db5f a995 | b5fd ff17 

  0x00000001129dd21c: ;   {metadata({method} {0x0000000126b6fa30} '<init>' '()V' in 'org/eclipse/swt/internal/cocoa/NSAutoreleasePool')}
  0x00000001129dd21c: 0846 9fd2 | c8d6 a4f2 | 2800 c0f2 | e807 00f9 | 0800 8092 | e803 00f9 

  0x00000001129dd234: ; ImmutableOopMap {c_rarg0=Oop [144]=Oop [168]=Oop }
                      ;*synchronization entry
                      ; - org.eclipse.swt.internal.cocoa.NSAutoreleasePool::<init>@-1 (line 19)
                      ; - org.eclipse.swt.widgets.Display::addPool@5 (line 533)
                      ; - org.eclipse.swt.widgets.Display::readAndDispatch@251 (line 4010)
                      ;   {runtime_call counter_overflow Runtime1 stub}
  0x00000001129dd234: 5370 a995 | bdfd ff17 

  0x00000001129dd23c: ;   {metadata({method} {0x0000000126ab77f8} '<init>' '()V' in 'org/eclipse/swt/internal/cocoa/NSObject')}
  0x00000001129dd23c: 08ff 8ed2 | 68d5 a4f2 | 2800 c0f2 | e807 00f9 | 0800 8092 | e803 00f9 

  0x00000001129dd254: ; ImmutableOopMap {c_rarg0=Oop [144]=Oop [168]=Oop }
                      ;*synchronization entry
                      ; - org.eclipse.swt.internal.cocoa.NSObject::<init>@-1 (line 19)
                      ; - org.eclipse.swt.internal.cocoa.NSAutoreleasePool::<init>@1 (line 19)
                      ; - org.eclipse.swt.widgets.Display::addPool@5 (line 533)
                      ; - org.eclipse.swt.widgets.Display::readAndDispatch@251 (line 4010)
                      ;   {runtime_call counter_overflow Runtime1 stub}
  0x00000001129dd254: 4b70 a995 | c5fd ff17 

  0x00000001129dd25c: ;   {metadata({method} {0x000000012665eb30} '<init>' '()V' in 'org/eclipse/swt/internal/cocoa/id')}
  0x00000001129dd25c: 0866 9dd2 | a8cc a4f2 | 2800 c0f2 | e807 00f9 | 0800 8092 | e803 00f9 

  0x00000001129dd274: ; ImmutableOopMap {c_rarg0=Oop [144]=Oop [168]=Oop }
                      ;*synchronization entry
                      ; - org.eclipse.swt.internal.cocoa.id::<init>@-1 (line 23)
                      ; - org.eclipse.swt.internal.cocoa.NSObject::<init>@1 (line 19)
                      ; - org.eclipse.swt.internal.cocoa.NSAutoreleasePool::<init>@1 (line 19)
                      ; - org.eclipse.swt.widgets.Display::addPool@5 (line 533)
                      ; - org.eclipse.swt.widgets.Display::readAndDispatch@251 (line 4010)
                      ;   {runtime_call counter_overflow Runtime1 stub}
  0x00000001129dd274: 4370 a995 | cdfd ff17 

  0x00000001129dd27c: ;   {metadata({method} {0x0000007000475638} '<init>' '()V' in 'java/lang/Object')}
  0x00000001129dd27c: 08c7 8ad2 | e808 a0f2 | 080e c0f2 | e807 00f9 | 0800 8092 | e803 00f9 

  0x00000001129dd294: ; ImmutableOopMap {c_rarg0=Oop [144]=Oop [168]=Oop }
                      ;*synchronization entry
                      ; - java.lang.Object::<init>@-1 (line 45)
                      ; - org.eclipse.swt.internal.cocoa.id::<init>@1 (line 23)
                      ; - org.eclipse.swt.internal.cocoa.NSObject::<init>@1 (line 19)
                      ; - org.eclipse.swt.internal.cocoa.NSAutoreleasePool::<init>@1 (line 19)
                      ; - org.eclipse.swt.widgets.Display::addPool@5 (line 533)
                      ; - org.eclipse.swt.widgets.Display::readAndDispatch@251 (line 4010)
                      ;   {runtime_call counter_overflow Runtime1 stub}
  0x00000001129dd294: 3b70 a995 | d5fd ff17 

  0x00000001129dd29c: ; ImmutableOopMap {c_rarg0=Oop [144]=Oop [168]=Oop }
                      ;*invokevirtual init {reexecute=0 rethrow=0 return_oop=0}
                      ; - org.eclipse.swt.widgets.Display::addPool@11 (line 533)
                      ; - org.eclipse.swt.widgets.Display::readAndDispatch@251 (line 4010)
                      ;   {runtime_call throw_null_pointer_exception Runtime1 stub}
  0x00000001129dd29c: 795d a995 | e803 00aa 

  0x00000001129dd2a4: ; ImmutableOopMap {[144]=Oop [168]=Oop }
                      ;*checkcast {reexecute=0 rethrow=0 return_oop=0}
                      ; - org.eclipse.swt.widgets.Display::addPool@14 (line 533)
                      ; - org.eclipse.swt.widgets.Display::readAndDispatch@251 (line 4010)
                      ;   {runtime_call throw_class_cast_exception Runtime1 stub}
  0x00000001129dd2a4: 7766 a995 

  0x00000001129dd2a8: ;   {internal_word}
  0x00000001129dd2a8: 88cf ff10 | 8833 02f9 

  0x00000001129dd2b0: ;   {runtime_call SafepointBlob}
  0x00000001129dd2b0: 94f5 a515 

  0x00000001129dd2b4: ;   {metadata({method} {0x0000000126672350} 'addPool' '()V' in 'org/eclipse/swt/widgets/Display')}
  0x00000001129dd2b4: 086a 84d2 | e8cc a4f2 | 2800 c0f2 | e807 00f9 | 0800 8092 | e803 00f9 

  0x00000001129dd2cc: ; ImmutableOopMap {[144]=Oop [192]=Oop }
                      ;*synchronization entry
                      ; - org.eclipse.swt.widgets.Display::addPool@-1 (line 533)
                      ; - org.eclipse.swt.widgets.Display::readAndDispatch@207 (line 4010)
                      ;   {runtime_call counter_overflow Runtime1 stub}
  0x00000001129dd2cc: 2d70 a995 | 8bfe ff17 

  0x00000001129dd2d4: ; ImmutableOopMap {[144]=Oop [192]=Oop }
                      ;*new {reexecute=0 rethrow=0 return_oop=0}
                      ; - org.eclipse.swt.widgets.Display::addPool@1 (line 533)
                      ; - org.eclipse.swt.widgets.Display::readAndDispatch@207 (line 4010)
                      ;   {runtime_call fast_new_instance Runtime1 stub}
  0x00000001129dd2d4: ab5f a995 | 99fe ff17 

  0x00000001129dd2dc: ;   {metadata({method} {0x0000000126b6fa30} '<init>' '()V' in 'org/eclipse/swt/internal/cocoa/NSAutoreleasePool')}
  0x00000001129dd2dc: 0846 9fd2 | c8d6 a4f2 | 2800 c0f2 | e807 00f9 | 0800 8092 | e803 00f9 

  0x00000001129dd2f4: ; ImmutableOopMap {c_rarg0=Oop [144]=Oop [192]=Oop }
                      ;*synchronization entry
                      ; - org.eclipse.swt.internal.cocoa.NSAutoreleasePool::<init>@-1 (line 19)
                      ; - org.eclipse.swt.widgets.Display::addPool@5 (line 533)
                      ; - org.eclipse.swt.widgets.Display::readAndDispatch@207 (line 4010)
                      ;   {runtime_call counter_overflow Runtime1 stub}
  0x00000001129dd2f4: 2370 a995 | a1fe ff17 

  0x00000001129dd2fc: ;   {metadata({method} {0x0000000126ab77f8} '<init>' '()V' in 'org/eclipse/swt/internal/cocoa/NSObject')}
  0x00000001129dd2fc: 08ff 8ed2 | 68d5 a4f2 | 2800 c0f2 | e807 00f9 | 0800 8092 | e803 00f9 

  0x00000001129dd314: ; ImmutableOopMap {c_rarg0=Oop [144]=Oop [192]=Oop }
                      ;*synchronization entry
                      ; - org.eclipse.swt.internal.cocoa.NSObject::<init>@-1 (line 19)
                      ; - org.eclipse.swt.internal.cocoa.NSAutoreleasePool::<init>@1 (line 19)
                      ; - org.eclipse.swt.widgets.Display::addPool@5 (line 533)
                      ; - org.eclipse.swt.widgets.Display::readAndDispatch@207 (line 4010)
                      ;   {runtime_call counter_overflow Runtime1 stub}
  0x00000001129dd314: 1b70 a995 | a9fe ff17 

  0x00000001129dd31c: ;   {metadata({method} {0x000000012665eb30} '<init>' '()V' in 'org/eclipse/swt/internal/cocoa/id')}
  0x00000001129dd31c: 0866 9dd2 | a8cc a4f2 | 2800 c0f2 | e807 00f9 | 0800 8092 | e803 00f9 

  0x00000001129dd334: ; ImmutableOopMap {c_rarg0=Oop [144]=Oop [192]=Oop }
                      ;*synchronization entry
                      ; - org.eclipse.swt.internal.cocoa.id::<init>@-1 (line 23)
                      ; - org.eclipse.swt.internal.cocoa.NSObject::<init>@1 (line 19)
                      ; - org.eclipse.swt.internal.cocoa.NSAutoreleasePool::<init>@1 (line 19)
                      ; - org.eclipse.swt.widgets.Display::addPool@5 (line 533)
                      ; - org.eclipse.swt.widgets.Display::readAndDispatch@207 (line 4010)
                      ;   {runtime_call counter_overflow Runtime1 stub}
  0x00000001129dd334: 1370 a995 | b1fe ff17 

  0x00000001129dd33c: ;   {metadata({method} {0x0000007000475638} '<init>' '()V' in 'java/lang/Object')}
  0x00000001129dd33c: 08c7 8ad2 | e808 a0f2 | 080e c0f2 | e807 00f9 | 0800 8092 | e803 00f9 

  0x00000001129dd354: ; ImmutableOopMap {c_rarg0=Oop [144]=Oop [192]=Oop }
                      ;*synchronization entry
                      ; - java.lang.Object::<init>@-1 (line 45)
                      ; - org.eclipse.swt.internal.cocoa.id::<init>@1 (line 23)
                      ; - org.eclipse.swt.internal.cocoa.NSObject::<init>@1 (line 19)
                      ; - org.eclipse.swt.internal.cocoa.NSAutoreleasePool::<init>@1 (line 19)
                      ; - org.eclipse.swt.widgets.Display::addPool@5 (line 533)
                      ; - org.eclipse.swt.widgets.Display::readAndDispatch@207 (line 4010)
                      ;   {runtime_call counter_overflow Runtime1 stub}
  0x00000001129dd354: 0b70 a995 | b9fe ff17 

  0x00000001129dd35c: ; ImmutableOopMap {c_rarg0=Oop [144]=Oop [192]=Oop }
                      ;*invokevirtual init {reexecute=0 rethrow=0 return_oop=0}
                      ; - org.eclipse.swt.widgets.Display::addPool@11 (line 533)
                      ; - org.eclipse.swt.widgets.Display::readAndDispatch@207 (line 4010)
                      ;   {runtime_call throw_null_pointer_exception Runtime1 stub}
  0x00000001129dd35c: 495d a995 | e803 00aa 

  0x00000001129dd364: ; ImmutableOopMap {[144]=Oop [192]=Oop }
                      ;*checkcast {reexecute=0 rethrow=0 return_oop=0}
                      ; - org.eclipse.swt.widgets.Display::addPool@14 (line 533)
                      ; - org.eclipse.swt.widgets.Display::readAndDispatch@207 (line 4010)
                      ;   {runtime_call throw_class_cast_exception Runtime1 stub}
  0x00000001129dd364: 4766 a995 | ffcb 00b9 | ecfc ff17 | e89b 40b9 | e8cb 00b9 | e9fc ff17 | e89f 40b9 | e8cb 00b9 
  0x00000001129dd384: e6fc ff17 | e8a3 40b9 | e8cb 00b9 | e3fc ff17 | e8a7 40b9 | e8cb 00b9 | e0fc ff17 | e803 0032 
  0x00000001129dd3a4: e8cb 00b9 | ddfc ff17 | e8b3 40b9 | e8cb 00b9 | dafc ff17 | e8b7 40b9 | e8cb 00b9 | d7fc ff17 
  0x00000001129dd3c4: e8bb 40b9 | e8cb 00b9 | d4fc ff17 | e0cb 00b9 | d2fc ff17 | e803 0032 | e8cb 00b9 | cffc ff17 
  0x00000001129dd3e4: e8bb 40b9 | e8cb 00b9 | ccfc ff17 | 807f 42f9 | 9f7f 02f9 | 9f83 02f9 | fd7b 4ea9 | ffc3 0391 
  0x00000001129dd404: ;   {runtime_call unwind_exception Runtime1 stub}
  0x00000001129dd404: 5f59 a915 
[Stub Code]
  0x00000001129dd408: ;   {no_reloc}
  0x00000001129dd408: df3f 03d5 

  0x00000001129dd40c: ;   {metadata(nullptr)}
  0x00000001129dd40c: 0c00 80d2 | 0c00 a0f2 | 0c00 c0f2 | 0800 80d2 | 0800 a0f2 | 0800 c0f2 | 0001 1fd6 

  0x00000001129dd428: ;   {trampoline_stub}
  0x00000001129dd428: 4800 0058 | 0001 1fd6 | 903e d119 | 0100 0000 

  0x00000001129dd438: ;   {trampoline_stub}
  0x00000001129dd438: 4800 0058 | 0001 1fd6 | 8047 3519 | 0100 0000 

  0x00000001129dd448: ;   {static_stub}
  0x00000001129dd448: df3f 03d5 

  0x00000001129dd44c: ;   {metadata(nullptr)}
  0x00000001129dd44c: 0c00 80d2 | 0c00 a0f2 | 0c00 c0f2 | 0800 80d2 | 0800 a0f2 | 0800 c0f2 | 0001 1fd6 

  0x00000001129dd468: ;   {trampoline_stub}
  0x00000001129dd468: 4800 0058 | 0001 1fd6 | 8041 3519 | 0100 0000 

  0x00000001129dd478: ;   {static_stub}
  0x00000001129dd478: df3f 03d5 

  0x00000001129dd47c: ;   {metadata(nullptr)}
  0x00000001129dd47c: 0c00 80d2 | 0c00 a0f2 | 0c00 c0f2 | 0800 80d2 | 0800 a0f2 | 0800 c0f2 | 0001 1fd6 

  0x00000001129dd498: ;   {trampoline_stub}
  0x00000001129dd498: 4800 0058 | 0001 1fd6 | 900c f319 | 0100 0000 

  0x00000001129dd4a8: ;   {static_stub}
  0x00000001129dd4a8: df3f 03d5 

  0x00000001129dd4ac: ;   {metadata(nullptr)}
  0x00000001129dd4ac: 0c00 80d2 | 0c00 a0f2 | 0c00 c0f2 | 0800 80d2 | 0800 a0f2 | 0800 c0f2 | 0001 1fd6 

  0x00000001129dd4c8: ;   {trampoline_stub}
  0x00000001129dd4c8: 4800 0058 | 0001 1fd6 | d08d 9219 | 0100 0000 

  0x00000001129dd4d8: ;   {static_stub}
  0x00000001129dd4d8: df3f 03d5 

  0x00000001129dd4dc: ;   {metadata(nullptr)}
  0x00000001129dd4dc: 0c00 80d2 | 0c00 a0f2 | 0c00 c0f2 | 0800 80d2 | 0800 a0f2 | 0800 c0f2 | 0001 1fd6 

  0x00000001129dd4f8: ;   {trampoline_stub}
  0x00000001129dd4f8: 4800 0058 | 0001 1fd6 | 50ae d419 | 0100 0000 

  0x00000001129dd508: ;   {static_stub}
  0x00000001129dd508: df3f 03d5 

  0x00000001129dd50c: ;   {metadata(nullptr)}
  0x00000001129dd50c: 0c00 80d2 | 0c00 a0f2 | 0c00 c0f2 | 0800 80d2 | 0800 a0f2 | 0800 c0f2 | 0001 1fd6 

  0x00000001129dd528: ;   {trampoline_stub}
  0x00000001129dd528: 4800 0058 | 0001 1fd6 | 5033 f819 | 0100 0000 

  0x00000001129dd538: ;   {static_stub}
  0x00000001129dd538: df3f 03d5 

  0x00000001129dd53c: ;   {metadata(nullptr)}
  0x00000001129dd53c: 0c00 80d2 | 0c00 a0f2 | 0c00 c0f2 | 0800 80d2 | 0800 a0f2 | 0800 c0f2 | 0001 1fd6 

  0x00000001129dd558: ;   {trampoline_stub}
  0x00000001129dd558: 4800 0058 | 0001 1fd6 | d01d d819 | 0100 0000 

  0x00000001129dd568: ;   {static_stub}
  0x00000001129dd568: df3f 03d5 

  0x00000001129dd56c: ;   {metadata(nullptr)}
  0x00000001129dd56c: 0c00 80d2 | 0c00 a0f2 | 0c00 c0f2 | 0800 80d2 | 0800 a0f2 | 0800 c0f2 | 0001 1fd6 

  0x00000001129dd588: ;   {trampoline_stub}
  0x00000001129dd588: 4800 0058 | 0001 1fd6 | 108e f119 | 0100 0000 

  0x00000001129dd598: ;   {static_stub}
  0x00000001129dd598: df3f 03d5 

  0x00000001129dd59c: ;   {metadata({method} {0x000000012667e008} 'runTimers' '()Z' in 'org/eclipse/swt/widgets/Display')}
  0x00000001129dd59c: 0c01 9cd2 | eccc a4f2 | 2c00 c0f2 | 886a 91d2 | a826 a3f2 | 2800 c0f2 | 0001 1fd6 

  0x00000001129dd5b8: ;   {trampoline_stub}
  0x00000001129dd5b8: 4800 0058 | 0001 1fd6 | d0cf dc19 | 0100 0000 

  0x00000001129dd5c8: ;   {static_stub}
  0x00000001129dd5c8: df3f 03d5 

  0x00000001129dd5cc: ;   {metadata(nullptr)}
  0x00000001129dd5cc: 0c00 80d2 | 0c00 a0f2 | 0c00 c0f2 | 0800 80d2 | 0800 a0f2 | 0800 c0f2 | 0001 1fd6 

  0x00000001129dd5e8: ;   {trampoline_stub}
  0x00000001129dd5e8: 4800 0058 | 0001 1fd6 | 90ad cc19 | 0100 0000 

  0x00000001129dd5f8: ;   {static_stub}
  0x00000001129dd5f8: df3f 03d5 

  0x00000001129dd5fc: ;   {metadata(nullptr)}
  0x00000001129dd5fc: 0c00 80d2 | 0c00 a0f2 | 0c00 c0f2 | 0800 80d2 | 0800 a0f2 | 0800 c0f2 | 0001 1fd6 

  0x00000001129dd618: ;   {trampoline_stub}
  0x00000001129dd618: 4800 0058 | 0001 1fd6 | 9068 051a | 0100 0000 

  0x00000001129dd628: ;   {static_stub}
  0x00000001129dd628: df3f 03d5 

  0x00000001129dd62c: ;   {metadata(nullptr)}
  0x00000001129dd62c: 0c00 80d2 | 0c00 a0f2 | 0c00 c0f2 | 0800 80d2 | 0800 a0f2 | 0800 c0f2 | 0001 1fd6 

  0x00000001129dd648: ;   {trampoline_stub}
  0x00000001129dd648: 4800 0058 | 0001 1fd6 | 5088 f119 | 0100 0000 

  0x00000001129dd658: ;   {static_stub}
  0x00000001129dd658: df3f 03d5 

  0x00000001129dd65c: ;   {metadata({method} {0x0000000126abf808} 'sendEvent' '(Lorg/eclipse/swt/internal/cocoa/NSEvent;)V' in 'org/eclipse/swt/internal/cocoa/NSApplication')}
  0x00000001129dd65c: 0c01 9fd2 | 6cd5 a4f2 | 2c00 c0f2 | 88ba 92d2 | a826 a3f2 | 2800 c0f2 | 0001 1fd6 

  0x00000001129dd678: ;   {trampoline_stub}
  0x00000001129dd678: 4800 0058 | 0001 1fd6 | 8049 8d13 | 0100 0000 

  0x00000001129dd688: ;   {static_stub}
  0x00000001129dd688: df3f 03d5 

  0x00000001129dd68c: ;   {metadata({method} {0x000000012667d618} 'runPaint' '()Z' in 'org/eclipse/swt/widgets/Display')}
  0x00000001129dd68c: 0cc3 9ad2 | eccc a4f2 | 2c00 c0f2 | 886a 91d2 | a826 a3f2 | 2800 c0f2 | 0001 1fd6 

  0x00000001129dd6a8: ;   {trampoline_stub}
  0x00000001129dd6a8: 4800 0058 | 0001 1fd6 | 100f d619 | 0100 0000 

  0x00000001129dd6b8: ;   {static_stub}
  0x00000001129dd6b8: df3f 03d5 

  0x00000001129dd6bc: ;   {metadata(nullptr)}
  0x00000001129dd6bc: 0c00 80d2 | 0c00 a0f2 | 0c00 c0f2 | 0800 80d2 | 0800 a0f2 | 0800 c0f2 | 0001 1fd6 

  0x00000001129dd6d8: ;   {trampoline_stub}
  0x00000001129dd6d8: 4800 0058 | 0001 1fd6 | 90bc 8d19 | 0100 0000 

  0x00000001129dd6e8: ;   {static_stub}
  0x00000001129dd6e8: df3f 03d5 

  0x00000001129dd6ec: ;   {metadata(nullptr)}
  0x00000001129dd6ec: 0c00 80d2 | 0c00 a0f2 | 0c00 c0f2 | 0800 80d2 | 0800 a0f2 | 0800 c0f2 | 0001 1fd6 

  0x00000001129dd708: ;   {trampoline_stub}
  0x00000001129dd708: 4800 0058 | 0001 1fd6 | 9085 a819 | 0100 0000 

  0x00000001129dd718: ;   {static_stub}
  0x00000001129dd718: df3f 03d5 

  0x00000001129dd71c: ;   {metadata(nullptr)}
  0x00000001129dd71c: 0c00 80d2 | 0c00 a0f2 | 0c00 c0f2 | 0800 80d2 | 0800 a0f2 | 0800 c0f2 | 0001 1fd6 

  0x00000001129dd738: ;   {trampoline_stub}
  0x00000001129dd738: 4800 0058 | 0001 1fd6 | 90a2 d419 | 0100 0000 

  0x00000001129dd748: ;   {trampoline_stub}
  0x00000001129dd748: 4800 0058 | 0001 1fd6 | 8047 3519 | 0100 0000 

  0x00000001129dd758: ;   {static_stub}
  0x00000001129dd758: df3f 03d5 

  0x00000001129dd75c: ;   {metadata(nullptr)}
  0x00000001129dd75c: 0c00 80d2 | 0c00 a0f2 | 0c00 c0f2 | 0800 80d2 | 0800 a0f2 | 0800 c0f2 | 0001 1fd6 

  0x00000001129dd778: ;   {trampoline_stub}
  0x00000001129dd778: 4800 0058 | 0001 1fd6 | 8041 3519 | 0100 0000 

  0x00000001129dd788: ;   {trampoline_stub}
  0x00000001129dd788: 4800 0058 | 0001 1fd6 | 8047 3519 | 0100 0000 

  0x00000001129dd798: ;   {static_stub}
  0x00000001129dd798: df3f 03d5 

  0x00000001129dd79c: ;   {metadata(nullptr)}
  0x00000001129dd79c: 0c00 80d2 | 0c00 a0f2 | 0c00 c0f2 | 0800 80d2 | 0800 a0f2 | 0800 c0f2 | 0001 1fd6 

  0x00000001129dd7b8: ;   {trampoline_stub}
  0x00000001129dd7b8: 4800 0058 | 0001 1fd6 | 8041 3519 | 0100 0000 

  0x00000001129dd7c8: ;   {static_stub}
  0x00000001129dd7c8: df3f 03d5 

  0x00000001129dd7cc: ;   {metadata(nullptr)}
  0x00000001129dd7cc: 0c00 80d2 | 0c00 a0f2 | 0c00 c0f2 | 0800 80d2 | 0800 a0f2 | 0800 c0f2 | 0001 1fd6 

  0x00000001129dd7e8: ;   {trampoline_stub}
  0x00000001129dd7e8: 4800 0058 | 0001 1fd6 | 8041 3519 | 0100 0000 

  0x00000001129dd7f8: ;   {static_stub}
  0x00000001129dd7f8: df3f 03d5 

  0x00000001129dd7fc: ;   {metadata(nullptr)}
  0x00000001129dd7fc: 0c00 80d2 | 0c00 a0f2 | 0c00 c0f2 | 0800 80d2 | 0800 a0f2 | 0800 c0f2 | 0001 1fd6 

  0x00000001129dd818: ;   {trampoline_stub}
  0x00000001129dd818: 4800 0058 | 0001 1fd6 | 8041 3519 | 0100 0000 

  0x00000001129dd828: ;   {static_stub}
  0x00000001129dd828: df3f 03d5 

  0x00000001129dd82c: ;   {metadata(nullptr)}
  0x00000001129dd82c: 0c00 80d2 | 0c00 a0f2 | 0c00 c0f2 | 0800 80d2 | 0800 a0f2 | 0800 c0f2 | 0001 1fd6 

  0x00000001129dd848: ;   {trampoline_stub}
  0x00000001129dd848: 4800 0058 | 0001 1fd6 | 8041 3519 | 0100 0000 

  0x00000001129dd858: ;   {static_stub}
  0x00000001129dd858: df3f 03d5 

  0x00000001129dd85c: ;   {metadata(nullptr)}
  0x00000001129dd85c: 0c00 80d2 | 0c00 a0f2 | 0c00 c0f2 | 0800 80d2 | 0800 a0f2 | 0800 c0f2 | 0001 1fd6 

  0x00000001129dd878: ;   {trampoline_stub}
  0x00000001129dd878: 4800 0058 | 0001 1fd6 | 8041 3519 | 0100 0000 

  0x00000001129dd888: ;   {static_stub}
  0x00000001129dd888: df3f 03d5 

  0x00000001129dd88c: ;   {metadata(nullptr)}
  0x00000001129dd88c: 0c00 80d2 | 0c00 a0f2 | 0c00 c0f2 | 0800 80d2 | 0800 a0f2 | 0800 c0f2 | 0001 1fd6 

  0x00000001129dd8a8: ;   {trampoline_stub}
  0x00000001129dd8a8: 4800 0058 | 0001 1fd6 | 8041 3519 | 0100 0000 

  0x00000001129dd8b8: ;   {static_stub}
  0x00000001129dd8b8: df3f 03d5 

  0x00000001129dd8bc: ;   {metadata(nullptr)}
  0x00000001129dd8bc: 0c00 80d2 | 0c00 a0f2 | 0c00 c0f2 | 0800 80d2 | 0800 a0f2 | 0800 c0f2 | 0001 1fd6 
[Exception Handler]
  0x00000001129dd8d8: ;   {runtime_call handle_exception_from_callee Runtime1 stub}
  0x00000001129dd8d8: 6a63 a995 | c1d5 bbd4 | ec96 1709 | 0100 0000 
[Deopt Handler Code]
  0x00000001129dd8e8: 1e00 0010 

  0x00000001129dd8ec: ;   {runtime_call DeoptimizationBlob}
  0x00000001129dd8ec: d5f4 a515 
[/MachCode]


---------------  P R O C E S S  ---------------

Threads class SMR info:
_java_thread_list=0x0000000b31e7a580, length=54, elements={
0x00000001030bddf0, 0x00000001030d4e80, 0x0000000b2cd14000, 0x0000000b2cd14700,
0x0000000b2cd14e00, 0x0000000b2cd15500, 0x0000000b2d141000, 0x0000000b2d141800,
0x0000000b2cd15c00, 0x0000000b2cd16300, 0x0000000b2cd16a00, 0x0000000b2cd17100,
0x0000000b2c4d4700, 0x0000000b2cefc700, 0x0000000b2a244e00, 0x0000000b2a2fdc00,
0x0000000b29860000, 0x0000000b29860e00, 0x0000000b29955c00, 0x0000000b27a12300,
0x0000000b27baea00, 0x0000000b27bfce00, 0x0000000b272b8700, 0x0000000b2671ce00,
0x0000000b2a429c00, 0x0000000b29954700, 0x0000000b2cefd500, 0x0000000b2614e300,
0x0000000b2614f100, 0x0000000b2624f100, 0x0000000b28c20700, 0x0000000b259b8700,
0x0000000b259b9500, 0x0000000b25368700, 0x0000000b26104700, 0x0000000b248f8e00,
0x0000000b27a5d500, 0x0000000b24974700, 0x0000000b24974e00, 0x0000000b27292300,
0x0000000b274a4700, 0x0000000b23c34e00, 0x0000000b23cbc700, 0x0000000b23d78e00,
0x0000000b23ce0e00, 0x0000000b23de8e00, 0x0000000b24260e00, 0x0000000b2c6f8000,
0x0000000b2c6f8e00, 0x0000000b2c6f9500, 0x0000000b23818700, 0x0000000b23818e00,
0x0000000b23819c00, 0x0000000b2381a300
}

Java Threads: ( => current thread )
=>0x00000001030bddf0 JavaThread "main"                              [_thread_in_native, id=259, stack(0x000000016cd54000,0x000000016d550000) (8176K)]
  0x00000001030d4e80 JavaThread "Reference Handler"          daemon [_thread_blocked, id=30211, stack(0x000000016e54c000,0x000000016e74f000) (2060K)]
  0x0000000b2cd14000 JavaThread "Finalizer"                  daemon [_thread_blocked, id=24579, stack(0x000000016e758000,0x000000016e95b000) (2060K)]
  0x0000000b2cd14700 JavaThread "Signal Dispatcher"          daemon [_thread_blocked, id=25091, stack(0x000000016e964000,0x000000016eb67000) (2060K)]
  0x0000000b2cd14e00 JavaThread "Service Thread"             daemon [_thread_blocked, id=25603, stack(0x000000016eb70000,0x000000016ed73000) (2060K)]
  0x0000000b2cd15500 JavaThread "Monitor Deflation Thread"   daemon [_thread_blocked, id=29699, stack(0x000000016ed7c000,0x000000016ef7f000) (2060K)]
  0x0000000b2d141000 JavaThread "C2 CompilerThread0"         daemon [_thread_blocked, id=29187, stack(0x000000016ef88000,0x000000016f18b000) (2060K)]
  0x0000000b2d141800 JavaThread "C1 CompilerThread0"         daemon [_thread_blocked, id=26115, stack(0x000000016f194000,0x000000016f397000) (2060K)]
  0x0000000b2cd15c00 JavaThread "Common-Cleaner"             daemon [_thread_blocked, id=28675, stack(0x000000016f3a0000,0x000000016f5a3000) (2060K)]
  0x0000000b2cd16300 JavaThread "JDWP Transport Listener: dt_socket" daemon [_thread_blocked, id=28163, stack(0x000000016f5ac000,0x000000016f7af000) (2060K)]
  0x0000000b2cd16a00 JavaThread "JDWP Event Helper Thread"   daemon [_thread_blocked, id=27907, stack(0x000000016f7b8000,0x000000016f9bb000) (2060K)]
  0x0000000b2cd17100 JavaThread "JDWP Command Reader"        daemon [_thread_in_native, id=27395, stack(0x000000016f9c4000,0x000000016fbc7000) (2060K)]
  0x0000000b2c4d4700 JavaThread "IntelliJ Suspend Helper"    daemon [_thread_blocked, id=26883, stack(0x000000016fbd0000,0x000000016fdd3000) (2060K)]
  0x0000000b2cefc700 JavaThread "Notification Thread"        daemon [_thread_blocked, id=32771, stack(0x000000016fddc000,0x000000016ffdf000) (2060K)]
  0x0000000b2a244e00 JavaThread "Active Thread: Equinox Container: 273b6a5b-155c-4b5f-9c3d-e6d7a4de593c"        [_thread_blocked, id=40707, stack(0x0000000171048000,0x000000017124b000) (2060K)]
  0x0000000b2a2fdc00 JavaThread "Framework Event Dispatcher: Equinox Container: 273b6a5b-155c-4b5f-9c3d-e6d7a4de593c" daemon [_thread_blocked, id=34819, stack(0x0000000171254000,0x0000000171457000) (2060K)]
  0x0000000b29860000 JavaThread "Start Level: Equinox Container: 273b6a5b-155c-4b5f-9c3d-e6d7a4de593c" daemon [_thread_blocked, id=35075, stack(0x0000000171460000,0x0000000171663000) (2060K)]
  0x0000000b29860e00 JavaThread "SCR Component Actor"        daemon [_thread_blocked, id=35587, stack(0x000000017166c000,0x000000017186f000) (2060K)]
  0x0000000b29955c00 JavaThread "Bundle File Closer"         daemon [_thread_blocked, id=36355, stack(0x0000000171a84000,0x0000000171c87000) (2060K)]
  0x0000000b27a12300 JavaThread "EMF Reference Cleaner"      daemon [_thread_blocked, id=37123, stack(0x00000001722b4000,0x00000001724b7000) (2060K)]
  0x0000000b27baea00 JavaThread "Worker-JM"                         [_thread_blocked, id=38403, stack(0x00000001724c0000,0x00000001726c3000) (2060K)]
  0x0000000b27bfce00 JavaThread "Gogo shell"                        [_thread_blocked, id=37635, stack(0x00000001726cc000,0x00000001728cf000) (2060K)]
  0x0000000b272b8700 JavaThread "Worker-0"                          [_thread_blocked, id=39439, stack(0x0000000171c90000,0x0000000171e93000) (2060K)]
  0x0000000b2671ce00 JavaThread "Worker-1"                          [_thread_blocked, id=84995, stack(0x0000000172964000,0x0000000172b67000) (2060K)]
  0x0000000b2a429c00 JavaThread "Git Repository Closer"      daemon [_thread_blocked, id=84483, stack(0x0000000172b70000,0x0000000172d73000) (2060K)]
  0x0000000b29954700 JavaThread "Database navigator events processor"        [_thread_blocked, id=84227, stack(0x0000000172d7c000,0x0000000172f7f000) (2060K)]
  0x0000000b2cefd500 JavaThread "Worker-3"                          [_thread_blocked, id=83715, stack(0x0000000172f88000,0x000000017318b000) (2060K)]
  0x0000000b2614e300 JavaThread "idle-timeout-task"          daemon [_thread_blocked, id=68611, stack(0x00000001735ac000,0x00000001737af000) (2060K)]
  0x0000000b2614f100 JavaThread "HTTP-Dispatcher"                   [_thread_in_native, id=82435, stack(0x00000001737b8000,0x00000001739bb000) (2060K)]
  0x0000000b2624f100 JavaThread "Worker-4"                          [_thread_blocked, id=68867, stack(0x00000001739c4000,0x0000000173bc7000) (2060K)]
  0x0000000b28c20700 JavaThread "SWTResourceTracker"         daemon [_thread_blocked, id=68371, stack(0x0000000173194000,0x0000000173397000) (2060K)]
  0x0000000b259b8700 JavaThread "Java2D Queue Flusher"       daemon [_thread_blocked, id=70731, stack(0x0000000173bd0000,0x0000000173dd3000) (2060K)]
  0x0000000b259b9500 JavaThread "Java2D Disposer"            daemon [_thread_blocked, id=81155, stack(0x0000000173ddc000,0x0000000173fdf000) (2060K)]
  0x0000000b25368700 JavaThread "MVStore background writer /Users/labanovichttps/Library/DBeaverData/workspace6/.metadata/qmdb/qmdb_v2.mv.db" daemon [_thread_blocked, id=87555, stack(0x0000000174074000,0x0000000174277000) (2060K)]
  0x0000000b26104700 JavaThread "EventAdmin Async Event Dispatcher Thread" daemon [_thread_blocked, id=91919, stack(0x0000000329ddc000,0x0000000329fdf000) (2060K)]
  0x0000000b248f8e00 JavaThread "H2-serialization"           daemon [_thread_blocked, id=91667, stack(0x0000000329fe8000,0x000000032a1eb000) (2060K)]
  0x0000000b27a5d500 JavaThread "H2-save"                    daemon [_thread_blocked, id=92419, stack(0x000000032a1f4000,0x000000032a3f7000) (2060K)]
  0x0000000b24974700 JavaThread "pool-4-thread-1"                   [_thread_blocked, id=92931, stack(0x000000032a438000,0x000000032a63b000) (2060K)]
  0x0000000b24974e00 JavaThread "pool-5-thread-1"                   [_thread_blocked, id=127491, stack(0x000000032a644000,0x000000032a847000) (2060K)]
  0x0000000b27292300 JavaThread "OkHttp TaskRunner"          daemon [_thread_blocked, id=39203, stack(0x0000000171e9c000,0x000000017209f000) (2060K)]
  0x0000000b274a4700 JavaThread "Timer-0"                    daemon [_thread_blocked, id=115471, stack(0x000000033d0ac000,0x000000033d2af000) (2060K)]
  0x0000000b23c34e00 JavaThread "sshj-Reader-db1.dev.dbeaver.infra/10.135.0.32:22-1763562661065" daemon [_thread_in_native, id=103475, stack(0x000000032af38000,0x000000032b13b000) (2060K)]
  0x0000000b23cbc700 JavaThread "Port forwarder listener (*****:15315 <- l*****t:1521)"        [_thread_in_native, id=114471, stack(0x000000032b144000,0x000000032b347000) (2060K)]
  0x0000000b23d78e00 JavaThread "oracle.jdbc.diagnostics.Diagnostic.CLOCK" daemon [_thread_blocked, id=97039, stack(0x000000032b5bc000,0x000000032b7bf000) (2060K)]
  0x0000000b23ce0e00 JavaThread "oracle.jdbc.driver.BlockSource.ThreadedCachingBlockSource.BlockReleaser" daemon [_thread_blocked, id=96271, stack(0x000000032c324000,0x000000032c527000) (2060K)]
  0x0000000b23de8e00 JavaThread "InterruptTimer"             daemon [_thread_blocked, id=89923, stack(0x000000032c8d0000,0x000000032cad3000) (2060K)]
  0x0000000b24260e00 JavaThread "Worker-5"                          [_thread_blocked, id=124659, stack(0x000000032cadc000,0x000000032ccdf000) (2060K)]
  0x0000000b2c6f8000 JavaThread "soc2chan"                   daemon [_thread_in_native, id=117799, stack(0x000000032cce8000,0x000000032ceeb000) (2060K)]
  0x0000000b2c6f8e00 JavaThread "chan2soc"                   daemon [_thread_blocked, id=116755, stack(0x0000000336090000,0x0000000336293000) (2060K)]
  0x0000000b2c6f9500 JavaThread "sockmon"                    daemon [_thread_blocked, id=127763, stack(0x000000033629c000,0x000000033649f000) (2060K)]
  0x0000000b23818700 JavaThread "soc2chan"                   daemon [_thread_in_native, id=115067, stack(0x000000033acb8000,0x000000033aebb000) (2060K)]
  0x0000000b23818e00 JavaThread "chan2soc"                   daemon [_thread_blocked, id=105231, stack(0x000000033b318000,0x000000033b51b000) (2060K)]
  0x0000000b23819c00 JavaThread "sockmon"                    daemon [_thread_blocked, id=104715, stack(0x000000033b708000,0x000000033b90b000) (2060K)]
  0x0000000b2381a300 JavaThread "Worker-6"                          [_thread_blocked, id=104275, stack(0x000000033b914000,0x000000033bb17000) (2060K)]
Total: 54

Other Threads:
  0x0000000b2c406400 VMThread "VM Thread"                           [id=17411, stack(0x000000016e228000,0x000000016e42b000) (2060K)]
  0x00000001030cd9e0 WatcherThread "VM Periodic Task Thread"        [id=16643, stack(0x000000016e01c000,0x000000016e21f000) (2060K)]
  0x00000001030c6ab0 WorkerThread "GC Thread#0"                     [id=14851, stack(0x000000016d5e0000,0x000000016d7e3000) (2060K)]
  0x0000000b2af63800 WorkerThread "GC Thread#1"                     [id=33287, stack(0x000000016ffe8000,0x00000001701eb000) (2060K)]
  0x0000000b2ae0b800 WorkerThread "GC Thread#2"                     [id=33035, stack(0x00000001701f4000,0x00000001703f7000) (2060K)]
  0x0000000b2a44c000 WorkerThread "GC Thread#3"                     [id=42499, stack(0x0000000170400000,0x0000000170603000) (2060K)]
  0x0000000b2a44c400 WorkerThread "GC Thread#4"                     [id=42243, stack(0x000000017060c000,0x000000017080f000) (2060K)]
  0x0000000b2a44c800 WorkerThread "GC Thread#5"                     [id=41731, stack(0x0000000170818000,0x0000000170a1b000) (2060K)]
  0x0000000b2a44cc00 WorkerThread "GC Thread#6"                     [id=41475, stack(0x0000000170a24000,0x0000000170c27000) (2060K)]
  0x0000000b2a44d000 WorkerThread "GC Thread#7"                     [id=34307, stack(0x0000000170c30000,0x0000000170e33000) (2060K)]
  0x0000000b2a44d800 WorkerThread "GC Thread#8"                     [id=34563, stack(0x0000000170e3c000,0x000000017103f000) (2060K)]
  0x00000001030c76d0 ConcurrentGCThread "G1 Main Marker"            [id=12291, stack(0x000000016d7ec000,0x000000016d9ef000) (2060K)]
  0x0000000b2c404000 WorkerThread "G1 Conc#0"                       [id=14339, stack(0x000000016d9f8000,0x000000016dbfb000) (2060K)]
  0x0000000b27a16400 WorkerThread "G1 Conc#1"                       [id=36611, stack(0x00000001720a8000,0x00000001722ab000) (2060K)]
  0x0000000b2c404800 ConcurrentGCThread "G1 Refine#0"               [id=13571, stack(0x000000016dc04000,0x000000016de07000) (2060K)]
  0x0000000b2c405000 ConcurrentGCThread "G1 Service"                [id=14083, stack(0x000000016de10000,0x000000016e013000) (2060K)]
Total: 16

Threads with active compile tasks:
Total: 0

VM state: not at safepoint (normal execution)

VM Mutex/Monitor currently owned by a thread: None

Heap address: 0x0000000780000000, size: 2048 MB, Compressed Oops mode: Zero based, Oop shift amount: 3

CDS archive(s) mapped at: [0x0000007000000000-0x0000007000c9c000-0x0000007000c9c000), size 13221888, SharedBaseAddress: 0x0000007000000000, ArchiveRelocationMode: 1.
Compressed class space mapped at: 0x0000007001000000-0x0000007041000000, reserved size: 1073741824
Narrow klass base: 0x0000007000000000, Narrow klass shift: 0, Narrow klass range: 0x100000000

GC Precious Log:
 CardTable entry size: 512
 Card Set container configuration: InlinePtr #cards 5 size 8 Array Of Cards #cards 12 size 40 Howl #buckets 4 coarsen threshold 1843 Howl Bitmap #cards 512 size 80 coarsen threshold 460 Card regions per heap region 1 cards per card region 2048
 CPUs: 10 total, 10 available
 Memory: 16384M
 Large Page Support: Disabled
 NUMA Support: Disabled
 Compressed Oops: Enabled (Zero based)
 Heap Region Size: 1M
 Heap Min Capacity: 128M
 Heap Initial Capacity: 128M
 Heap Max Capacity: 2G
 Pre-touch: Disabled
 Parallel Workers: 9
 Concurrent Workers: 2
 Concurrent Refinement Workers: 9
 Periodic GC: Disabled

Heap:
 garbage-first heap   total 280576K, used 144185K [0x0000000780000000, 0x0000000800000000)
  region size 1024K, 56 young (57344K), 9 survivors (9216K)
 Metaspace       used 113176K, committed 115776K, reserved 1179648K
  class space    used 12866K, committed 14016K, reserved 1048576K

Heap Regions: E=young(eden), S=young(survivor), O=old, HS=humongous(starts), HC=humongous(continues), CS=collection set, F=free, TAMS=top-at-mark-start, PB=parsable bottom
|   0|0x0000000780000000, 0x0000000780100000, 0x0000000780100000|100%| O|  |TAMS 0x0000000780000000| PB 0x0000000780000000| Untracked 
|   1|0x0000000780100000, 0x0000000780200000, 0x0000000780200000|100%| O|  |TAMS 0x0000000780100000| PB 0x0000000780100000| Untracked 
|   2|0x0000000780200000, 0x0000000780300000, 0x0000000780300000|100%| O|  |TAMS 0x0000000780200000| PB 0x0000000780200000| Untracked 
|   3|0x0000000780300000, 0x0000000780400000, 0x0000000780400000|100%| O|  |TAMS 0x0000000780300000| PB 0x0000000780300000| Untracked 
|   4|0x0000000780400000, 0x0000000780500000, 0x0000000780500000|100%| O|  |TAMS 0x0000000780400000| PB 0x0000000780400000| Untracked 
|   5|0x0000000780500000, 0x0000000780600000, 0x0000000780600000|100%| O|  |TAMS 0x0000000780500000| PB 0x0000000780500000| Untracked 
|   6|0x0000000780600000, 0x0000000780700000, 0x0000000780700000|100%| O|  |TAMS 0x0000000780600000| PB 0x0000000780600000| Untracked 
|   7|0x0000000780700000, 0x0000000780800000, 0x0000000780800000|100%| O|  |TAMS 0x0000000780700000| PB 0x0000000780700000| Untracked 
|   8|0x0000000780800000, 0x0000000780900000, 0x0000000780900000|100%| O|  |TAMS 0x0000000780800000| PB 0x0000000780800000| Untracked 
|   9|0x0000000780900000, 0x0000000780a00000, 0x0000000780a00000|100%| O|  |TAMS 0x0000000780900000| PB 0x0000000780900000| Untracked 
|  10|0x0000000780a00000, 0x0000000780b00000, 0x0000000780b00000|100%| O|  |TAMS 0x0000000780a00000| PB 0x0000000780a00000| Untracked 
|  11|0x0000000780b00000, 0x0000000780c00000, 0x0000000780c00000|100%| O|  |TAMS 0x0000000780b00000| PB 0x0000000780b00000| Untracked 
|  12|0x0000000780c00000, 0x0000000780d00000, 0x0000000780d00000|100%| O|  |TAMS 0x0000000780c00000| PB 0x0000000780c00000| Untracked 
|  13|0x0000000780d00000, 0x0000000780e00000, 0x0000000780e00000|100%| O|  |TAMS 0x0000000780d00000| PB 0x0000000780d00000| Untracked 
|  14|0x0000000780e00000, 0x0000000780f00000, 0x0000000780f00000|100%| O|  |TAMS 0x0000000780e00000| PB 0x0000000780e00000| Untracked 
|  15|0x0000000780f00000, 0x0000000781000000, 0x0000000781000000|100%| O|  |TAMS 0x0000000780f00000| PB 0x0000000780f00000| Untracked 
|  16|0x0000000781000000, 0x0000000781100000, 0x0000000781100000|100%| O|  |TAMS 0x0000000781000000| PB 0x0000000781000000| Untracked 
|  17|0x0000000781100000, 0x0000000781200000, 0x0000000781200000|100%| O|  |TAMS 0x0000000781100000| PB 0x0000000781100000| Untracked 
|  18|0x0000000781200000, 0x0000000781300000, 0x0000000781300000|100%| O|  |TAMS 0x0000000781200000| PB 0x0000000781200000| Untracked 
|  19|0x0000000781300000, 0x0000000781300000, 0x0000000781400000|  0%| F|  |TAMS 0x0000000781300000| PB 0x0000000781300000| Untracked 
|  20|0x0000000781400000, 0x0000000781500000, 0x0000000781500000|100%| O|  |TAMS 0x0000000781400000| PB 0x0000000781400000| Untracked 
|  21|0x0000000781500000, 0x0000000781600000, 0x0000000781600000|100%| O|  |TAMS 0x0000000781500000| PB 0x0000000781500000| Untracked 
|  22|0x0000000781600000, 0x0000000781700000, 0x0000000781700000|100%| O|  |TAMS 0x0000000781600000| PB 0x0000000781600000| Untracked 
|  23|0x0000000781700000, 0x0000000781800000, 0x0000000781800000|100%| O|  |TAMS 0x0000000781700000| PB 0x0000000781700000| Untracked 
|  24|0x0000000781800000, 0x0000000781900000, 0x0000000781900000|100%| O|  |TAMS 0x0000000781800000| PB 0x0000000781800000| Untracked 
|  25|0x0000000781900000, 0x0000000781a00000, 0x0000000781a00000|100%| O|  |TAMS 0x0000000781900000| PB 0x0000000781900000| Untracked 
|  26|0x0000000781a00000, 0x0000000781b00000, 0x0000000781b00000|100%| O|  |TAMS 0x0000000781a00000| PB 0x0000000781a00000| Untracked 
|  27|0x0000000781b00000, 0x0000000781c00000, 0x0000000781c00000|100%| O|  |TAMS 0x0000000781b00000| PB 0x0000000781b00000| Untracked 
|  28|0x0000000781c00000, 0x0000000781d00000, 0x0000000781d00000|100%| O|  |TAMS 0x0000000781c00000| PB 0x0000000781c00000| Untracked 
|  29|0x0000000781d00000, 0x0000000781e00000, 0x0000000781e00000|100%|HS|  |TAMS 0x0000000781d00000| PB 0x0000000781d00000| Complete 
|  30|0x0000000781e00000, 0x0000000781f00000, 0x0000000781f00000|100%| O|  |TAMS 0x0000000781e00000| PB 0x0000000781e00000| Untracked 
|  31|0x0000000781f00000, 0x0000000782000000, 0x0000000782000000|100%| O|  |TAMS 0x0000000781f00000| PB 0x0000000781f00000| Untracked 
|  32|0x0000000782000000, 0x0000000782100000, 0x0000000782100000|100%| O|  |TAMS 0x0000000782000000| PB 0x0000000782000000| Untracked 
|  33|0x0000000782100000, 0x0000000782200000, 0x0000000782200000|100%| O|  |TAMS 0x0000000782100000| PB 0x0000000782100000| Untracked 
|  34|0x0000000782200000, 0x0000000782300000, 0x0000000782300000|100%| O|  |TAMS 0x0000000782200000| PB 0x0000000782200000| Untracked 
|  35|0x0000000782300000, 0x0000000782400000, 0x0000000782400000|100%| O|  |TAMS 0x0000000782300000| PB 0x0000000782300000| Untracked 
|  36|0x0000000782400000, 0x0000000782500000, 0x0000000782500000|100%| O|  |TAMS 0x0000000782400000| PB 0x0000000782400000| Untracked 
|  37|0x0000000782500000, 0x0000000782600000, 0x0000000782600000|100%| O|  |TAMS 0x0000000782500000| PB 0x0000000782500000| Untracked 
|  38|0x0000000782600000, 0x0000000782700000, 0x0000000782700000|100%| O|  |TAMS 0x0000000782600000| PB 0x0000000782600000| Untracked 
|  39|0x0000000782700000, 0x0000000782800000, 0x0000000782800000|100%| O|  |TAMS 0x0000000782700000| PB 0x0000000782700000| Untracked 
|  40|0x0000000782800000, 0x0000000782900000, 0x0000000782900000|100%| O|  |TAMS 0x0000000782800000| PB 0x0000000782800000| Untracked 
|  41|0x0000000782900000, 0x0000000782a00000, 0x0000000782a00000|100%| O|  |TAMS 0x0000000782900000| PB 0x0000000782900000| Untracked 
|  42|0x0000000782a00000, 0x0000000782b00000, 0x0000000782b00000|100%| O|  |TAMS 0x0000000782a00000| PB 0x0000000782a00000| Untracked 
|  43|0x0000000782b00000, 0x0000000782c00000, 0x0000000782c00000|100%| O|  |TAMS 0x0000000782b00000| PB 0x0000000782b00000| Untracked 
|  44|0x0000000782c00000, 0x0000000782d00000, 0x0000000782d00000|100%| O|  |TAMS 0x0000000782c00000| PB 0x0000000782c00000| Untracked 
|  45|0x0000000782d00000, 0x0000000782e00000, 0x0000000782e00000|100%| O|  |TAMS 0x0000000782d00000| PB 0x0000000782d00000| Untracked 
|  46|0x0000000782e00000, 0x0000000782f00000, 0x0000000782f00000|100%| O|  |TAMS 0x0000000782e00000| PB 0x0000000782e00000| Untracked 
|  47|0x0000000782f00000, 0x0000000783000000, 0x0000000783000000|100%| O|  |TAMS 0x0000000782f00000| PB 0x0000000782f00000| Untracked 
|  48|0x0000000783000000, 0x0000000783100000, 0x0000000783100000|100%| O|  |TAMS 0x0000000783000000| PB 0x0000000783000000| Untracked 
|  49|0x0000000783100000, 0x0000000783200000, 0x0000000783200000|100%| O|  |TAMS 0x0000000783100000| PB 0x0000000783100000| Untracked 
|  50|0x0000000783200000, 0x0000000783300000, 0x0000000783300000|100%| O|  |TAMS 0x0000000783200000| PB 0x0000000783200000| Untracked 
|  51|0x0000000783300000, 0x0000000783400000, 0x0000000783400000|100%| O|  |TAMS 0x0000000783300000| PB 0x0000000783300000| Untracked 
|  52|0x0000000783400000, 0x0000000783500000, 0x0000000783500000|100%| O|  |TAMS 0x0000000783400000| PB 0x0000000783400000| Untracked 
|  53|0x0000000783500000, 0x0000000783600000, 0x0000000783600000|100%| O|  |TAMS 0x0000000783500000| PB 0x0000000783500000| Untracked 
|  54|0x0000000783600000, 0x0000000783700000, 0x0000000783700000|100%| O|  |TAMS 0x0000000783600000| PB 0x0000000783600000| Untracked 
|  55|0x0000000783700000, 0x0000000783800000, 0x0000000783800000|100%| O|  |TAMS 0x0000000783700000| PB 0x0000000783700000| Untracked 
|  56|0x0000000783800000, 0x0000000783900000, 0x0000000783900000|100%| O|  |TAMS 0x0000000783800000| PB 0x0000000783800000| Untracked 
|  57|0x0000000783900000, 0x0000000783a00000, 0x0000000783a00000|100%| O|  |TAMS 0x0000000783900000| PB 0x0000000783900000| Untracked 
|  58|0x0000000783a00000, 0x0000000783a13dd0, 0x0000000783b00000|  7%| O|  |TAMS 0x0000000783a00000| PB 0x0000000783a00000| Untracked 
|  59|0x0000000783b00000, 0x0000000783b00000, 0x0000000783c00000|  0%| F|  |TAMS 0x0000000783b00000| PB 0x0000000783b00000| Untracked 
|  60|0x0000000783c00000, 0x0000000783d00000, 0x0000000783d00000|100%| O|  |TAMS 0x0000000783c00000| PB 0x0000000783c00000| Untracked 
|  61|0x0000000783d00000, 0x0000000783e00000, 0x0000000783e00000|100%| O|  |TAMS 0x0000000783d00000| PB 0x0000000783d00000| Untracked 
|  62|0x0000000783e00000, 0x0000000783f00000, 0x0000000783f00000|100%| O|  |TAMS 0x0000000783e00000| PB 0x0000000783e00000| Untracked 
|  63|0x0000000783f00000, 0x0000000784000000, 0x0000000784000000|100%| O|  |TAMS 0x0000000783f00000| PB 0x0000000783f00000| Untracked 
|  64|0x0000000784000000, 0x0000000784100000, 0x0000000784100000|100%| O|  |TAMS 0x0000000784000000| PB 0x0000000784000000| Untracked 
|  65|0x0000000784100000, 0x0000000784200000, 0x0000000784200000|100%| O|  |TAMS 0x0000000784100000| PB 0x0000000784100000| Untracked 
|  66|0x0000000784200000, 0x0000000784300000, 0x0000000784300000|100%| O|  |TAMS 0x0000000784200000| PB 0x0000000784200000| Untracked 
|  67|0x0000000784300000, 0x0000000784400000, 0x0000000784400000|100%| O|  |TAMS 0x0000000784300000| PB 0x0000000784300000| Untracked 
|  68|0x0000000784400000, 0x0000000784500000, 0x0000000784500000|100%| O|  |TAMS 0x0000000784400000| PB 0x0000000784400000| Untracked 
|  69|0x0000000784500000, 0x0000000784600000, 0x0000000784600000|100%| O|  |TAMS 0x0000000784500000| PB 0x0000000784500000| Untracked 
|  70|0x0000000784600000, 0x0000000784700000, 0x0000000784700000|100%| O|  |TAMS 0x0000000784600000| PB 0x0000000784600000| Untracked 
|  71|0x0000000784700000, 0x0000000784800000, 0x0000000784800000|100%| O|  |TAMS 0x0000000784700000| PB 0x0000000784700000| Untracked 
|  72|0x0000000784800000, 0x0000000784900000, 0x0000000784900000|100%| O|  |TAMS 0x0000000784800000| PB 0x0000000784800000| Untracked 
|  73|0x0000000784900000, 0x0000000784a00000, 0x0000000784a00000|100%| O|  |TAMS 0x0000000784900000| PB 0x0000000784900000| Untracked 
|  74|0x0000000784a00000, 0x0000000784b00000, 0x0000000784b00000|100%| O|  |TAMS 0x0000000784a00000| PB 0x0000000784a00000| Untracked 
|  75|0x0000000784b00000, 0x0000000784c00000, 0x0000000784c00000|100%| O|  |TAMS 0x0000000784b00000| PB 0x0000000784b00000| Untracked 
|  76|0x0000000784c00000, 0x0000000784d00000, 0x0000000784d00000|100%| O|  |TAMS 0x0000000784c00000| PB 0x0000000784c00000| Untracked 
|  77|0x0000000784d00000, 0x0000000784e00000, 0x0000000784e00000|100%| O|  |TAMS 0x0000000784d00000| PB 0x0000000784d00000| Untracked 
|  78|0x0000000784e00000, 0x0000000784f00000, 0x0000000784f00000|100%| O|  |TAMS 0x0000000784e00000| PB 0x0000000784e00000| Untracked 
|  79|0x0000000784f00000, 0x0000000785000000, 0x0000000785000000|100%| O|  |TAMS 0x0000000784f00000| PB 0x0000000784f00000| Untracked 
|  80|0x0000000785000000, 0x0000000785100000, 0x0000000785100000|100%| O|  |TAMS 0x0000000785000000| PB 0x0000000785000000| Untracked 
|  81|0x0000000785100000, 0x0000000785200000, 0x0000000785200000|100%| O|  |TAMS 0x0000000785100000| PB 0x0000000785100000| Untracked 
|  82|0x0000000785200000, 0x0000000785300000, 0x0000000785300000|100%|HS|  |TAMS 0x0000000785200000| PB 0x0000000785200000| Complete 
|  83|0x0000000785300000, 0x0000000785400000, 0x0000000785400000|100%|HC|  |TAMS 0x0000000785300000| PB 0x0000000785300000| Complete 
|  84|0x0000000785400000, 0x0000000785500000, 0x0000000785500000|100%|HC|  |TAMS 0x0000000785400000| PB 0x0000000785400000| Complete 
|  85|0x0000000785500000, 0x0000000785600000, 0x0000000785600000|100%| O|  |TAMS 0x0000000785500000| PB 0x0000000785500000| Untracked 
|  86|0x0000000785600000, 0x0000000785700000, 0x0000000785700000|100%| O|  |TAMS 0x0000000785600000| PB 0x0000000785600000| Untracked 
|  87|0x0000000785700000, 0x0000000785800000, 0x0000000785800000|100%| O|  |TAMS 0x0000000785700000| PB 0x0000000785700000| Untracked 
|  88|0x0000000785800000, 0x0000000785800000, 0x0000000785900000|  0%| F|  |TAMS 0x0000000785800000| PB 0x0000000785800000| Untracked 
|  89|0x0000000785900000, 0x0000000785900000, 0x0000000785a00000|  0%| F|  |TAMS 0x0000000785900000| PB 0x0000000785900000| Untracked 
|  90|0x0000000785a00000, 0x0000000785a00000, 0x0000000785b00000|  0%| F|  |TAMS 0x0000000785a00000| PB 0x0000000785a00000| Untracked 
|  91|0x0000000785b00000, 0x0000000785b00000, 0x0000000785c00000|  0%| F|  |TAMS 0x0000000785b00000| PB 0x0000000785b00000| Untracked 
|  92|0x0000000785c00000, 0x0000000785c00000, 0x0000000785d00000|  0%| F|  |TAMS 0x0000000785c00000| PB 0x0000000785c00000| Untracked 
|  93|0x0000000785d00000, 0x0000000785d00000, 0x0000000785e00000|  0%| F|  |TAMS 0x0000000785d00000| PB 0x0000000785d00000| Untracked 
|  94|0x0000000785e00000, 0x0000000785e00000, 0x0000000785f00000|  0%| F|  |TAMS 0x0000000785e00000| PB 0x0000000785e00000| Untracked 
|  95|0x0000000785f00000, 0x0000000785f00000, 0x0000000786000000|  0%| F|  |TAMS 0x0000000785f00000| PB 0x0000000785f00000| Untracked 
|  96|0x0000000786000000, 0x0000000786000000, 0x0000000786100000|  0%| F|  |TAMS 0x0000000786000000| PB 0x0000000786000000| Untracked 
|  97|0x0000000786100000, 0x0000000786100000, 0x0000000786200000|  0%| F|  |TAMS 0x0000000786100000| PB 0x0000000786100000| Untracked 
|  98|0x0000000786200000, 0x0000000786200000, 0x0000000786300000|  0%| F|  |TAMS 0x0000000786200000| PB 0x0000000786200000| Untracked 
|  99|0x0000000786300000, 0x0000000786300000, 0x0000000786400000|  0%| F|  |TAMS 0x0000000786300000| PB 0x0000000786300000| Untracked 
| 100|0x0000000786400000, 0x0000000786400000, 0x0000000786500000|  0%| F|  |TAMS 0x0000000786400000| PB 0x0000000786400000| Untracked 
| 101|0x0000000786500000, 0x00000007865ba960, 0x0000000786600000| 72%| S|CS|TAMS 0x0000000786500000| PB 0x0000000786500000| Complete 
| 102|0x0000000786600000, 0x0000000786700000, 0x0000000786700000|100%| S|CS|TAMS 0x0000000786600000| PB 0x0000000786600000| Complete 
| 103|0x0000000786700000, 0x0000000786800000, 0x0000000786800000|100%| S|CS|TAMS 0x0000000786700000| PB 0x0000000786700000| Complete 
| 104|0x0000000786800000, 0x0000000786900000, 0x0000000786900000|100%| S|CS|TAMS 0x0000000786800000| PB 0x0000000786800000| Complete 
| 105|0x0000000786900000, 0x0000000786900000, 0x0000000786a00000|  0%| F|  |TAMS 0x0000000786900000| PB 0x0000000786900000| Untracked 
| 106|0x0000000786a00000, 0x0000000786a00000, 0x0000000786b00000|  0%| F|  |TAMS 0x0000000786a00000| PB 0x0000000786a00000| Untracked 
| 107|0x0000000786b00000, 0x0000000786b00000, 0x0000000786c00000|  0%| F|  |TAMS 0x0000000786b00000| PB 0x0000000786b00000| Untracked 
| 108|0x0000000786c00000, 0x0000000786c00000, 0x0000000786d00000|  0%| F|  |TAMS 0x0000000786c00000| PB 0x0000000786c00000| Untracked 
| 109|0x0000000786d00000, 0x0000000786d00000, 0x0000000786e00000|  0%| F|  |TAMS 0x0000000786d00000| PB 0x0000000786d00000| Untracked 
| 110|0x0000000786e00000, 0x0000000786e00000, 0x0000000786f00000|  0%| F|  |TAMS 0x0000000786e00000| PB 0x0000000786e00000| Untracked 
| 111|0x0000000786f00000, 0x0000000786f00000, 0x0000000787000000|  0%| F|  |TAMS 0x0000000786f00000| PB 0x0000000786f00000| Untracked 
| 112|0x0000000787000000, 0x0000000787000000, 0x0000000787100000|  0%| F|  |TAMS 0x0000000787000000| PB 0x0000000787000000| Untracked 
| 113|0x0000000787100000, 0x0000000787100000, 0x0000000787200000|  0%| F|  |TAMS 0x0000000787100000| PB 0x0000000787100000| Untracked 
| 114|0x0000000787200000, 0x0000000787300000, 0x0000000787300000|100%| S|CS|TAMS 0x0000000787200000| PB 0x0000000787200000| Complete 
| 115|0x0000000787300000, 0x0000000787400000, 0x0000000787400000|100%| S|CS|TAMS 0x0000000787300000| PB 0x0000000787300000| Complete 
| 116|0x0000000787400000, 0x0000000787500000, 0x0000000787500000|100%| S|CS|TAMS 0x0000000787400000| PB 0x0000000787400000| Complete 
| 117|0x0000000787500000, 0x0000000787600000, 0x0000000787600000|100%| S|CS|TAMS 0x0000000787500000| PB 0x0000000787500000| Complete 
| 118|0x0000000787600000, 0x0000000787700000, 0x0000000787700000|100%| S|CS|TAMS 0x0000000787600000| PB 0x0000000787600000| Complete 
| 119|0x0000000787700000, 0x0000000787700000, 0x0000000787800000|  0%| F|  |TAMS 0x0000000787700000| PB 0x0000000787700000| Untracked 
| 120|0x0000000787800000, 0x0000000787800000, 0x0000000787900000|  0%| F|  |TAMS 0x0000000787800000| PB 0x0000000787800000| Untracked 
| 121|0x0000000787900000, 0x0000000787900000, 0x0000000787a00000|  0%| F|  |TAMS 0x0000000787900000| PB 0x0000000787900000| Untracked 
| 122|0x0000000787a00000, 0x0000000787a00000, 0x0000000787b00000|  0%| F|  |TAMS 0x0000000787a00000| PB 0x0000000787a00000| Untracked 
| 123|0x0000000787b00000, 0x0000000787b00000, 0x0000000787c00000|  0%| F|  |TAMS 0x0000000787b00000| PB 0x0000000787b00000| Untracked 
| 124|0x0000000787c00000, 0x0000000787c00000, 0x0000000787d00000|  0%| F|  |TAMS 0x0000000787c00000| PB 0x0000000787c00000| Untracked 
| 125|0x0000000787d00000, 0x0000000787d00000, 0x0000000787e00000|  0%| F|  |TAMS 0x0000000787d00000| PB 0x0000000787d00000| Untracked 
| 126|0x0000000787e00000, 0x0000000787e00000, 0x0000000787f00000|  0%| F|  |TAMS 0x0000000787e00000| PB 0x0000000787e00000| Untracked 
| 127|0x0000000787f00000, 0x0000000787f00000, 0x0000000788000000|  0%| F|  |TAMS 0x0000000787f00000| PB 0x0000000787f00000| Untracked 
| 128|0x0000000788000000, 0x0000000788000000, 0x0000000788100000|  0%| F|  |TAMS 0x0000000788000000| PB 0x0000000788000000| Untracked 
| 129|0x0000000788100000, 0x0000000788100000, 0x0000000788200000|  0%| F|  |TAMS 0x0000000788100000| PB 0x0000000788100000| Untracked 
| 130|0x0000000788200000, 0x0000000788200000, 0x0000000788300000|  0%| F|  |TAMS 0x0000000788200000| PB 0x0000000788200000| Untracked 
| 131|0x0000000788300000, 0x0000000788300000, 0x0000000788400000|  0%| F|  |TAMS 0x0000000788300000| PB 0x0000000788300000| Untracked 
| 132|0x0000000788400000, 0x0000000788400000, 0x0000000788500000|  0%| F|  |TAMS 0x0000000788400000| PB 0x0000000788400000| Untracked 
| 133|0x0000000788500000, 0x0000000788500000, 0x0000000788600000|  0%| F|  |TAMS 0x0000000788500000| PB 0x0000000788500000| Untracked 
| 134|0x0000000788600000, 0x0000000788600000, 0x0000000788700000|  0%| F|  |TAMS 0x0000000788600000| PB 0x0000000788600000| Untracked 
| 135|0x0000000788700000, 0x0000000788700000, 0x0000000788800000|  0%| F|  |TAMS 0x0000000788700000| PB 0x0000000788700000| Untracked 
| 136|0x0000000788800000, 0x0000000788800000, 0x0000000788900000|  0%| F|  |TAMS 0x0000000788800000| PB 0x0000000788800000| Untracked 
| 137|0x0000000788900000, 0x0000000788900000, 0x0000000788a00000|  0%| F|  |TAMS 0x0000000788900000| PB 0x0000000788900000| Untracked 
| 138|0x0000000788a00000, 0x0000000788a00000, 0x0000000788b00000|  0%| F|  |TAMS 0x0000000788a00000| PB 0x0000000788a00000| Untracked 
| 139|0x0000000788b00000, 0x0000000788b00000, 0x0000000788c00000|  0%| F|  |TAMS 0x0000000788b00000| PB 0x0000000788b00000| Untracked 
| 140|0x0000000788c00000, 0x0000000788c00000, 0x0000000788d00000|  0%| F|  |TAMS 0x0000000788c00000| PB 0x0000000788c00000| Untracked 
| 141|0x0000000788d00000, 0x0000000788d00000, 0x0000000788e00000|  0%| F|  |TAMS 0x0000000788d00000| PB 0x0000000788d00000| Untracked 
| 142|0x0000000788e00000, 0x0000000788e00000, 0x0000000788f00000|  0%| F|  |TAMS 0x0000000788e00000| PB 0x0000000788e00000| Untracked 
| 143|0x0000000788f00000, 0x0000000788f00000, 0x0000000789000000|  0%| F|  |TAMS 0x0000000788f00000| PB 0x0000000788f00000| Untracked 
| 144|0x0000000789000000, 0x0000000789000000, 0x0000000789100000|  0%| F|  |TAMS 0x0000000789000000| PB 0x0000000789000000| Untracked 
| 145|0x0000000789100000, 0x0000000789100000, 0x0000000789200000|  0%| F|  |TAMS 0x0000000789100000| PB 0x0000000789100000| Untracked 
| 146|0x0000000789200000, 0x0000000789200000, 0x0000000789300000|  0%| F|  |TAMS 0x0000000789200000| PB 0x0000000789200000| Untracked 
| 147|0x0000000789300000, 0x0000000789300000, 0x0000000789400000|  0%| F|  |TAMS 0x0000000789300000| PB 0x0000000789300000| Untracked 
| 148|0x0000000789400000, 0x0000000789400000, 0x0000000789500000|  0%| F|  |TAMS 0x0000000789400000| PB 0x0000000789400000| Untracked 
| 149|0x0000000789500000, 0x0000000789500000, 0x0000000789600000|  0%| F|  |TAMS 0x0000000789500000| PB 0x0000000789500000| Untracked 
| 150|0x0000000789600000, 0x0000000789600000, 0x0000000789700000|  0%| F|  |TAMS 0x0000000789600000| PB 0x0000000789600000| Untracked 
| 151|0x0000000789700000, 0x0000000789700000, 0x0000000789800000|  0%| F|  |TAMS 0x0000000789700000| PB 0x0000000789700000| Untracked 
| 152|0x0000000789800000, 0x0000000789800000, 0x0000000789900000|  0%| F|  |TAMS 0x0000000789800000| PB 0x0000000789800000| Untracked 
| 153|0x0000000789900000, 0x0000000789900000, 0x0000000789a00000|  0%| F|  |TAMS 0x0000000789900000| PB 0x0000000789900000| Untracked 
| 154|0x0000000789a00000, 0x0000000789a00000, 0x0000000789b00000|  0%| F|  |TAMS 0x0000000789a00000| PB 0x0000000789a00000| Untracked 
| 155|0x0000000789b00000, 0x0000000789b00000, 0x0000000789c00000|  0%| F|  |TAMS 0x0000000789b00000| PB 0x0000000789b00000| Untracked 
| 156|0x0000000789c00000, 0x0000000789c00000, 0x0000000789d00000|  0%| F|  |TAMS 0x0000000789c00000| PB 0x0000000789c00000| Untracked 
| 157|0x0000000789d00000, 0x0000000789d00000, 0x0000000789e00000|  0%| F|  |TAMS 0x0000000789d00000| PB 0x0000000789d00000| Untracked 
| 158|0x0000000789e00000, 0x0000000789e00000, 0x0000000789f00000|  0%| F|  |TAMS 0x0000000789e00000| PB 0x0000000789e00000| Untracked 
| 159|0x0000000789f00000, 0x0000000789f00000, 0x000000078a000000|  0%| F|  |TAMS 0x0000000789f00000| PB 0x0000000789f00000| Untracked 
| 160|0x000000078a000000, 0x000000078a000000, 0x000000078a100000|  0%| F|  |TAMS 0x000000078a000000| PB 0x000000078a000000| Untracked 
| 161|0x000000078a100000, 0x000000078a100000, 0x000000078a200000|  0%| F|  |TAMS 0x000000078a100000| PB 0x000000078a100000| Untracked 
| 162|0x000000078a200000, 0x000000078a200000, 0x000000078a300000|  0%| F|  |TAMS 0x000000078a200000| PB 0x000000078a200000| Untracked 
| 163|0x000000078a300000, 0x000000078a300000, 0x000000078a400000|  0%| F|  |TAMS 0x000000078a300000| PB 0x000000078a300000| Untracked 
| 164|0x000000078a400000, 0x000000078a400000, 0x000000078a500000|  0%| F|  |TAMS 0x000000078a400000| PB 0x000000078a400000| Untracked 
| 165|0x000000078a500000, 0x000000078a500000, 0x000000078a600000|  0%| F|  |TAMS 0x000000078a500000| PB 0x000000078a500000| Untracked 
| 166|0x000000078a600000, 0x000000078a600000, 0x000000078a700000|  0%| F|  |TAMS 0x000000078a600000| PB 0x000000078a600000| Untracked 
| 167|0x000000078a700000, 0x000000078a700000, 0x000000078a800000|  0%| F|  |TAMS 0x000000078a700000| PB 0x000000078a700000| Untracked 
| 168|0x000000078a800000, 0x000000078a800000, 0x000000078a900000|  0%| F|  |TAMS 0x000000078a800000| PB 0x000000078a800000| Untracked 
| 169|0x000000078a900000, 0x000000078a900000, 0x000000078aa00000|  0%| F|  |TAMS 0x000000078a900000| PB 0x000000078a900000| Untracked 
| 170|0x000000078aa00000, 0x000000078aa00000, 0x000000078ab00000|  0%| F|  |TAMS 0x000000078aa00000| PB 0x000000078aa00000| Untracked 
| 171|0x000000078ab00000, 0x000000078ab00000, 0x000000078ac00000|  0%| F|  |TAMS 0x000000078ab00000| PB 0x000000078ab00000| Untracked 
| 172|0x000000078ac00000, 0x000000078ac00000, 0x000000078ad00000|  0%| F|  |TAMS 0x000000078ac00000| PB 0x000000078ac00000| Untracked 
| 173|0x000000078ad00000, 0x000000078ad00000, 0x000000078ae00000|  0%| F|  |TAMS 0x000000078ad00000| PB 0x000000078ad00000| Untracked 
| 174|0x000000078ae00000, 0x000000078ae00000, 0x000000078af00000|  0%| F|  |TAMS 0x000000078ae00000| PB 0x000000078ae00000| Untracked 
| 175|0x000000078af00000, 0x000000078af00000, 0x000000078b000000|  0%| F|  |TAMS 0x000000078af00000| PB 0x000000078af00000| Untracked 
| 176|0x000000078b000000, 0x000000078b000000, 0x000000078b100000|  0%| F|  |TAMS 0x000000078b000000| PB 0x000000078b000000| Untracked 
| 177|0x000000078b100000, 0x000000078b100000, 0x000000078b200000|  0%| F|  |TAMS 0x000000078b100000| PB 0x000000078b100000| Untracked 
| 178|0x000000078b200000, 0x000000078b200000, 0x000000078b300000|  0%| F|  |TAMS 0x000000078b200000| PB 0x000000078b200000| Untracked 
| 179|0x000000078b300000, 0x000000078b300000, 0x000000078b400000|  0%| F|  |TAMS 0x000000078b300000| PB 0x000000078b300000| Untracked 
| 180|0x000000078b400000, 0x000000078b400000, 0x000000078b500000|  0%| F|  |TAMS 0x000000078b400000| PB 0x000000078b400000| Untracked 
| 181|0x000000078b500000, 0x000000078b500000, 0x000000078b600000|  0%| F|  |TAMS 0x000000078b500000| PB 0x000000078b500000| Untracked 
| 182|0x000000078b600000, 0x000000078b600000, 0x000000078b700000|  0%| F|  |TAMS 0x000000078b600000| PB 0x000000078b600000| Untracked 
| 183|0x000000078b700000, 0x000000078b700000, 0x000000078b800000|  0%| F|  |TAMS 0x000000078b700000| PB 0x000000078b700000| Untracked 
| 184|0x000000078b800000, 0x000000078b800000, 0x000000078b900000|  0%| F|  |TAMS 0x000000078b800000| PB 0x000000078b800000| Untracked 
| 185|0x000000078b900000, 0x000000078b900000, 0x000000078ba00000|  0%| F|  |TAMS 0x000000078b900000| PB 0x000000078b900000| Untracked 
| 186|0x000000078ba00000, 0x000000078ba00000, 0x000000078bb00000|  0%| F|  |TAMS 0x000000078ba00000| PB 0x000000078ba00000| Untracked 
| 187|0x000000078bb00000, 0x000000078bb00000, 0x000000078bc00000|  0%| F|  |TAMS 0x000000078bb00000| PB 0x000000078bb00000| Untracked 
| 188|0x000000078bc00000, 0x000000078bc00000, 0x000000078bd00000|  0%| F|  |TAMS 0x000000078bc00000| PB 0x000000078bc00000| Untracked 
| 189|0x000000078bd00000, 0x000000078bd00000, 0x000000078be00000|  0%| F|  |TAMS 0x000000078bd00000| PB 0x000000078bd00000| Untracked 
| 190|0x000000078be00000, 0x000000078be00000, 0x000000078bf00000|  0%| F|  |TAMS 0x000000078be00000| PB 0x000000078be00000| Untracked 
| 191|0x000000078bf00000, 0x000000078bf00000, 0x000000078c000000|  0%| F|  |TAMS 0x000000078bf00000| PB 0x000000078bf00000| Untracked 
| 192|0x000000078c000000, 0x000000078c000000, 0x000000078c100000|  0%| F|  |TAMS 0x000000078c000000| PB 0x000000078c000000| Untracked 
| 193|0x000000078c100000, 0x000000078c100000, 0x000000078c200000|  0%| F|  |TAMS 0x000000078c100000| PB 0x000000078c100000| Untracked 
| 194|0x000000078c200000, 0x000000078c200000, 0x000000078c300000|  0%| F|  |TAMS 0x000000078c200000| PB 0x000000078c200000| Untracked 
| 195|0x000000078c300000, 0x000000078c300000, 0x000000078c400000|  0%| F|  |TAMS 0x000000078c300000| PB 0x000000078c300000| Untracked 
| 196|0x000000078c400000, 0x000000078c400000, 0x000000078c500000|  0%| F|  |TAMS 0x000000078c400000| PB 0x000000078c400000| Untracked 
| 197|0x000000078c500000, 0x000000078c500000, 0x000000078c600000|  0%| F|  |TAMS 0x000000078c500000| PB 0x000000078c500000| Untracked 
| 198|0x000000078c600000, 0x000000078c600000, 0x000000078c700000|  0%| F|  |TAMS 0x000000078c600000| PB 0x000000078c600000| Untracked 
| 199|0x000000078c700000, 0x000000078c700000, 0x000000078c800000|  0%| F|  |TAMS 0x000000078c700000| PB 0x000000078c700000| Untracked 
| 200|0x000000078c800000, 0x000000078c800000, 0x000000078c900000|  0%| F|  |TAMS 0x000000078c800000| PB 0x000000078c800000| Untracked 
| 201|0x000000078c900000, 0x000000078c900000, 0x000000078ca00000|  0%| F|  |TAMS 0x000000078c900000| PB 0x000000078c900000| Untracked 
| 202|0x000000078ca00000, 0x000000078ca00000, 0x000000078cb00000|  0%| F|  |TAMS 0x000000078ca00000| PB 0x000000078ca00000| Untracked 
| 203|0x000000078cb00000, 0x000000078cb00000, 0x000000078cc00000|  0%| F|  |TAMS 0x000000078cb00000| PB 0x000000078cb00000| Untracked 
| 204|0x000000078cc00000, 0x000000078cc00000, 0x000000078cd00000|  0%| F|  |TAMS 0x000000078cc00000| PB 0x000000078cc00000| Untracked 
| 205|0x000000078cd00000, 0x000000078cd00000, 0x000000078ce00000|  0%| F|  |TAMS 0x000000078cd00000| PB 0x000000078cd00000| Untracked 
| 206|0x000000078ce00000, 0x000000078ce00000, 0x000000078cf00000|  0%| F|  |TAMS 0x000000078ce00000| PB 0x000000078ce00000| Untracked 
| 207|0x000000078cf00000, 0x000000078cf00000, 0x000000078d000000|  0%| F|  |TAMS 0x000000078cf00000| PB 0x000000078cf00000| Untracked 
| 208|0x000000078d000000, 0x000000078d000000, 0x000000078d100000|  0%| F|  |TAMS 0x000000078d000000| PB 0x000000078d000000| Untracked 
| 209|0x000000078d100000, 0x000000078d100000, 0x000000078d200000|  0%| F|  |TAMS 0x000000078d100000| PB 0x000000078d100000| Untracked 
| 210|0x000000078d200000, 0x000000078d200000, 0x000000078d300000|  0%| F|  |TAMS 0x000000078d200000| PB 0x000000078d200000| Untracked 
| 211|0x000000078d300000, 0x000000078d300000, 0x000000078d400000|  0%| F|  |TAMS 0x000000078d300000| PB 0x000000078d300000| Untracked 
| 212|0x000000078d400000, 0x000000078d400000, 0x000000078d500000|  0%| F|  |TAMS 0x000000078d400000| PB 0x000000078d400000| Untracked 
| 213|0x000000078d500000, 0x000000078d500000, 0x000000078d600000|  0%| F|  |TAMS 0x000000078d500000| PB 0x000000078d500000| Untracked 
| 214|0x000000078d600000, 0x000000078d600000, 0x000000078d700000|  0%| F|  |TAMS 0x000000078d600000| PB 0x000000078d600000| Untracked 
| 215|0x000000078d700000, 0x000000078d700000, 0x000000078d800000|  0%| F|  |TAMS 0x000000078d700000| PB 0x000000078d700000| Untracked 
| 216|0x000000078d800000, 0x000000078d800000, 0x000000078d900000|  0%| F|  |TAMS 0x000000078d800000| PB 0x000000078d800000| Untracked 
| 217|0x000000078d900000, 0x000000078d900000, 0x000000078da00000|  0%| F|  |TAMS 0x000000078d900000| PB 0x000000078d900000| Untracked 
| 218|0x000000078da00000, 0x000000078da00000, 0x000000078db00000|  0%| F|  |TAMS 0x000000078da00000| PB 0x000000078da00000| Untracked 
| 219|0x000000078db00000, 0x000000078db00000, 0x000000078dc00000|  0%| F|  |TAMS 0x000000078db00000| PB 0x000000078db00000| Untracked 
| 220|0x000000078dc00000, 0x000000078dc00000, 0x000000078dd00000|  0%| F|  |TAMS 0x000000078dc00000| PB 0x000000078dc00000| Untracked 
| 221|0x000000078dd00000, 0x000000078dd00000, 0x000000078de00000|  0%| F|  |TAMS 0x000000078dd00000| PB 0x000000078dd00000| Untracked 
| 222|0x000000078de00000, 0x000000078de00000, 0x000000078df00000|  0%| F|  |TAMS 0x000000078de00000| PB 0x000000078de00000| Untracked 
| 223|0x000000078df00000, 0x000000078df00000, 0x000000078e000000|  0%| F|  |TAMS 0x000000078df00000| PB 0x000000078df00000| Untracked 
| 224|0x000000078e000000, 0x000000078e000000, 0x000000078e100000|  0%| F|  |TAMS 0x000000078e000000| PB 0x000000078e000000| Untracked 
| 225|0x000000078e100000, 0x000000078e100000, 0x000000078e200000|  0%| F|  |TAMS 0x000000078e100000| PB 0x000000078e100000| Untracked 
| 226|0x000000078e200000, 0x000000078e300000, 0x000000078e300000|100%| E|  |TAMS 0x000000078e200000| PB 0x000000078e200000| Complete 
| 227|0x000000078e300000, 0x000000078e400000, 0x000000078e400000|100%| E|CS|TAMS 0x000000078e300000| PB 0x000000078e300000| Complete 
| 228|0x000000078e400000, 0x000000078e500000, 0x000000078e500000|100%| E|CS|TAMS 0x000000078e400000| PB 0x000000078e400000| Complete 
| 229|0x000000078e500000, 0x000000078e600000, 0x000000078e600000|100%| E|CS|TAMS 0x000000078e500000| PB 0x000000078e500000| Complete 
| 230|0x000000078e600000, 0x000000078e700000, 0x000000078e700000|100%| E|CS|TAMS 0x000000078e600000| PB 0x000000078e600000| Complete 
| 231|0x000000078e700000, 0x000000078e800000, 0x000000078e800000|100%| E|CS|TAMS 0x000000078e700000| PB 0x000000078e700000| Complete 
| 232|0x000000078e800000, 0x000000078e900000, 0x000000078e900000|100%| E|CS|TAMS 0x000000078e800000| PB 0x000000078e800000| Complete 
| 233|0x000000078e900000, 0x000000078ea00000, 0x000000078ea00000|100%| E|CS|TAMS 0x000000078e900000| PB 0x000000078e900000| Complete 
| 234|0x000000078ea00000, 0x000000078eb00000, 0x000000078eb00000|100%| E|CS|TAMS 0x000000078ea00000| PB 0x000000078ea00000| Complete 
| 235|0x000000078eb00000, 0x000000078ec00000, 0x000000078ec00000|100%| E|CS|TAMS 0x000000078eb00000| PB 0x000000078eb00000| Complete 
| 236|0x000000078ec00000, 0x000000078ed00000, 0x000000078ed00000|100%| E|CS|TAMS 0x000000078ec00000| PB 0x000000078ec00000| Complete 
| 237|0x000000078ed00000, 0x000000078ee00000, 0x000000078ee00000|100%| E|CS|TAMS 0x000000078ed00000| PB 0x000000078ed00000| Complete 
| 238|0x000000078ee00000, 0x000000078ef00000, 0x000000078ef00000|100%| E|CS|TAMS 0x000000078ee00000| PB 0x000000078ee00000| Complete 
| 239|0x000000078ef00000, 0x000000078f000000, 0x000000078f000000|100%| E|CS|TAMS 0x000000078ef00000| PB 0x000000078ef00000| Complete 
| 240|0x000000078f000000, 0x000000078f100000, 0x000000078f100000|100%| E|CS|TAMS 0x000000078f000000| PB 0x000000078f000000| Complete 
| 241|0x000000078f100000, 0x000000078f200000, 0x000000078f200000|100%| E|CS|TAMS 0x000000078f100000| PB 0x000000078f100000| Complete 
| 242|0x000000078f200000, 0x000000078f300000, 0x000000078f300000|100%| E|CS|TAMS 0x000000078f200000| PB 0x000000078f200000| Complete 
| 243|0x000000078f300000, 0x000000078f400000, 0x000000078f400000|100%| E|CS|TAMS 0x000000078f300000| PB 0x000000078f300000| Complete 
| 244|0x000000078f400000, 0x000000078f500000, 0x000000078f500000|100%| E|CS|TAMS 0x000000078f400000| PB 0x000000078f400000| Complete 
| 245|0x000000078f500000, 0x000000078f600000, 0x000000078f600000|100%| E|CS|TAMS 0x000000078f500000| PB 0x000000078f500000| Complete 
| 246|0x000000078f600000, 0x000000078f700000, 0x000000078f700000|100%| E|CS|TAMS 0x000000078f600000| PB 0x000000078f600000| Complete 
| 247|0x000000078f700000, 0x000000078f800000, 0x000000078f800000|100%| E|CS|TAMS 0x000000078f700000| PB 0x000000078f700000| Complete 
| 248|0x000000078f800000, 0x000000078f900000, 0x000000078f900000|100%| E|CS|TAMS 0x000000078f800000| PB 0x000000078f800000| Complete 
| 249|0x000000078f900000, 0x000000078fa00000, 0x000000078fa00000|100%| E|CS|TAMS 0x000000078f900000| PB 0x000000078f900000| Complete 
| 250|0x000000078fa00000, 0x000000078fb00000, 0x000000078fb00000|100%| E|CS|TAMS 0x000000078fa00000| PB 0x000000078fa00000| Complete 
| 251|0x000000078fb00000, 0x000000078fc00000, 0x000000078fc00000|100%| E|CS|TAMS 0x000000078fb00000| PB 0x000000078fb00000| Complete 
| 252|0x000000078fc00000, 0x000000078fd00000, 0x000000078fd00000|100%| E|CS|TAMS 0x000000078fc00000| PB 0x000000078fc00000| Complete 
| 253|0x000000078fd00000, 0x000000078fe00000, 0x000000078fe00000|100%| E|CS|TAMS 0x000000078fd00000| PB 0x000000078fd00000| Complete 
| 254|0x000000078fe00000, 0x000000078ff00000, 0x000000078ff00000|100%| E|CS|TAMS 0x000000078fe00000| PB 0x000000078fe00000| Complete 
| 255|0x000000078ff00000, 0x0000000790000000, 0x0000000790000000|100%| E|CS|TAMS 0x000000078ff00000| PB 0x000000078ff00000| Complete 
| 256|0x0000000790000000, 0x0000000790100000, 0x0000000790100000|100%| E|CS|TAMS 0x0000000790000000| PB 0x0000000790000000| Complete 
| 258|0x0000000790200000, 0x0000000790300000, 0x0000000790300000|100%| E|CS|TAMS 0x0000000790200000| PB 0x0000000790200000| Complete 
| 259|0x0000000790300000, 0x0000000790400000, 0x0000000790400000|100%| E|CS|TAMS 0x0000000790300000| PB 0x0000000790300000| Complete 
| 260|0x0000000790400000, 0x0000000790500000, 0x0000000790500000|100%| E|CS|TAMS 0x0000000790400000| PB 0x0000000790400000| Complete 
| 261|0x0000000790500000, 0x0000000790600000, 0x0000000790600000|100%| E|CS|TAMS 0x0000000790500000| PB 0x0000000790500000| Complete 
| 262|0x0000000790600000, 0x0000000790700000, 0x0000000790700000|100%| E|CS|TAMS 0x0000000790600000| PB 0x0000000790600000| Complete 
| 263|0x0000000790700000, 0x0000000790800000, 0x0000000790800000|100%| E|CS|TAMS 0x0000000790700000| PB 0x0000000790700000| Complete 
| 264|0x0000000790800000, 0x0000000790900000, 0x0000000790900000|100%| E|CS|TAMS 0x0000000790800000| PB 0x0000000790800000| Complete 
| 265|0x0000000790900000, 0x0000000790a00000, 0x0000000790a00000|100%| E|CS|TAMS 0x0000000790900000| PB 0x0000000790900000| Complete 
| 266|0x0000000790a00000, 0x0000000790b00000, 0x0000000790b00000|100%| E|CS|TAMS 0x0000000790a00000| PB 0x0000000790a00000| Complete 
| 267|0x0000000790b00000, 0x0000000790c00000, 0x0000000790c00000|100%| E|CS|TAMS 0x0000000790b00000| PB 0x0000000790b00000| Complete 
| 268|0x0000000790c00000, 0x0000000790d00000, 0x0000000790d00000|100%| E|CS|TAMS 0x0000000790c00000| PB 0x0000000790c00000| Complete 
| 269|0x0000000790d00000, 0x0000000790e00000, 0x0000000790e00000|100%| E|CS|TAMS 0x0000000790d00000| PB 0x0000000790d00000| Complete 
| 270|0x0000000790e00000, 0x0000000790f00000, 0x0000000790f00000|100%| E|CS|TAMS 0x0000000790e00000| PB 0x0000000790e00000| Complete 
| 271|0x0000000790f00000, 0x0000000791000000, 0x0000000791000000|100%| E|CS|TAMS 0x0000000790f00000| PB 0x0000000790f00000| Complete 
| 272|0x0000000791000000, 0x0000000791100000, 0x0000000791100000|100%| E|CS|TAMS 0x0000000791000000| PB 0x0000000791000000| Complete 
|2046|0x00000007ffe00000, 0x00000007fff00000, 0x00000007fff00000|100%| O|  |TAMS 0x00000007ffe00000| PB 0x00000007ffe00000| Untracked 
|2047|0x00000007fff00000, 0x0000000800000000, 0x0000000800000000|100%| E|CS|TAMS 0x00000007fff00000| PB 0x00000007fff00000| Complete 

Card table byte_map: [0x0000000107988000,0x0000000107d88000] _byte_map_base: 0x0000000103d88000

Marking Bits: (CMBitMap*) 0x00000001030c6f60
 Bits: [0x0000000120de4000, 0x0000000122de4000)

Polling page: 0x00000001028e4000

Metaspace:

Usage:
  Non-class:     97.96 MB used.
      Class:     12.57 MB used.
       Both:    110.52 MB used.

Virtual space:
  Non-class space:      128.00 MB reserved,      99.38 MB ( 78%) committed,  2 nodes.
      Class space:        1.00 GB reserved,      13.69 MB (  1%) committed,  1 nodes.
             Both:        1.12 GB reserved,     113.06 MB ( 10%) committed. 

Chunk freelists:
   Non-Class:  12.09 MB
       Class:  2.36 MB
        Both:  14.45 MB

MaxMetaspaceSize: unlimited
CompressedClassSpaceSize: 1.00 GB
Initial GC threshold: 21.00 MB
Current GC threshold: 187.50 MB
CDS: on
 - commit_granule_bytes: 65536.
 - commit_granule_words: 8192.
 - virtual_space_node_default_size: 8388608.
 - enlarge_chunks_in_place: 1.
 - use_allocation_guard: 0.


Internal statistics:

num_allocs_failed_limit: 18.
num_arena_births: 1676.
num_arena_deaths: 0.
num_vsnodes_births: 3.
num_vsnodes_deaths: 0.
num_space_committed: 1803.
num_space_uncommitted: 0.
num_chunks_returned_to_freelist: 18.
num_chunks_taken_from_freelist: 6496.
num_chunk_merges: 15.
num_chunk_splits: 4060.
num_chunks_enlarged: 2323.
num_inconsistent_stats: 0.

CodeHeap 'non-profiled nmethods': size=120032Kb used=10428Kb max_used=10428Kb free=109604Kb
 bounds [0x00000001198ac000, 0x000000011a35c000, 0x0000000120de4000]
CodeHeap 'profiled nmethods': size=120016Kb used=15863Kb max_used=29887Kb free=104153Kb
 bounds [0x0000000111de4000, 0x0000000113b14000, 0x0000000119318000]
CodeHeap 'non-nmethods': size=5712Kb used=2017Kb max_used=2129Kb free=3694Kb
 bounds [0x0000000119318000, 0x0000000119588000, 0x00000001198ac000]
CodeCache: size=245760Kb, used=28308Kb, max_used=42444Kb, free=217451Kb
 total_blobs=8780, nmethods=7591, adapters=1095, full_count=0
Compilation: enabled, stopped_count=0, restarted_count=0

Compilation events (20 events):
Event: 303.729 Thread 0x0000000b2d141000 nmethod 23479 0x00000001199b0a90 code [0x00000001199b1300, 0x00000001199b66c8]
Event: 304.384 Thread 0x0000000b2d141800 23480   !   3       org.eclipse.core.internal.jobs.JobManager::changeState (511 bytes)
Event: 304.388 Thread 0x0000000b2d141800 nmethod 23480 0x0000000112278410 code [0x0000000112278a40, 0x000000011227b230]
Event: 305.068 Thread 0x0000000b2d141000 23481       4       java.lang.invoke.VarHandleByteArrayAsLongs$ArrayHandle::index (13 bytes)
Event: 305.069 Thread 0x0000000b2d141800 23482       3       com.sun.crypto.provider.AESCrypt::encryptBlock (10 bytes)
Event: 305.069 Thread 0x0000000b2d141800 nmethod 23482 0x0000000113708090 code [0x0000000113708240, 0x00000001137083f0]
Event: 305.069 Thread 0x0000000b2d141800 23483       3       com.sun.crypto.provider.GHASH::processBlock (37 bytes)
Event: 305.069 Thread 0x0000000b2d141000 nmethod 23481 0x00000001199b0790 code [0x00000001199b0900, 0x00000001199b09d8]
Event: 305.070 Thread 0x0000000b2d141000 23484 %     4       com.sun.crypto.provider.GHASH::blockMult @ 23 (245 bytes)
Event: 305.070 Thread 0x0000000b2d141800 nmethod 23483 0x0000000111f4bd90 code [0x0000000111f4c080, 0x0000000111f4cb68]
Event: 305.075 Thread 0x0000000b2d141000 nmethod 23484% 0x0000000119d76890 code [0x0000000119d76a40, 0x0000000119d76ee0]
Event: 305.184 Thread 0x0000000b2d141000 23485       4       org.eclipse.core.runtime.Assert::isLegal (15 bytes)
Event: 305.184 Thread 0x0000000b2d141000 nmethod 23485 0x0000000119d76490 code [0x0000000119d76600, 0x0000000119d76698]
Event: 305.341 Thread 0x0000000b2d141800 23486       3       org.eclipse.swt.widgets.Control::enableWidget (30 bytes)
Event: 305.341 Thread 0x0000000b2d141800 nmethod 23486 0x000000011224ab10 code [0x000000011224ad00, 0x000000011224b340]
Event: 305.343 Thread 0x0000000b2d141800 23487       1       org.eclipse.jface.viewers.ColumnViewer::getCellModifier (5 bytes)
Event: 305.343 Thread 0x0000000b2d141800 nmethod 23487 0x00000001199b0490 code [0x00000001199b0600, 0x00000001199b06a8]
Event: 305.343 Thread 0x0000000b2d141000 23488       4       org.eclipse.swt.widgets.TreeItem::setText (129 bytes)
Event: 305.353 Thread 0x0000000b2d141800 23495       3       java.lang.AbstractStringBuilder::shift (37 bytes)
Event: 305.353 Thread 0x0000000b2d141800 nmethod 23495 0x0000000113707b10 code [0x0000000113707cc0, 0x0000000113707ed0]

GC Heap History (20 events):
Event: 122.630 GC heap before
{Heap before GC invocations=59 (full 0):
 garbage-first heap   total 280576K, used 250122K [0x0000000780000000, 0x0000000800000000)
  region size 1024K, 164 young (167936K), 8 survivors (8192K)
 Metaspace       used 112291K, committed 114816K, reserved 1179648K
  class space    used 12817K, committed 13952K, reserved 1048576K
}
Event: 122.637 GC heap after
{Heap after GC invocations=60 (full 0):
 garbage-first heap   total 280576K, used 91221K [0x0000000780000000, 0x0000000800000000)
  region size 1024K, 9 young (9216K), 9 survivors (9216K)
 Metaspace       used 112291K, committed 114816K, reserved 1179648K
  class space    used 12817K, committed 13952K, reserved 1048576K
}
Event: 143.495 GC heap before
{Heap before GC invocations=60 (full 0):
 garbage-first heap   total 280576K, used 249941K [0x0000000780000000, 0x0000000800000000)
  region size 1024K, 164 young (167936K), 9 survivors (9216K)
 Metaspace       used 112424K, committed 114944K, reserved 1179648K
  class space    used 12819K, committed 13952K, reserved 1048576K
}
Event: 143.501 GC heap after
{Heap after GC invocations=61 (full 0):
 garbage-first heap   total 280576K, used 91731K [0x0000000780000000, 0x0000000800000000)
  region size 1024K, 10 young (10240K), 10 survivors (10240K)
 Metaspace       used 112424K, committed 114944K, reserved 1179648K
  class space    used 12819K, committed 13952K, reserved 1048576K
}
Event: 163.393 GC heap before
{Heap before GC invocations=62 (full 0):
 garbage-first heap   total 280576K, used 248403K [0x0000000780000000, 0x0000000800000000)
  region size 1024K, 164 young (167936K), 10 survivors (10240K)
 Metaspace       used 112528K, committed 115072K, reserved 1179648K
  class space    used 12819K, committed 13952K, reserved 1048576K
}
Event: 163.401 GC heap after
{Heap after GC invocations=63 (full 0):
 garbage-first heap   total 280576K, used 93461K [0x0000000780000000, 0x0000000800000000)
  region size 1024K, 12 young (12288K), 12 survivors (12288K)
 Metaspace       used 112528K, committed 115072K, reserved 1179648K
  class space    used 12819K, committed 13952K, reserved 1048576K
}
Event: 182.586 GC heap before
{Heap before GC invocations=63 (full 0):
 garbage-first heap   total 280576K, used 248085K [0x0000000780000000, 0x0000000800000000)
  region size 1024K, 164 young (167936K), 12 survivors (12288K)
 Metaspace       used 112536K, committed 115072K, reserved 1179648K
  class space    used 12819K, committed 13952K, reserved 1048576K
}
Event: 182.597 GC heap after
{Heap after GC invocations=64 (full 0):
 garbage-first heap   total 280576K, used 93699K [0x0000000780000000, 0x0000000800000000)
  region size 1024K, 11 young (11264K), 11 survivors (11264K)
 Metaspace       used 112536K, committed 115072K, reserved 1179648K
  class space    used 12819K, committed 13952K, reserved 1048576K
}
Event: 204.328 GC heap before
{Heap before GC invocations=64 (full 0):
 garbage-first heap   total 280576K, used 249347K [0x0000000780000000, 0x0000000800000000)
  region size 1024K, 164 young (167936K), 11 survivors (11264K)
 Metaspace       used 112624K, committed 115200K, reserved 1179648K
  class space    used 12819K, committed 13952K, reserved 1048576K
}
Event: 204.334 GC heap after
{Heap after GC invocations=65 (full 0):
 garbage-first heap   total 280576K, used 95084K [0x0000000780000000, 0x0000000800000000)
  region size 1024K, 12 young (12288K), 12 survivors (12288K)
 Metaspace       used 112624K, committed 115200K, reserved 1179648K
  class space    used 12819K, committed 13952K, reserved 1048576K
}
Event: 225.683 GC heap before
{Heap before GC invocations=66 (full 0):
 garbage-first heap   total 280576K, used 249708K [0x0000000780000000, 0x0000000800000000)
  region size 1024K, 164 young (167936K), 12 survivors (12288K)
 Metaspace       used 112632K, committed 115200K, reserved 1179648K
  class space    used 12819K, committed 13952K, reserved 1048576K
}
Event: 225.691 GC heap after
{Heap after GC invocations=67 (full 0):
 garbage-first heap   total 280576K, used 94479K [0x0000000780000000, 0x0000000800000000)
  region size 1024K, 11 young (11264K), 11 survivors (11264K)
 Metaspace       used 112632K, committed 115200K, reserved 1179648K
  class space    used 12819K, committed 13952K, reserved 1048576K
}
Event: 241.455 GC heap before
{Heap before GC invocations=67 (full 0):
 garbage-first heap   total 280576K, used 253199K [0x0000000780000000, 0x0000000800000000)
  region size 1024K, 164 young (167936K), 11 survivors (11264K)
 Metaspace       used 112702K, committed 115200K, reserved 1179648K
  class space    used 12825K, committed 13952K, reserved 1048576K
}
Event: 241.466 GC heap after
{Heap after GC invocations=68 (full 0):
 garbage-first heap   total 280576K, used 101972K [0x0000000780000000, 0x0000000800000000)
  region size 1024K, 16 young (16384K), 16 survivors (16384K)
 Metaspace       used 112702K, committed 115200K, reserved 1179648K
  class space    used 12825K, committed 13952K, reserved 1048576K
}
Event: 259.985 GC heap before
{Heap before GC invocations=68 (full 0):
 garbage-first heap   total 280576K, used 246356K [0x0000000780000000, 0x0000000800000000)
  region size 1024K, 158 young (161792K), 16 survivors (16384K)
 Metaspace       used 112708K, committed 115264K, reserved 1179648K
  class space    used 12825K, committed 13952K, reserved 1048576K
}
Event: 259.993 GC heap after
{Heap after GC invocations=69 (full 0):
 garbage-first heap   total 280576K, used 101180K [0x0000000780000000, 0x0000000800000000)
  region size 1024K, 11 young (11264K), 11 survivors (11264K)
 Metaspace       used 112708K, committed 115264K, reserved 1179648K
  class space    used 12825K, committed 13952K, reserved 1048576K
}
Event: 285.537 GC heap before
{Heap before GC invocations=70 (full 0):
 garbage-first heap   total 280576K, used 255804K [0x0000000780000000, 0x0000000800000000)
  region size 1024K, 159 young (162816K), 11 survivors (11264K)
 Metaspace       used 112753K, committed 115328K, reserved 1179648K
  class space    used 12829K, committed 13952K, reserved 1048576K
}
Event: 285.544 GC heap after
{Heap after GC invocations=71 (full 0):
 garbage-first heap   total 280576K, used 97538K [0x0000000780000000, 0x0000000800000000)
  region size 1024K, 9 young (9216K), 9 survivors (9216K)
 Metaspace       used 112753K, committed 115328K, reserved 1179648K
  class space    used 12829K, committed 13952K, reserved 1048576K
}
Event: 301.630 GC heap before
{Heap before GC invocations=71 (full 0):
 garbage-first heap   total 280576K, used 254210K [0x0000000780000000, 0x0000000800000000)
  region size 1024K, 163 young (166912K), 9 survivors (9216K)
 Metaspace       used 112760K, committed 115328K, reserved 1179648K
  class space    used 12829K, committed 13952K, reserved 1048576K
}
Event: 301.637 GC heap after
{Heap after GC invocations=72 (full 0):
 garbage-first heap   total 280576K, used 97081K [0x0000000780000000, 0x0000000800000000)
  region size 1024K, 9 young (9216K), 9 survivors (9216K)
 Metaspace       used 112760K, committed 115328K, reserved 1179648K
  class space    used 12829K, committed 13952K, reserved 1048576K
}

Dll operation events (20 events):
Event: 0.004 Loaded shared library /Library/Java/JavaVirtualMachines/temurin-21.jdk/Contents/Home/lib/libzip.dylib
Event: 0.041 Loaded shared library /Library/Java/JavaVirtualMachines/temurin-21.jdk/Contents/Home/lib/libinstrument.dylib
Event: 0.063 Loaded shared library /Library/Java/JavaVirtualMachines/temurin-21.jdk/Contents/Home/lib/libnio.dylib
Event: 0.068 Loaded shared library /Library/Java/JavaVirtualMachines/temurin-21.jdk/Contents/Home/lib/libzip.dylib
Event: 0.071 Loaded shared library /Library/Java/JavaVirtualMachines/temurin-21.jdk/Contents/Home/lib/libverify.dylib
Event: 0.077 Loaded shared library /Library/Java/JavaVirtualMachines/temurin-21.jdk/Contents/Home/lib/libawt.dylib
Event: 0.079 Loaded shared library /Library/Java/JavaVirtualMachines/temurin-21.jdk/Contents/Home/lib/libawt_lwawt.dylib
Event: 0.089 Loaded shared library /Library/Java/JavaVirtualMachines/temurin-21.jdk/Contents/Home/lib/libnet.dylib
Event: 0.097 Loaded shared library /Library/Java/JavaVirtualMachines/temurin-21.jdk/Contents/Home/lib/libjimage.dylib
Event: 0.195 Loaded shared library /Library/Java/JavaVirtualMachines/temurin-21.jdk/Contents/Home/lib/libextnet.dylib
Event: 1.196 Loaded shared library /Users/labanovichttps/Documents/projects/dbeaver-workspace/products/DBeaverUltimate.product/org.eclipse.osgi/60/0/.cp/libswt-cocoa-4970r5.jnilib
Event: 1.235 Loaded shared library /Users/labanovichttps/Documents/projects/dbeaver-workspace/products/DBeaverUltimate.product/org.eclipse.osgi/60/0/.cp/libswt-pi-cocoa-4970r5.jnilib
Event: 1.712 Loaded shared library /Users/labanovichttps/Documents/projects/dbeaver-workspace/products/DBeaverUltimate.product/org.eclipse.osgi/90/0/.cp/os/macosx/libunixfile_1_0_0.jnilib
Event: 1.753 Loaded shared library /Library/Java/JavaVirtualMachines/temurin-21.jdk/Contents/Home/lib/libjaas.dylib
Event: 1.822 Loaded shared library /Users/labanovichttps/Documents/projects/dbeaver-workspace/products/DBeaverUltimate.product/org.eclipse.osgi/288/0/.cp/libkeystoreNative.jnilib
Event: 2.343 Loaded shared library /Library/Java/JavaVirtualMachines/temurin-21.jdk/Contents/Home/lib/libfontmanager.dylib
Event: 2.991 Loaded shared library /Library/Java/JavaVirtualMachines/temurin-21.jdk/Contents/Home/lib/libmlib_image.dylib
Event: 3.045 Loaded shared library /Library/Java/JavaVirtualMachines/temurin-21.jdk/Contents/Home/lib/libmanagement.dylib
Event: 3.051 Loaded shared library /Library/Java/JavaVirtualMachines/temurin-21.jdk/Contents/Home/lib/libmanagement_ext.dylib
Event: 5.076 Loaded shared library /Library/Java/JavaVirtualMachines/temurin-21.jdk/Contents/Home/lib/libprefs.dylib

Deoptimization events (20 events):
Event: 302.462 Thread 0x0000000b2381a300 DEOPT PACKING pc=0x0000000111df018c sp=0x000000033bb15cc0
Event: 302.462 Thread 0x0000000b2381a300 DEOPT UNPACKING pc=0x000000011935ae7c sp=0x000000033bb15ab0 mode 0
Event: 302.462 Thread 0x0000000b2381a300 DEOPT PACKING pc=0x0000000111df018c sp=0x000000033bb15cc0
Event: 302.462 Thread 0x0000000b2381a300 DEOPT UNPACKING pc=0x000000011935ae7c sp=0x000000033bb15ab0 mode 0
Event: 302.479 Thread 0x0000000b2381a300 DEOPT PACKING pc=0x0000000113679658 sp=0x000000033bb16270
Event: 302.479 Thread 0x0000000b2381a300 DEOPT UNPACKING pc=0x000000011935ae7c sp=0x000000033bb15f40 mode 3
Event: 302.482 Thread 0x0000000b2381a300 DEOPT PACKING pc=0x00000001135c1830 sp=0x000000033bb16470
Event: 302.482 Thread 0x0000000b2381a300 DEOPT UNPACKING pc=0x000000011935ae7c sp=0x000000033bb16110 mode 0
Event: 305.068 Thread 0x0000000b27292300 Uncommon trap: trap_request=0xffffffde fr.pc=0x000000011a1cbe1c relative=0x00000000000000dc
Event: 305.068 Thread 0x0000000b27292300 Uncommon trap: reason=class_check action=maybe_recompile pc=0x000000011a1cbe1c method=javax.crypto.Cipher.init(ILjava/security/Key;Ljava/security/spec/AlgorithmParameterSpec;Ljava/security/SecureRandom;)V @ 35 c2
Event: 305.068 Thread 0x0000000b27292300 DEOPT PACKING pc=0x000000011a1cbe1c sp=0x000000017209ded0
Event: 305.068 Thread 0x0000000b27292300 DEOPT UNPACKING pc=0x000000011935b01c sp=0x000000017209de90 mode 2
Event: 305.069 Thread 0x0000000b27292300 Uncommon trap: trap_request=0xffffffde fr.pc=0x000000011a1cbe1c relative=0x00000000000000dc
Event: 305.069 Thread 0x0000000b27292300 Uncommon trap: reason=class_check action=maybe_recompile pc=0x000000011a1cbe1c method=javax.crypto.Cipher.init(ILjava/security/Key;Ljava/security/spec/AlgorithmParameterSpec;Ljava/security/SecureRandom;)V @ 35 c2
Event: 305.069 Thread 0x0000000b27292300 DEOPT PACKING pc=0x000000011a1cbe1c sp=0x000000017209ded0
Event: 305.069 Thread 0x0000000b27292300 DEOPT UNPACKING pc=0x000000011935b01c sp=0x000000017209de90 mode 2
Event: 305.069 Thread 0x0000000b27292300 Uncommon trap: trap_request=0xffffff45 fr.pc=0x000000011a20b330 relative=0x0000000000001870
Event: 305.069 Thread 0x0000000b27292300 Uncommon trap: reason=unstable_if action=reinterpret pc=0x000000011a20b330 method=sun.nio.ch.NioSocketImpl.implRead([BII)I @ 64 c2
Event: 305.069 Thread 0x0000000b27292300 DEOPT PACKING pc=0x000000011a20b330 sp=0x000000017209def0
Event: 305.069 Thread 0x0000000b27292300 DEOPT UNPACKING pc=0x000000011935b01c sp=0x000000017209de10 mode 2

Classes loaded (20 events):
Event: 237.272 Loading class java/util/PriorityQueue
Event: 237.272 Loading class java/util/PriorityQueue done
Event: 237.273 Loading class org/h2/mvstore/Chunk
Event: 237.273 Loading class org/h2/mvstore/Chunk done
Event: 237.274 Loading class java/util/PriorityQueue$Itr
Event: 237.274 Loading class java/util/PriorityQueue$Itr done
Event: 237.274 Loading class java/nio/ByteBufferAsLongBufferB
Event: 237.275 Loading class java/nio/ByteBufferAsLongBufferB done
Event: 238.015 Loading class org/h2/table/TableType
Event: 238.015 Loading class org/h2/table/TableType done
Event: 238.017 Loading class org/h2/command/ddl/Analyze$SelectivityData
Event: 238.017 Loading class org/h2/command/ddl/Analyze$SelectivityData done
Event: 282.017 Loading class org/h2/mvstore/Chunk
Event: 282.017 Loading class org/h2/mvstore/Chunk done
Event: 282.018 Loading class org/h2/mvstore/Chunk$PositionComparator
Event: 282.018 Loading class org/h2/mvstore/Chunk$PositionComparator done
Event: 283.920 Loading class org/eclipse/jface/operation/AccumulatingProgressMonitor
Event: 283.920 Loading class org/eclipse/jface/operation/AccumulatingProgressMonitor done
Event: 283.921 Loading class org/jkiss/dbeaver/tools/transfer/DataTransferPipe
Event: 283.921 Loading class org/jkiss/dbeaver/tools/transfer/DataTransferPipe done

Classes unloaded (0 events):
No events

Classes redefined (1 events):
Event: 0.056 Thread 0x0000000b2c406400 redefined class name=java.lang.Throwable, count=1

Internal exceptions (20 events):
Event: 16.729 Thread 0x0000000b2cefd500 Exception <a 'java/lang/NoSuchMethodError'{0x00000007877ef5a0}: 'void java.lang.invoke.DelegatingMethodHandle$Holder.reinvoke_L(java.lang.Object, java.lang.Object, java.lang.Object, long)'> (0x00000007877ef5a0) 
thrown [src/hotspot/share/interpreter/linkResolver.cpp, line 773]
Event: 17.694 Thread 0x00000001030bddf0 Implicit null exception at 0x0000000119a4c9dc to 0x0000000119a4d6b4
Event: 17.777 Thread 0x00000001030bddf0 Exception <a 'java/lang/NoSuchMethodError'{0x00000007863ff590}: 'java.lang.Object java.lang.invoke.DirectMethodHandle$Holder.invokeStatic(java.lang.Object, int, int)'> (0x00000007863ff590) 
thrown [src/hotspot/share/interpreter/linkResolver.cpp, line 773]
Event: 29.695 Thread 0x00000001030bddf0 Exception <a 'java/io/FileNotFoundException'{0x0000000786e3b188}> (0x0000000786e3b188) 
thrown [src/hotspot/share/prims/jni.cpp, line 520]
Event: 29.695 Thread 0x00000001030bddf0 Exception <a 'java/io/FileNotFoundException'{0x0000000786e3c688}> (0x0000000786e3c688) 
thrown [src/hotspot/share/prims/jni.cpp, line 520]
Event: 29.695 Thread 0x00000001030bddf0 Exception <a 'java/io/FileNotFoundException'{0x0000000786e3d900}> (0x0000000786e3d900) 
thrown [src/hotspot/share/prims/jni.cpp, line 520]
Event: 31.887 Thread 0x0000000b2624f100 Exception <a 'java/lang/NoSuchMethodError'{0x00000007864a1610}: 'void java.lang.invoke.DirectMethodHandle$Holder.invokeInterface(java.lang.Object, java.lang.Object, java.lang.Object, java.lang.Object, java.lang.Object)'> (0x00000007864a1610) 
thrown [src/hotspot/share/interpreter/linkResolver.cpp, line 773]
Event: 34.757 Thread 0x0000000b2624f100 Exception <a 'java/lang/NoSuchMethodError'{0x00000007867501f8}: 'java.lang.Object java.lang.invoke.DirectMethodHandle$Holder.newInvokeSpecial(java.lang.Object, java.lang.Object, long)'> (0x00000007867501f8) 
thrown [src/hotspot/share/interpreter/linkResolver.cpp, line 773]
Event: 44.204 Thread 0x00000001030bddf0 Exception <a 'java/lang/NoSuchMethodError'{0x00000007906b5820}: 'int java.lang.invoke.DelegatingMethodHandle$Holder.delegate(java.lang.Object, int, java.lang.Object)'> (0x00000007906b5820) 
thrown [src/hotspot/share/interpreter/linkResolver.cpp, line 773]
Event: 46.366 Thread 0x00000001030bddf0 Exception <a 'java/lang/NoSuchMethodError'{0x000000078ad47538}: 'java.lang.Object java.lang.invoke.DirectMethodHandle$Holder.invokeVirtual(java.lang.Object, java.lang.Object, java.lang.Object, java.lang.Object, java.lang.Object, java.lang.Object)'> (0x000000078ad47538) 
thrown [src/hotspot/share/interpreter/linkResolver.cpp, line 773]
Event: 46.372 Thread 0x00000001030bddf0 Exception <a 'java/io/FileNotFoundException'{0x000000078ad7c7f0}> (0x000000078ad7c7f0) 
thrown [src/hotspot/share/prims/jni.cpp, line 520]
Event: 49.752 Thread 0x00000001030bddf0 Implicit null exception at 0x0000000119b05a8c to 0x0000000119b05c34
Event: 51.591 Thread 0x00000001030bddf0 Exception <a 'java/lang/NoSuchMethodError'{0x0000000790f6ace0}: 'java.lang.Object java.lang.invoke.DirectMethodHandle$Holder.newInvokeSpecial(java.lang.Object, java.lang.Object, java.lang.Object, java.lang.Object, java.lang.Object, java.lang.Object, java.lang.Object, java.lang.Object, java.lang.Object)'> (0x0000000790f6ace0) 
thrown [src/hotspot/share/interpreter/linkResolver.cpp, line 773]
Event: 61.321 Thread 0x00000001030bddf0 Exception <a 'java/lang/NoSuchMethodError'{0x000000078edfc878}: 'java.lang.Object java.lang.invoke.DirectMethodHandle$Holder.newInvokeSpecial(java.lang.Object, java.lang.Object, java.lang.Object, java.lang.Object, java.lang.Object, int)'> (0x000000078edfc878) 
thrown [src/hotspot/share/interpreter/linkResolver.cpp, line 773]
Event: 61.321 Thread 0x00000001030bddf0 Exception <a 'java/lang/NoSuchMethodError'{0x000000078ec28858}: 'java.lang.Object java.lang.invoke.DirectMethodHandle$Holder.invokeSpecial(java.lang.Object, java.lang.Object, java.lang.Object, java.lang.Object, java.lang.Object, java.lang.Object, int)'> (0x000000078ec28858) 
thrown [src/hotspot/share/interpreter/linkResolver.cpp, line 773]
Event: 61.321 Thread 0x00000001030bddf0 Exception <a 'java/lang/NoSuchMethodError'{0x000000078ec2c6b0}: 'java.lang.Object java.lang.invoke.Invokers$Holder.linkToTargetMethod(java.lang.Object, java.lang.Object, java.lang.Object, java.lang.Object, int, java.lang.Object)'> (0x000000078ec2c6b0) 
thrown [src/hotspot/share/interpreter/linkResolver.cpp, line 773]
Event: 122.637 Thread 0x0000000b2cd14000 Implicit null exception at 0x000000011a022784 to 0x000000011a0256cc
Event: 122.638 Thread 0x0000000b2671ce00 Implicit null exception at 0x000000011a142e04 to 0x000000011a143454
Event: 238.017 Thread 0x0000000b2671ce00 Implicit null exception at 0x000000011a178278 to 0x000000011a1783b0
Event: 282.034 Thread 0x0000000b25368700 Exception <a 'java/lang/NoSuchMethodError'{0x0000000789eefe88}: 'java.lang.Object java.lang.invoke.DirectMethodHandle$Holder.newInvokeSpecial(java.lang.Object, long)'> (0x0000000789eefe88) 
thrown [src/hotspot/share/interpreter/linkResolver.cpp, line 773]

ZGC Phase Switch (0 events):
No events

VM Operations (20 events):
Event: 298.575 Executing VM operation: Cleanup
Event: 298.575 Executing VM operation: Cleanup done
Event: 299.579 Executing VM operation: Cleanup
Event: 299.579 Executing VM operation: Cleanup done
Event: 300.605 Executing VM operation: HandshakeAllThreads (HandshakeForDeflation)
Event: 300.605 Executing VM operation: HandshakeAllThreads (HandshakeForDeflation) done
Event: 300.605 Executing VM operation: RendezvousGCThreads
Event: 300.605 Executing VM operation: RendezvousGCThreads done
Event: 301.630 Executing VM operation: G1CollectForAllocation (G1 Evacuation Pause)
Event: 301.637 Executing VM operation: G1CollectForAllocation (G1 Evacuation Pause) done
Event: 302.426 Executing VM operation: ICBufferFull
Event: 302.426 Executing VM operation: ICBufferFull done
Event: 302.454 Executing VM operation: ICBufferFull
Event: 302.454 Executing VM operation: ICBufferFull done
Event: 302.479 Executing VM operation: ICBufferFull
Event: 302.479 Executing VM operation: ICBufferFull done
Event: 303.485 Executing VM operation: Cleanup
Event: 303.485 Executing VM operation: Cleanup done
Event: 304.485 Executing VM operation: Cleanup
Event: 304.485 Executing VM operation: Cleanup done

Memory protections (20 events):
Event: 61.319 Protecting memory [0x000000032dbd0000,0x000000032dbdc000] with protection modes 3
Event: 61.322 Protecting memory [0x000000032d078000,0x000000032d084000] with protection modes 0
Event: 61.328 Protecting memory [0x000000032d078000,0x000000032d084000] with protection modes 3
Event: 61.339 Protecting memory [0x000000033eb10000,0x000000033eb1c000] with protection modes 0
Event: 61.356 Protecting memory [0x000000033ed1c000,0x000000033ed28000] with protection modes 0
Event: 63.443 Protecting memory [0x0000000329610000,0x000000032961c000] with protection modes 3
Event: 65.904 Protecting memory [0x000000032a8d4000,0x000000032a8e0000] with protection modes 3
Event: 68.803 Protecting memory [0x000000033ce78000,0x000000033ce84000] with protection modes 3
Event: 126.923 Protecting memory [0x000000032a8cc000,0x000000032a8d8000] with protection modes 0
Event: 126.924 Protecting memory [0x000000033ccf8000,0x000000033cd04000] with protection modes 0
Event: 136.571 Protecting memory [0x000000033da70000,0x000000033da7c000] with protection modes 0
Event: 146.575 Protecting memory [0x000000032a8cc000,0x000000032a8d8000] with protection modes 3
Event: 146.577 Protecting memory [0x000000033da70000,0x000000033da7c000] with protection modes 3
Event: 186.927 Protecting memory [0x000000033ccf8000,0x000000033cd04000] with protection modes 3
Event: 264.554 Protecting memory [0x000000032a8cc000,0x000000032a8d8000] with protection modes 0
Event: 264.557 Protecting memory [0x000000033ccf8000,0x000000033cd04000] with protection modes 0
Event: 274.559 Protecting memory [0x000000032a8cc000,0x000000032a8d8000] with protection modes 3
Event: 274.562 Protecting memory [0x000000033ccf8000,0x000000033cd04000] with protection modes 3
Event: 283.937 Protecting memory [0x000000033ed1c000,0x000000033ed28000] with protection modes 3
Event: 305.339 Protecting memory [0x000000033eb10000,0x000000033eb1c000] with protection modes 3

Nmethod flushes (20 events):
Event: 260.037 Thread 0x0000000b2c406400 flushing  nmethod 0x000000011315ab90
Event: 260.037 Thread 0x0000000b2c406400 flushing  nmethod 0x00000001136c9810
Event: 260.037 Thread 0x0000000b2c406400 flushing  nmethod 0x00000001137d8a90
Event: 260.037 Thread 0x0000000b2c406400 flushing  nmethod 0x0000000111f00990
Event: 260.037 Thread 0x0000000b2c406400 flushing  nmethod 0x0000000111fe4e90
Event: 260.037 Thread 0x0000000b2c406400 flushing  nmethod 0x0000000111fe5790
Event: 260.037 Thread 0x0000000b2c406400 flushing  nmethod 0x0000000111fe5e10
Event: 260.037 Thread 0x0000000b2c406400 flushing  nmethod 0x000000011211a190
Event: 260.037 Thread 0x0000000b2c406400 flushing  nmethod 0x000000011225a710
Event: 260.037 Thread 0x0000000b2c406400 flushing  nmethod 0x00000001123ef710
Event: 260.037 Thread 0x0000000b2c406400 flushing  nmethod 0x00000001123f0890
Event: 260.037 Thread 0x0000000b2c406400 flushing  nmethod 0x0000000112824a10
Event: 260.037 Thread 0x0000000b2c406400 flushing  nmethod 0x0000000112838e90
Event: 260.037 Thread 0x0000000b2c406400 flushing  nmethod 0x000000011312de90
Event: 260.037 Thread 0x0000000b2c406400 flushing  nmethod 0x0000000113137890
Event: 260.037 Thread 0x0000000b2c406400 flushing  nmethod 0x0000000113139c90
Event: 260.037 Thread 0x0000000b2c406400 flushing  nmethod 0x0000000113564110
Event: 260.037 Thread 0x0000000b2c406400 flushing  nmethod 0x00000001139f3b90
Event: 260.037 Thread 0x0000000b2c406400 flushing  nmethod 0x00000001139fa910
Event: 260.037 Thread 0x0000000b2c406400 flushing  nmethod 0x00000001139fb990

Events (20 events):
Event: 61.319 Thread 0x0000000b25644e00 Thread exited: 0x0000000b25644e00
Event: 61.322 Thread 0x00000001030bddf0 Thread added: 0x0000000b262dc700
Event: 61.328 Thread 0x0000000b262dc700 Thread exited: 0x0000000b262dc700
Event: 61.339 Thread 0x00000001030bddf0 Thread added: 0x0000000b25644700
Event: 61.356 Thread 0x00000001030bddf0 Thread added: 0x0000000b262dc700
Event: 63.443 Thread 0x0000000b24dfc700 Thread exited: 0x0000000b24dfc700
Event: 65.904 Thread 0x0000000b25b4ce00 Thread exited: 0x0000000b25b4ce00
Event: 68.803 Thread 0x0000000b24f41500 Thread exited: 0x0000000b24f41500
Event: 126.923 Thread 0x0000000b25644700 Thread added: 0x0000000b28c21500
Event: 126.924 Thread 0x0000000b28c21500 Thread added: 0x0000000b26106a00
Event: 136.571 Thread 0x0000000b25644700 Thread added: 0x0000000b23f32300
Event: 146.575 Thread 0x0000000b28c21500 Thread exited: 0x0000000b28c21500
Event: 146.577 Thread 0x0000000b23f32300 Thread exited: 0x0000000b23f32300
Event: 186.927 Thread 0x0000000b26106a00 Thread exited: 0x0000000b26106a00
Event: 264.554 Thread 0x0000000b262dc700 Thread added: 0x0000000b24f41500
Event: 264.557 Thread 0x0000000b24f41500 Thread added: 0x0000000b272b9c00
Event: 274.559 Thread 0x0000000b24f41500 Thread exited: 0x0000000b24f41500
Event: 274.562 Thread 0x0000000b272b9c00 Thread exited: 0x0000000b272b9c00
Event: 283.937 Thread 0x0000000b262dc700 Thread exited: 0x0000000b262dc700
Event: 305.339 Thread 0x0000000b25644700 Thread exited: 0x0000000b25644700


Dynamic libraries:
0x00000001028f0000 	/Library/Java/JavaVirtualMachines/temurin-21.jdk/Contents/Home/lib/libjli.dylib
0x00000001b6827000 	/System/Library/Frameworks/Cocoa.framework/Versions/A/Cocoa
0x000000019c0e1000 	/System/Library/Frameworks/AppKit.framework/Versions/C/AppKit
0x000000019f6e7000 	/System/Library/Frameworks/CoreData.framework/Versions/A/CoreData
0x00000001994fa000 	/System/Library/Frameworks/Foundation.framework/Versions/C/Foundation
0x00000001a757d000 	/usr/lib/libSystem.B.dylib
0x000000019d7dd000 	/System/Library/PrivateFrameworks/UIFoundation.framework/Versions/A/UIFoundation
0x000000024c745000 	/System/Library/PrivateFrameworks/CollectionViewCore.framework/Versions/A/CollectionViewCore
0x00000001a4966000 	/System/Library/PrivateFrameworks/XCTTargetBootstrap.framework/Versions/A/XCTTargetBootstrap
0x00000001a9eb2000 	/System/Library/PrivateFrameworks/InternationalSupport.framework/Versions/A/InternationalSupport
0x00000001aa20c000 	/System/Library/PrivateFrameworks/UserActivity.framework/Versions/A/UserActivity
0x000000019fd73000 	/System/Library/PrivateFrameworks/BaseBoard.framework/Versions/A/BaseBoard
0x0000000254c1f000 	/System/Library/PrivateFrameworks/FrontBoard.framework/Versions/A/FrontBoard
0x00000001b178a000 	/System/Library/PrivateFrameworks/FrontBoardServices.framework/Versions/A/FrontBoardServices
0x000000028efe0000 	/usr/lib/libRosetta.dylib
0x0000000282c8a000 	/System/Library/PrivateFrameworks/UIIntelligenceSupport.framework/Versions/A/UIIntelligenceSupport
0x0000000241aa5000 	/System/Library/Frameworks/SwiftUICore.framework/Versions/A/SwiftUICore
0x0000000288f09000 	/System/Library/PrivateFrameworks/WritingTools.framework/Versions/A/WritingTools
0x0000000287db7000 	/System/Library/PrivateFrameworks/WindowManagement.framework/Versions/A/WindowManagement
0x000000019915a000 	/System/Library/Frameworks/SystemConfiguration.framework/Versions/A/SystemConfiguration
0x00000001a9203000 	/usr/lib/libspindump.dylib
0x000000019d997000 	/System/Library/Frameworks/UniformTypeIdentifiers.framework/Versions/A/UniformTypeIdentifiers
0x00000001a6841000 	/usr/lib/libbsm.0.dylib
0x00000001a20b4000 	/usr/lib/libapp_launch_measurement.dylib
0x00000001a13c3000 	/System/Library/PrivateFrameworks/CoreAnalytics.framework/Versions/A/CoreAnalytics
0x00000001a20b8000 	/System/Library/PrivateFrameworks/CoreAutoLayout.framework/Versions/A/CoreAutoLayout
0x00000001a3ec2000 	/System/Library/Frameworks/Metal.framework/Versions/A/Metal
0x00000001a52a9000 	/usr/lib/liblangid.dylib
0x00000001a496c000 	/System/Library/PrivateFrameworks/CoreSVG.framework/Versions/A/CoreSVG
0x000000019e3ea000 	/System/Library/PrivateFrameworks/SkyLight.framework/Versions/A/SkyLight
0x0000000254966000 	/System/Library/PrivateFrameworks/FocusEngine.framework/Versions/A/FocusEngine
0x000000019e977000 	/System/Library/Frameworks/CoreGraphics.framework/Versions/A/CoreGraphics
0x00000002526f1000 	/System/Library/PrivateFrameworks/DesignLibrary.framework/Versions/A/DesignLibrary
0x00000001afac3000 	/System/Library/Frameworks/Accelerate.framework/Versions/A/Accelerate
0x00000001a9009000 	/System/Library/PrivateFrameworks/IconServices.framework/Versions/A/IconServices
0x00000001a3e9b000 	/System/Library/Frameworks/IOSurface.framework/Versions/A/IOSurface
0x00000001a13f3000 	/usr/lib/libDiagnosticMessagesClient.dylib
0x00000001a74c6000 	/usr/lib/libz.1.dylib
0x00000001b3cb2000 	/System/Library/Frameworks/ApplicationServices.framework/Versions/A/ApplicationServices
0x00000001a4951000 	/System/Library/PrivateFrameworks/DFRFoundation.framework/Versions/A/DFRFoundation
0x000000019b931000 	/usr/lib/libicucore.A.dylib
0x00000001ab42c000 	/System/Library/Frameworks/AudioToolbox.framework/Versions/A/AudioToolbox
0x00000001aa1ba000 	/System/Library/PrivateFrameworks/DataDetectorsCore.framework/Versions/A/DataDetectorsCore
0x0000000283740000 	/System/Library/PrivateFrameworks/UpdateCycle.framework/Versions/A/UpdateCycle
0x00000001c797c000 	/System/Library/PrivateFrameworks/TextInput.framework/Versions/A/TextInput
0x000000019e32e000 	/usr/lib/libMobileGestalt.dylib
0x00000001a464e000 	/System/Library/Frameworks/Carbon.framework/Versions/A/Frameworks/HIToolbox.framework/Versions/A/HIToolbox
0x00000001a1928000 	/System/Library/Frameworks/QuartzCore.framework/Versions/A/QuartzCore
0x000000019b50a000 	/System/Library/Frameworks/Security.framework/Versions/A/Security
0x00000001af448000 	/System/Library/Frameworks/Carbon.framework/Versions/A/Frameworks/SpeechRecognition.framework/Versions/A/SpeechRecognition
0x00000001a1d84000 	/System/Library/PrivateFrameworks/CoreUI.framework/Versions/A/CoreUI
0x000000019ad5d000 	/System/Library/Frameworks/CoreAudio.framework/Versions/A/CoreAudio
0x00000001a14e7000 	/System/Library/Frameworks/DiskArbitration.framework/Versions/A/DiskArbitration
0x00000001a96b9000 	/System/Library/PrivateFrameworks/MultitouchSupport.framework/Versions/A/MultitouchSupport
0x000000019e32c000 	/usr/lib/libenergytrace.dylib
0x00000001bb2f6000 	/System/Library/PrivateFrameworks/RenderBox.framework/Versions/A/RenderBox
0x000000019bf88000 	/System/Library/Frameworks/IOKit.framework/Versions/A/IOKit
0x00000001af84e000 	/System/Library/Frameworks/CoreServices.framework/Versions/A/CoreServices
0x00000001a2045000 	/System/Library/PrivateFrameworks/PerformanceAnalysis.framework/Versions/A/PerformanceAnalysis
0x00000001fc982000 	/System/Library/Frameworks/OpenGL.framework/Versions/A/OpenGL
0x00000001a2102000 	/usr/lib/libxml2.2.dylib
0x00000001a671d000 	/System/Library/PrivateFrameworks/MobileKeyBag.framework/Versions/A/MobileKeyBag
0x0000000197828000 	/usr/lib/libobjc.A.dylib
0x0000000197b83000 	/usr/lib/libc++.1.dylib
0x00000001af7cc000 	/System/Library/Frameworks/Accessibility.framework/Versions/A/Accessibility
0x000000019f0ce000 	/System/Library/Frameworks/ColorSync.framework/Versions/A/ColorSync
0x0000000197cb4000 	/System/Library/Frameworks/CoreFoundation.framework/Versions/A/CoreFoundation
0x00000001a4ceb000 	/System/Library/Frameworks/CoreImage.framework/Versions/A/CoreImage
0x000000019ab31000 	/System/Library/Frameworks/CoreText.framework/Versions/A/CoreText
0x000000023c1e0000 	/System/Library/Frameworks/CoreTransferable.framework/Versions/A/CoreTransferable
0x000000023c70f000 	/System/Library/Frameworks/DataDetection.framework/Versions/A/DataDetection
0x000000023c723000 	/System/Library/Frameworks/DeveloperToolsSupport.framework/Versions/A/DeveloperToolsSupport
0x00000001a49aa000 	/System/Library/Frameworks/ImageIO.framework/Versions/A/ImageIO
0x00000002429ca000 	/System/Library/Frameworks/Symbols.framework/Versions/A/Symbols
0x00000001cca9b000 	/System/Library/PrivateFrameworks/AttributeGraph.framework/Versions/A/AttributeGraph
0x00000001b1869000 	/System/Library/PrivateFrameworks/BoardServices.framework/Versions/A/BoardServices
0x00000001f0665000 	/System/Library/PrivateFrameworks/FeatureFlags.framework/Versions/A/FeatureFlags
0x000000025d878000 	/System/Library/PrivateFrameworks/Gestures.framework/Versions/A/Gestures
0x00000001a7582000 	/System/Library/PrivateFrameworks/SoftLinking.framework/Versions/A/SoftLinking
0x00000001daff0000 	/usr/lib/swift/libswiftAccelerate.dylib
0x00000001aad97000 	/usr/lib/swift/libswiftCore.dylib
0x00000001c3cda000 	/usr/lib/swift/libswiftCoreFoundation.dylib
0x00000001c3d33000 	/usr/lib/swift/libswiftCoreImage.dylib
0x00000001b1507000 	/usr/lib/swift/libswiftDispatch.dylib
0x00000001c3d34000 	/usr/lib/swift/libswiftIOKit.dylib
0x00000001d1673000 	/usr/lib/swift/libswiftMetal.dylib
0x00000001e0677000 	/usr/lib/swift/libswiftOSLog.dylib
0x00000001b42fb000 	/usr/lib/swift/libswiftObjectiveC.dylib
0x0000000290191000 	/usr/lib/swift/libswiftObservation.dylib
0x00000001d6800000 	/usr/lib/swift/libswiftQuartzCore.dylib
0x00000002902cf000 	/usr/lib/swift/libswiftSynchronization.dylib
0x00000001dafe1000 	/usr/lib/swift/libswiftUniformTypeIdentifiers.dylib
0x00000001c3cec000 	/usr/lib/swift/libswiftXPC.dylib
0x0000000290309000 	/usr/lib/swift/libswift_Builtin_float.dylib
0x000000029030c000 	/usr/lib/swift/libswift_Concurrency.dylib
0x00000001b42ff000 	/usr/lib/swift/libswiftos.dylib
0x00000001c7717000 	/usr/lib/swift/libswiftsimd.dylib
0x00000001a77a8000 	/usr/lib/libcompression.dylib
0x00000001a9e12000 	/System/Library/PrivateFrameworks/TextureIO.framework/Versions/A/TextureIO
0x000000019f289000 	/System/Library/Frameworks/ApplicationServices.framework/Versions/A/Frameworks/HIServices.framework/Versions/A/HIServices
0x00000001a8c92000 	/usr/lib/libate.dylib
0x00000001a7577000 	/usr/lib/system/libcache.dylib
0x00000001a7532000 	/usr/lib/system/libcommonCrypto.dylib
0x00000001a755d000 	/usr/lib/system/libcompiler_rt.dylib
0x00000001a7552000 	/usr/lib/system/libcopyfile.dylib
0x00000001979be000 	/usr/lib/system/libcorecrypto.dylib
0x0000000197ab7000 	/usr/lib/system/libdispatch.dylib
0x000000019787c000 	/usr/lib/system/libdyld.dylib
0x00000001a756d000 	/usr/lib/system/libkeymgr.dylib
0x00000001a7515000 	/usr/lib/system/libmacho.dylib
0x00000001a6819000 	/usr/lib/system/libquarantine.dylib
0x00000001a756a000 	/usr/lib/system/libremovefile.dylib
0x000000019e3ae000 	/usr/lib/system/libsystem_asl.dylib
0x000000019794c000 	/usr/lib/system/libsystem_blocks.dylib
0x0000000197b01000 	/usr/lib/system/libsystem_c.dylib
0x00000001a7561000 	/usr/lib/system/libsystem_collections.dylib
0x00000001a5296000 	/usr/lib/system/libsystem_configuration.dylib
0x00000001a3e64000 	/usr/lib/system/libsystem_containermanager.dylib
0x00000001a6f9a000 	/usr/lib/system/libsystem_coreservices.dylib
0x000000019bc03000 	/usr/lib/system/libsystem_darwin.dylib
0x000000029065e000 	/usr/lib/system/libsystem_darwindirectory.dylib
0x00000001a756e000 	/usr/lib/system/libsystem_dnssd.dylib
0x0000000290662000 	/usr/lib/system/libsystem_eligibility.dylib
0x0000000197afe000 	/usr/lib/system/libsystem_featureflags.dylib
0x0000000197c84000 	/usr/lib/system/libsystem_info.dylib
0x00000001a74d6000 	/usr/lib/system/libsystem_m.dylib
0x0000000197a6b000 	/usr/lib/system/libsystem_malloc.dylib
0x000000019e311000 	/usr/lib/system/libsystem_networkextension.dylib
0x000000019c073000 	/usr/lib/system/libsystem_notify.dylib
0x00000001a529b000 	/usr/lib/system/libsystem_sandbox.dylib
0x000000029066a000 	/usr/lib/system/libsystem_sanitizers.dylib
0x00000001a7566000 	/usr/lib/system/libsystem_secinit.dylib
0x0000000197c31000 	/usr/lib/system/libsystem_kernel.dylib
0x0000000197c7b000 	/usr/lib/system/libsystem_platform.dylib
0x0000000197c6e000 	/usr/lib/system/libsystem_pthread.dylib
0x000000019ff56000 	/usr/lib/system/libsystem_symptoms.dylib
0x000000019799d000 	/usr/lib/system/libsystem_trace.dylib
0x0000000290672000 	/usr/lib/system/libsystem_trial.dylib
0x00000001a7540000 	/usr/lib/system/libunwind.dylib
0x0000000197950000 	/usr/lib/system/libxpc.dylib
0x0000000197c16000 	/usr/lib/libc++abi.dylib
0x000000028ff13000 	/usr/lib/libswiftPrespecialized.dylib
0x00000001a757f000 	/usr/lib/libfakelink.dylib
0x000000019df57000 	/System/Library/Frameworks/CFNetwork.framework/Versions/A/CFNetwork
0x00000001a75d3000 	/usr/lib/libarchive.2.dylib
0x00000001ad567000 	/System/Library/Frameworks/Combine.framework/Versions/A/Combine
0x000000024c76a000 	/System/Library/PrivateFrameworks/CollectionsInternal.framework/Versions/A/CollectionsInternal
0x000000027249b000 	/System/Library/PrivateFrameworks/ReflectionInternal.framework/Versions/A/ReflectionInternal
0x00000002732e8000 	/System/Library/PrivateFrameworks/RuntimeInternal.framework/Versions/A/RuntimeInternal
0x00000001c0cd2000 	/usr/lib/swift/libswiftDarwin.dylib
0x00000002902d7000 	/usr/lib/swift/libswiftSystem.dylib
0x0000000290397000 	/usr/lib/swift/libswift_DarwinFoundation1.dylib
0x0000000290478000 	/usr/lib/swift/libswift_StringProcessing.dylib
0x000000019bf08000 	/System/Library/PrivateFrameworks/CoreServicesInternal.framework/Versions/A/CoreServicesInternal
0x00000001a754a000 	/usr/lib/liboah.dylib
0x00000001b3758000 	/System/Library/PrivateFrameworks/DiskImages.framework/Versions/A/DiskImages
0x00000001c079a000 	/System/Library/Frameworks/NetFS.framework/Versions/A/NetFS
0x00000001a207c000 	/System/Library/Frameworks/CoreServices.framework/Versions/A/Frameworks/FSEvents.framework/Versions/A/FSEvents
0x000000019bc0e000 	/System/Library/Frameworks/CoreServices.framework/Versions/A/Frameworks/CarbonCore.framework/Versions/A/CarbonCore
0x00000001a145b000 	/System/Library/Frameworks/CoreServices.framework/Versions/A/Frameworks/Metadata.framework/Versions/A/Metadata
0x00000001a6fa2000 	/System/Library/Frameworks/CoreServices.framework/Versions/A/Frameworks/OSServices.framework/Versions/A/OSServices
0x00000001a76cb000 	/System/Library/Frameworks/CoreServices.framework/Versions/A/Frameworks/SearchKit.framework/Versions/A/SearchKit
0x000000019fed0000 	/System/Library/Frameworks/CoreServices.framework/Versions/A/Frameworks/AE.framework/Versions/A/AE
0x0000000198201000 	/System/Library/Frameworks/CoreServices.framework/Versions/A/Frameworks/LaunchServices.framework/Versions/A/LaunchServices
0x00000001a8ae8000 	/System/Library/Frameworks/CoreServices.framework/Versions/A/Frameworks/DictionaryServices.framework/Versions/A/DictionaryServices
0x00000001a208a000 	/System/Library/Frameworks/CoreServices.framework/Versions/A/Frameworks/SharedFileList.framework/Versions/A/SharedFileList
0x00000001a7760000 	/usr/lib/libapple_nghttp2.dylib
0x000000019faea000 	/usr/lib/libsqlite3.dylib
0x000000019fcd2000 	/System/Library/Frameworks/Accounts.framework/Versions/A/Accounts
0x00000001b399f000 	/System/Library/PrivateFrameworks/AppSupport.framework/Versions/A/AppSupport
0x00000001ababe000 	/System/Library/Frameworks/GSS.framework/Versions/A/GSS
0x000000019fe64000 	/System/Library/PrivateFrameworks/RunningBoardServices.framework/Versions/A/RunningBoardServices
0x00000001b4289000 	/System/Library/PrivateFrameworks/StreamingZip.framework/Versions/A/StreamingZip
0x000000019ff5f000 	/System/Library/Frameworks/Network.framework/Versions/A/Network
0x00000001a7519000 	/usr/lib/system/libkxld.dylib
0x0000000248190000 	/System/Library/PrivateFrameworks/AppleKeyStore.framework/Versions/A/AppleKeyStore
0x000000028ece4000 	/usr/lib/libCoreEntitlements.dylib
0x00000002687f5000 	/System/Library/PrivateFrameworks/MessageSecurity.framework/Versions/A/MessageSecurity
0x000000019face000 	/System/Library/PrivateFrameworks/ProtocolBuffer.framework/Versions/A/ProtocolBuffer
0x00000001bbfcf000 	/System/Library/PrivateFrameworks/CloudServices.framework/Versions/A/CloudServices
0x00000001b0943000 	/System/Library/PrivateFrameworks/SymptomDiagnosticReporter.framework/Versions/A/SymptomDiagnosticReporter
0x00000001a8d2c000 	/System/Library/PrivateFrameworks/CrashReporterSupport.framework/Versions/A/CrashReporterSupport
0x00000001a6f81000 	/System/Library/PrivateFrameworks/AppleFSCompression.framework/Versions/A/AppleFSCompression
0x00000001a6829000 	/usr/lib/libcoretls.dylib
0x00000001a8b5f000 	/usr/lib/libcoretls_cfhelpers.dylib
0x00000001a77a1000 	/usr/lib/libpam.2.dylib
0x00000001a8bd1000 	/usr/lib/libxar.1.dylib
0x00000001a8b61000 	/System/Library/PrivateFrameworks/APFS.framework/Versions/A/APFS
0x000000027d863000 	/System/Library/PrivateFrameworks/SwiftASN1Internal.framework/Versions/A/SwiftASN1Internal
0x00000001a8be0000 	/usr/lib/libutil.dylib
0x00000001a52a4000 	/System/Library/PrivateFrameworks/AppleSystemInfo.framework/Versions/A/AppleSystemInfo
0x00000001a650d000 	/System/Library/PrivateFrameworks/IOMobileFramebuffer.framework/Versions/A/IOMobileFramebuffer
0x00000001c3ba1000 	/System/Library/PrivateFrameworks/LoggingSupport.framework/Versions/A/LoggingSupport
0x00000001abb21000 	/System/Library/PrivateFrameworks/MobileAsset.framework/Versions/A/MobileAsset
0x00000001b0953000 	/System/Library/PrivateFrameworks/PowerLog.framework/Versions/A/PowerLog
0x0000000241949000 	/System/Library/Frameworks/SwiftData.framework/Versions/A/SwiftData
0x00000001a22ac000 	/System/Library/PrivateFrameworks/UserManagement.framework/Versions/A/UserManagement
0x000000019de84000 	/usr/lib/libboringssl.dylib
0x000000019ff44000 	/usr/lib/libdns_services.dylib
0x00000001c2bdf000 	/usr/lib/libquic.dylib
0x00000001aad28000 	/usr/lib/libusrtcp.dylib
0x0000000248edf000 	/System/Library/PrivateFrameworks/AtomicsInternal.framework/Versions/A/AtomicsInternal
0x00000001e8a9e000 	/System/Library/PrivateFrameworks/InternalSwiftProtobuf.framework/Versions/A/InternalSwiftProtobuf
0x0000000290168000 	/usr/lib/swift/libswiftDistributed.dylib
0x00000001a52a2000 	/System/Library/PrivateFrameworks/AggregateDictionary.framework/Versions/A/AggregateDictionary
0x0000000249657000 	/System/Library/PrivateFrameworks/BiomeLibrary.framework/Versions/A/BiomeLibrary
0x00000001d25c0000 	/System/Library/PrivateFrameworks/BiomeStreams.framework/Versions/A/BiomeStreams
0x00000001ce95b000 	/System/Library/PrivateFrameworks/BiomeFoundation.framework/Versions/A/BiomeFoundation
0x00000001d8588000 	/System/Library/PrivateFrameworks/BiomePubSub.framework/Versions/A/BiomePubSub
0x00000001b52a6000 	/System/Library/PrivateFrameworks/ProactiveSupport.framework/Versions/A/ProactiveSupport
0x00000001a8b40000 	/usr/lib/liblzma.5.dylib
0x00000001b3cb3000 	/System/Library/PrivateFrameworks/InternationalTextSearch.framework/Versions/A/InternationalTextSearch
0x00000001caea0000 	/System/Library/PrivateFrameworks/SoftwareUpdateCoreSupport.framework/Versions/A/SoftwareUpdateCoreSupport
0x00000001d3004000 	/System/Library/PrivateFrameworks/SoftwareUpdateCoreConnect.framework/Versions/A/SoftwareUpdateCoreConnect
0x00000001b3856000 	/System/Library/PrivateFrameworks/RemoteServiceDiscovery.framework/Versions/A/RemoteServiceDiscovery
0x00000001caa9e000 	/System/Library/PrivateFrameworks/MSUDataAccessor.framework/Versions/A/MSUDataAccessor
0x00000001c5cd4000 	/usr/lib/libbootpolicy.dylib
0x00000001b386c000 	/System/Library/PrivateFrameworks/RemoteXPC.framework/Versions/A/RemoteXPC
0x00000001d248d000 	/usr/lib/libFDR.dylib
0x00000001d81b8000 	/usr/lib/libamsupport.dylib
0x000000028efd8000 	/usr/lib/libReverseProxyDevice.dylib
0x0000000247b27000 	/System/Library/PrivateFrameworks/AppleDeviceQuerySupport.framework/Versions/A/AppleDeviceQuerySupport
0x00000001db1f1000 	/usr/lib/libpartition2_dynamic.dylib
0x00000001a773c000 	/System/Library/PrivateFrameworks/AppleSauce.framework/Versions/A/AppleSauce
0x000000028eb87000 	/usr/lib/libAppleArchive.dylib
0x00000001a6f8d000 	/usr/lib/libbz2.1.0.dylib
0x00000001a14f1000 	/System/Library/Frameworks/Accelerate.framework/Versions/A/Frameworks/vImage.framework/Versions/A/vImage
0x00000001af828000 	/System/Library/Frameworks/Accelerate.framework/Versions/A/Frameworks/vecLib.framework/Versions/A/vecLib
0x00000001a8c17000 	/System/Library/Frameworks/Accelerate.framework/Versions/A/Frameworks/vecLib.framework/Versions/A/libvMisc.dylib
0x00000001986f3000 	/System/Library/Frameworks/Accelerate.framework/Versions/A/Frameworks/vecLib.framework/Versions/A/libBLAS.dylib
0x00000001a21e9000 	/System/Library/Frameworks/CoreVideo.framework/Versions/A/CoreVideo
0x00000001ab6c9000 	/System/Library/Frameworks/ApplicationServices.framework/Versions/A/Frameworks/ATS.framework/Versions/A/ATS
0x00000001a9d9b000 	/System/Library/Frameworks/ApplicationServices.framework/Versions/A/Frameworks/PrintCore.framework/Versions/A/PrintCore
0x00000001aba87000 	/System/Library/Frameworks/ApplicationServices.framework/Versions/A/Frameworks/QD.framework/Versions/A/QD
0x00000001aba82000 	/System/Library/Frameworks/ApplicationServices.framework/Versions/A/Frameworks/ColorSyncLegacy.framework/Versions/A/ColorSyncLegacy
0x00000001ab69b000 	/System/Library/Frameworks/ApplicationServices.framework/Versions/A/Frameworks/SpeechSynthesis.framework/Versions/A/SpeechSynthesis
0x00000001a4389000 	/System/Library/PrivateFrameworks/FontServices.framework/libFontParser.dylib
0x00000001b357c000 	/System/Library/PrivateFrameworks/BackBoardServices.framework/Versions/A/BackBoardServices
0x0000000249576000 	/System/Library/PrivateFrameworks/BackBoardHIDEventFoundation.framework/Versions/A/BackBoardHIDEventFoundation
0x000000019a644000 	/System/Library/Frameworks/CoreDisplay.framework/Versions/A/CoreDisplay
0x00000001a96ff000 	/System/Library/Frameworks/VideoToolbox.framework/Versions/A/VideoToolbox
0x00000001a779f000 	/System/Library/Frameworks/MetalPerformanceShaders.framework/Versions/A/MetalPerformanceShaders
0x0000000271726000 	/System/Library/PrivateFrameworks/ProDisplayLibrary.framework/Versions/A/ProDisplayLibrary
0x00000001b7267000 	/System/Library/PrivateFrameworks/IOSurfaceAccelerator.framework/Versions/A/IOSurfaceAccelerator
0x00000001a3eb8000 	/System/Library/PrivateFrameworks/IOAccelerator.framework/Versions/A/IOAccelerator
0x00000001a41cf000 	/System/Library/Frameworks/CoreMedia.framework/Versions/A/CoreMedia
0x000000019e3c6000 	/System/Library/PrivateFrameworks/TCC.framework/Versions/A/TCC
0x00000001a96b7000 	/System/Library/PrivateFrameworks/WatchdogClient.framework/Versions/A/WatchdogClient
0x00000001d85e6000 	/System/Library/PrivateFrameworks/BiomeStorage.framework/Versions/A/BiomeStorage
0x0000000263551000 	/System/Library/PrivateFrameworks/IntelligencePlatformLibrary.framework/Versions/A/IntelligencePlatformLibrary
0x0000000270a9c000 	/System/Library/PrivateFrameworks/PoirotSchematizer.framework/Versions/A/PoirotSchematizer
0x0000000249e82000 	/System/Library/PrivateFrameworks/BiomeSync.framework/Versions/A/BiomeSync
0x000000024963d000 	/System/Library/PrivateFrameworks/BiomeDSL.framework/Versions/A/BiomeDSL
0x0000000270b06000 	/System/Library/PrivateFrameworks/PoirotUDFs.framework/Versions/A/PoirotUDFs
0x0000000270a6b000 	/System/Library/PrivateFrameworks/PoirotSQLite.framework/Versions/A/PoirotSQLite
0x00000001b1d86000 	/System/Library/PrivateFrameworks/CoreTime.framework/Versions/A/CoreTime
0x00000001a75b8000 	/usr/lib/libiconv.2.dylib
0x00000001a7514000 	/usr/lib/libcharset.1.dylib
0x00000002903d8000 	/usr/lib/swift/libswift_RegexParser.dylib
0x000000024b459000 	/System/Library/PrivateFrameworks/CascadeSets.framework/Versions/A/CascadeSets
0x00000001abc86000 	/System/Library/PrivateFrameworks/CorePhoneNumbers.framework/Versions/A/CorePhoneNumbers
0x00000001a9581000 	/System/Library/PrivateFrameworks/AppleJPEG.framework/Versions/A/AppleJPEG
0x00000001a8f84000 	/usr/lib/libexpat.1.dylib
0x00000001a9c6e000 	/System/Library/Frameworks/ImageIO.framework/Versions/A/Resources/libPng.dylib
0x00000001a9c9a000 	/System/Library/Frameworks/ImageIO.framework/Versions/A/Resources/libTIFF.dylib
0x00000001a9d84000 	/System/Library/Frameworks/ImageIO.framework/Versions/A/Resources/libGIF.dylib
0x00000001a95c6000 	/System/Library/Frameworks/ImageIO.framework/Versions/A/Resources/libJP2.dylib
0x00000001a9d2a000 	/System/Library/Frameworks/ImageIO.framework/Versions/A/Resources/libJPEG.dylib
0x00000001a9d21000 	/System/Library/Frameworks/ImageIO.framework/Versions/A/Resources/libRadiance.dylib
0x000000025a317000 	/System/Library/PrivateFrameworks/GPUCompiler.framework/Versions/32023/Libraries/libllvm-flatbuffers.dylib
0x0000000254c12000 	/System/Library/PrivateFrameworks/FramePacing.framework/Versions/A/FramePacing
0x00000001fc974000 	/System/Library/Frameworks/OpenGL.framework/Versions/A/Libraries/libCoreFSCache.dylib
0x0000000255d4b000 	/System/Library/PrivateFrameworks/GPUCompiler.framework/Versions/32023/Libraries/libGPUCompilerUtils.dylib
0x00000001b1936000 	/System/Library/PrivateFrameworks/GraphicsServices.framework/Versions/A/GraphicsServices
0x00000001b542c000 	/System/Library/PrivateFrameworks/ASEProcessing.framework/Versions/A/ASEProcessing
0x00000001e4431000 	/System/Library/PrivateFrameworks/Symbolication.framework/Versions/A/Symbolication
0x0000000270695000 	/System/Library/PrivateFrameworks/PhotosensitivityProcessing.framework/Versions/A/PhotosensitivityProcessing
0x00000001a91a5000 	/System/Library/PrivateFrameworks/GraphVisualizer.framework/Versions/A/GraphVisualizer
0x00000001fc9d3000 	/System/Library/Frameworks/OpenGL.framework/Versions/A/Libraries/libGLU.dylib
0x00000001fc996000 	/System/Library/Frameworks/OpenGL.framework/Versions/A/Libraries/libGFXShared.dylib
0x00000001fcb62000 	/System/Library/Frameworks/OpenGL.framework/Versions/A/Libraries/libGL.dylib
0x00000001fc99f000 	/System/Library/Frameworks/OpenGL.framework/Versions/A/Libraries/libGLImage.dylib
0x00000001fc993000 	/System/Library/Frameworks/OpenGL.framework/Versions/A/Libraries/libCVMSPluginSupport.dylib
0x00000001fc97c000 	/System/Library/Frameworks/OpenGL.framework/Versions/A/Libraries/libCoreVMClient.dylib
0x0000000254b20000 	/System/Library/PrivateFrameworks/FontServices.framework/Versions/A/FontServices
0x00000001a91b5000 	/System/Library/PrivateFrameworks/OTSVG.framework/Versions/A/OTSVG
0x00000001a1d31000 	/System/Library/Frameworks/ApplicationServices.framework/Versions/A/Frameworks/ATS.framework/Versions/A/Resources/libFontRegistry.dylib
0x000000028f4d0000 	/usr/lib/libhvf.dylib
0x000000026d620000 	/System/Library/PrivateFrameworks/ParsingInternal.framework/Versions/A/ParsingInternal
0x00000002901b1000 	/usr/lib/swift/libswiftRegexBuilder.dylib
0x0000000254b21000 	/System/Library/PrivateFrameworks/FontServices.framework/libXTFontStaticRegistryData.dylib
0x00000001a51e3000 	/System/Library/Frameworks/MetalPerformanceShaders.framework/Versions/A/Frameworks/MPSCore.framework/Versions/A/MPSCore
0x00000001a6eec000 	/System/Library/Frameworks/MetalPerformanceShaders.framework/Versions/A/Frameworks/MPSImage.framework/Versions/A/MPSImage
0x00000001a68cc000 	/System/Library/Frameworks/MetalPerformanceShaders.framework/Versions/A/Frameworks/MPSNeuralNetwork.framework/Versions/A/MPSNeuralNetwork
0x00000001a6d04000 	/System/Library/Frameworks/MetalPerformanceShaders.framework/Versions/A/Frameworks/MPSMatrix.framework/Versions/A/MPSMatrix
0x00000001a6b19000 	/System/Library/Frameworks/MetalPerformanceShaders.framework/Versions/A/Frameworks/MPSRayIntersector.framework/Versions/A/MPSRayIntersector
0x00000001a6d36000 	/System/Library/Frameworks/MetalPerformanceShaders.framework/Versions/A/Frameworks/MPSNDArray.framework/Versions/A/MPSNDArray
0x000000023ea0d000 	/System/Library/Frameworks/MetalPerformanceShaders.framework/Versions/A/Frameworks/MPSFunctions.framework/Versions/A/MPSFunctions
0x000000023e9ee000 	/System/Library/Frameworks/MetalPerformanceShaders.framework/Versions/A/Frameworks/MPSBenchmarkLoop.framework/Versions/A/MPSBenchmarkLoop
0x000000019850f000 	/System/Library/PrivateFrameworks/MetalTools.framework/Versions/A/MetalTools
0x00000001c8d85000 	/System/Library/PrivateFrameworks/IOAccelMemoryInfo.framework/Versions/A/IOAccelMemoryInfo
0x00000001d6bf4000 	/System/Library/PrivateFrameworks/kperf.framework/Versions/A/kperf
0x00000001c3cb6000 	/System/Library/PrivateFrameworks/GPURawCounter.framework/Versions/A/GPURawCounter
0x00000001b1c6f000 	/System/Library/PrivateFrameworks/CoreSymbolication.framework/Versions/A/CoreSymbolication
0x00000001c3c2d000 	/System/Library/PrivateFrameworks/MallocStackLogging.framework/Versions/A/MallocStackLogging
0x00000001b1c4c000 	/System/Library/PrivateFrameworks/DebugSymbols.framework/Versions/A/DebugSymbols
0x00000001d5486000 	/System/Library/PrivateFrameworks/OSAnalytics.framework/Versions/A/OSAnalytics
0x0000000252b32000 	/System/Library/PrivateFrameworks/DeviceRecovery.framework/Versions/A/DeviceRecovery
0x000000023c860000 	/System/Library/Frameworks/ExtensionFoundation.framework/Versions/A/ExtensionFoundation
0x00000001a91f6000 	/System/Library/PrivateFrameworks/AppServerSupport.framework/Versions/A/AppServerSupport
0x00000001a8e83000 	/System/Library/PrivateFrameworks/PlugInKit.framework/Versions/A/PlugInKit
0x00000001a673b000 	/System/Library/PrivateFrameworks/AssertionServices.framework/Versions/A/AssertionServices
0x00000001a8fa9000 	/System/Library/PrivateFrameworks/IconFoundation.framework/Versions/A/IconFoundation
0x00000002605cb000 	/System/Library/PrivateFrameworks/IconRendering.framework/Versions/A/IconRendering
0x0000000273493000 	/System/Library/PrivateFrameworks/SFSymbols.framework/Versions/A/SFSymbols
0x000000019a768000 	/System/Library/PrivateFrameworks/AudioToolboxCore.framework/Versions/A/AudioToolboxCore
0x00000001ab604000 	/System/Library/PrivateFrameworks/AudioSession.framework/Versions/A/AudioSession
0x00000001b663a000 	/System/Library/Frameworks/CoreMIDI.framework/Versions/A/CoreMIDI
0x00000001ab682000 	/usr/lib/libAudioStatistics.dylib
0x00000001a41a6000 	/System/Library/PrivateFrameworks/caulk.framework/Versions/A/caulk
0x00000001a9c48000 	/usr/lib/libAudioToolboxUtility.dylib
0x00000001c3cba000 	/usr/lib/swift/libswiftCoreAudio.dylib
0x00000001ca30f000 	/usr/lib/swift/libswiftCoreMIDI.dylib
0x00000001aba90000 	/System/Library/PrivateFrameworks/perfdata.framework/Versions/A/perfdata
0x00000001c2cd9000 	/System/Library/PrivateFrameworks/SystemPolicy.framework/Versions/A/SystemPolicy
0x00000001ab935000 	/usr/lib/libSMC.dylib
0x00000001aba9e000 	/usr/lib/libperfcheck.dylib
0x0000000248f9e000 	/System/Library/PrivateFrameworks/AudioAnalytics.framework/Versions/A/AudioAnalytics
0x000000029039b000 	/usr/lib/swift/libswift_DarwinFoundation2.dylib
0x000000029039c000 	/usr/lib/swift/libswift_DarwinFoundation3.dylib
0x00000001e87c3000 	/System/Library/Frameworks/OSLog.framework/Versions/A/OSLog
0x00000001c3c5f000 	/usr/lib/libmis.dylib
0x00000001a90c3000 	/System/Library/PrivateFrameworks/MediaExperience.framework/Versions/A/MediaExperience
0x00000001ab3d5000 	/System/Library/PrivateFrameworks/AudioSession.framework/libSessionUtility.dylib
0x00000001a9d8a000 	/System/Library/PrivateFrameworks/CMCaptureCore.framework/Versions/A/CMCaptureCore
0x00000001b0832000 	/System/Library/Frameworks/CoreBluetooth.framework/Versions/A/CoreBluetooth
0x00000001a65a2000 	/System/Library/PrivateFrameworks/CoreUtils.framework/Versions/A/CoreUtils
0x00000001bc00d000 	/System/Library/PrivateFrameworks/HID.framework/Versions/A/HID
0x0000000251fb0000 	/System/Library/PrivateFrameworks/CoreUtilsExtras.framework/Versions/A/CoreUtilsExtras
0x000000026052d000 	/System/Library/PrivateFrameworks/IO80211.framework/Versions/A/IO80211
0x00000001a6fd5000 	/System/Library/PrivateFrameworks/AuthKit.framework/Versions/A/AuthKit
0x00000001ad2bb000 	/System/Library/Frameworks/IOBluetooth.framework/Versions/A/IOBluetooth
0x00000001a8d23000 	/usr/lib/libIOReport.dylib
0x00000001a674a000 	/System/Library/Frameworks/SecurityFoundation.framework/Versions/A/SecurityFoundation
0x0000000198ed5000 	/System/Library/PrivateFrameworks/Lexicon.framework/Versions/A/Lexicon
0x00000001a68b4000 	/usr/lib/libgermantok.dylib
0x00000001a53cd000 	/System/Library/PrivateFrameworks/LinguisticData.framework/Versions/A/LinguisticData
0x00000001ab741000 	/System/Library/PrivateFrameworks/MultiverseSupport.framework/Versions/A/MultiverseSupport
0x00000001b0a77000 	/System/Library/PrivateFrameworks/DiskManagement.framework/Versions/A/DiskManagement
0x00000001b0983000 	/System/Library/PrivateFrameworks/AppleIDAuthSupport.framework/Versions/A/AppleIDAuthSupport
0x000000024418e000 	/System/Library/PrivateFrameworks/AAAFoundation.framework/Versions/A/AAAFoundation
0x00000001abc44000 	/System/Library/PrivateFrameworks/KeychainCircle.framework/Versions/A/KeychainCircle
0x00000001bcea4000 	/System/Library/PrivateFrameworks/URLFormatting.framework/Versions/A/URLFormatting
0x00000001b390b000 	/usr/lib/libcsfde.dylib
0x00000001a8ecd000 	/usr/lib/libCoreStorage.dylib
0x00000001b0a45000 	/System/Library/PrivateFrameworks/MediaKit.framework/Versions/A/MediaKit
0x00000001b0990000 	/System/Library/Frameworks/DiscRecording.framework/Versions/A/DiscRecording
0x00000001ad392000 	/System/Library/PrivateFrameworks/ProtectedCloudStorage.framework/Versions/A/ProtectedCloudStorage
0x00000001b3906000 	/System/Library/PrivateFrameworks/EFILogin.framework/Versions/A/EFILogin
0x00000001a8f9f000 	/usr/lib/libheimdal-asn1.dylib
0x00000001b0d9a000 	/System/Library/PrivateFrameworks/OctagonTrust.framework/Versions/A/OctagonTrust
0x00000001b425f000 	/System/Library/Frameworks/AudioUnit.framework/Versions/A/AudioUnit
0x00000001a204f000 	/System/Library/Frameworks/OpenDirectory.framework/Versions/A/OpenDirectory
0x00000001a205d000 	/System/Library/Frameworks/OpenDirectory.framework/Versions/A/Frameworks/CFOpenDirectory.framework/Versions/A/CFOpenDirectory
0x00000001fcee3000 	/System/Library/Frameworks/AVFAudio.framework/Versions/A/AVFAudio
0x00000001bcfac000 	/usr/lib/libAccessibility.dylib
0x0000000264093000 	/System/Library/PrivateFrameworks/IsolatedCoreAudioClient.framework/Versions/A/IsolatedCoreAudioClient
0x00000001deeae000 	/usr/lib/swift/libswiftCoreMedia.dylib
0x0000000280e1c000 	/System/Library/PrivateFrameworks/Tightbeam.framework/Versions/A/Tightbeam
0x000000024dee5000 	/System/Library/PrivateFrameworks/CoreAudioOrchestration.framework/Versions/A/CoreAudioOrchestration
0x00000001db736000 	/System/Library/PrivateFrameworks/AFKUser.framework/Versions/A/AFKUser
0x00000001afb13000 	/System/Library/Frameworks/MediaAccessibility.framework/Versions/A/MediaAccessibility
0x0000000284dbb000 	/System/Library/PrivateFrameworks/VideoToolboxParavirtualizationSupport.framework/Versions/A/VideoToolboxParavirtualizationSupport
0x00000001a8f3b000 	/System/Library/PrivateFrameworks/AppleVA.framework/Versions/A/AppleVA
0x00000001a9d1c000 	/System/Library/PrivateFrameworks/GPUWrangler.framework/Versions/A/GPUWrangler
0x00000001a9cfc000 	/System/Library/PrivateFrameworks/IOPresentment.framework/Versions/A/IOPresentment
0x00000001a9d24000 	/System/Library/PrivateFrameworks/DSExternalDisplay.framework/Versions/A/DSExternalDisplay
0x0000000248bee000 	/System/Library/PrivateFrameworks/ArgumentParserInternal.framework/Versions/A/ArgumentParserInternal
0x0000000248a46000 	/System/Library/PrivateFrameworks/AppleMobileFileIntegrity.framework/Versions/A/AppleMobileFileIntegrity
0x000000028f04e000 	/usr/lib/libTLE.dylib
0x00000001f971c000 	/System/Library/PrivateFrameworks/ConfigProfileHelper.framework/Versions/A/ConfigProfileHelper
0x00000001ee615000 	/usr/lib/libedit.3.dylib
0x00000002654d5000 	/System/Library/PrivateFrameworks/MIL.framework/Versions/A/MIL
0x00000001c8d48000 	/usr/lib/libncurses.5.4.dylib
0x00000001a64d7000 	/System/Library/PrivateFrameworks/CoreEmoji.framework/Versions/A/CoreEmoji
0x00000001991ee000 	/usr/lib/libCRFSuite.dylib
0x00000001a52ab000 	/System/Library/PrivateFrameworks/CoreNLP.framework/Versions/A/CoreNLP
0x00000001a6853000 	/usr/lib/libmecab.dylib
0x00000001a7733000 	/usr/lib/libThaiTokenizer.dylib
0x00000001e8c5d000 	/System/Library/PrivateFrameworks/HIDDisplay.framework/Versions/A/HIDDisplay
0x00000001a9d56000 	/System/Library/Frameworks/ApplicationServices.framework/Versions/A/Frameworks/ATSUI.framework/Versions/A/ATSUI
0x00000001aba16000 	/usr/lib/libcups.2.dylib
0x00000001abaac000 	/System/Library/Frameworks/Kerberos.framework/Versions/A/Kerberos
0x00000001ab711000 	/usr/lib/libresolv.9.dylib
0x00000001a920a000 	/System/Library/PrivateFrameworks/Heimdal.framework/Versions/A/Heimdal
0x00000001b425e000 	/System/Library/Frameworks/Kerberos.framework/Versions/A/Libraries/libHeimdalProxy.dylib
0x00000001abb10000 	/System/Library/PrivateFrameworks/CommonAuth.framework/Versions/A/CommonAuth
0x00000001bceae000 	/System/Library/PrivateFrameworks/AXCoreUtilities.framework/Versions/A/AXCoreUtilities
0x000000028eaa1000 	/usr/lib/libAXSafeCategoryBundle.dylib
0x00000001a63bc000 	/System/Library/Frameworks/Accelerate.framework/Versions/A/Frameworks/vecLib.framework/Versions/A/libvDSP.dylib
0x00000001a787f000 	/System/Library/Frameworks/Accelerate.framework/Versions/A/Frameworks/vecLib.framework/Versions/A/libLAPACK.dylib
0x00000001a68b7000 	/System/Library/Frameworks/Accelerate.framework/Versions/A/Frameworks/vecLib.framework/Versions/A/libLinearAlgebra.dylib
0x00000001a7778000 	/System/Library/Frameworks/Accelerate.framework/Versions/A/Frameworks/vecLib.framework/Versions/A/libSparseBLAS.dylib
0x00000001a787a000 	/System/Library/Frameworks/Accelerate.framework/Versions/A/Frameworks/vecLib.framework/Versions/A/libQuadrature.dylib
0x00000001a53d4000 	/System/Library/Frameworks/Accelerate.framework/Versions/A/Frameworks/vecLib.framework/Versions/A/libBNNS.dylib
0x0000000198fe7000 	/System/Library/Frameworks/Accelerate.framework/Versions/A/Frameworks/vecLib.framework/Versions/A/libSparse.dylib
0x00000001aba75000 	/System/Library/PrivateFrameworks/NetAuth.framework/Versions/A/NetAuth
0x00000001a226d000 	/System/Library/PrivateFrameworks/login.framework/Versions/A/Frameworks/loginsupport.framework/Versions/A/loginsupport
0x00000001a681d000 	/usr/lib/libCheckFix.dylib
0x00000001a13f5000 	/System/Library/PrivateFrameworks/MetadataUtilities.framework/Versions/A/MetadataUtilities
0x0000000260f30000 	/System/Library/PrivateFrameworks/InstalledContentLibrary.framework/Versions/A/InstalledContentLibrary
0x000000019bf48000 	/System/Library/PrivateFrameworks/CoreServicesStore.framework/Versions/A/CoreServicesStore
0x00000001d6cfa000 	/System/Library/PrivateFrameworks/MobileSystemServices.framework/Versions/A/MobileSystemServices
0x00000001a8be4000 	/usr/lib/libxslt.1.dylib
0x00000001a67dd000 	/System/Library/PrivateFrameworks/BackgroundTaskManagement.framework/Versions/A/BackgroundTaskManagement
0x00000001b3917000 	/usr/lib/libcurl.4.dylib
0x000000028f286000 	/usr/lib/libcrypto.46.dylib
0x000000028fea0000 	/usr/lib/libssl.48.dylib
0x00000001b35ee000 	/System/Library/Frameworks/LDAP.framework/Versions/A/LDAP
0x00000001b362a000 	/System/Library/PrivateFrameworks/TrustEvaluationAgent.framework/Versions/A/TrustEvaluationAgent
0x00000001ab72e000 	/usr/lib/libsasl2.2.dylib
0x00000001c0cd1000 	/usr/lib/swift/libswiftCoreGraphics.dylib
0x00000001b0204000 	/usr/lib/swift/libswiftFoundation.dylib
0x00000001f90eb000 	/usr/lib/swift/libswiftSwiftOnoneSupport.dylib
0x000000029050c000 	/usr/lib/swift/libswiftsys_time.dylib
0x00000001e4bd0000 	/System/Library/PrivateFrameworks/CoreMaterial.framework/Versions/A/CoreMaterial
0x0000000290252000 	/usr/lib/swift/libswiftSpatial.dylib
0x000000028f04b000 	/usr/lib/libSpatial.dylib
0x000000028e9bf000 	/System/Library/SubFrameworks/UIUtilities.framework/Versions/A/UIUtilities
0x00000001085fc000 	/Library/Java/JavaVirtualMachines/temurin-21.jdk/Contents/Home/lib/server/libjvm.dylib
0x000000010292c000 	/Library/Java/JavaVirtualMachines/temurin-21.jdk/Contents/Home/lib/libjimage.dylib
0x000000010298c000 	/Library/Java/JavaVirtualMachines/temurin-21.jdk/Contents/Home/lib/libjdwp.dylib
0x00000001029d8000 	/Library/Java/JavaVirtualMachines/temurin-21.jdk/Contents/Home/lib/libjava.dylib
0x0000000102958000 	/Library/Java/JavaVirtualMachines/temurin-21.jdk/Contents/Home/lib/libinstrument.dylib
0x0000000102a70000 	/Library/Java/JavaVirtualMachines/temurin-21.jdk/Contents/Home/lib/libzip.dylib
0x000000028ea93000 	/usr/lib/i18n/libiconv_std.dylib
0x000000028ea89000 	/usr/lib/i18n/libUTF8.dylib
0x000000028ea98000 	/usr/lib/i18n/libmapper_none.dylib
0x0000000102a5c000 	/Library/Java/JavaVirtualMachines/temurin-21.jdk/Contents/Home/lib/libdt_socket.dylib
0x0000000107e10000 	/Library/Java/JavaVirtualMachines/temurin-21.jdk/Contents/Home/lib/libnio.dylib
0x0000000107e30000 	/Library/Java/JavaVirtualMachines/temurin-21.jdk/Contents/Home/lib/libnet.dylib
0x0000000107e4c000 	/Library/Java/JavaVirtualMachines/temurin-21.jdk/Contents/Home/lib/libverify.dylib
0x0000000107ef0000 	/Library/Java/JavaVirtualMachines/temurin-21.jdk/Contents/Home/lib/libawt.dylib
0x0000000107f98000 	/Library/Java/JavaVirtualMachines/temurin-21.jdk/Contents/Home/lib/libmlib_image.dylib
0x000000023db48000 	/System/Library/Frameworks/JavaRuntimeSupport.framework/Versions/A/JavaRuntimeSupport
0x00000001c26af000 	/System/Library/Frameworks/Carbon.framework/Versions/A/Carbon
0x00000001b8d40000 	/System/Library/Frameworks/Carbon.framework/Versions/A/Frameworks/CommonPanels.framework/Versions/A/CommonPanels
0x00000001b3902000 	/System/Library/Frameworks/Carbon.framework/Versions/A/Frameworks/Help.framework/Versions/A/Help
0x00000001b8d44000 	/System/Library/Frameworks/Carbon.framework/Versions/A/Frameworks/ImageCapture.framework/Versions/A/ImageCapture
0x00000001b8d1f000 	/System/Library/Frameworks/Carbon.framework/Versions/A/Frameworks/OpenScripting.framework/Versions/A/OpenScripting
0x00000001b8d3f000 	/System/Library/Frameworks/Carbon.framework/Versions/A/Frameworks/Ink.framework/Versions/A/Ink
0x00000001b8d3c000 	/System/Library/Frameworks/Carbon.framework/Versions/A/Frameworks/SecurityHI.framework/Versions/A/SecurityHI
0x0000000108144000 	/Library/Java/JavaVirtualMachines/temurin-21.jdk/Contents/Home/lib/libawt_lwawt.dylib
0x0000000107e68000 	/Library/Java/JavaVirtualMachines/temurin-21.jdk/Contents/Home/lib/libosxapp.dylib
0x00000001c0d38000 	/System/Library/Frameworks/ExceptionHandling.framework/Versions/A/ExceptionHandling
0x0000000102e54000 	/Library/Java/JavaVirtualMachines/temurin-21.jdk/Contents/Home/lib/libextnet.dylib
0x0000000108278000 	/Users/labanovichttps/Documents/projects/dbeaver-workspace/products/DBeaverUltimate.product/org.eclipse.osgi/60/0/.cp/libswt-cocoa-4970r5.jnilib
0x00000001c0daf000 	/System/Library/Frameworks/WebKit.framework/Versions/A/WebKit
0x00000001b6226000 	/System/Library/Frameworks/WebKit.framework/Versions/A/Frameworks/WebKitLegacy.framework/Versions/A/WebKitLegacy
0x00000001b4042000 	/System/Library/PrivateFrameworks/CorePrediction.framework/Versions/A/CorePrediction
0x00000001a2ff1000 	/System/Library/Frameworks/WebKit.framework/Versions/A/Frameworks/WebCore.framework/Versions/A/Frameworks/libwebrtc.dylib
0x00000001c0d3b000 	/System/Library/PrivateFrameworks/SafariSafeBrowsing.framework/Versions/A/SafariSafeBrowsing
0x00000001ab7b7000 	/System/Library/Frameworks/SecurityInterface.framework/Versions/A/SecurityInterface
0x00000001c45b6000 	/System/Library/PrivateFrameworks/WebInspectorUI.framework/Versions/A/WebInspectorUI
0x00000001b8d47000 	/System/Library/Frameworks/JavaScriptCore.framework/Versions/A/JavaScriptCore
0x00000001bcfe0000 	/System/Library/Frameworks/WebKit.framework/Versions/A/Frameworks/WebCore.framework/Versions/A/WebCore
0x00000001cb351000 	/System/Library/Frameworks/SwiftUI.framework/Versions/A/SwiftUI
0x00000001fdbf0000 	/System/Library/Frameworks/BrowserEngineCore.framework/Versions/A/BrowserEngineCore
0x00000002433b6000 	/System/Library/Frameworks/WebKit.framework/Versions/A/Frameworks/WebCore.framework/Versions/A/Frameworks/libANGLE-shared.dylib
0x0000000287857000 	/System/Library/PrivateFrameworks/WebGPU.framework/Versions/A/WebGPU
0x00000001c6476000 	/System/Library/Frameworks/SceneKit.framework/Versions/A/SceneKit
0x00000001d753c000 	/System/Library/Frameworks/ModelIO.framework/Versions/A/ModelIO
0x00000001ad487000 	/System/Library/Frameworks/MetalKit.framework/Versions/A/MetalKit
0x00000001af74f000 	/System/Library/Frameworks/GLKit.framework/Versions/A/GLKit
0x00000002907e1000 	/usr/lib/usd/libusd_ms.dylib
0x0000000282f3f000 	/System/Library/PrivateFrameworks/USDLib_FormatLoaderProxy.framework/Versions/A/USDLib_FormatLoaderProxy
0x0000000290507000 	/usr/lib/swift/libswift_errno.dylib
0x00000001c3737000 	/System/Library/PrivateFrameworks/CoreOptimization.framework/Versions/A/CoreOptimization
0x000000027eca3000 	/System/Library/PrivateFrameworks/TextAnimationSupport.framework/Versions/A/TextAnimationSupport
0x000000027240f000 	/System/Library/PrivateFrameworks/RecapPerformanceTesting.framework/Versions/A/RecapPerformanceTesting
0x00000001c45a7000 	/System/Library/PrivateFrameworks/SignpostCollection.framework/Versions/A/SignpostCollection
0x00000001c2ab8000 	/System/Library/Frameworks/AVFoundation.framework/Versions/A/AVFoundation
0x00000001af789000 	/usr/lib/libnetworkextension.dylib
0x00000001b31e6000 	/System/Library/PrivateFrameworks/CoreWiFi.framework/Versions/A/CoreWiFi
0x00000001b1d91000 	/System/Library/PrivateFrameworks/Rapport.framework/Versions/A/Rapport
0x00000001ac5fc000 	/System/Library/Frameworks/NetworkExtension.framework/Versions/A/NetworkExtension
0x00000002438e2000 	/System/Library/Frameworks/_LocationEssentials.framework/Versions/A/_LocationEssentials
0x00000001a7328000 	/System/Library/Frameworks/UserNotifications.framework/Versions/A/UserNotifications
0x00000001f06e8000 	/System/Library/PrivateFrameworks/WiFiPeerToPeer.framework/Versions/A/WiFiPeerToPeer
0x000000028f9c0000 	/usr/lib/libmrc.dylib
0x0000000260597000 	/System/Library/PrivateFrameworks/IPConfiguration.framework/Versions/A/IPConfiguration
0x00000001e4b92000 	/System/Library/PrivateFrameworks/Netrb.framework/Versions/A/Netrb
0x00000001ad65d000 	/System/Library/PrivateFrameworks/GeoServices.framework/Versions/A/GeoServices
0x00000001ab39c000 	/System/Library/PrivateFrameworks/LocationSupport.framework/Versions/A/LocationSupport
0x000000025d6d3000 	/System/Library/PrivateFrameworks/GeoServicesCore.framework/Versions/A/GeoServicesCore
0x00000001bcea2000 	/System/Library/PrivateFrameworks/PhoneNumbers.framework/Versions/A/PhoneNumbers
0x00000002653c9000 	/System/Library/PrivateFrameworks/LocationLogEncryption.framework/Versions/A/LocationLogEncryption
0x00000001fd023000 	/System/Library/Frameworks/AVRouting.framework/Versions/A/AVRouting
0x00000001aa27a000 	/System/Library/Frameworks/MediaToolbox.framework/Versions/A/MediaToolbox
0x00000001b0b6d000 	/System/Library/PrivateFrameworks/CoreAVCHD.framework/Versions/A/CoreAVCHD
0x00000001b0b69000 	/System/Library/PrivateFrameworks/Mangrove.framework/Versions/A/Mangrove
0x000000024ab9b000 	/System/Library/PrivateFrameworks/CMPhoto.framework/Versions/A/CMPhoto
0x00000001b131f000 	/System/Library/Frameworks/CoreTelephony.framework/Versions/A/CoreTelephony
0x00000001b0b5c000 	/System/Library/PrivateFrameworks/CoreAUC.framework/Versions/A/CoreAUC
0x0000000247fbb000 	/System/Library/PrivateFrameworks/AppleJPEGXL.framework/Versions/A/AppleJPEGXL
0x00000001abc95000 	/usr/lib/libTelephonyUtilDynamic.dylib
0x00000001eb3fa000 	/System/Library/Frameworks/CryptoKit.framework/Versions/A/CryptoKit
0x00000001b425a000 	/System/Library/PrivateFrameworks/CryptoKitCBridging.framework/Versions/A/CryptoKitCBridging
0x00000001b1948000 	/System/Library/Frameworks/CryptoTokenKit.framework/Versions/A/CryptoTokenKit
0x00000001b19c8000 	/System/Library/Frameworks/LocalAuthentication.framework/Versions/A/LocalAuthentication
0x00000002651f7000 	/System/Library/PrivateFrameworks/LocalAuthenticationCore.framework/Versions/A/LocalAuthenticationCore
0x0000000265377000 	/System/Library/PrivateFrameworks/LocalAuthenticationCredentialServices.framework/Versions/A/LocalAuthenticationCredentialServices
0x00000001b1a35000 	/System/Library/Frameworks/LocalAuthentication.framework/Support/SharedUtils.framework/Versions/A/SharedUtils
0x000000019fd5c000 	/System/Library/PrivateFrameworks/CommonUtilities.framework/Versions/A/CommonUtilities
0x00000001a950b000 	/System/Library/PrivateFrameworks/Bom.framework/Versions/A/Bom
0x00000001ab74f000 	/usr/lib/libParallelCompression.dylib
0x00000001d74b0000 	/System/Library/PrivateFrameworks/SignpostSupport.framework/Versions/A/SignpostSupport
0x00000001d6bfa000 	/System/Library/PrivateFrameworks/ktrace.framework/Versions/A/ktrace
0x00000001e01b1000 	/System/Library/PrivateFrameworks/kperfdata.framework/Versions/A/kperfdata
0x00000001ad560000 	/usr/lib/libdscsym.dylib
0x00000001b43df000 	/System/Library/PrivateFrameworks/Espresso.framework/Versions/A/Espresso
0x00000001f9d11000 	/System/Library/PrivateFrameworks/ANECompiler.framework/Versions/A/ANECompiler
0x00000001b649a000 	/System/Library/PrivateFrameworks/AppleNeuralEngine.framework/Versions/A/AppleNeuralEngine
0x000000023ea22000 	/System/Library/Frameworks/MetalPerformanceShadersGraph.framework/Versions/A/MetalPerformanceShadersGraph
0x0000000265c6f000 	/System/Library/PrivateFrameworks/MLCompilerServices.framework/Versions/A/MLCompilerServices
0x00000001b5273000 	/System/Library/PrivateFrameworks/ANEServices.framework/Versions/A/ANEServices
0x000000019c085000 	/usr/lib/libsandbox.1.dylib
0x00000001a8ec5000 	/usr/lib/libMatch.1.dylib
0x000000026c9d1000 	/System/Library/PrivateFrameworks/ODIE.framework/Versions/A/ODIE
0x0000000265c13000 	/System/Library/PrivateFrameworks/MLCompilerRuntime.framework/Versions/A/MLCompilerRuntime
0x00000001b151e000 	/System/Library/PrivateFrameworks/AVFCore.framework/Versions/A/AVFCore
0x00000001ba945000 	/System/Library/PrivateFrameworks/AVFCapture.framework/Versions/A/AVFCapture
0x000000024a984000 	/System/Library/PrivateFrameworks/CMImaging.framework/Versions/A/CMImaging
0x00000001bab85000 	/System/Library/PrivateFrameworks/Quagga.framework/Versions/A/Quagga
0x00000001bacb9000 	/System/Library/PrivateFrameworks/CMCapture.framework/Versions/A/CMCapture
0x00000001ab825000 	/System/Library/Frameworks/CoreMediaIO.framework/Versions/A/CoreMediaIO
0x000000024a8c0000 	/System/Library/PrivateFrameworks/CMCaptureDevice.framework/Versions/A/CMCaptureDevice
0x00000001a92ef000 	/System/Library/PrivateFrameworks/CoreBrightness.framework/Versions/A/CoreBrightness
0x000000024b940000 	/System/Library/PrivateFrameworks/CinematicFraming.framework/Versions/A/CinematicFraming
0x00000001dda28000 	/System/Library/PrivateFrameworks/CPMS.framework/Versions/A/CPMS
0x000000027e475000 	/System/Library/PrivateFrameworks/SystemStatus.framework/Versions/A/SystemStatus
0x00000001c26b0000 	/System/Library/Frameworks/CoreMotion.framework/Versions/A/CoreMotion
0x00000001d2539000 	/System/Library/PrivateFrameworks/TimeSync.framework/Versions/A/TimeSync
0x0000000252f41000 	/System/Library/PrivateFrameworks/DistributedSensing.framework/Versions/A/DistributedSensing
0x00000001cdc94000 	/System/Library/PrivateFrameworks/MobileBluetooth.framework/Versions/A/MobileBluetooth
0x00000001d41db000 	/System/Library/PrivateFrameworks/IOKitten.framework/Versions/A/IOKitten
0x00000001a2270000 	/System/Library/PrivateFrameworks/ApplePushService.framework/Versions/A/ApplePushService
0x00000001d9c73000 	/System/Library/PrivateFrameworks/DeviceIdentity.framework/Versions/A/DeviceIdentity
0x00000001c88c2000 	/System/Library/PrivateFrameworks/CaptiveNetwork.framework/Versions/A/CaptiveNetwork
0x00000001b3816000 	/System/Library/PrivateFrameworks/EAP8021X.framework/Versions/A/EAP8021X
0x00000002520de000 	/System/Library/PrivateFrameworks/CryptoKitPrivate.framework/Versions/A/CryptoKitPrivate
0x0000000108094000 	/Users/labanovichttps/Documents/projects/dbeaver-workspace/products/DBeaverUltimate.product/org.eclipse.osgi/60/0/.cp/libswt-pi-cocoa-4970r5.jnilib
0x00000001fd19f000 	/System/Library/Frameworks/AppIntents.framework/Versions/A/AppIntents
0x00000002411de000 	/System/Library/Frameworks/RelevanceKit.framework/Versions/A/RelevanceKit
0x00000001a7379000 	/System/Library/Frameworks/CoreSpotlight.framework/Versions/A/CoreSpotlight
0x0000000264ffd000 	/System/Library/PrivateFrameworks/LinkServices.framework/Versions/A/LinkServices
0x000000025302c000 	/System/Library/PrivateFrameworks/DoNotDisturb.framework/Versions/A/DoNotDisturb
0x0000000264e5c000 	/System/Library/PrivateFrameworks/LinkMetadata.framework/Versions/A/LinkMetadata
0x00000001c3ce1000 	/usr/lib/swift/libswiftIntents.dylib
0x00000001c8ea3000 	/System/Library/PrivateFrameworks/IntentsCore.framework/Versions/A/IntentsCore
0x0000000249464000 	/System/Library/PrivateFrameworks/AvailabilityKit.framework/Versions/A/AvailabilityKit
0x00000002468fc000 	/System/Library/PrivateFrameworks/AppIntentSchemas.framework/Versions/A/AppIntentSchemas
0x000000025a851000 	/System/Library/PrivateFrameworks/GRDBInternal.framework/Versions/A/GRDBInternal
0x000000027d032000 	/System/Library/PrivateFrameworks/StatusKit.framework/Versions/A/StatusKit
0x00000001b0d73000 	/System/Library/PrivateFrameworks/GenerationalStorage.framework/Versions/A/GenerationalStorage
0x00000001b0b9c000 	/System/Library/Frameworks/FileProvider.framework/Versions/A/FileProvider
0x000000019d9ae000 	/System/Library/PrivateFrameworks/DesktopServicesPriv.framework/Versions/A/DesktopServicesPriv
0x00000001c3756000 	/System/Library/PrivateFrameworks/FTServices.framework/Versions/A/FTServices
0x00000001a3bf0000 	/System/Library/Frameworks/CoreLocation.framework/Versions/A/CoreLocation
0x00000001b2b7e000 	/System/Library/Frameworks/Intents.framework/Versions/A/Intents
0x00000001acefd000 	/System/Library/PrivateFrameworks/Sharing.framework/Versions/A/Sharing
0x00000001b31e5000 	/System/Library/PrivateFrameworks/Apple80211.framework/Versions/A/Apple80211
0x00000001a651f000 	/System/Library/Frameworks/CoreWLAN.framework/Versions/A/CoreWLAN
0x00000001ca2f0000 	/usr/lib/swift/libswiftCoreLocation.dylib
0x00000001ac8be000 	/System/Library/PrivateFrameworks/IDS.framework/Versions/A/IDS
0x00000001ab323000 	/System/Library/PrivateFrameworks/IMFoundation.framework/Versions/A/IMFoundation
0x00000001bc31a000 	/System/Library/PrivateFrameworks/Marco.framework/Versions/A/Marco
0x00000001aca9b000 	/System/Library/PrivateFrameworks/IDSFoundation.framework/Versions/A/IDSFoundation
0x00000001b8d07000 	/System/Library/PrivateFrameworks/Engram.framework/Versions/A/Engram
0x00000001d1680000 	/usr/lib/swift/libswiftCompression.dylib
0x00000001b8ca5000 	/usr/lib/libtidy.A.dylib
0x00000001d2008000 	/System/Library/PrivateFrameworks/FTAWD.framework/Versions/A/FTAWD
0x00000001b431d000 	/System/Library/PrivateFrameworks/IntentsFoundation.framework/Versions/A/IntentsFoundation
0x00000001a1f0c000 	/System/Library/PrivateFrameworks/ViewBridge.framework/Versions/A/ViewBridge
0x00000002437f2000 	/System/Library/Frameworks/_AppIntents_AppKit.framework/Versions/A/_AppIntents_AppKit
0x00000001ca2d5000 	/System/Library/Frameworks/Accelerate.framework/Versions/A/Frameworks/vImage.framework/Versions/A/Libraries/libCGInterfaces.dylib
0x0000000108490000 	/usr/lib/libobjc-trampolines.dylib
0x000000028eaa5000 	/usr/lib/libAccessibilityBaseImplementations.dylib
0x0000000288f0e000 	/System/Library/PrivateFrameworks/WritingToolsUI.framework/Versions/A/WritingToolsUI
0x000000025d0cd000 	/System/Library/PrivateFrameworks/GenerativeAssistantSettings.framework/Versions/A/GenerativeAssistantSettings
0x000000027edc6000 	/System/Library/PrivateFrameworks/TextComposer.framework/Versions/A/TextComposer
0x000000025d0a5000 	/System/Library/PrivateFrameworks/GenerativeAssistantCommon.framework/Versions/A/GenerativeAssistantCommon
0x0000000243830000 	/System/Library/Frameworks/_AuthenticationServices_SwiftUI.framework/Versions/A/_AuthenticationServices_SwiftUI
0x0000000246667000 	/System/Library/PrivateFrameworks/Anvil.framework/Versions/A/Anvil
0x00000001ca911000 	/System/Library/PrivateFrameworks/AppStoreDaemon.framework/Versions/A/AppStoreDaemon
0x00000001b6875000 	/System/Library/PrivateFrameworks/AppleMediaServices.framework/Versions/A/AppleMediaServices
0x000000025d56a000 	/System/Library/PrivateFrameworks/GenerativePartnerServiceUI.framework/Versions/A/GenerativePartnerServiceUI
0x00000001f86b2000 	/System/Library/PrivateFrameworks/JetEngine.framework/Versions/A/JetEngine
0x0000000249329000 	/System/Library/PrivateFrameworks/AuthenticationServicesCore.framework/Versions/A/AuthenticationServicesCore
0x00000001cdcd6000 	/System/Library/Frameworks/AuthenticationServices.framework/Versions/A/AuthenticationServices
0x00000001a8e5f000 	/System/Library/PrivateFrameworks/SharedWebCredentials.framework/Versions/A/SharedWebCredentials
0x00000001c545e000 	/System/Library/PrivateFrameworks/SafariCore.framework/Versions/A/SafariCore
0x00000001cd81d000 	/System/Library/PrivateFrameworks/SafariFoundation.framework/Versions/A/SafariFoundation
0x00000001b04c0000 	/System/Library/Frameworks/Contacts.framework/Versions/A/Contacts
0x000000024a540000 	/System/Library/PrivateFrameworks/CBORLibrary.framework/Versions/A/CBORLibrary
0x000000024b4ef000 	/System/Library/PrivateFrameworks/Chirp.framework/Versions/A/Chirp
0x000000024c09e000 	/System/Library/PrivateFrameworks/CloudSubscriptionFeatures.framework/Versions/A/CloudSubscriptionFeatures
0x00000001b0205000 	/System/Library/PrivateFrameworks/ContactsFoundation.framework/Versions/A/ContactsFoundation
0x00000001f9a49000 	/System/Library/PrivateFrameworks/RemoteManagement.framework/Versions/A/RemoteManagement
0x000000027278f000 	/System/Library/PrivateFrameworks/RemoteManagementModel.framework/Versions/A/RemoteManagementModel
0x0000000272820000 	/System/Library/PrivateFrameworks/RemoteManagementStore.framework/Versions/A/RemoteManagementStore
0x00000001ad4a5000 	/usr/lib/libxcselect.dylib
0x00000001cd78d000 	/System/Library/PrivateFrameworks/DifferentialPrivacy.framework/Versions/A/DifferentialPrivacy
0x00000002676c9000 	/System/Library/PrivateFrameworks/ManagedSettingsObjC.framework/Versions/A/ManagedSettingsObjC
0x00000002653ce000 	/System/Library/PrivateFrameworks/LockdownMode.framework/Versions/A/LockdownMode
0x0000000283a2b000 	/System/Library/PrivateFrameworks/VDAF.framework/Versions/A/VDAF
0x00000001b02da000 	/System/Library/PrivateFrameworks/ContactsPersistence.framework/Versions/A/ContactsPersistence
0x00000001af44c000 	/System/Library/PrivateFrameworks/AppleLDAP.framework/Versions/A/AppleLDAP
0x00000001b3cb6000 	/System/Library/Frameworks/ClassKit.framework/Versions/A/ClassKit
0x00000001b5f27000 	/System/Library/PrivateFrameworks/CoreSuggestions.framework/Versions/A/CoreSuggestions
0x00000001b18f6000 	/System/Library/PrivateFrameworks/vCard.framework/Versions/A/vCard
0x000000024cc5b000 	/System/Library/PrivateFrameworks/ContactsMetrics.framework/Versions/A/ContactsMetrics
0x00000001a92cb000 	/System/Library/PrivateFrameworks/login.framework/Versions/A/login
0x00000002676c3000 	/System/Library/PrivateFrameworks/ManagedOrganizationContacts.framework/Versions/A/ManagedOrganizationContacts
0x00000001a26ea000 	/System/Library/PrivateFrameworks/CloudDocs.framework/Versions/A/CloudDocs
0x00000001bc86a000 	/System/Library/PrivateFrameworks/ProactiveEventTracker.framework/Versions/A/ProactiveEventTracker
0x00000001ab7f1000 	/System/Library/PrivateFrameworks/CoreFollowUp.framework/Versions/A/CoreFollowUp
0x00000001b5467000 	/System/Library/PrivateFrameworks/ConfigurationProfiles.framework/Versions/A/ConfigurationProfiles
0x000000025222d000 	/System/Library/PrivateFrameworks/DMCUtilities.framework/Versions/A/DMCUtilities
0x000000026544c000 	/System/Library/PrivateFrameworks/MDMClientLibrary.framework/Versions/A/MDMClientLibrary
0x0000000272814000 	/System/Library/PrivateFrameworks/RemoteManagementProtocol.framework/Versions/A/RemoteManagementProtocol
0x000000028ee40000 	/usr/lib/libEndpointSecuritySystem.dylib
0x00000001afb2b000 	/System/Library/PrivateFrameworks/SystemAdministration.framework/Versions/A/SystemAdministration
0x00000001ba849000 	/System/Library/PrivateFrameworks/PowerlogControl.framework/Versions/A/PowerlogControl
0x00000001a680e000 	/System/Library/Frameworks/ServiceManagement.framework/Versions/A/ServiceManagement
0x00000001ba84b000 	/usr/lib/libUniversalAccess.dylib
0x00000001b7272000 	/System/Library/PrivateFrameworks/FamilyControls.framework/Versions/A/FamilyControls
0x00000001af422000 	/System/Library/Frameworks/DirectoryService.framework/Versions/A/DirectoryService
0x00000001b3999000 	/System/Library/PrivateFrameworks/LoginUIKit.framework/Versions/A/Frameworks/LoginUICore.framework/Versions/A/LoginUICore
0x00000001a9509000 	/usr/lib/libodfde.dylib
0x00000001b726c000 	/System/Library/PrivateFrameworks/UniversalAccess.framework/Versions/A/Libraries/libUAPreferences.dylib
0x00000001b7296000 	/System/Library/PrivateFrameworks/CommerceKit.framework/Versions/A/Frameworks/CommerceCore.framework/Versions/A/CommerceCore
0x000000025219a000 	/System/Library/PrivateFrameworks/DEPClientLibrary.framework/Versions/A/DEPClientLibrary
0x00000002521c3000 	/System/Library/PrivateFrameworks/DMCEnrollmentLibrary.framework/Versions/A/DMCEnrollmentLibrary
0x00000001ba934000 	/System/Library/PrivateFrameworks/SetupAssistantFramework.framework/Versions/A/SetupAssistantFramework
0x00000001b409a000 	/System/Library/PrivateFrameworks/AuthKitUI.framework/Versions/A/AuthKitUI
0x00000001b39e3000 	/System/Library/PrivateFrameworks/AppSSO.framework/Versions/A/AppSSO
0x00000001ca66e000 	/System/Library/PrivateFrameworks/LocalAuthenticationUI.framework/Versions/A/LocalAuthenticationUI
0x00000002706f0000 	/System/Library/PrivateFrameworks/PlatformSSO.framework/Versions/A/PlatformSSO
0x00000001cb116000 	/System/Library/PrivateFrameworks/AOSUI.framework/Versions/A/AOSUI
0x00000001bc637000 	/System/Library/Frameworks/ContactsUI.framework/Versions/A/ContactsUI
0x00000001b0746000 	/System/Library/PrivateFrameworks/FamilyCircle.framework/Versions/A/FamilyCircle
0x00000001d8ccf000 	/System/Library/Frameworks/LinkPresentation.framework/Versions/A/LinkPresentation
0x000000023dbd5000 	/System/Library/Frameworks/LocalAuthenticationEmbeddedUI.framework/Versions/A/LocalAuthenticationEmbeddedUI
0x00000002707dc000 	/System/Library/PrivateFrameworks/PlatformSSOCore.framework/Versions/A/PlatformSSOCore
0x00000001bc207000 	/System/Library/PrivateFrameworks/IASUtilities.framework/Versions/A/IASUtilities
0x0000000260460000 	/System/Library/PrivateFrameworks/IASUtilitiesCore.framework/Versions/A/IASUtilitiesCore
0x00000001c45b7000 	/System/Library/PrivateFrameworks/OnBoardingKit.framework/Versions/A/OnBoardingKit
0x0000000272889000 	/System/Library/PrivateFrameworks/RemoteUI.framework/Versions/A/RemoteUI
0x000000026481e000 	/System/Library/PrivateFrameworks/LiftUI.framework/Versions/A/LiftUI
0x0000000274d47000 	/System/Library/PrivateFrameworks/Settings.framework/Versions/A/Settings
0x0000000289517000 	/System/Library/PrivateFrameworks/_IconServices_SwiftUI.framework/Versions/A/_IconServices_SwiftUI
0x000000023c986000 	/System/Library/Frameworks/ExtensionKit.framework/Versions/A/ExtensionKit
0x000000024bfec000 	/System/Library/PrivateFrameworks/CloudSettings.framework/Versions/A/CloudSettings
0x00000001b5ff8000 	/System/Library/Frameworks/EventKit.framework/Versions/A/EventKit
0x00000001c47c8000 	/System/Library/PrivateFrameworks/SearchFoundation.framework/Versions/A/SearchFoundation
0x00000001dad63000 	/System/Library/PrivateFrameworks/Email.framework/Versions/A/Email
0x00000001c3308000 	/System/Library/PrivateFrameworks/CoreRoutine.framework/Versions/A/CoreRoutine
0x00000001f93cb000 	/System/Library/PrivateFrameworks/VoiceShortcutClient.framework/Versions/A/VoiceShortcutClient
0x00000001d2b62000 	/System/Library/PrivateFrameworks/Categories.framework/Versions/A/Categories
0x00000001cafcc000 	/System/Library/PrivateFrameworks/ChronoServices.framework/Versions/A/ChronoServices
0x000000024afca000 	/System/Library/PrivateFrameworks/CalendarDatabase.framework/Versions/A/CalendarDatabase
0x000000024af16000 	/System/Library/PrivateFrameworks/CalendarDaemon.framework/Versions/A/CalendarDaemon
0x00000001b5391000 	/System/Library/PrivateFrameworks/CalendarFoundation.framework/Versions/A/CalendarFoundation
0x00000001b534d000 	/System/Library/PrivateFrameworks/iCalendar.framework/Versions/A/iCalendar
0x000000025242b000 	/System/Library/PrivateFrameworks/DataAccessExpress.framework/Versions/A/DataAccessExpress
0x00000001bc794000 	/System/Library/PrivateFrameworks/ContactsAutocomplete.framework/Versions/A/ContactsAutocomplete
0x00000002902f1000 	/usr/lib/swift/libswiftVideoToolbox.dylib
0x00000001caf1c000 	/System/Library/PrivateFrameworks/FTClientServices.framework/Versions/A/FTClientServices
0x0000000290163000 	/usr/lib/swift/libswiftCoreMediaIO.dylib
0x00000001bc091000 	/System/Library/PrivateFrameworks/CoreDAV.framework/Versions/A/CoreDAV
0x00000001b5ec8000 	/System/Library/PrivateFrameworks/CalDAV.framework/Versions/A/CalDAV
0x00000001c0a3b000 	/System/Library/PrivateFrameworks/TelephonyUtilities.framework/Versions/A/TelephonyUtilities
0x000000023db92000 	/System/Library/Frameworks/LiveCommunicationKit.framework/Versions/A/LiveCommunicationKit
0x000000024c8bf000 	/System/Library/PrivateFrameworks/CommunicationTrust.framework/Versions/A/CommunicationTrust
0x00000001c5271000 	/System/Library/Frameworks/CallKit.framework/Versions/A/CallKit
0x00000001b073f000 	/System/Library/PrivateFrameworks/CommunicationsFilter.framework/Versions/A/CommunicationsFilter
0x00000001ee750000 	/System/Library/PrivateFrameworks/IMTransferServices.framework/Versions/A/IMTransferServices
0x00000001c3750000 	/System/Library/PrivateFrameworks/IncomingCallFilter.framework/Versions/A/IncomingCallFilter
0x000000026b3e8000 	/System/Library/PrivateFrameworks/NeighborhoodActivityConduit.framework/Versions/A/NeighborhoodActivityConduit
0x00000001c772f000 	/System/Library/PrivateFrameworks/CallHistory.framework/Versions/A/CallHistory
0x000000028ecd0000 	/usr/lib/libBASupport.dylib
0x000000024b3d2000 	/System/Library/PrivateFrameworks/CallsUtilities.framework/Versions/A/CallsUtilities
0x000000024b3dd000 	/System/Library/PrivateFrameworks/CallsXPC.framework/Versions/A/CallsXPC
0x00000001f9ba7000 	/usr/lib/swift/libswiftCallKit.dylib
0x000000024b3c5000 	/System/Library/PrivateFrameworks/CallsPersistence.framework/Versions/A/CallsPersistence
0x00000002414b4000 	/System/Library/Frameworks/SensitiveContentAnalysis.framework/Versions/A/SensitiveContentAnalysis
0x00000001c8732000 	/System/Library/PrivateFrameworks/PeopleSuggester.framework/Versions/A/PeopleSuggester
0x00000001d19fb000 	/System/Library/PrivateFrameworks/SpotlightReceiver.framework/Versions/A/SpotlightReceiver
0x00000002894df000 	/System/Library/PrivateFrameworks/_AppIntentsServices_AppIntents.framework/Versions/A/_AppIntentsServices_AppIntents
0x0000000246963000 	/System/Library/PrivateFrameworks/AppIntentsServices.framework/Versions/A/AppIntentsServices
0x00000001b5335000 	/System/Library/PrivateFrameworks/CoreRecents.framework/Versions/A/CoreRecents
0x000000023d088000 	/System/Library/Frameworks/GeoToolbox.framework/Versions/A/GeoToolbox
0x00000002438af000 	/System/Library/Frameworks/_GeoToolbox_AppIntents.framework/Versions/A/_GeoToolbox_AppIntents
0x00000001e45e2000 	/System/Library/PrivateFrameworks/DiagnosticRequest.framework/Versions/A/DiagnosticRequest
0x0000000289424000 	/System/Library/PrivateFrameworks/XPCDistributed.framework/Versions/A/XPCDistributed
0x00000002724a4000 	/System/Library/PrivateFrameworks/RegulatoryDomain.framework/Versions/A/RegulatoryDomain
0x00000001af826000 	/usr/lib/libCTGreenTeaLogger.dylib
0x00000002653a1000 	/System/Library/PrivateFrameworks/LocalStatusKit.framework/Versions/A/LocalStatusKit
0x00000001c0929000 	/System/Library/PrivateFrameworks/CoreParsec.framework/Versions/A/CoreParsec
0x00000001dad57000 	/System/Library/PrivateFrameworks/EmailAddressing.framework/Versions/A/EmailAddressing
0x00000001d6dc0000 	/System/Library/PrivateFrameworks/EmailCore.framework/Versions/A/EmailCore
0x00000001d7dcc000 	/System/Library/PrivateFrameworks/EmailFoundation.framework/Versions/A/EmailFoundation
0x000000026e321000 	/System/Library/PrivateFrameworks/PegasusAPI.framework/Versions/A/PegasusAPI
0x000000026ee1c000 	/System/Library/PrivateFrameworks/PegasusConfiguration.framework/Versions/A/PegasusConfiguration
0x00000002817f1000 	/System/Library/PrivateFrameworks/ToolKit.framework/Versions/A/ToolKit
0x0000000272c02000 	/System/Library/PrivateFrameworks/ReplicatorEngine.framework/Versions/A/ReplicatorEngine
0x0000000272d99000 	/System/Library/PrivateFrameworks/ReplicatorServices.framework/Versions/A/ReplicatorServices
0x000000027e4ec000 	/System/Library/PrivateFrameworks/SystemWake.framework/Versions/A/SystemWake
0x00000001c5444000 	/System/Library/PrivateFrameworks/ContextKit.framework/Versions/A/ContextKit
0x000000024cd9f000 	/System/Library/PrivateFrameworks/ContextKitCore.framework/Versions/A/ContextKitCore
0x00000001c39d4000 	/System/Library/Frameworks/LocalAuthentication.framework/Support/DaemonUtils.framework/Versions/A/DaemonUtils
0x0000000265336000 	/System/Library/PrivateFrameworks/LocalAuthenticationCoreUI.framework/Versions/A/LocalAuthenticationCoreUI
0x00000001c6dc4000 	/System/Library/PrivateFrameworks/BridgeXPC.framework/Versions/A/BridgeXPC
0x00000001c4691000 	/System/Library/PrivateFrameworks/CoreKDL.framework/Versions/A/CoreKDL
0x00000001c2cd2000 	/System/Library/PrivateFrameworks/EmbeddedOSSupportHost.framework/Versions/A/EmbeddedOSSupportHost
0x00000001b7d2e000 	/System/Library/PrivateFrameworks/LoginUIKit.framework/Versions/A/LoginUIKit
0x00000001d3031000 	/System/Library/PrivateFrameworks/StorageKit.framework/Versions/A/StorageKit
0x00000001fb356000 	/System/Library/Frameworks/DeviceCheck.framework/Versions/A/DeviceCheck
0x00000001d30aa000 	/System/Library/PrivateFrameworks/CoreWLANKit.framework/Versions/A/CoreWLANKit
0x0000000286c24000 	/System/Library/PrivateFrameworks/Wallpaper.framework/Versions/A/Wallpaper
0x000000029017e000 	/usr/lib/swift/libswiftGLKit.dylib
0x0000000290189000 	/usr/lib/swift/libswiftMetalKit.dylib
0x000000029018d000 	/usr/lib/swift/libswiftModelIO.dylib
0x000000029024f000 	/usr/lib/swift/libswiftSceneKit.dylib
0x000000023c9c9000 	/System/Library/Frameworks/FSKit.framework/Versions/A/FSKit
0x0000000252d00000 	/System/Library/PrivateFrameworks/DiskImages2.framework/Versions/A/DiskImages2
0x0000000265181000 	/System/Library/PrivateFrameworks/LiveFS.framework/Versions/A/LiveFS
0x00000001dbc86000 	/System/Library/PrivateFrameworks/DynamicDesktop.framework/Versions/A/DynamicDesktop
0x0000000286dad000 	/System/Library/PrivateFrameworks/WallpaperFoundation.framework/Versions/A/WallpaperFoundation
0x0000000286e09000 	/System/Library/PrivateFrameworks/WallpaperTypes.framework/Versions/A/WallpaperTypes
0x00000001f0472000 	/System/Library/PrivateFrameworks/SystemDesktopAppearance.framework/Versions/A/SystemDesktopAppearance
0x000000028c53b000 	/System/Library/PrivateFrameworks/icloudMCCKit.framework/Versions/A/icloudMCCKit
0x0000000247892000 	/System/Library/PrivateFrameworks/AppleAccountUI.framework/Versions/A/AppleAccountUI
0x00000001e4b9c000 	/System/Library/PrivateFrameworks/PreferencePanesSupport.framework/Versions/A/PreferencePanesSupport
0x00000001cb2c8000 	/System/Library/PrivateFrameworks/FindMyDeviceUI.framework/Versions/A/FindMyDeviceUI
0x000000028a190000 	/System/Library/PrivateFrameworks/iCloudQuotaUI.framework/Versions/A/iCloudQuotaUI
0x00000001e4d50000 	/System/Library/PrivateFrameworks/CoreCDPUI.framework/Versions/A/CoreCDPUI
0x00000001c51a0000 	/System/Library/PrivateFrameworks/CoreFollowUpUI.framework/Versions/A/CoreFollowUpUI
0x00000001d1c7a000 	/System/Library/PrivateFrameworks/IMCore.framework/Versions/A/IMCore
0x00000001ba8b2000 	/System/Library/PrivateFrameworks/CoreCDP.framework/Versions/A/CoreCDP
0x00000001b6866000 	/System/Library/PrivateFrameworks/AskPermission.framework/Versions/A/AskPermission
0x00000001c8e13000 	/System/Library/Frameworks/Quartz.framework/Versions/A/Quartz
0x00000001d55b7000 	/System/Library/PrivateFrameworks/CloudPhotoServicesConfiguration.framework/Versions/A/CloudPhotoServicesConfiguration
0x00000001c7547000 	/System/Library/PrivateFrameworks/CommerceKit.framework/Versions/A/CommerceKit
0x00000001d6e8f000 	/System/Library/PrivateFrameworks/FindMyMac.framework/Versions/A/FindMyMac
0x00000001d6d63000 	/System/Library/Frameworks/PreferencePanes.framework/Versions/A/PreferencePanes
0x00000001ca759000 	/System/Library/Frameworks/AddressBook.framework/Versions/A/AddressBook
0x00000001b577e000 	/System/Library/PrivateFrameworks/AOSAccounts.framework/Versions/A/AOSAccounts
0x00000001afb25000 	/System/Library/PrivateFrameworks/AppleSRP.framework/Versions/A/AppleSRP
0x00000001c38eb000 	/System/Library/Frameworks/SafariServices.framework/Versions/A/SafariServices
0x00000001b426e000 	/System/Library/PrivateFrameworks/NetFSServer.framework/Versions/A/NetFSServer
0x00000001c6351000 	/System/Library/Frameworks/PDFKit.framework/Versions/A/PDFKit
0x00000002429e4000 	/System/Library/Frameworks/TabularData.framework/Versions/A/TabularData
0x00000002901a3000 	/usr/lib/swift/libswiftPassKit.dylib
0x00000001e8b99000 	/System/Library/Frameworks/PassKit.framework/Versions/A/PassKit
0x00000001b7e38000 	/System/Library/PrivateFrameworks/PassKitCore.framework/Versions/A/PassKitCore
0x000000026dcc0000 	/System/Library/PrivateFrameworks/PassKitMacHelperTemp.framework/Versions/A/PassKitMacHelperTemp
0x000000026cbf8000 	/System/Library/PrivateFrameworks/OSEligibility.framework/Versions/A/OSEligibility
0x000000028ec22000 	/usr/lib/libAppleSSE.dylib
0x00000001c3a20000 	/System/Library/PrivateFrameworks/BiometricKit.framework/Versions/A/BiometricKit
0x000000027338f000 	/System/Library/PrivateFrameworks/SEService.framework/Versions/A/SEService
0x000000023ca8d000 	/System/Library/Frameworks/FinanceKit.framework/Versions/A/FinanceKit
0x00000001c8ec3000 	/System/Library/PrivateFrameworks/NearField.framework/Versions/A/NearField
0x000000028efff000 	/usr/lib/libSESShared.dylib
0x0000000273589000 	/System/Library/PrivateFrameworks/STSXPCHelperClient.framework/Versions/A/STSXPCHelperClient
0x00000001cab60000 	/usr/lib/libnfshared.dylib
0x000000027e27a000 	/System/Library/PrivateFrameworks/Symptoms.framework/Versions/A/Frameworks/SymptomPresentationFeed.framework/Versions/A/SymptomPresentationFeed
0x0000000248237000 	/System/Library/PrivateFrameworks/AppleMediaServicesKitInternal.framework/Versions/A/AppleMediaServicesKitInternal
0x000000027dfbd000 	/System/Library/PrivateFrameworks/SymptomShared.framework/Versions/A/SymptomShared
0x00000001eb666000 	/System/Library/PrivateFrameworks/PassKitUIFoundation.framework/Versions/A/PassKitUIFoundation
0x00000001af45e000 	/System/Library/Frameworks/MapKit.framework/Versions/A/MapKit
0x000000025d60a000 	/System/Library/PrivateFrameworks/GeoAnalytics.framework/Versions/A/GeoAnalytics
0x00000001cab8e000 	/System/Library/PrivateFrameworks/Navigation.framework/Versions/A/Navigation
0x00000001d460d000 	/System/Library/PrivateFrameworks/VectorKit.framework/Versions/A/VectorKit
0x00000001bc2cc000 	/System/Library/PrivateFrameworks/VirtualGarage.framework/Versions/A/VirtualGarage
0x00000001cad6a000 	/System/Library/Frameworks/ExternalAccessory.framework/ExternalAccessory
0x00000001cad85000 	/System/Library/PrivateFrameworks/IAP.framework/Versions/A/IAP
0x00000001af717000 	/System/Library/PrivateFrameworks/IOPlatformPluginFamily.framework/Versions/A/IOPlatformPluginFamily
0x0000000249467000 	/System/Library/PrivateFrameworks/AvatarKit.framework/Versions/A/AvatarKit
0x0000000249526000 	/System/Library/PrivateFrameworks/AvatarPersistence.framework/Versions/A/AvatarPersistence
0x0000000242d5e000 	/System/Library/Frameworks/TipKit.framework/Versions/A/TipKit
0x00000001b7957000 	/System/Library/PrivateFrameworks/IMSharedUtilities.framework/Versions/A/IMSharedUtilities
0x0000000290143000 	/usr/lib/swift/libswiftAppleArchive.dylib
0x0000000283b17000 	/System/Library/PrivateFrameworks/VFX.framework/Versions/A/VFX
0x00000001e694c000 	/System/Library/PrivateFrameworks/AppleCVA.framework/Versions/A/AppleCVA
0x0000000249525000 	/System/Library/PrivateFrameworks/AvatarKitContent.framework/Versions/A/AvatarKitContent
0x000000023e97d000 	/System/Library/Frameworks/MetalFX.framework/Versions/A/MetalFX
0x000000024c92b000 	/System/Library/PrivateFrameworks/CompositorNonUI.framework/Versions/A/CompositorNonUI
0x00000001fcee2000 	/System/Library/Frameworks/ARKit.framework/Versions/A/ARKit
0x0000000245380000 	/System/Library/PrivateFrameworks/ARKitCore.framework/Versions/A/ARKitCore
0x000000028ecfd000 	/usr/lib/libDisplayWarpSupport.dylib
0x000000024e012000 	/System/Library/PrivateFrameworks/CoreComposite.framework/Versions/A/CoreComposite
0x000000028f11c000 	/usr/lib/libchannel.dylib
0x000000028fe12000 	/usr/lib/librealtime_safety.dylib
0x000000024540d000 	/System/Library/PrivateFrameworks/ARKitFoundation.framework/Versions/A/ARKitFoundation
0x000000024792d000 	/System/Library/PrivateFrameworks/AppleDepth.framework/Versions/A/AppleDepth
0x0000000247aa3000 	/System/Library/PrivateFrameworks/AppleDepthCore.framework/Versions/A/AppleDepthCore
0x00000001af84f000 	/System/Library/PrivateFrameworks/CoreAppleCVA.framework/Versions/A/CoreAppleCVA
0x00000001bc3fa000 	/System/Library/PrivateFrameworks/ContactsUICore.framework/Versions/A/ContactsUICore
0x00000001c3858000 	/System/Library/PrivateFrameworks/ContactsDonation.framework/Versions/A/ContactsDonation
0x00000001c30e1000 	/System/Library/PrivateFrameworks/DataDetectors.framework/Versions/A/DataDetectors
0x00000001b5eb4000 	/System/Library/Frameworks/MediaLibrary.framework/Versions/A/MediaLibrary
0x00000001b072e000 	/System/Library/PrivateFrameworks/PersonaKit.framework/Versions/A/PersonaKit
0x00000001bc3e8000 	/System/Library/PrivateFrameworks/PersonaUI.framework/Versions/A/PersonaUI
0x00000001d678c000 	/System/Library/PrivateFrameworks/Transparency.framework/Versions/A/Transparency
0x000000025466d000 	/System/Library/PrivateFrameworks/FindMyLocate.framework/Versions/A/FindMyLocate
0x00000001c5120000 	/System/Library/PrivateFrameworks/IntlPreferences.framework/Versions/A/IntlPreferences
0x000000025454d000 	/System/Library/PrivateFrameworks/FindMyCommon.framework/Versions/A/FindMyCommon
0x0000000254349000 	/System/Library/PrivateFrameworks/FindMyBase.framework/Versions/A/FindMyBase
0x000000024019f000 	/System/Library/Frameworks/NearbyInteraction.framework/Versions/A/NearbyInteraction
0x00000001b0357000 	/System/Library/PrivateFrameworks/AddressBookCore.framework/Versions/A/AddressBookCore
0x00000001ca8ef000 	/System/Library/PrivateFrameworks/ToneKit.framework/Versions/A/ToneKit
0x00000001c5166000 	/System/Library/PrivateFrameworks/ToneLibrary.framework/Versions/A/ToneLibrary
0x000000024cc29000 	/System/Library/PrivateFrameworks/ContactsAccounts.framework/Versions/A/ContactsAccounts
0x00000001c8d2e000 	/System/Library/PrivateFrameworks/Lookup.framework/Versions/A/Lookup
0x0000000240a35000 	/System/Library/Frameworks/QuickLookUI.framework/Versions/A/QuickLookUI
0x000000024142f000 	/System/Library/Frameworks/ScreenCaptureKit.framework/Versions/A/ScreenCaptureKit
0x00000001c5e65000 	/System/Library/Frameworks/Quartz.framework/Versions/A/Frameworks/QuartzComposer.framework/Versions/A/QuartzComposer
0x00000001c50f7000 	/System/Library/Frameworks/Quartz.framework/Versions/A/Frameworks/QuartzFilters.framework/Versions/A/QuartzFilters
0x00000001c418a000 	/System/Library/Frameworks/Quartz.framework/Versions/A/Frameworks/ImageKit.framework/Versions/A/ImageKit
0x00000001fccf2000 	/System/Library/Frameworks/OpenCL.framework/Versions/A/OpenCL
0x00000001c26ae000 	/System/Library/PrivateFrameworks/CorePDF.framework/Versions/A/CorePDF
0x00000001ad41e000 	/System/Library/Frameworks/QuickLook.framework/Versions/A/QuickLook
0x00000001b7d29000 	/System/Library/PrivateFrameworks/DisplayServices.framework/Versions/A/DisplayServices
0x00000001c5062000 	/System/Library/Frameworks/ImageCaptureCore.framework/Versions/A/ImageCaptureCore
0x0000000285a9d000 	/System/Library/PrivateFrameworks/VisionKitCore.framework/Versions/A/VisionKitCore
0x00000001c08f9000 	/System/Library/PrivateFrameworks/QuickLookSupport.framework/Versions/A/QuickLookSupport
0x0000000267fa2000 	/System/Library/PrivateFrameworks/MediaAnalysisServices.framework/Versions/A/MediaAnalysisServices
0x00000001c7d47000 	/System/Library/PrivateFrameworks/PhotoLibraryServices.framework/Versions/A/PhotoLibraryServices
0x00000001c4c76000 	/System/Library/Frameworks/Photos.framework/Versions/A/Photos
0x00000001d90bc000 	/System/Library/PrivateFrameworks/PhotosFormats.framework/Versions/A/PhotosFormats
0x00000001d55e2000 	/System/Library/PrivateFrameworks/CloudPhotoLibrary.framework/Versions/A/CloudPhotoLibrary
0x00000001de825000 	/System/Library/PrivateFrameworks/CloudPhotoServices.framework/Versions/A/CloudPhotoServices
0x00000001daec3000 	/System/Library/PrivateFrameworks/CoreMediaStream.framework/Versions/A/CoreMediaStream
0x00000001b0dca000 	/System/Library/PrivateFrameworks/CPAnalytics.framework/Versions/A/CPAnalytics
0x00000001d7475000 	/System/Library/PrivateFrameworks/MediaConversionService.framework/Versions/A/MediaConversionService
0x00000001b7943000 	/System/Library/PrivateFrameworks/PhotoFoundation.framework/Versions/A/PhotoFoundation
0x000000026f3f4000 	/System/Library/PrivateFrameworks/PhotoLibraryServicesCore.framework/Versions/A/PhotoLibraryServicesCore
0x00000001d1390000 	/System/Library/PrivateFrameworks/MMCS.framework/Versions/A/MMCS
0x00000001b5d0e000 	/System/Library/PrivateFrameworks/ChunkingLibrary.framework/Versions/A/ChunkingLibrary
0x00000001afaf2000 	/System/Library/PrivateFrameworks/AssetCacheServices.framework/Versions/A/AssetCacheServices
0x00000001b1a47000 	/System/Library/PrivateFrameworks/AVFoundationCF.framework/Versions/A/AVFoundationCF
0x00000001ee64b000 	/usr/lib/swift/libswiftDemangle.dylib
0x00000001c339a000 	/System/Library/PrivateFrameworks/MediaStream.framework/Versions/A/MediaStream
0x00000001d7911000 	/System/Library/PrivateFrameworks/NeutrinoCore.framework/Versions/A/NeutrinoCore
0x000000019f5ef000 	/System/Library/PrivateFrameworks/NLP.framework/Versions/A/NLP
0x00000001dd5e0000 	/System/Library/PrivateFrameworks/PhotoImaging.framework/Versions/A/PhotoImaging
0x00000001de7e6000 	/System/Library/PrivateFrameworks/PhotosImagingFoundation.framework/Versions/A/PhotosImagingFoundation
0x000000026ff87000 	/System/Library/PrivateFrameworks/PhotosIntelligenceCore.framework/Versions/A/PhotosIntelligenceCore
0x00000001b1e76000 	/System/Library/PrivateFrameworks/EmbeddedAcousticRecognition.framework/Versions/A/EmbeddedAcousticRecognition
0x00000001ccae3000 	/System/Library/PrivateFrameworks/EmojiFoundation.framework/Versions/A/EmojiFoundation
0x00000001d585b000 	/System/Library/PrivateFrameworks/SDAPI.framework/Versions/A/SDAPI
0x00000001de834000 	/System/Library/PrivateFrameworks/AutoLoop.framework/Versions/A/AutoLoop
0x0000000270b32000 	/System/Library/PrivateFrameworks/Portrait.framework/Versions/A/Portrait
0x0000000254ce9000 	/System/Library/PrivateFrameworks/FusionTracker.framework/Versions/A/FusionTracker
0x00000001c5903000 	/System/Library/PrivateFrameworks/iTunesCloud.framework/Versions/A/iTunesCloud
0x00000001ce9b2000 	/System/Library/PrivateFrameworks/DAAPKit.framework/Versions/A/DAAPKit
0x00000001c0c70000 	/System/Library/PrivateFrameworks/DeviceManagement.framework/Versions/A/DeviceManagement
0x00000001e4534000 	/System/Library/PrivateFrameworks/ScreenTimeUI.framework/Versions/A/ScreenTimeUI
0x00000001c30db000 	/System/Library/PrivateFrameworks/QuickLookNonBaseSystem.framework/Versions/A/QuickLookNonBaseSystem
0x00000001c392c000 	/System/Library/PrivateFrameworks/Catalyst.framework/Versions/A/Catalyst
0x00000001c5318000 	/System/Library/PrivateFrameworks/ScreenTimeCore.framework/Versions/A/ScreenTimeCore
0x00000001d8581000 	/System/Library/PrivateFrameworks/ScreenTimeServiceUI.framework/Versions/A/ScreenTimeServiceUI
0x00000001d1520000 	/System/Library/PrivateFrameworks/ConfigurationEngineModel.framework/Versions/A/ConfigurationEngineModel
0x00000001d45c6000 	/System/Library/PrivateFrameworks/UsageTracking.framework/Versions/A/UsageTracking
0x000000023c739000 	/System/Library/Frameworks/DeviceActivity.framework/Versions/A/DeviceActivity
0x00000001d4596000 	/System/Library/PrivateFrameworks/KnowledgeMonitor.framework/Versions/A/KnowledgeMonitor
0x00000001eb60c000 	/System/Library/PrivateFrameworks/BluetoothManager.framework/Versions/A/BluetoothManager
0x000000023dcb9000 	/System/Library/Frameworks/ManagedSettings.framework/Versions/A/ManagedSettings
0x0000000267709000 	/System/Library/PrivateFrameworks/ManagedSettingsSupport.framework/Versions/A/ManagedSettingsSupport
0x00000001e8c69000 	/System/Library/Frameworks/ReplayKit.framework/Versions/A/ReplayKit
0x00000001b8cd9000 	/System/Library/PrivateFrameworks/MarkupUI.framework/Versions/A/MarkupUI
0x00000001c30b3000 	/System/Library/PrivateFrameworks/SidecarCore.framework/Versions/A/SidecarCore
0x00000001c5d1a000 	/System/Library/PrivateFrameworks/AnnotationKit.framework/Versions/A/AnnotationKit
0x00000001c43cd000 	/System/Library/Frameworks/PencilKit.framework/Versions/A/PencilKit
0x00000001c4592000 	/System/Library/PrivateFrameworks/SidecarUI.framework/Versions/A/SidecarUI
0x00000001c3d35000 	/System/Library/PrivateFrameworks/CoreHandwriting.framework/Versions/A/CoreHandwriting
0x0000000199223000 	/usr/lib/libmecabra.dylib
0x00000001bc9a2000 	/System/Library/PrivateFrameworks/Calculate.framework/Versions/A/Calculate
0x00000001a8c0f000 	/usr/lib/libChineseTokenizer.dylib
0x00000001f9971000 	/System/Library/PrivateFrameworks/ScreenReaderCore.framework/Versions/A/ScreenReaderCore
0x000000027d590000 	/System/Library/PrivateFrameworks/StocksKit.framework/Versions/A/StocksKit
0x00000001bb9c0000 	/System/Library/PrivateFrameworks/OAuth.framework/Versions/A/OAuth
0x000000027d282000 	/System/Library/PrivateFrameworks/StocksCore.framework/Versions/A/StocksCore
0x000000027e92d000 	/System/Library/PrivateFrameworks/TeaFoundation.framework/Versions/A/TeaFoundation
0x000000027eb0f000 	/System/Library/PrivateFrameworks/TeaSettings.framework/Versions/A/TeaSettings
0x00000001efce7000 	/System/Library/PrivateFrameworks/NewsCore.framework/Versions/A/NewsCore
0x000000027e8c9000 	/System/Library/PrivateFrameworks/TeaDB.framework/Versions/A/TeaDB
0x00000001ec6ed000 	/System/Library/PrivateFrameworks/RemoteConfiguration.framework/Versions/A/RemoteConfiguration
0x00000001ef8f2000 	/System/Library/PrivateFrameworks/NewsTransport.framework/Versions/A/NewsTransport
0x00000001efcd7000 	/System/Library/PrivateFrameworks/NewsFoundation.framework/Versions/A/NewsFoundation
0x000000026b9c6000 	/System/Library/PrivateFrameworks/NewsURLBucket.framework/Versions/A/NewsURLBucket
0x0000000248e37000 	/System/Library/PrivateFrameworks/AsyncAlgorithmsInternal.framework/Versions/A/AsyncAlgorithmsInternal
0x00000001c7944000 	/System/Library/PrivateFrameworks/MobileInstallation.framework/Versions/A/MobileInstallation
0x0000000242ec8000 	/System/Library/Frameworks/Translation.framework/Versions/A/Translation
0x00000001e01e3000 	/System/Library/PrivateFrameworks/RevealCore.framework/Versions/A/RevealCore
0x00000001e01d7000 	/System/Library/PrivateFrameworks/Reveal.framework/Versions/A/Reveal
0x00000001d825a000 	/System/Library/Frameworks/Speech.framework/Versions/A/Speech
0x00000002442bc000 	/System/Library/PrivateFrameworks/AIMLExperimentationAnalytics.framework/Versions/A/AIMLExperimentationAnalytics
0x0000000246550000 	/System/Library/PrivateFrameworks/AlgorithmsInternal.framework/Versions/A/AlgorithmsInternal
0x0000000281fa5000 	/System/Library/PrivateFrameworks/TranslationUIServices.framework/Versions/A/TranslationUIServices
0x0000000280f7f000 	/System/Library/PrivateFrameworks/TipKitCore.framework/Versions/A/TipKitCore
0x00000001ccb67000 	/System/Library/PrivateFrameworks/CoreCDPInternal.framework/Versions/A/CoreCDPInternal
0x0000000260d87000 	/System/Library/PrivateFrameworks/InputAnalytics.framework/Versions/A/InputAnalytics
0x00000001d247c000 	/System/Library/Frameworks/InstantMessage.framework/Versions/A/InstantMessage
0x00000001ca667000 	/System/Library/PrivateFrameworks/IDSKVStore.framework/Versions/A/IDSKVStore
0x00000001ca352000 	/System/Library/PrivateFrameworks/IMDPersistence.framework/Versions/A/IMDPersistence
0x0000000283a1d000 	/System/Library/PrivateFrameworks/UserSafety.framework/Versions/A/UserSafety
0x00000001ea972000 	/System/Library/PrivateFrameworks/BlastDoor.framework/Versions/A/BlastDoor
0x0000000264fcd000 	/System/Library/PrivateFrameworks/LinkPresentationStyleSheetParsing.framework/Versions/A/LinkPresentationStyleSheetParsing
0x0000000270cda000 	/System/Library/PrivateFrameworks/PosterFoundation.framework/Versions/A/PosterFoundation
0x0000000270d66000 	/System/Library/PrivateFrameworks/PosterModel.framework/Versions/A/PosterModel
0x0000000270d41000 	/System/Library/PrivateFrameworks/PosterFuturesKit.framework/Versions/A/PosterFuturesKit
0x0000000254156000 	/System/Library/PrivateFrameworks/FeedbackService.framework/Versions/A/FeedbackService
0x00000001c37af000 	/System/Library/PrivateFrameworks/CoreSDB.framework/Versions/A/CoreSDB
0x0000000248c7b000 	/System/Library/PrivateFrameworks/AskToCore.framework/Versions/A/AskToCore
0x00000001e4d4d000 	/System/Library/PrivateFrameworks/MachineSettings.framework/Versions/A/MachineSettings
0x00000001d6ce7000 	/System/Library/PrivateFrameworks/BezelServices.framework/Versions/A/BezelServices
0x00000001cea3e000 	/System/Library/PrivateFrameworks/SPOwner.framework/Versions/A/SPOwner
0x00000001c75ac000 	/System/Library/PrivateFrameworks/FMCore.framework/Versions/A/FMCore
0x00000001c6dfd000 	/System/Library/PrivateFrameworks/AppleMediaServicesUI.framework/Versions/A/AppleMediaServicesUI
0x000000028a0e9000 	/System/Library/PrivateFrameworks/iCloudQuota.framework/Versions/A/iCloudQuota
0x00000001bc365000 	/System/Library/PrivateFrameworks/CoreRecognition.framework/Versions/A/CoreRecognition
0x00000001d6d9b000 	/System/Library/PrivateFrameworks/InAppMessages.framework/Versions/A/InAppMessages
0x00000001f85cc000 	/System/Library/PrivateFrameworks/JetUI.framework/Versions/A/JetUI
0x00000002643b4000 	/System/Library/PrivateFrameworks/JetPack.framework/Versions/A/JetPack
0x00000001d6d92000 	/System/Library/PrivateFrameworks/InAppMessagesCore.framework/Versions/A/InAppMessagesCore
0x0000000289526000 	/System/Library/PrivateFrameworks/_JetEngine_SwiftUI.framework/Versions/A/_JetEngine_SwiftUI
0x000000027e2a3000 	/System/Library/PrivateFrameworks/Synapse.framework/Versions/A/Synapse
0x000000024ad7d000 	/System/Library/PrivateFrameworks/CSExattrCrypto.framework/Versions/A/CSExattrCrypto
0x00000001c8a17000 	/System/Library/PrivateFrameworks/StoreFoundation.framework/Versions/A/StoreFoundation
0x00000001c75a6000 	/System/Library/PrivateFrameworks/ServerInformation.framework/Versions/A/ServerInformation
0x00000001c6ffa000 	/System/Library/PrivateFrameworks/Install.framework/Frameworks/DistributionKit.framework/Versions/A/DistributionKit
0x00000001c06ce000 	/System/Library/PrivateFrameworks/PackageKit.framework/Versions/A/PackageKit
0x00000001c701d000 	/System/Library/PrivateFrameworks/OSPersonalization.framework/Versions/A/OSPersonalization
0x00000001c8fa1000 	/System/Library/PrivateFrameworks/BridgeOSSoftwareUpdate.framework/Versions/A/BridgeOSSoftwareUpdate
0x00000001c3c3d000 	/System/Library/PrivateFrameworks/StorageManagement.framework/Versions/A/StorageManagement
0x00000001d80e0000 	/usr/lib/libauthinstall.dylib
0x00000001c8faa000 	/System/Library/PrivateFrameworks/InstallerDiagnostics.framework/Versions/A/InstallerDiagnostics
0x00000001d874a000 	/usr/lib/libcrypto.42.dylib
0x00000002907c8000 	/usr/lib/updaters/libT200Updater.dylib
0x00000001c8f8f000 	/System/Library/PrivateFrameworks/GPUInfo.framework/Versions/A/GPUInfo
0x00000001d6e95000 	/System/Library/PrivateFrameworks/MobileActivationMacOS.framework/Versions/A/MobileActivationMacOS
0x00000001bb907000 	/System/Library/PrivateFrameworks/AccountsDaemon.framework/Versions/A/AccountsDaemon
0x00000001abbf5000 	/System/Library/PrivateFrameworks/CacheDelete.framework/Versions/A/CacheDelete
0x00000001b4392000 	/System/Library/Frameworks/QuickLookThumbnailing.framework/Versions/A/QuickLookThumbnailing
0x00000001c8fee000 	/System/Library/PrivateFrameworks/AOSKit.framework/Versions/A/AOSKit
0x00000001a8d40000 	/System/Library/PrivateFrameworks/AppSSOCore.framework/Versions/A/AppSSOCore
0x00000002495bf000 	/System/Library/PrivateFrameworks/BackgroundSystemTasks.framework/Versions/A/BackgroundSystemTasks
0x00000001b42a8000 	/System/Library/PrivateFrameworks/DuetActivityScheduler.framework/Versions/A/DuetActivityScheduler
0x00000001d5516000 	/System/Library/PrivateFrameworks/NetworkServiceProxy.framework/Versions/A/NetworkServiceProxy
0x000000027dfcd000 	/System/Library/PrivateFrameworks/Symptoms.framework/Versions/A/Frameworks/SymptomAnalytics.framework/Versions/A/SymptomAnalytics
0x00000001b2b28000 	/System/Library/PrivateFrameworks/CoreDuetContext.framework/Versions/A/CoreDuetContext
0x000000019dc52000 	/System/Library/PrivateFrameworks/CoreDuet.framework/Versions/A/CoreDuet
0x00000001b769f000 	/System/Library/PrivateFrameworks/AssistantServices.framework/Versions/A/AssistantServices
0x00000001b1b8b000 	/System/Library/PrivateFrameworks/SAObjects.framework/Versions/A/SAObjects
0x00000001b72a3000 	/System/Library/PrivateFrameworks/MediaRemote.framework/Versions/A/MediaRemote
0x00000001c94a8000 	/System/Library/PrivateFrameworks/SiriInstrumentation.framework/Versions/A/SiriInstrumentation
0x0000000275328000 	/System/Library/PrivateFrameworks/SiriAnalytics.framework/Versions/A/SiriAnalytics
0x000000027afbb000 	/System/Library/PrivateFrameworks/SiriTTSService.framework/Versions/A/SiriTTSService
0x0000000275c3e000 	/System/Library/PrivateFrameworks/SiriCrossDeviceArbitration.framework/Versions/A/SiriCrossDeviceArbitration
0x00000001c6dcf000 	/System/Library/PrivateFrameworks/FeedbackLogger.framework/Versions/A/FeedbackLogger
0x0000000253d7b000 	/System/Library/PrivateFrameworks/FaceTimeNameUtility.framework/Versions/A/FaceTimeNameUtility
0x0000000275c92000 	/System/Library/PrivateFrameworks/SiriCrossDeviceArbitrationFeedback.framework/Versions/A/SiriCrossDeviceArbitrationFeedback
0x000000025d41b000 	/System/Library/PrivateFrameworks/GenerativeModels.framework/Versions/A/GenerativeModels
0x00000001bc17e000 	/System/Library/PrivateFrameworks/MediaServices.framework/Versions/A/MediaServices
0x00000001a9179000 	/System/Library/PrivateFrameworks/PersistentConnection.framework/Versions/A/PersistentConnection
0x000000027c743000 	/System/Library/PrivateFrameworks/SonicFoundation.framework/Versions/A/SonicFoundation
0x00000002526b3000 	/System/Library/PrivateFrameworks/Dendrite.framework/Versions/A/Dendrite
0x00000001cb31b000 	/usr/lib/libtailspin.dylib
0x00000001de943000 	/System/Library/PrivateFrameworks/Osprey.framework/Versions/A/Osprey
0x000000027a619000 	/System/Library/PrivateFrameworks/SiriTTS.framework/Versions/A/SiriTTS
0x00000001c3874000 	/System/Library/Frameworks/NaturalLanguage.framework/Versions/A/NaturalLanguage
0x000000027943e000 	/System/Library/PrivateFrameworks/SiriPowerInstrumentation.framework/Versions/A/SiriPowerInstrumentation
0x00000001c471f000 	/System/Library/PrivateFrameworks/Trial.framework/Versions/A/Trial
0x00000001c46a2000 	/System/Library/PrivateFrameworks/TrialProto.framework/Versions/A/TrialProto
0x000000028322e000 	/System/Library/PrivateFrameworks/UnifiedAssetFramework.framework/Versions/A/UnifiedAssetFramework
0x00000001e090f000 	/usr/lib/swift/libswiftAVFoundation.dylib
0x00000001f0672000 	/usr/lib/swift/libswiftNaturalLanguage.dylib
0x000000027e8c7000 	/System/Library/PrivateFrameworks/TailspinSymbolication.framework/Versions/A/TailspinSymbolication
0x00000002522f5000 	/System/Library/PrivateFrameworks/Darwinup.framework/Versions/A/Darwinup
0x00000001c373c000 	/System/Library/PrivateFrameworks/FeatureFlagsSupport.framework/Versions/A/FeatureFlagsSupport
0x00000001d76de000 	/System/Library/PrivateFrameworks/SampleAnalysis.framework/Versions/A/SampleAnalysis
0x00000001e0665000 	/System/Library/PrivateFrameworks/BulkSymbolication.framework/Versions/A/BulkSymbolication
0x00000001a27ca000 	/System/Library/Frameworks/CoreML.framework/Versions/A/CoreML
0x00000001a6b6e000 	/System/Library/Frameworks/MLCompute.framework/Versions/A/MLCompute
0x0000000265b95000 	/System/Library/PrivateFrameworks/MLAssetIO.framework/Versions/A/MLAssetIO
0x0000000290182000 	/usr/lib/swift/libswiftMLCompute.dylib
0x000000019a487000 	/System/Library/PrivateFrameworks/LanguageModeling.framework/Versions/A/LanguageModeling
0x000000019f3f6000 	/System/Library/PrivateFrameworks/Montreal.framework/Versions/A/Montreal
0x00000001a75c0000 	/usr/lib/libcmph.dylib
0x000000025d4e2000 	/System/Library/PrivateFrameworks/GenerativeModelsFoundation.framework/Versions/A/GenerativeModelsFoundation
0x00000002812d6000 	/System/Library/PrivateFrameworks/TokenGeneration.framework/Versions/A/TokenGeneration
0x000000025d2b3000 	/System/Library/PrivateFrameworks/GenerativeFunctions.framework/Versions/A/GenerativeFunctions
0x000000025d2fe000 	/System/Library/PrivateFrameworks/GenerativeFunctionsFoundation.framework/Versions/A/GenerativeFunctionsFoundation
0x000000026936f000 	/System/Library/PrivateFrameworks/ModelCatalog.framework/Versions/A/ModelCatalog
0x0000000274805000 	/System/Library/PrivateFrameworks/SensitiveContentAnalysisML.framework/Versions/A/SensitiveContentAnalysisML
0x000000025d3ba000 	/System/Library/PrivateFrameworks/GenerativeFunctionsInstrumentation.framework/Versions/A/GenerativeFunctionsInstrumentation
0x0000000271d32000 	/System/Library/PrivateFrameworks/PromptKit.framework/Versions/A/PromptKit
0x0000000271860000 	/System/Library/PrivateFrameworks/ProactiveDaemonSupport.framework/Versions/A/ProactiveDaemonSupport
0x000000026971a000 	/System/Library/PrivateFrameworks/ModelManagerServices.framework/Versions/A/ModelManagerServices
0x000000028149f000 	/System/Library/PrivateFrameworks/TokenGenerationCore.framework/Versions/A/TokenGenerationCore
0x0000000247f12000 	/System/Library/PrivateFrameworks/AppleIntelligenceReporting.framework/Versions/A/AppleIntelligenceReporting
0x0000000247b8c000 	/System/Library/PrivateFrameworks/AppleFlatBuffers.framework/Versions/A/AppleFlatBuffers
0x0000000274a49000 	/System/Library/PrivateFrameworks/SentencePieceInternal.framework/Versions/A/SentencePieceInternal
0x00000001afb6a000 	/System/Library/Frameworks/Vision.framework/Versions/A/Vision
0x0000000251cdc000 	/System/Library/PrivateFrameworks/CoreSceneUnderstanding.framework/Versions/A/CoreSceneUnderstanding
0x0000000285a51000 	/System/Library/PrivateFrameworks/VisionCore.framework/Versions/A/VisionCore
0x00000001ccc55000 	/System/Library/Frameworks/Vision.framework/libfaceCore.dylib
0x00000001cd775000 	/System/Library/PrivateFrameworks/Futhark.framework/Versions/A/Futhark
0x00000001d143c000 	/System/Library/PrivateFrameworks/InertiaCam.framework/Versions/A/InertiaCam
0x00000001cd500000 	/System/Library/PrivateFrameworks/TextRecognition.framework/Versions/A/TextRecognition
0x00000001a8d61000 	/System/Library/PrivateFrameworks/CVNLP.framework/Versions/A/CVNLP
0x00000001a22d9000 	/System/Library/Frameworks/CloudKit.framework/Versions/A/CloudKit
0x00000001b542b000 	/System/Library/PrivateFrameworks/CoreDuetDaemonProtocol.framework/Versions/A/CoreDuetDaemonProtocol
0x0000000241621000 	/System/Library/Frameworks/SharedWithYouCore.framework/Versions/A/SharedWithYouCore
0x000000024c1b9000 	/System/Library/PrivateFrameworks/CloudTelemetry.framework/Versions/A/CloudTelemetry
0x00000001b3d7d000 	/System/Library/PrivateFrameworks/AppleAccount.framework/Versions/A/AppleAccount
0x00000001b4337000 	/System/Library/PrivateFrameworks/C2.framework/Versions/A/C2
0x000000024be43000 	/System/Library/PrivateFrameworks/CloudCoreInternal.framework/Versions/A/CloudCoreInternal
0x000000024bbf1000 	/System/Library/PrivateFrameworks/CloudAsset.framework/Versions/A/CloudAsset
0x00000001b432e000 	/System/Library/Frameworks/PushKit.framework/Versions/A/PushKit
0x000000024c1d9000 	/System/Library/PrivateFrameworks/CloudTelemetryTools.framework/Versions/A/CloudTelemetryTools
0x00000001b61f9000 	/System/Library/PrivateFrameworks/RTCReporting.framework/Versions/A/RTCReporting
0x00000002441ab000 	/System/Library/PrivateFrameworks/AAAFoundationSwift.framework/Versions/A/AAAFoundationSwift
0x00000001b4005000 	/System/Library/PrivateFrameworks/AppleIDSSOAuthentication.framework/Versions/A/AppleIDSSOAuthentication
0x00000001c2cff000 	/System/Library/PrivateFrameworks/FindMyDevice.framework/Versions/A/FindMyDevice
0x00000001b7e18000 	/System/Library/PrivateFrameworks/FMCoreLite.framework/Versions/A/FMCoreLite
0x00000001cd86e000 	/System/Library/CoreServices/RawCamera.bundle/Contents/MacOS/RawCamera
0x0000000124e50000 	/Users/labanovichttps/Documents/projects/dbeaver-workspace/products/DBeaverUltimate.product/org.eclipse.osgi/90/0/.cp/os/macosx/libunixfile_1_0_0.jnilib
0x0000000124e3c000 	/Library/Java/JavaVirtualMachines/temurin-21.jdk/Contents/Home/lib/libjaas.dylib
0x0000000124e28000 	/Users/labanovichttps/Documents/projects/dbeaver-workspace/products/DBeaverUltimate.product/org.eclipse.osgi/288/0/.cp/libkeystoreNative.jnilib
0x0000000138afc000 	/Library/Java/JavaVirtualMachines/temurin-21.jdk/Contents/Home/lib/libfontmanager.dylib
0x0000000124f04000 	/Library/Java/JavaVirtualMachines/temurin-21.jdk/Contents/Home/lib/libfreetype.dylib
0x000000013a330000 	/System/Library/Extensions/AGXMetalG16G_B0.bundle/Contents/MacOS/AGXMetalG16G_B0
0x00000001bc020000 	/System/Library/PrivateFrameworks/IOGPU.framework/Versions/A/IOGPU
0x00000001d76a7000 	/System/Library/PrivateFrameworks/UIKitServices.framework/Versions/A/UIKitServices
0x000000013916c000 	/Library/Java/JavaVirtualMachines/temurin-21.jdk/Contents/Home/lib/libmanagement.dylib
0x0000000139180000 	/Library/Java/JavaVirtualMachines/temurin-21.jdk/Contents/Home/lib/libmanagement_ext.dylib
0x000000027cd3a000 	/System/Library/PrivateFrameworks/SpotlightKnowledge.framework/Versions/A/SpotlightKnowledge
0x00000002533e6000 	/System/Library/PrivateFrameworks/DocumentUnderstandingClient.framework/Versions/A/DocumentUnderstandingClient
0x000000027cd21000 	/System/Library/PrivateFrameworks/SpotlightEmbedding.framework/Versions/A/SpotlightEmbedding
0x000000019dbf5000 	/System/Library/PrivateFrameworks/SpotlightLinguistics.framework/Versions/A/SpotlightLinguistics
0x000000027ceb3000 	/System/Library/PrivateFrameworks/SpotlightResources.framework/Versions/A/SpotlightResources
0x00000001b57d8000 	/System/Library/PrivateFrameworks/SpotlightIndex.framework/Versions/A/SpotlightIndex
0x00000001c8886000 	/System/Library/PrivateFrameworks/DataDeliveryServices.framework/Versions/A/DataDeliveryServices
0x000000024b978000 	/System/Library/PrivateFrameworks/CipherML.framework/Versions/A/CipherML
0x000000026ee76000 	/System/Library/PrivateFrameworks/PegasusKit.framework/Versions/A/PegasusKit
0x000000027dbd0000 	/System/Library/PrivateFrameworks/SwiftSQLite.framework/Versions/A/SwiftSQLite
0x000000033d094000 	/Library/Java/JavaVirtualMachines/temurin-21.jdk/Contents/Home/lib/libprefs.dylib
0x0000000246c3e000 	/System/Library/PrivateFrameworks/AppPredictionClient.framework/Versions/A/AppPredictionClient
0x000000027bbf1000 	/System/Library/PrivateFrameworks/Sleep.framework/Versions/A/Sleep
0x000000027cd2c000 	/System/Library/PrivateFrameworks/SpotlightFoundation.framework/Versions/A/SpotlightFoundation
0x0000000271900000 	/System/Library/PrivateFrameworks/ProactivePredictionClient.framework/Versions/A/ProactivePredictionClient
0x000000024cdc1000 	/System/Library/PrivateFrameworks/ContextualSuggestionClient.framework/Versions/A/ContextualSuggestionClient
0x000000023d25b000 	/System/Library/Frameworks/HealthKit.framework/Versions/A/HealthKit
0x0000000246e9c000 	/System/Library/PrivateFrameworks/AppPredictionFoundation.framework/Versions/A/AppPredictionFoundation
0x000000025efa9000 	/System/Library/PrivateFrameworks/HeroDataClient.framework/Versions/A/HeroDataClient
0x0000000271938000 	/System/Library/PrivateFrameworks/ProactiveSuggestionClientModel.framework/Versions/A/ProactiveSuggestionClientModel
0x0000000283a0b000 	/System/Library/PrivateFrameworks/UserNotificationsSettings.framework/Versions/A/UserNotificationsSettings
0x000000027181e000 	/System/Library/PrivateFrameworks/ProactiveContextClient.framework/Versions/A/ProactiveContextClient
0x00000001d558c000 	/System/Library/PrivateFrameworks/NetAppsUtilities.framework/Versions/A/NetAppsUtilities
0x000000027bc85000 	/System/Library/PrivateFrameworks/SleepHealth.framework/Versions/A/SleepHealth
0x000000024c275000 	/System/Library/PrivateFrameworks/Coherence.framework/Versions/A/Coherence
0x000000027f03a000 	/System/Library/PrivateFrameworks/TextInputUI.framework/Versions/A/TextInputUI
0x000000027f06f000 	/System/Library/PrivateFrameworks/TextInputUIMacHelper.framework/Versions/A/TextInputUIMacHelper
0x00000001cd85f000 	/System/Library/PrivateFrameworks/SafariPlatformSupport.framework/Versions/A/SafariPlatformSupport

JVMTI agents:
jdwp path:none, loaded, initialized, options:transport=dt_socket,address=127.0.0.1:57090,suspend=y,server=n
/Users/labanovichttps/Library/Caches/JetBrains/IdeaIC2025.2/captureAgent/debugger-agent.jar path:none, loaded, initialized, instrumentlib options:file:///var/folders/q_/q6y34kl90gx7745snprlxr2h0000gn/T/capture2736806238219493498.props
/Users/labanovichttps/Library/Caches/JetBrains/IdeaIC2025.2/groovyHotSwap/gragent.jar path:none, loaded, initialized, instrumentlib options:none


VM Arguments:
jvm_args: -agentlib:jdwp=transport=dt_socket,address=127.0.0.1:57090,suspend=y,server=n -javaagent:/Users/labanovichttps/Library/Caches/JetBrains/IdeaIC2025.2/captureAgent/debugger-agent.jar=file:///var/folders/q_/q6y34kl90gx7745snprlxr2h0000gn/T/capture2736806238219493498.props -XX:+IgnoreUnrecognizedVMOptions -Dosgi.requiredJavaVersion=21 -Dfile.encoding=UTF-8 --add-modules=ALL-DEFAULT --add-opens=java.base/java.io=ALL-UNNAMED --add-opens=java.base/java.lang=ALL-UNNAMED --add-opens=java.base/java.lang.reflect=ALL-UNNAMED --add-opens=java.base/java.net=ALL-UNNAMED --add-opens=java.base/java.nio=ALL-UNNAMED --add-opens=java.base/java.nio.charset=ALL-UNNAMED --add-opens=java.base/java.text=ALL-UNNAMED --add-opens=java.base/java.time=ALL-UNNAMED --add-opens=java.base/java.util=ALL-UNNAMED --add-opens=java.base/java.util.concurrent=ALL-UNNAMED --add-opens=java.base/java.util.concurrent.atomic=ALL-UNNAMED --add-opens=java.base/jdk.internal.vm=ALL-UNNAMED --add-opens=java.base/jdk.internal.misc=ALL-UNNAMED --add-opens=java.base/sun.nio.ch=ALL-UNNAMED --add-opens=java.base/sun.nio.fs=ALL-UNNAMED --add-opens=java.base/sun.security.ssl=ALL-UNNAMED --add-opens=java.base/sun.security.action=ALL-UNNAMED --add-opens=java.base/sun.security.util=ALL-UNNAMED --add-opens=java.security.jgss/sun.security.jgss=ALL-UNNAMED --add-opens=java.security.jgss/sun.security.krb5=ALL-UNNAMED --add-opens=java.base/java.util.concurrent.atomic=ALL-UNNAMED --add-opens=java.desktop/java.awt=ALL-UNNAMED --add-opens=java.desktop/java.awt.peer=ALL-UNNAMED --add-opens=java.sql/java.sql=ALL-UNNAMED -Xms128m -Xmx2048m -Dorg.eclipse.swt.internal.cocoa.useNativeItemHeight=false -javaagent:/Users/labanovichttps/Library/Caches/JetBrains/IdeaIC2025.2/groovyHotSwap/gragent.jar -Dkotlinx.coroutines.debug.enable.creation.stack.trace=false -Ddebugger.agent.enable.coroutines=true -Dkotlinx.coroutines.debug.enable.flows.stack.trace=true -Dkotlinx.coroutines.debug.enable.mutable.state.flows.stack.trace=true -Dsun.stdout.encoding=UTF-8 -Dsun.stderr.encoding=UTF-8 
java_command: org.jkiss.dbeaver.launcher.DBeaverLauncher -name DBeaverUltimate -product com.dbeaver.app.ultimate.product -configuration file:/Users/labanovichttps/Documents/projects/dbeaver-workspace/products/DBeaverUltimate.product -dev file:/Users/labanovichttps/Documents/projects/dbeaver-workspace/products/DBeaverUltimate.product/dev.properties -nl en -consoleLog -showsplash -launcher /Library/Java/JavaVirtualMachines/temurin-21.jdk/Contents/Home/bin/java -vm ../Eclipse/jre/Contents/Home/lib/libjli.dylib -nosplash -vmargs -Xmx4096M
java_class_path (initial): /Users/labanovichttps/Documents/projects/dbeaver/plugins/org.jkiss.dbeaver.launcher/target/classes:/Applications/IntelliJ IDEA CE.app/Contents/lib/idea_rt.jar
Launcher Type: SUN_STANDARD

[Global flags]
     intx CICompilerCount                          = 4                                         {product} {ergonomic}
     uint ConcGCThreads                            = 2                                         {product} {ergonomic}
     uint G1ConcRefinementThreads                  = 9                                         {product} {ergonomic}
   size_t G1HeapRegionSize                         = 1048576                                   {product} {ergonomic}
    uintx GCDrainStackTargetSize                   = 64                                        {product} {ergonomic}
     bool IgnoreUnrecognizedVMOptions              = true                                      {product} {command line}
   size_t InitialHeapSize                          = 134217728                                 {product} {command line}
   size_t MarkStackSize                            = 4194304                                   {product} {ergonomic}
   size_t MaxHeapSize                              = 2147483648                                {product} {command line}
   size_t MaxNewSize                               = 1287651328                                {product} {ergonomic}
   size_t MinHeapDeltaBytes                        = 1048576                                   {product} {ergonomic}
   size_t MinHeapSize                              = 134217728                                 {product} {command line}
    uintx NonNMethodCodeHeapSize                   = 5839564                                {pd product} {ergonomic}
    uintx NonProfiledCodeHeapSize                  = 122909338                              {pd product} {ergonomic}
    uintx ProfiledCodeHeapSize                     = 122909338                              {pd product} {ergonomic}
    uintx ReservedCodeCacheSize                    = 251658240                              {pd product} {ergonomic}
     bool SegmentedCodeCache                       = true                                      {product} {ergonomic}
   size_t SoftMaxHeapSize                          = 2147483648                             {manageable} {ergonomic}
     bool UseCompressedOops                        = true                           {product lp64_product} {ergonomic}
     bool UseG1GC                                  = true                                      {product} {ergonomic}
     bool UseNUMA                                  = false                                     {product} {ergonomic}
     bool UseNUMAInterleaving                      = false                                     {product} {ergonomic}

Logging:
Log output configuration:
 #0: stdout all=warning uptime,level,tags foldmultilines=false
 #1: stderr all=off uptime,level,tags foldmultilines=false

Environment Variables:
JAVA_HOME=/Library/Java/JavaVirtualMachines/temurin-21.jdk/Contents/Home
PATH=/Library/Java/JavaVirtualMachines/temurin-21.jdk/Contents/Home/bin:/opt/homebrew/bin:/opt/homebrew/sbin:/usr/local/bin:/System/Cryptexes/App/usr/bin:/usr/bin:/bin:/usr/sbin:/sbin:/var/run/com.apple.security.cryptexd/codex.system/bootstrap/usr/local/bin:/var/run/com.apple.security.cryptexd/codex.system/bootstrap/usr/bin:/var/run/com.apple.security.cryptexd/codex.system/bootstrap/usr/appleinternal/bin
SHELL=/bin/zsh
LANG=C.UTF-8
TMPDIR=/var/folders/q_/q6y34kl90gx7745snprlxr2h0000gn/T/

Active Locale:
LC_ALL=C.UTF-8
LC_COLLATE=C.UTF-8
LC_CTYPE=C.UTF-8
LC_MESSAGES=C.UTF-8
LC_MONETARY=C.UTF-8
LC_NUMERIC=C.UTF-8
LC_TIME=C.UTF-8

Signal Handlers:
   SIGSEGV: crash_handler in libjvm.dylib, mask=11100110000111110111111111111111, flags=SA_ONSTACK|SA_RESTART|SA_SIGINFO, unblocked
    SIGBUS: crash_handler in libjvm.dylib, mask=11100110000111110111111111111111, flags=SA_RESTART|SA_SIGINFO, unblocked
    SIGFPE: crash_handler in libjvm.dylib, mask=11100110000111110111111111111111, flags=SA_RESTART|SA_SIGINFO, unblocked
   SIGPIPE: javaSignalHandler in libjvm.dylib, mask=11100110000111110111111111111111, flags=SA_RESTART|SA_SIGINFO, blocked
   SIGXFSZ: javaSignalHandler in libjvm.dylib, mask=11100110000111110111111111111111, flags=SA_RESTART|SA_SIGINFO, blocked
    SIGILL: crash_handler in libjvm.dylib, mask=11100110000111110111111111111111, flags=SA_RESTART|SA_SIGINFO, unblocked
   SIGUSR2: SR_handler in libjvm.dylib, mask=00000000000000000000000000000000, flags=SA_RESTART|SA_SIGINFO, blocked
    SIGHUP: UserHandler in libjvm.dylib, mask=11100110000111110111111111111111, flags=SA_RESTART|SA_SIGINFO, blocked
    SIGINT: UserHandler in libjvm.dylib, mask=11100110000111110111111111111111, flags=SA_RESTART|SA_SIGINFO, blocked
   SIGTERM: UserHandler in libjvm.dylib, mask=11100110000111110111111111111111, flags=SA_RESTART|SA_SIGINFO, blocked
   SIGQUIT: UserHandler in libjvm.dylib, mask=11100110000111110111111111111111, flags=SA_RESTART|SA_SIGINFO, blocked
   SIGTRAP: crash_handler in libjvm.dylib, mask=11100110000111110111111111111111, flags=SA_RESTART|SA_SIGINFO, unblocked


Periodic native trim disabled

---------------  S Y S T E M  ---------------

OS:
uname: Darwin 25.0.0 Darwin Kernel Version 25.0.0: Wed Sep 17 21:42:08 PDT 2025; root:xnu-12377.1.9~141/RELEASE_ARM64_T8132 arm64
OS uptime: 1 days 3:10 hours
rlimit (soft/hard): STACK 8176k/65520k , CORE 0k/infinity , NPROC 2666/4000 , NOFILE 1048576/infinity , AS infinity/infinity , CPU infinity/infinity , DATA infinity/infinity , FSIZE infinity/infinity , MEMLOCK infinity/infinity , RSS infinity/infinity
load average: 1.36 2.04 2.33

CPU: total 10 (initial active 10) 0x61:0x0:0x6f5129ac:0, fp, asimd, aes, pmull, sha1, sha256, crc32, lse, sha3, sha512
machdep.cpu.brand_string:Apple M4
hw.cachelinesize:128
hw.l1icachesize:131072
hw.l1dcachesize:65536
hw.l2cachesize:4194304

Memory: 16k page, physical 16777216k(190336k free), swap 0k(0k free)

vm_info: OpenJDK 64-Bit Server VM (21.0.8+9-LTS) for bsd-aarch64 JRE (21.0.8+9-LTS), built on 2025-07-15T00:00:00Z by "admin" with clang Apple LLVM 15.0.0 (clang-1500.1.0.2.5)

END.
